{"1" : [1028.2, 545.4, 25.3068079902223], "3" : [1119.8, 549.4, 226.3068079902223], "5" : [1119.1, 545.5, 17.3068079902223], "7" : [1165.9, 550.0, 209.3068079902223], "9" : [1164.8, 548.9, 14.3068079902223], "11" : [1128.1, 550.8, 177.3068079902223], "13" : [1130.1, 551.1, 21.3068079902223], "15" : [1207.8, 549.5, 181.3068079902223], "17" : [1209.0, 550.8, 22.3068079902223], "19" : [1134.5, 548.1, 329.3068079902223], "21" : [1134.3, 542.0, 22.3068079902223], "23" : [1203.4, 543.7, 200.3068079902223], "25" : [1207.2, 544.7, 9.3068079902223], "27" : [1218.0, 549.6, 442.3068079902223], "29" : [956.6, 542.2, 554.3068079902223], "31" : [955.5, 540.8, 40.306807990222296], "33" : [665.4, 509.6, 60.306807990222296], "35" : [662.1, 507.6, 34.306807990222296], "37" : [559.2, 510.5, 306.3068079902223], "39" : [558.3, 518.6, 20.3068079902223], "41" : [642.9, 512.7, 215.3068079902223], "43" : [642.5, 508.9, 21.3068079902223], "45" : [720.0, 510.5, 165.3068079902223], "47" : [718.2, 507.8, 15.3068079902223], "49" : [672.8, 500.7, 161.3068079902223], "51" : [677.7, 497.4, 15.3068079902223], "53" : [720.4, 496.1, 189.3068079902223], "55" : [723.4, 495.1, 23.3068079902223], "57" : [787.7, 499.1, 366.3068079902223], "59" : [793.5, 503.7, 13.3068079902223], "61" : [757.8, 498.3, 175.3068079902223], "63" : [758.0, 499.8, 25.3068079902223], "65" : [848.0, 503.2, 198.3068079902223], "67" : [848.6, 501.2, 23.3068079902223], "69" : [901.9, 506.2, 183.3068079902223], "71" : [899.8, 503.3, 26.3068079902223], "73" : [1001.2, 509.7, 362.3068079902223], "75" : [1001.1, 508.8, 23.3068079902223], "77" : [1044.8, 517.5, 493.3068079902223], "79" : [1045.8, 526.7, 26.3068079902223], "81" : [1176.5, 535.2, 643.3068079902223], "83" : [1176.3, 539.8, 23.3068079902223]}