{"1": [66.80194933689393, 383.7235625978601, 142.0], "2": [136.77702825381533, 383.7235625978601, 172.0], "3": [204.63165023386034, 385.0, 121.0], "4": [292.8426588079189, 383.7235625978601, 276.0], "5": [384.2, 385.0, 216.0], "6": [483.1, 385.0, 222.0], "7": [612.1, 385.0, 193.0], "8": [649.7, 385.0, 283.0], "9": [610.4, 385.0, 240.0], "10": [671.5562677340454, 384.9958367599859, 459.0], "11": [673.2526332835465, 383.29947121048474, 297.0], "12": [111.6, 385.0, 241.0], "13": [88.00651870565781, 382.87537982310937, 307.0], "14": [360.8, 385.0, 206.0], "15": [413.28461282249896, 383.2994712104846, 187.0], "16": [504.4, 385.0, 263.0], "17": [585.1, 385.0, 281.0], "18": [666.043079698167, 383.2994712104846, 878.0]}