{"1": [97.78852323240567, 381.9636665435494, 110.0], "2": [196.20736908953603, 379.083114957487, 119.0], "3": [284.0641924644378, 382.4437584745598, 222.0], "4": [238.45545901845054, 383.88403426759095, 225.0], "5": [309.5090648079886, 381.483574612539, 171.0], "6": [394.48533659682795, 381.00348268152857, 164.0], "7": [478.5014245236466, 379.083114957487, 304.0], "8": [613.007475805293, 380.9621675076705, 343.0], "9": [570.1989833466315, 381.00348268152857, 333.0], "10": [490.02363086789603, 378.60302302647665, 206.0], "11": [587.962384794016, 374.2821956473831, 105.0], "12": [588.4424767250264, 378.12293109546624, 304.0], "13": [632.7858565137647, 387.2912493343814, 132.0], "14": [588.482283726788, 381.75330273600935, 264.0]}