{"1": [87.0, 384.3, 182.0], "2": [108.96200492918152, 384.644976128964, 186.0], "3": [167.01021533620894, 384.644976128964, 242.0], "4": [227.1616217724765, 382.54178009972384, 225.0], "5": [267.5429855338869, 383.3830585114199, 269.0], "6": [302.87667882512096, 386.7481721582041, 228.0], "7": [324.7499175292183, 382.54178009972384, 159.0], "8": [394.15538649414236, 382.54178009972384, 250.0], "9": [447.99720484268954, 382.54178009972384, 238.0], "10": [526.6567363362701, 383.80369771726794, 224.0], "11": [567.0381000976806, 383.3830585114199, 263.0], "12": [627.0, 386.1, 237.0], "13": [653.8, 382.7, 176.0]}