{"1" : [704.9762712768812, 8.364406008328219, 59.0], "3" : [756.8232280787405, 87.80580771982063, 310.0], "5" : [910.1519062267313, 82.20190404405224, 210.0], "7" : [951.3889627296975, 86.86275956101781, 145.0], "9" : [873.0263992519912, 90.44680164845155, 250.0], "11" : [873.0263992519912, 90.44680164845155, 250.0], "13" : [660.6024898012589, 116.4810973391978, 201.0], "15" : [703.433332619318, 114.51110927836109, 189.0], "17" : [817.5206453907151, 125.31613101583135, 155.0], "19" : [817.5206453907151, 125.31613101583135, 155.0], "21" : [817.5206453907151, 125.31613101583135, 155.0], "23" : [878.8755988862835, 95.88095296158656, 168.0], "25" : [878.8755988862835, 95.88095296158656, 168.0], "27" : [878.8755988862835, 95.88095296158656, 168.0], "29" : [931.0968264225357, 112.40475909964249, 63.0], "31" : [930.1958339447269, 115.23416628897814, 120.0], "33" : [690.4877386029458, 144.24141451260536, 367.0], "35" : [692.8064284825441, 155.27619102925738, 420.0], "37" : [836.361243512567, 164.2918635136361, 209.0], "39" : [836.361243512567, 164.2918635136361, 209.0], "41" : [836.361243512567, 164.2918635136361, 209.0], "43" : [923.5992447240045, 164.94452712198043, 265.0], "45" : [923.5992447240045, 164.94452712198043, 265.0], "47" : [923.5992447240045, 164.94452712198043, 265.0], "49" : [871.2099517480261, 165.42636569383598, 201.0], "51" : [871.2099517480261, 165.42636569383598, 201.0], "53" : [1025.5525002644374, 165.0895796463918, 240.0], "55" : [1025.5525002644374, 165.0895796463918, 240.0], "57" : [975.3531787610913, 171.1323696262553, 173.0], "59" : [975.3531787610913, 171.1323696262553, 173.0], "61" : [777.1999972974551, 191.76613168682115, 62.0], "63" : [948.5336340863929, 226.10454709598454, 110.0], "65" : [1012.1779797357232, 231.398196193411, 277.0], "67" : [1102.5179773285058, 225.64157415510428, 178.0], "69" : [731.451121214444, 251.3283598966768, 268.0], "71" : [751.6768527531175, 251.1601879576857, 216.0], "73" : [900.6196958249025, 263.36742243972094, 396.0], "75" : [900.6196958249025, 263.36742243972094, 396.0], "77" : [1004.8211216951452, 263.8402632422469, 303.0], "79" : [1004.8211216951452, 263.8402632422469, 303.0], "81" : [1017.3401143332716, 254.89592869621632, 172.0], "83" : [701.2796287601888, 282.95601748985695, 216.0], "85" : [701.2796287601888, 282.95601748985695, 216.0], "87" : [785.2932077902501, 284.0444432077369, 162.0], "89" : [870.887718659227, 292.1473750583665, 171.0], "91" : [870.887718659227, 292.1473750583665, 171.0], "93" : [931.0492774306439, 297.67101841152714, 69.0], "95" : [931.0492774306439, 297.67101841152714, 69.0], "97" : [931.0492774306439, 297.67101841152714, 69.0], "99" : [933.2405425951487, 300.64414693319054, 111.0], "101" : [933.2405425951487, 300.64414693319054, 111.0], "103" : [933.2405425951487, 300.64414693319054, 111.0], "105" : [1010.8720005642805, 304.10099962314393, 100.0], "107" : [875.7791008999839, 269.14179152601963, 67.0], "109" : [879.3912807641511, 281.4308115880852, 172.0], "111" : [750.4172302936415, 314.25101280013536, 296.0], "113" : [924.4301875867046, 325.34968740823734, 159.0], "115" : [924.4301875867046, 325.34968740823734, 159.0], "117" : [924.4301875867046, 325.34968740823734, 159.0], "119" : [979.7171876658817, 334.10703513417945, 128.0], "121" : [710.3139822772357, 353.0215049125604, 93.0], "123" : [710.3139822772357, 353.0215049125604, 93.0], "125" : [962.4214930630436, 392.2083339513592, 228.0], "127" : [975.2090035211172, 396.0246458205562, 211.0], "129" : [975.2090035211172, 396.0246458205562, 211.0], "131" : [1038.9609867355719, 395.14618964715436, 223.0], "133" : [1039.9247033842182, 397.0294117479436, 85.0], "135" : [1010.0384860814612, 399.7388016812143, 317.0], "137" : [1036.178379255312, 411.0364880787518, 74.0], "139" : [994.8588224775721, 390.64705813799816, 51.0], "141" : [994.8588224775721, 390.64705813799816, 51.0], "143" : [1050.5243245968788, 393.6675676407541, 111.0], "145" : [714.3949206098215, 420.49186489613953, 295.0], "147" : [730.8848378130973, 426.12528683945374, 178.0], "149" : [730.8848378130973, 426.12528683945374, 178.0], "151" : [730.8848378130973, 426.12528683945374, 178.0], "153" : [893.5669560356346, 431.2749298935944, 351.0], "155" : [893.5669560356346, 431.2749298935944, 351.0], "157" : [1030.030574361906, 434.5653935635573, 471.0], "159" : [1044.5042062046039, 433.6848743829618, 119.0], "161" : [698.1327055919512, 460.8726402100749, 318.0], "163" : [698.1327055919512, 460.8726402100749, 318.0], "165" : [637.7885073090139, 474.7155222314346, 174.0], "167" : [789.6846157862976, 413.49102403927475, 78.0], "169" : [876.9840893519827, 429.4284089350084, 88.0], "171" : [876.9840893519827, 429.4284089350084, 88.0], "173" : [881.1171185232859, 439.10990714489844, 111.0], "175" : [984.4019244909607, 453.8211570014158, 156.0], "177" : [1053.2020677867704, 460.2344828535969, 145.0], "179" : [1053.2020677867704, 460.2344828535969, 145.0], "181" : [737.5113712240372, 486.95994885428684, 387.0], "183" : [888.5667644997318, 498.34285643745113, 343.0], "185" : [888.5667644997318, 498.34285643745113, 343.0], "187" : [1009.0221196896479, 499.19308773524773, 217.0], "189" : [677.7222841556527, 560.3777183051335, 184.0], "191" : [677.7222841556527, 560.3777183051335, 184.0], "193" : [627.8623643685385, 568.7870946857486, 186.0], "195" : [799.0448757039989, 571.0404854549163, 205.0], "197" : [820.0454567635159, 571.8036351896877, 110.0], "199" : [885.7499987093216, 555.2809520505353, 168.0], "201" : [1074.4887280246398, 559.7487291842477, 275.0], "203" : [1029.2000033877273, 570.9348726139494, 238.0], "205" : [1029.2000033877273, 570.9348726139494, 238.0], "207" : [978.0883062392639, 569.7327460717078, 171.0], "209" : [674.1833315311812, 583.7583329219215, 96.0], "211" : [666.1395810502922, 587.0819475882635, 144.0], "213" : [666.1395810502922, 587.0819475882635, 144.0], "215" : [666.1395810502922, 587.0819475882635, 144.0], "217" : [757.884747153059, 602.6135595868797, 177.0], "219" : [859.1663136296314, 603.5999995912091, 190.0], "221" : [942.9491280810839, 601.6369956361648, 173.0], "223" : [1020.7027504230007, 601.5975955449669, 291.0], "225" : [665.3980644239922, 639.2148388209063, 155.0], "227" : [659.5217899226013, 646.1846141945598, 78.0], "229" : [702.5367965658189, 646.0066033745322, 106.0], "231" : [705.0450875330066, 647.9531773711343, 173.0], "233" : [828.1662154035054, 593.3554058336817, 74.0], "235" : [828.1662154035054, 593.3554058336817, 74.0], "237" : [833.9812478984281, 612.0900019518907, 80.0], "239" : [961.7324683482864, 619.2438330418362, 308.0], "241" : [662.6745500312236, 659.6345482272203, 55.0], "243" : [662.6745500312236, 659.6345482272203, 55.0], "245" : [659.7396556674717, 665.75689633072, 174.0], "247" : [716.5975758247155, 670.5078798452971, 165.0], "249" : [886.7919213173097, 670.9060611907908, 99.0], "251" : [891.9641993005752, 671.2382701989368, 81.0], "253" : [1009.9450609206779, 671.7185192874259, 162.0], "255" : [978.6149278062679, 673.81343332942, 67.0], "257" : [824.8979992365332, 720.3735012419186, 200.0], "259" : [996.2661148096457, 728.5363616693744, 121.0], "261" : [948.6150517853265, 732.4408619928894, 93.0], "263" : [686.389244660064, 788.0481002078049, 158.0], "265" : [686.389244660064, 788.0481002078049, 158.0], "267" : [710.7328781187168, 779.1068492282164, 146.0], "269" : [806.5866044160342, 792.4148310961706, 209.0], "271" : [806.5866044160342, 792.4148310961706, 209.0], "273" : [938.9027421166364, 772.7414375212096, 292.0], "275" : [988.8845711872161, 773.2239995956651, 175.0], "277" : [658.2248051898761, 811.297288499278, 258.0], "279" : [592.4844125515348, 810.7597424588699, 77.0], "281" : [592.4844125515348, 810.7597424588699, 77.0], "283" : [589.7019744415998, 812.8717085247046, 152.0], "285" : [687.890174811676, 814.268204818062, 173.0], "287" : [687.890174811676, 814.268204818062, 173.0], "289" : [774.4351033547335, 815.4425475180221, 94.0], "291" : [866.8472420752706, 788.8409449014027, 127.0],