{"1" : [1007.2, 452.9, 637.3501309578669], "3" : [1019.1, 512.1, 255.3501309578669], "5" : [1017.1, 503.4, 61.35013095786692], "7" : [947.9, 540.9, 305.3501309578669], "9" : [943.1, 549.4, 22.350130957866917], "11" : [878.3, 453.5, 246.35013095786692], "13" : [875.8, 457.6, 48.35013095786692], "15" : [661.7, 543.2, 285.3501309578669], "17" : [662.6, 537.7, 23.350130957866917], "19" : [786.3, 529.3, 244.35013095786692], "21" : [788.1, 527.2, 27.350130957866917], "23" : [921.6, 518.2, 211.35013095786692], "25" : [920.7, 513.1, 26.350130957866917], "27" : [1079.0, 485.7, 486.3501309578669], "29" : [1079.5, 490.9, 18.350130957866917], "31" : [1010.0, 506.8, 283.3501309578669], "33" : [1008.7, 511.4, 24.350130957866917], "35" : [1119.0, 494.9, 254.3501309578669], "37" : [1118.7, 493.3, 21.350130957866917], "39" : [1223.5, 496.8, 287.3501309578669], "41" : [1223.0, 494.4, 23.350130957866917]}