{"1" : [1035.2, 506.7, 31.12890406279675], "3" : [1121.9, 506.7, 232.12890406279675], "5" : [1118.9, 510.7, 31.12890406279675], "7" : [1059.7, 508.6, 166.12890406279675], "9" : [1061.2, 509.2, 244.12890406279675], "11" : [1149.5, 502.2, 234.12890406279675], "13" : [1143.8, 498.9, 23.12890406279675], "15" : [1219.5, 496.1, 355.1289040627968], "17" : [1219.1, 493.5, 258.1289040627968], "19" : [1203.3, 487.8, 669.1289040627968], "21" : [965.6, 548.0, 112.12890406279675], "23" : [962.5, 547.4, 19.12890406279675], "25" : [954.8, 545.7, 191.12890406279675], "27" : [953.2, 547.7, 19.12890406279675], "29" : [965.2, 547.9, 198.12890406279675], "31" : [965.3, 547.7, 38.12890406279675], "33" : [790.1, 526.1, 140.12890406279675], "35" : [790.0, 524.0, 28.12890406279675], "37" : [730.4, 523.1, 200.12890406279675], "39" : [729.7, 522.0, 34.12890406279675], "41" : [863.7, 516.6, 159.12890406279675], "43" : [867.7, 513.5, 232.12890406279675], "45" : [899.1, 531.6, 94.12890406279675], "47" : [900.0, 482.1, 37.12890406279675]}