{"1": [1324.6, 137.0, 129.0], "2": [1679.5, 137.0, 171.0], "3": [1724.2, 137.0, 734.0], "4": [1531.8750086733892, 139.2328222231547, 202.0], "5": [1723.5, 133.1, 478.0], "6": [1727.6, 137.0, 287.0], "7": [1694.8, 137.0, 132.0], "8": [1620.5, 137.0, 199.0], "9": [1606.5, 137.0, 130.0], "10": [1649.3, 137.0, 191.0], "11": [1728.6, 137.0, 101.0], "12": [1476.1, 137.0, 181.0], "13": [1483.4, 137.0, 584.0], "14": [1423.7, 137.0, 238.0], "15": [1380.0244294571976, 139.2328222231547, 474.0], "16": [1318.6, 137.0, 437.0], "17": [1264.1, 137.0, 216.0], "18": [1213.3, 137.0, 389.0], "19": [1185.0, 137.0, 247.0], "20": [1190.2, 137.0, 328.0], "21": [1111.7, 137.0, 498.0], "22": [990.1, 137.0, 207.0], "23": [1050.4763639241862, 139.2328222231547, 207.0], "24": [985.9, 137.0, 394.0], "25": [959.9, 137.0, 187.0], "26": [980.2, 137.0, 188.0], "27": [974.4, 137.0, 120.0], "28": [969.1, 137.0, 231.0], "29": [973.5, 137.0, 869.0], "30": [871.1634459135771, 137.61739052936548, 309.0], "31": [978.1, 137.0, 204.0], "32": [998.5, 137.0, 326.0], "33": [977.3, 137.0, 277.0], "34": [976.1, 137.0, 284.0], "35": [954.2, 137.0, 478.0], "36": [897.0, 137.0, 298.0], "37": [860.9, 137.0, 261.0], "38": [833.1, 137.0, 270.0], "39": [696.6968229843357, 137.5, 130.0], "40": [735.4671836352782, 144.07911730452258, 214.0], "41": [614.3098066010828, 140.84825391694403, 263.0], "42": [648.2338721706575, 140.84825391694403, 130.0], "43": [615.9252382948721, 139.2328222231547, 296.0], "44": [562.615992399826, 137.61739052936548, 298.0], "45": [455.9975006097342, 144.07911730452258, 264.0], "46": [402.6882547146881, 139.2328222231547, 353.0], "47": [451.1512055283663, 144.07911730452258, 306.0], "48": [451.1512055283663, 142.46368561073325, 140.0], "49": [409.14998148984523, 142.46368561073325, 316.0], "50": [310.6086481686997, 142.46368561073325, 169.0], "51": [326.76296510659245, 144.07911730452258, 420.0], "52": [247.60681211091807, 139.2328222231547, 243.0], "53": [212.06731484755406, 140.84825391694403, 552.0], "54": [186.2204077469257, 139.2328222231547, 112.0], "55": [192.6821345220828, 140.84825391694403, 144.0], "56": [1567.3, 224.0, 117.0], "57": [1678.6, 224.0, 164.0], "58": [1678.0, 224.0, 123.0], "59": [1663.1, 224.0, 124.0], "60": [1575.7, 224.0, 200.0], "61": [1655.8, 224.0, 266.0], "62": [1561.7, 224.0, 300.0], "63": [1512.5, 224.0, 473.0], "64": [1517.5, 224.0, 102.0], "65": [1495.9, 224.0, 204.0], "66": [1439.7954021274006, 224.85070199398615, 251.0], "67": [1368.7, 224.0, 178.0], "68": [1417.1793584143509, 228.0815653815647, 211.0], "69": [1332.1, 224.0, 373.0], "70": [1359.0238174379372, 226.46613368777537, 144.0], "71": [1293.9, 224.0, 195.0], "72": [1307.1, 224.0, 500.0], "73": [1257.3, 224.0, 366.0], "74": [1172.6, 224.0, 613.0], "75": [1097.323883044075, 228.0815653815647, 366.0], "76": [1024.6294568235578, 228.0815653815647, 264.0], "77": [998.7825497229294, 226.46613368777537, 420.0], "78": [972.9356426223012, 228.0815653815647, 240.0], "79": [935.7807136651479, 223.23527030019682, 283.0], "80": [997.1671180291403, 223.23527030019682, 182.0], "81": [927.7035551962015, 218.38897521882905, 338.0], "82": [887.3177628514698, 224.85070199398615, 173.0], "83": [837.2393803440023, 221.6198386064076, 932.0], "84": [884.0868994638911, 226.46613368777537, 157.0], "85": [793.622724611692, 226.46613368777537, 380.0], "86": [691.6, 229.7, 161.0], "87": [742.4, 224.2, 187.0], "88": [655.9, 226.2, 458.0], "89": [737.0826153290675, 221.6198386064076, 181.0], "90": [656.8, 220.5, 430.0], "91": [691.6, 220.9, 247.0], "92": [583.4, 222.3, 241.0], "93": [624.1, 220.0, 163.0], "94": [522.6, 220.2, 247.0], "95": [539.5, 219.0, 287.0], "96": [470.8, 230.4, 277.0], "97": [431.6, 221.6, 395.0], "98": [392.1, 228.5, 198.0], "99": [331.4, 225.8, 384.0], "100": [236.29879025439314, 231.31242876914325, 161.0], "101": [273.4537192115464, 234.5432921567218, 166.0], "102": [203.99015637860768, 232.92786046293247, 349.0], "103": [210.5, 237.3, 104.0], "104": [1586.7996862622244, 315.31487684618537, 145.0], "105": [1658.0, 308.0, 306.0], "106": [1684.5, 308.0, 292.0], "107": [1580.9, 308.0, 381.0], "108": [1565.7, 308.0, 255.0], "109": [1492.1, 308.0, 285.0], "110": [1565.4, 308.0, 429.0], "111": [1471.1, 308.0, 251.0], "112": [1445.2, 308.0, 459.0], "113": [1350.7, 308.0, 670.0], "114": [1295.0, 308.0, 207.0], "115": [1238.4, 308.0, 205.0], "116": [1262.9, 308.0, 151.0], "117": [1190.1, 308.0, 250.0], "118": [1174.3, 308.0, 701.0], "119": [1043.0, 308.0, 682.0], "120": [979.3973693974583, 313.69944515239604, 803.0], "121": [935.7807136651479, 316.9303085399746, 228.0], "122": [924.8, 307.7, 246.0], "123": [837.7, 311.4, 252.0], "124": [800.0, 306.6, 179.0], "125": [817.1, 301.0, 310.0], "126": [789.6, 312.2, 288.0], "127": [754.2, 314.5, 486.0], "128": [667.4, 310.8, 162.0], "129": [684.6, 306.7, 677.0], "130": [601.4, 307.6, 336.0], "131": [560.6, 307.9, 170.0], "132": [581.5, 306.2, 449.0], "133": [521.4, 311.1, 346.0], "134": [470.9, 317.4, 425.0], "135": [397.4, 318.3, 308.0], "136": [376.0, 320.0, 183.0], "137": [323.4, 323.4, 371.0], "138": [284.0, 319.7, 240.0], "139": [248.2, 316.1, 952.0], "140": [217.6, 314.5, 299.0], "141": [222.3, 316.1, 186.0], "142": [276.68458259912495, 315.31487684618537, 604.0], "143": [269.4, 318.4, 206.0], "144": [1657.2, 396.7, 166.0], "145": [1683.7, 396.0, 491.0], "146": [1636.0, 396.0, 144.0], "147": [1634.8, 396.0, 141.0], "148": [617.5, 318.0, 190.0], "149": [244.2, 314.4, 199.0], "150": [237.9, 315.4, 189.0], "151": [1638.7, 396.0, 166.0], "152": [1696.7, 396.0, 372.0], "153": [1662.6, 396.0, 177.0], "154": [1589.7, 396.0, 205.0], "155": [1543.183030529914, 394.4710298418597, 311.0], "156": [1660.9, 396.0, 224.0], "157": [1683.8, 396.0, 207.0], "158": [1636.7, 396.0, 250.0], "159": [1634.1, 396.0, 118.0], "160": [1630.0, 396.0, 278.0], "161": [1547.9, 396.0, 265.0], "162": [1492.8, 396.0, 791.0], "163": [1420.4102218019295, 396.08646153564894, 299.0], "164": [1364.4, 396.0, 231.0], "165": [1330.8, 396.0, 375.0], "166": [1282.4, 396.0, 416.0], "167": [1194.2, 396.0, 243.0], "168": [1155.5, 396.0, 298.0], "169": [1086.0158611875502, 397.70189322943827, 247.0], "170": [1052.9, 396.0, 354.0], "171": [1055.7, 396.0, 121.0], "172": [992.6, 405.6, 327.0], "173": [898.4, 395.2, 377.0], "174": [834.0085169564238, 400.9327566170167, 186.0], "175": [705.9, 391.5, 165.0], "176": [760.9, 393.9, 220.0], "177": [718.5, 395.1, 285.0], "178": [757.6, 394.7, 321.0], "179": [696.2, 389.8, 330.0], "180": [635.3, 395.7, 303.0], "181": [569.0777191749831, 400.9327566170167, 371.0], "182": [514.1530415861479, 397.70189322943827, 246.0], "183": [475.1, 397.2, 243.0], "184": [395.2, 395.6, 173.0], "185": [420.6, 400.4, 192.0], "186": [311.8, 398.9, 795.0], "187": [211.7, 401.1, 335.0], "188": [189.2, 404.3, 388.0], "189": [229.9, 403.1, 254.0], "190": [186.2, 404.9, 245.0], "191": [185.9, 407.1, 206.0], "192": [1642.7, 480.0, 135.0], "193": [1662.2, 480.0, 691.0], "194": [1595.2, 480.0, 169.0], "195": [1552.7, 480.0, 207.0], "196": [1469.5, 480.0, 209.0], "197": [1439.9, 480.0, 332.0], "198": [1355.7, 480.0, 193.0], "199": [1460.5, 480.0, 164.0], "200": [1438.2, 480.0, 216.0], "201": [1370.6, 480.0, 265.0], "202": [1348.3, 480.0, 730.0], "203": [1276.7, 480.0, 249.0], "204": [1247.6, 480.0, 277.0], "205": [1181.1, 480.0, 172.0], "206": [1208.1, 480.0, 176.0], "207": [1209.2, 480.0, 118.0], "208": [1212.1, 480.0, 138.0], "209": [1295.0, 480.0, 565.0], "210": [1183.9, 480.0, 522.0], "211": [1098.2, 480.0, 356.0], "212": [1025.2, 480.0, 252.0], "213": [966.5, 480.0, 183.0], "214": [782.3147027551671, 483.3197730002696, 193.0], "215": [822.7004950998988, 486.55063638784816, 172.0], "216": [730.4, 485.3, 234.0], "217": [699.8, 484.8, 353.0], "218": [610.2, 483.3, 661.0], "219": [489.9215661793088, 484.93520469405894, 152.0], "220": [574.2, 484.7, 136.0], "221": [535.1536536054085, 483.3197730002696, 195.0], "222": [475.2, 489.3, 187.0], "223": [507.0, 490.0, 193.0],