{"1": [43.412425031604755, 381.1860901393409, 124.0], "2": [98.18687867261391, 382.5905633096232, 190.0], "3": [86.95109331035563, 385.3995096501877, 182.0], "4": [181.51895344269624, 382.1224055861958, 266.0], "5": [259.8, 383.5, 212.0], "6": [354.6, 381.5, 155.0], "7": [403.0, 384.2, 197.0], "8": [509.2, 382.9, 294.0], "9": [510.1656752887511, 386.33582509704263, 357.0], "10": [523.2740915447191, 385.3995096501877, 241.0], "11": [76.6516233949522, 385.8676673736152, 202.0], "12": [189.3, 383.4, 253.0], "13": [451.1, 383.0, 302.0]}