{"1": [559.2, 530.0, 305.0], "2": [642.9, 530.0, 214.0], "3": [720.0, 530.0, 164.0], "4": [672.8, 530.0, 160.0], "5": [720.4, 530.0, 188.0], "6": [787.7, 530.0, 365.0], "7": [757.8, 530.0, 174.0], "8": [848.0, 530.0, 197.0], "9": [901.9, 530.0, 182.0], "10": [1001.2, 530.0, 361.0], "11": [1044.8, 530.0, 492.0], "12": [1176.5, 530.0, 642.0], "13": [1261.5, 530.0, 457.0], "14": [1229.4, 530.0, 173.0], "15": [1288.4, 530.0, 274.0], "16": [1352.56209066278, 533.3981555077371, 182.0], "17": [1375.1781343758298, 533.3981555077371, 141.0], "18": [1172.2, 530.0, 257.0], "19": [1016.5, 530.0, 676.0]}