{"1" : [844.5, 501.2, 12.128087937511108], "3" : [814.9, 504.2, 405.1280879375111], "5" : [826.3, 507.8, 14.128087937511108], "7" : [866.7, 531.6, 467.1280879375111], "9" : [864.6, 522.8, 37.12808793751111], "11" : [1098.3, 488.4, 155.1280879375111], "13" : [1092.9, 492.8, 35.12808793751111], "15" : [872.2, 510.3, 373.1280879375111], "17" : [884.4, 503.3, 22.128087937511108], "19" : [984.0, 495.6, 273.1280879375111], "21" : [976.4, 494.1, 20.128087937511108], "23" : [969.9, 561.0, 553.128087937511], "25" : [979.0, 570.0, 21.128087937511108], "27" : [871.9, 549.7, 198.1280879375111], "29" : [867.9, 552.9, 15.128087937511108], "31" : [817.0, 558.6, 377.1280879375111], "33" : [817.8, 553.6, 16.128087937511108], "35" : [883.8, 534.0, 387.1280879375111], "37" : [887.0, 510.9, 186.1280879375111], "39" : [923.5, 522.0, 648.128087937511], "41" : [921.0, 525.3, 12.128087937511108], "43" : [956.7, 503.6, 642.128087937511], "45" : [950.1, 497.1, 7.128087937511108], "47" : [929.8, 504.5, 369.1280879375111], "49" : [934.2, 507.3, 11.128087937511108], "51" : [968.3, 497.6, 183.1280879375111], "53" : [965.4, 494.2, 14.128087937511108], "55" : [917.8, 496.6, 413.1280879375111], "57" : [919.7, 497.0, 12.128087937511108], "59" : [954.6, 492.5, 743.128087937511], "61" : [959.8, 482.2, 18.128087937511108], "63" : [1019.5, 487.3, 480.1280879375111], "65" : [1025.7, 494.1, 10.128087937511108]}