{"1": [128.15970034421804, 385.0, 123.0], "2": [143.9427666075623, 385.0, 179.0], "3": [218.6, 385.0, 156.0], "4": [208.9, 385.0, 253.0], "5": [226.50034398505534, 384.14630510015786, 162.0], "6": [227.3, 385.0, 210.0], "7": [226.50034398505534, 382.9322230799006, 261.0], "8": [327.8761926765358, 383.5392640900292, 246.0], "9": [395.86478581094184, 382.3251820697719, 173.0], "10": [441.6, 385.0, 208.0], "11": [477.81532217830625, 383.5392640900292, 389.0], "12": [480.8, 385.0, 167.0], "13": [545.1, 385.0, 413.0], "14": [614.1, 385.0, 126.0], "15": [581.0122939001726, 381.71814105964336, 177.0], "16": [546.3, 385.0, 292.0], "17": [623.6, 385.0, 171.0], "18": [624.9, 385.0, 156.0], "19": [100.8428548884299, 382.9322230799006, 170.0], "20": [76.0, 385.0, 189.0], "21": [126.1, 385.0, 267.0], "22": [135.2, 385.0, 348.0], "23": [224.1, 385.0, 275.0]}