{"1": [50.2, 385.0, 122.0], "2": [82.37489308135761, 385.01153153817233, 264.0], "3": [120.5, 385.0, 181.0], "4": [196.4, 385.0, 230.0], "5": [245.6, 385.0, 237.0], "6": [281.2464971337064, 384.7017626845083, 172.0], "7": [322.9, 385.0, 251.0], "8": [372.2, 385.0, 213.0], "9": [436.0, 385.0, 202.0]}