{"1": [72.72622140453998, 385.0, 131.0], "2": [134.9, 385.0, 208.0], "3": [214.1, 385.0, 226.0], "4": [283.0, 385.0, 210.0], "5": [342.2, 385.0, 174.0], "6": [415.3850384104203, 383.08994342945346, 209.0], "7": [465.0, 385.0, 222.0], "8": [533.0, 385.0, 257.0], "9": [535.2404798850647, 381.96277626824997, 124.0]}