{"1": [77.97894864059086, 381.4642858860301, 151.0], "2": [169.27687849088076, 382.67352999000747, 114.0], "3": [267.2256509130461, 382.67352999000747, 206.0], "4": [340.3849192036758, 386.3012623019395, 153.0], "5": [344.6172735675965, 385.09201819796215, 203.0], "6": [618.5110631184663, 382.0689079380188, 283.0], "7": [715.2505914366542, 381.4642858860301, 250.0], "8": [371.22064385509816, 380.2550417820528, 257.0], "9": [456.47235318550133, 383.2781520419961, 298.0], "10": [662.6484729136395, 381.4642858860301, 175.0], "11": [638.4635908340925, 385.09201819796215, 257.0]}