{"1" : [989.7, 531.5, 37.12890406279675], "3" : [1099.2, 535.1, 469.1289040627968], "5" : [1094.8, 533.5, 252.12890406279675], "7" : [1232.9, 560.2, 84.12890406279675], "9" : [1232.2, 501.3, 22.12890406279675], "11" : [1178.6, 525.8, 263.1289040627968], "13" : [1175.5, 532.6, 21.12890406279675], "15" : [1139.5, 538.6, 247.12890406279675], "17" : [1139.6, 544.4, 45.12890406279675], "19" : [858.4, 539.1, 352.1289040627968], "21" : [856.9, 526.8, 28.12890406279675], "23" : [1057.7, 523.9, 253.12890406279675], "25" : [1060.7, 521.9, 29.12890406279675], "27" : [960.8, 559.5, 532.1289040627968], "29" : [963.0, 568.1, 32.12890406279675], "31" : [778.5, 544.0, 223.12890406279675], "33" : [777.6, 540.0, 21.12890406279675]}