{"1" : [1018.7, 492.7, 8.837318336834514], "3" : [1049.1, 487.0, 178.83731833683453], "5" : [1046.8, 486.7, 15.837318336834514], "7" : [1001.9, 530.3, 32.837318336834514], "9" : [961.9, 534.1, 529.8373183368345], "11" : [965.4, 527.0, 25.837318336834514], "13" : [824.4, 455.7, 143.83731833683453], "15" : [823.0, 458.1, 11.837318336834514], "17" : [779.4, 452.2, 156.83731833683453], "19" : [776.9, 450.2, 30.837318336834514], "21" : [987.1, 440.6, 169.83731833683453], "23" : [981.8, 442.2, 22.837318336834514], "25" : [1107.9, 448.6, 223.83731833683453], "27" : [1102.6, 450.3, 7.837318336834515], "29" : [1077.9, 453.5, 233.83731833683453], "31" : [1085.3, 454.8, 21.837318336834514], "33" : [971.3, 509.6, 206.83731833683453], "35" : [979.4, 513.3, 22.837318336834514], "37" : [895.7, 456.2, 175.83731833683453], "39" : [895.0, 457.4, 15.837318336834514], "41" : [854.3, 449.6, 287.8373183368345], "43" : [855.5, 453.3, 17.837318336834514], "45" : [952.5, 447.3, 280.8373183368345], "47" : [956.9, 454.0, 12.837318336834514], "49" : [975.9, 490.5, 253.83731833683453], "51" : [989.9, 486.6, 130.83731833683453], "53" : [1038.8, 476.2, 188.83731833683453], "55" : [1038.3, 477.6, 18.837318336834514], "57" : [1116.6, 453.7, 331.8373183368345], "59" : [1121.3, 455.4, 26.837318336834514], "61" : [987.4, 525.4, 483.8373183368345], "63" : [989.8, 532.7, 7.837318336834515], "65" : [981.7, 564.2, 821.8373183368345], "67" : [988.5, 575.9, 20.837318336834514]}