{"1": [970.4, 522.0, 180.0], "2": [406.1, 522.0, 150.0], "3": [370.0, 522.0, 308.0], "4": [439.7, 522.0, 482.0], "5": [592.4, 522.0, 255.0], "6": [565.7, 522.0, 106.0], "7": [362.8, 522.0, 304.0], "8": [438.9, 522.0, 216.0], "9": [454.7, 522.0, 207.0], "10": [472.1, 522.0, 185.0], "11": [482.8, 522.0, 245.0], "12": [498.1, 522.0, 270.0], "13": [636.8613200570928, 522.6720651817133, 153.0], "14": [556.1, 522.0, 531.0], "15": [582.3, 522.0, 477.0], "16": [653.3, 522.0, 382.0], "17": [663.9, 522.0, 150.0], "18": [676.3, 522.0, 211.0], "19": [697.0, 522.0, 165.0], "20": [683.3, 522.0, 208.0], "21": [686.8, 522.0, 651.0], "22": [682.8, 522.0, 178.0], "23": [764.4, 522.0, 582.0], "24": [794.5, 522.0, 181.0], "25": [760.6, 522.0, 129.0], "26": [757.1, 522.0, 157.0], "27": [833.8, 522.0, 266.0], "28": [864.1, 522.0, 123.0], "29": [934.8, 522.0, 753.0], "30": [928.1, 522.0, 193.0], "31": [948.4, 522.0, 528.0], "32": [948.5, 522.0, 182.0], "33": [1022.4, 522.0, 436.0], "34": [1043.2, 522.0, 577.0], "35": [1051.0, 522.0, 418.0], "36": [1086.8, 522.0, 173.0], "37": [1137.3, 522.0, 199.0], "38": [1132.1, 522.0, 157.0], "39": [1146.7, 522.0, 186.0], "40": [1156.5, 522.0, 314.0], "41": [1186.3, 522.0, 416.0], "42": [1244.8, 522.0, 554.0], "43": [1313.1, 522.0, 204.0], "44": [1338.3, 522.0, 156.0], "45": [1344.3, 522.0, 388.0], "46": [1412.3, 522.0, 258.0], "47": [1452.8, 522.0, 447.0], "48": [1480.9, 522.0, 273.0], "49": [1538.2, 522.0, 310.0], "50": [1584.4, 522.0, 124.0], "51": [1586.8, 522.0, 643.0], "52": [1102.3, 522.0, 105.0], "53": [845.2, 522.0, 198.0], "54": [959.6, 522.0, 717.0], "55": [1019.0, 522.0, 610.0], "56": [1025.4, 522.0, 174.0], "57": [1056.9, 522.0, 623.0], "58": [968.3, 522.0, 351.0], "59": [928.2, 522.0, 382.0], "60": [929.2, 522.0, 182.0], "61": [975.0, 522.0, 322.0], "62": [1070.5, 522.0, 327.0], "63": [1423.1, 522.0, 198.0], "64": [1006.4, 522.0, 159.0], "65": [1008.6, 522.0, 204.0], "66": [888.6, 522.0, 309.0], "67": [788.5, 522.0, 255.0], "68": [845.3, 522.0, 481.0], "69": [850.5, 522.0, 203.0], "70": [951.1, 522.0, 124.0], "71": [939.6, 522.0, 270.0], "72": [973.3, 522.0, 254.0], "73": [958.1, 522.0, 297.0]}