{"1" : [959.7, 541.0, 532.8373183368345], "3" : [958.6, 535.4, 29.837318336834514], "5" : [868.0, 394.8, 243.83731833683453], "7" : [884.1, 392.4, 25.837318336834514], "9" : [1023.8, 385.3, 168.83731833683453], "11" : [1021.8, 391.4, 10.837318336834514], "13" : [983.8, 397.0, 109.83731833683451], "15" : [981.2, 393.8, 25.837318336834514], "17" : [1122.2, 380.1, 131.83731833683453], "19" : [1118.8, 379.6, 32.837318336834514], "21" : [895.7, 447.6, 221.83731833683453], "23" : [899.1, 444.7, 17.837318336834514], "25" : [967.9, 480.5, 144.83731833683453], "27" : [966.2, 483.4, 17.837318336834514], "29" : [1042.3, 522.9, 217.83731833683453], "31" : [1046.7, 523.9, 21.837318336834514], "33" : [944.8, 584.5, 306.8373183368345], "35" : [949.3, 601.1, 9.837318336834514], "37" : [946.7, 626.9, 21.837318336834514], "39" : [954.7, 636.5, 9.837318336834514], "41" : [991.1, 667.8, 184.83731833683453], "43" : [991.6, 667.3, 14.837318336834514], "45" : [929.8, 656.6, 134.83731833683453], "47" : [932.3, 657.1, 36.837318336834514], "49" : [1010.8, 393.6, 122.83731833683451], "51" : [1009.5, 405.3, 22.837318336834514], "53" : [1139.3, 415.0, 361.8373183368345], "55" : [1134.4, 403.0, 35.837318336834514], "57" : [1043.4, 615.9, 150.83731833683453], "59" : [1044.6, 611.2, 19.837318336834514], "61" : [940.2, 645.6, 492.8373183368345], "63" : [938.9, 643.3, 16.837318336834514], "65" : [902.1, 566.5, 233.83731833683453], "67" : [892.5, 563.2, 21.837318336834514]}