{"1": [58.3236281947183, 378.99322860549415, 236.0], "2": [96.7327547954335, 378.53597709834276, 201.0], "3": [155.26094771080898, 384.48024669131064, 170.0], "4": [196.41358335443238, 383.1084921698565, 173.0], "5": [233.45095543369342, 380.36498312694823, 164.0], "6": [316.2134782280916, 383.56574367700784, 202.0], "7": [351.8790957858986, 384.937498198462, 224.0], "8": [395.7752404724302, 383.1084921698565, 251.0], "9": [416.8088098013933, 385.3947497056133, 130.0], "10": [562.2147890755292, 384.48024669131064, 273.0], "11": [603.8246762263041, 387.2237557342188, 259.0], "12": [631.7170181625377, 385.3947497056133, 289.0], "13": [673.3269053133124, 384.48024669131064, 376.0], "14": [692.53146861367, 383.56574367700784, 271.0], "15": [560.8430345540751, 384.02299518415924, 360.0], "16": [630.8025151482349, 384.02299518415924, 147.0], "17": [632.174269669689, 380.8222346340997, 186.0]}