{"1" : [961.5, 466.5, 34.03750462040892], "3" : [965.8, 654.0, 148.03750462040892], "5" : [964.2, 651.8, 17.037504620408914], "7" : [920.2, 607.3, 278.0375046204089], "9" : [921.2, 603.5, 10.037504620408914], "11" : [952.4, 600.4, 97.03750462040891], "13" : [950.8, 596.1, 648.0375046204089], "15" : [975.9, 526.9, 356.0375046204089], "17" : [980.5, 529.3, 26.037504620408914], "19" : [841.4, 495.1, 159.03750462040892], "21" : [841.2, 496.7, 25.037504620408914], "23" : [808.3, 376.8, 158.03750462040892], "25" : [808.1, 380.2, 27.037504620408914], "27" : [936.1, 391.5, 162.03750462040892], "29" : [935.7, 395.0, 21.037504620408914], "31" : [1046.6, 395.5, 166.03750462040892], "33" : [1050.2, 396.6, 16.037504620408914], "35" : [1098.9, 390.6, 127.03750462040891], "37" : [1098.8, 388.0, 23.037504620408914], "39" : [981.0, 445.4, 252.03750462040892], "41" : [977.8, 444.3, 19.037504620408914], "43" : [983.7, 509.9, 316.0375046204089], "45" : [994.2, 512.9, 26.037504620408914], "47" : [1016.3, 382.7, 182.03750462040892], "49" : [1020.6, 382.0, 29.037504620408914], "51" : [982.9, 567.6, 144.03750462040892], "53" : [978.8, 575.0, 12.037504620408914], "55" : [988.5, 607.7, 430.0375046204089], "57" : [999.5, 611.2, 22.037504620408914], "59" : [994.3, 674.6, 297.0375046204089], "61" : [999.3, 667.5, 27.037504620408914], "63" : [999.3, 532.0, 416.0375046204089], "65" : [1005.5, 532.6, 14.037504620408914], "67" : [1002.9, 592.6, 201.03750462040892], "69" : [1002.0, 588.3, 13.037504620408914], "71" : [952.1, 576.0, 182.03750462040892]}