{"0": [825.9690365585286, 21.0, 278.0], "1": [824.1220196119483, 21.0, 278.0], "2": [728.4777798474399, 21.0, 135.0], "3": [680.0546977786801, 21.0, 133.0], "4": [678.8233531476264, 21.0, 133.0], "5": [786.9368026532675, 21.0, 144.0], "6": [917.7498090985454, 21.0, 261.0], "7": [1044.532708570538, 21.0, 264.0], "8": [681.1478493208178, 87.0, 186.0], "9": [759.4764264816356, 87.0, 402.0], "10": [758.245081850582, 87.0, 402.0], "11": [908.1351648607908, 87.0, 182.0], "12": [960.7369863197418, 87.0, 219.0], "13": [1029.756572997895, 87.0, 245.0], "14": [1029.756572997895, 87.61642480716625, 245.0], "15": [1114.5973323938613, 87.0, 300.0], "16": [737.827895521623, 117.0, 190.0], "17": [723.8941594811694, 117.0, 137.0], "18": [723.8941594811694, 117.0, 137.0], "19": [723.8941594811694, 117.0, 137.0], "20": [830.2787427672162, 117.0, 253.0], "21": [898.0026974751628, 117.0, 135.0], "22": [896.7713528441092, 117.0, 135.0], "23": [967.988969934214, 117.0, 263.0], "24": [935.3304603451195, 117.0, 174.0], "25": [611.7150707552067, 153.0, 191.0], "26": [612.9464153862602, 153.0, 191.0], "27": [706.8219517381791, 153.0, 164.0], "28": [745.1918922235271, 153.0, 185.0], "29": [745.1918922235271, 153.0, 185.0], "30": [836.2514979215634, 153.0, 167.0], "31": [937.2939255188367, 153.0, 395.0], "32": [990.1627686339893, 153.0, 231.0], "33": [990.1627686339893, 153.0, 231.0], "34": [1078.7892851288177, 153.0, 280.0], "35": [650.5024266333943, 186.0, 210.0], "36": [650.5024266333943, 186.0, 210.0], "37": [699.7487606107176, 186.0, 121.0], "38": [653.0774039014912, 186.0, 416.0], "39": [653.0774039014912, 186.0, 416.0], "40": [832.7414320293233, 186.0, 260.0], "41": [831.5100873982698, 186.0, 260.0], "42": [832.7414320293233, 186.0, 260.0], "43": [917.5113765664581, 186.0, 334.0], "44": [990.6246554916478, 186.0, 146.0], "45": [1056.0179638133848, 186.0, 167.0], "46": [662.6918696598258, 252.0, 123.0], "47": [628.2948013299479, 252.0, 154.0], "48": [606.4071407885098, 252.0, 168.0], "49": [606.4071407885098, 252.0, 168.0], "50": [766.2488219524303, 252.0, 203.0], "51": [766.2488219524303, 252.0, 203.0], "52": [841.3619453596981, 252.0, 113.0], "53": [931.218039477539, 252.0, 255.0], "54": [1019.8613015589931, 252.0, 230.0], "55": [1054.1832385058171, 252.0, 179.0], "56": [722.0795445869194, 285.0, 132.0], "57": [722.0795445869194, 285.0, 132.0], "58": [698.7511640259893, 285.0, 172.0], "59": [768.8480768186886, 285.0, 260.0], "60": [696.8792145747898, 285.0, 255.0], "61": [751.4597818152531, 285.0, 184.0], "62": [864.3703244998072, 285.0, 246.0], "63": [864.3703244998072, 285.0, 246.0], "64": [864.3703244998072, 285.0, 246.0], "65": [1011.8976612812884, 285.0, 171.0], "66": [1011.8976612812884, 285.0, 171.0], "67": [685.4437539779258, 318.0, 160.0], "68": [755.3009619211215, 318.0, 104.0], "69": [760.2792466654528, 318.0, 265.0], "70": [760.2792466654528, 318.0, 265.0], "71": [827.0297211900967, 318.0, 323.0], "72": [907.8534545235914, 318.0, 223.0], "73": [856.1369800193413, 318.0, 379.0], "74": [855.5213077038145, 318.0, 379.0], "75": [905.889514272754, 318.0, 124.0], "76": [825.0805421974445, 318.0, 149.0], "77": [851.866666149542, 318.0, 165.0], "78": [939.5078244448135, 318.0, 230.0], "79": [1015.7259903475697, 318.0, 227.0], "80": [1055.5412095596719, 318.0, 182.0], "81": [753.0177602003042, 351.0, 366.0], "82": [753.0177602003042, 351.0, 366.0], "83": [842.1443177532938, 351.0, 176.0], "84": [895.7227652317254, 351.0, 369.0], "85": [1001.027312685026, 351.0, 216.0], "86": [643.1143588470729, 417.0, 162.0], "87": [641.8830142160193, 417.0, 162.0], "88": [719.4577259723944, 417.0, 284.0], "89": [718.2263813413409, 417.0, 284.0], "90": [820.5352105800997, 417.0, 497.0], "91": [952.8039011977932, 417.0, 205.0], "92": [987.2751832265469, 417.0, 201.0], "93": [986.6595109110201, 417.0, 201.0], "94": [1072.7843488884137, 417.0, 230.0], "95": [1020.5376772050676, 417.0, 215.0], "96": [989.1222001731272, 417.00111361399723, 230.0], "97": [990.3535448041808, 418.23245824505085, 230.0], "98": [1059.469756704826, 417.0, 205.0], "99": [700.0713397856316, 450.0, 164.0], "100": [700.0713397856316, 450.0, 164.0], "101": [700.0713397856316, 450.0, 164.0], "102": [673.2823023078854, 450.0, 149.0], "103": [764.878610731545, 450.0, 187.0], "104": [874.9887004661269, 450.0, 177.0], "105": [961.4169459744219, 450.0, 273.0], "106": [934.8049826882652, 450.0, 301.0], "107": [1058.6931718276542, 450.0, 171.0], "108": [673.7202359163089, 483.0, 168.0], "109": [673.7202359163089, 483.0, 168.0], "110": [625.2598616967961, 484.10939600641706, 164.0], "111": [718.7422326819906, 483.0, 206.0], "112": [832.620557158123, 483.0, 287.0], "113": [888.5355933409768, 483.0, 177.0], "114": [989.0370128654057, 483.0, 154.0], "115": [1071.1691301832327, 483.0, 230.0], "116": [729.8894743172979, 516.0, 190.0], "117": [686.8311331049172, 516.0, 257.0], "118": [856.0424627665434, 516.0, 219.0], "119": [835.2885410489013, 516.0, 192.0], "120": [635.3744089277733, 582.0, 254.0], "121": [607.6256422688971, 582.0, 312.0], "122": [750.1468410554927, 582.0, 190.0], "123": [832.3983471915111, 582.0, 242.0], "124": [942.1555527608215, 582.0, 162.0], "125": [1012.5177481631451, 582.0, 440.0], "126": [1073.469307400297, 582.0, 390.0], "127": [1072.8536350847703, 582.0012941751762, 390.0], "128": [762.3717419909087, 614.0, 138.0], "129": [712.069658186073, 614.5, 143.0], "130": [758.666322206918, 614.0, 193.0], "131": [831.5100873982697, 614.5, 283.0], "132": [830.2787427672162, 614.5, 283.0], "133": [952.7975335570468, 614.5, 341.0], "134": [1033.471581480242, 614.0, 183.0], "135": [699.3138866177845, 648.0, 180.0], "136": [638.7937147624355, 648.0, 175.0], "137": [701.0493875404682, 648.0, 164.0], "138": [814.6597806130798, 648.0, 455.0], "139": [799.2506559639999, 648.0, 152.0], "140": [877.6855110627788, 647.2625596210156, 134.0], "141": [989.1901014188904, 648.0, 293.0], "142": [942.0846147809476, 648.0, 234.0], "143": [1103.712029284474, 648.0, 266.0], "144": [739.3027595524641, 678.0, 145.0], "145": [685.4717092515907, 678.0, 205.0], "146": [766.6022264349554, 678.0, 270.0], "147": [889.733504064032, 678.0, 197.0], "148": [943.6860308849654, 678.0, 179.0], "149": [1033.8452807958458, 678.0, 106.0], "150": [916.4728669409664, 678.6618477128818, 136.0], "151": [918.9355562030735, 678.0, 136.0], "152": [599.4016244446711, 746.5, 135.0], "153": [599.4016244446711, 746.5, 135.0], "154": [666.9568613893891, 746.0, 204.0], "155": [666.9568613893891, 746.0, 204.0], "156": [738.3452978223347, 746.0, 170.0], "157": [738.3452978223347, 746.0, 170.0], "158": [834.6056447848027, 746.0, 248.0], "159": [975.9342202820476, 746.0, 263.0], "160": [1041.0066979360859, 746.0, 209.0], "161": [768.342425404363, 780.0, 165.0], "162": [729.9241553363499, 780.0, 121.0], "163": [903.6922741234855, 780.0, 233.0], "164": [998.3457136856, 780.0, 175.0], "165": [981.2320328630518, 780.0, 231.0], "166": [631.8765232354511, 810.0, 115.0], "167": [678.764966075506, 810.0, 137.0], "168": [678.764966075506, 810.0, 137.0], "169": [792.3302580472582, 810.0, 271.0], "170": [964.1320373796159, 810.0, 309.0], "171": [1053.6742044678579, 810.0, 283.0], "172": [1147.6089941890384, 810.0, 278.0], "173": [716.9950367102874, 810.0, 141.0], "174": [901.6967313683235, 810.0, 160.0], "175": [900.4653867372699, 810.0, 203.0], "176": [965.1109798675825, 810.4157232356145, 377.0], "177": [630.3148148965032, 810.0, 162.0], "178": [834.2488077922251, 810.0, 168.0], "179": [959.2507695203702, 810.0, 260.0], "180": [1064.8498949829218, 810.0, 337.0], "181": [1062.3872057208148, 810.0, 337.0], "182": [672.2972211543064, 846.0, 144.0], "183": [776.7657462899105, 846.0, 254.0], "184": [622.1815001191623, 846.0, 232.0], "185": [623.4128447502158, 846.0, 232.0], "186": [674.3249974311943, 846.0, 248.0], "187": [745.3159632245196, 846.0, 246.0], "188": [884.5340626945627, 846.0, 182.0], "189": [884.5340626945627, 846.0, 182.0], "190": [974.3460646004843, 846.0, 486.0],