{"0": [634.854075208071, 21.0, 132.0], "1": [634.2580819163281, 21.0, 132.0], "2": [634.854075208071, 21.0, 177.0], "3": [654.6927076167239, 21.0, 192.0], "4": [653.2633567723282, 21.0, 131.0], "5": [722.0863605673154, 21.0, 132.0], "6": [722.0863605673154, 21.0, 132.0], "7": [762.3966396410358, 20.142944245393778, 198.0], "8": [761.800646349293, 19.546950953650935, 198.0], "9": [847.027687068517, 20.738937537136565, 161.0], "10": [705.5137168147538, 87.0, 226.0], "11": [752.8641027703084, 87.0, 117.0], "12": [828.8170649984086, 87.0, 293.0], "13": [874.5397803011475, 87.0, 181.0], "14": [874.5397803011475, 87.0, 181.0], "15": [919.7388686611417, 87.0, 161.0], "16": [919.1428753693989, 87.0, 161.0], "17": [903.1744907665302, 87.0, 196.0], "18": [941.2477789569552, 87.0, 203.0], "19": [915.3447643105693, 87.0, 172.0], "20": [719.6296553853085, 117.0, 145.0], "21": [806.3975815318198, 117.0, 248.0], "22": [916.7589022024276, 117.88584409121722, 175.0], "23": [895.9027319208299, 117.0, 183.0], "24": [987.6821039198239, 117.0, 335.0], "25": [641.9751669941911, 153.0, 149.0], "26": [719.0371889422261, 153.0, 121.0], "27": [810.234904315814, 153.0, 212.0], "28": [910.782396760326, 153.0, 125.0], "29": [910.782396760326, 153.0, 125.0], "30": [892.9191705327146, 153.0, 188.0], "31": [1056.947665927715, 153.0, 214.0], "32": [887.3455331013254, 186.0, 224.0], "33": [691.1576939687872, 252.0, 104.0], "34": [693.9303726070201, 252.0, 135.0], "35": [683.3568986825903, 252.0, 116.0], "36": [756.7587143355181, 252.0, 109.0], "37": [874.4093448524568, 252.0, 107.0], "38": [831.8927824848522, 252.0, 194.0], "39": [1015.9097539234889, 252.0, 164.0], "40": [982.4674434752724, 252.0, 129.0], "41": [955.1911782338341, 252.0, 136.0], "42": [955.1911782338341, 252.0, 136.0], "43": [663.0315362438629, 285.0, 241.0], "44": [768.1006291221546, 285.0, 159.0], "45": [826.953614739453, 285.0, 166.0], "46": [915.5237681411791, 285.0, 345.0], "47": [964.0039987637712, 285.0, 225.0], "48": [964.0039987637712, 285.0, 225.0], "49": [1029.840839273559, 285.0, 191.0], "50": [688.7596688506076, 318.0, 181.0], "51": [780.6599243498164, 318.0, 267.0], "52": [857.9869239325994, 318.0, 130.0], "53": [979.7783006726007, 351.0, 341.0], "54": [610.4183502466151, 417.0, 182.0], "55": [667.0377129621836, 417.0, 221.0], "56": [668.2296995456692, 417.0, 221.0], "57": [666.4417196704408, 417.0, 221.0], "58": [754.6487268483789, 417.0, 166.0], "59": [753.4567402648934, 417.0, 166.0], "60": [754.0527335566361, 417.0, 166.0], "61": [725.2170195129644, 417.0, 141.0], "62": [725.2170195129644, 417.0, 141.0], "63": [831.6431249595871, 417.0, 160.0], "64": [906.9873337042482, 417.0, 150.0], "65": [906.9873337042482, 417.0, 150.0], "66": [960.4145266877229, 417.0, 179.0], "67": [1045.2873563210585, 417.0, 174.0], "68": [1070.817327134179, 417.0, 202.0], "69": [967.4183320005678, 417.0, 152.0], "70": [966.822338708825, 417.0, 152.0], "71": [647.303032706697, 450.0, 198.0], "72": [712.0978050159409, 450.0, 182.0], "73": [712.0978050159409, 450.0, 182.0], "74": [752.88923161972, 450.0, 130.0], "75": [752.88923161972, 450.0, 130.0], "76": [981.6639745997938, 450.0, 161.0], "77": [959.6704192079111, 449.8541075919713, 123.0], "78": [1023.2340352200979, 450.0, 238.0], "79": [1023.2340352200979, 450.0, 238.0], "80": [1062.181265387677, 450.0, 135.0], "81": [692.3915621500877, 483.0, 237.0], "82": [842.5709308496229, 483.0, 172.0], "83": [842.5709308496229, 483.0, 172.0], "84": [806.4113282456013, 483.0, 256.0], "85": [806.4113282456013, 483.0, 256.0], "86": [1003.9840484750638, 483.0, 163.0], "87": [1003.9840484750638, 483.0, 163.0], "88": [919.8510333981556, 516.0, 290.0], "89": [919.8510333981556, 516.0, 290.0], "90": [590.7505716191018, 582.0, 115.0], "91": [664.4225516675589, 582.0, 102.0], "92": [962.7852022547215, 582.0, 196.0], "93": [1055.6390024792074, 582.0, 300.0], "94": [1114.927152401833, 582.0, 302.0], "95": [645.5503038313641, 614.0, 165.0], "96": [767.6493517225321, 614.0, 154.0], "97": [767.6493517225321, 614.0, 154.0], "98": [729.5763753539457, 614.0, 182.0], "99": [729.5763753539457, 614.0, 182.0], "100": [784.9960760129358, 614.0, 306.0], "101": [784.9960760129358, 614.0, 306.0], "102": [838.6952857020814, 614.0, 191.0], "103": [838.6952857020814, 614.0, 191.0], "104": [838.6952857020814, 614.0, 191.0], "105": [838.6952857020814, 614.0, 191.0], "106": [891.5711250234302, 614.0, 187.0], "107": [1028.1718761372342, 614.0, 128.0], "108": [1028.1718761372342, 614.0, 128.0], "109": [1028.1718761372342, 614.0, 128.0], "110": [1012.1178288812797, 614.5, 229.0], "111": [1011.5218355895369, 614.5, 229.0], "112": [672.0499991536469, 648.0, 270.0], "113": [672.0499991536469, 648.0, 270.0], "114": [799.8108943781256, 648.0, 257.0], "115": [799.8108943781256, 648.0, 257.0], "116": [799.8108943781256, 648.0, 257.0], "117": [754.9989025238715, 648.0, 182.0], "118": [754.9989025238715, 648.0, 182.0], "119": [699.9606988215587, 648.0, 257.0], "120": [884.3825003627272, 648.0, 160.0], "121": [884.3825003627272, 648.0, 160.0], "122": [953.1684491248687, 648.0, 187.0], "123": [953.1684491248687, 648.0, 187.0], "124": [1106.158677603628, 648.0, 121.0], "125": [649.1579142098988, 680.503511496445, 176.0], "126": [743.7455552551186, 678.0, 180.0], "127": [851.5142037210204, 678.0, 352.0], "128": [851.5142037210204, 678.0, 352.0], "129": [991.1167541095027, 678.0, 382.0], "130": [597.3055854825179, 746.0, 197.0], "131": [724.4247512493149, 746.0, 202.0], "132": [810.3678565804126, 746.0, 252.0], "133": [950.4240847701361, 746.0, 137.0], "134": [920.3348619528846, 746.5, 165.0], "135": [918.546882077656, 746.5, 165.0], "136": [981.0418976778873, 746.0, 179.0], "137": [1125.1076325495455, 746.0, 249.0], "138": [697.6558320010888, 780.0, 120.0], "139": [697.6558320010888, 780.0, 120.0], "140": [742.690214211036, 780.0, 184.0], "141": [907.2196082653502, 780.0, 153.0], "142": [882.0802200583032, 780.0, 182.0], "143": [882.0802200583032, 780.0, 182.0], "144": [944.3931579486899, 780.0, 190.0], "145": [944.3931579486899, 780.0, 190.0], "146": [995.0936154201771, 780.0, 235.0], "147": [964.4383655418536, 779.4383979257539, 198.0], "148": [567.4952001149815, 810.0, 125.0], "149": [679.9686269507514, 810.0, 153.0], "150": [820.4805955548047, 810.0, 201.0], "151": [736.1729348043514, 810.0, 203.0], "152": [793.8790221232638, 810.0, 143.0], "153": [793.8790221232638, 810.0, 143.0], "154": [1020.0506093914771, 810.0, 164.0], "155": [924.5068149950845, 810.0, 215.0], "156": [1023.6478276041805, 810.0, 115.0], "157": [1093.2216582986216, 810.0, 277.0], "158": [1136.0528802393794, 810.0, 191.0], "159": [772.9264228533813, 846.0, 246.0], "160": [855.9675864446592, 846.0, 209.0], "161": [852.9876199859451, 846.0, 209.0], "162": [909.8551489947008, 846.0, 301.0], "163": [723.0259496119465, 912.0, 158.0], "164": [685.8256597933432, 912.0, 152.0], "165": [761.4341668120943, 912.0, 120.0], "166": [927.7441954282012, 912.0, 224.0], "167": [1023.9585948690199, 912.0, 256.0], "168": [1117.2960217147229, 912.0, 176.0], "169": [1167.645798748916, 912.0, 262.0], "170": [658.6938068777839, 944.5285397385169, 217.0], "171": [716.9111719574678, 945.0, 179.0], "172": [918.1207909337895, 945.0, 202.0], "173": [883.11985078517, 945.0, 267.0], "174": [1025.0938574303202, 945.0, 293.0], "175": [630.6821221658711, 945.0, 228.0], "176": [630.0861288741282, 944.5285397385169, 228.0], "177": [739.0973169298837, 945.0, 149.0], "178": [823.7839486905466, 945.0, 178.0], "179": [823.1879553988038, 945.0, 178.0], "180": [733.9939486907755, 945.0, 314.0], "181": [797.5602438538623, 945.1245330302597, 174.0], "182": [797.5602438538623, 944.5285397385169, 174.0], "183": [937.9781453459922, 945.0, 151.0], "184": [937.9781453459922, 945.0, 151.0], "185": [937.9781453459922, 945.0, 151.0], "186": [884.5752644483148, 945.0, 225.0], "187": [914.512435406671, 945.0, 201.0], "188": [1024.1765818129657, 945.0, 158.0], "189": [998.9987254338711, 945.0, 157.0],