{"1" : [802.6, 597.9, 10.128087937511108], "3" : [777.9, 602.1, 201.1280879375111], "5" : [779.0, 610.4, 21.128087937511108], "7" : [883.9, 627.0, 269.1280879375111], "9" : [883.9, 633.1, 26.128087937511108], "11" : [1047.6, 629.1, 331.1280879375111], "13" : [1041.8, 623.5, 17.128087937511108], "15" : [1106.5, 620.1, 207.1280879375111], "17" : [1109.6, 623.7, 39.12808793751111], "19" : [822.3, 598.4, 140.1280879375111], "21" : [834.3, 599.2, 17.128087937511108], "23" : [773.1, 564.7, 169.1280879375111], "25" : [766.6, 560.3, 628.128087937511], "27" : [959.8, 531.4, 550.128087937511], "29" : [966.8, 531.1, 26.128087937511108], "31" : [827.6, 415.1, 139.1280879375111], "33" : [829.0, 417.6, 19.128087937511108], "35" : [747.0, 414.4, 249.1280879375111], "37" : [746.1, 424.1, 21.128087937511108], "39" : [854.5, 416.0, 212.1280879375111], "41" : [855.0, 415.7, 25.128087937511108]}