{"1" : [697.8217385078445, 95.82282764988342, 92.0], "3" : [662.6585157407045, 31.914892036208563, 94.0], "5" : [752.1463714681698, 23.667740895475372, 248.0], "7" : [811.3042251726225, 23.746479945594306, 71.0], "9" : [906.0074467889606, 28.174821145989956, 282.0], "11" : [997.5192290119699, 18.776924291226905, 52.0], "13" : [1002.3972046039794, 19.936364192184538, 143.0], "15" : [1039.5552846525645, 26.015441931071194, 123.0], "17" : [616.0205475713869, 99.09315060348348, 219.0], "19" : [712.4322900015862, 93.76520635677193, 319.0], "21" : [712.4322900015862, 93.76520635677193, 319.0], "23" : [790.0195630544407, 95.22228401924679, 184.0], "25" : [790.0195630544407, 95.22228401924679, 184.0], "27" : [770.0947066379799, 99.65555599794894, 189.0], "29" : [770.0947066379799, 99.65555599794894, 189.0], "31" : [770.0947066379799, 99.65555599794894, 189.0], "33" : [900.1657410514247, 101.00740524993435, 216.0], "35" : [900.1657410514247, 101.00740524993435, 216.0], "37" : [966.2022722967052, 98.56136683814928, 176.0], "39" : [966.2022722967052, 98.56136683814928, 176.0], "41" : [1043.5301525425646, 94.9053450333129, 262.0], "43" : [1074.3927762778196, 91.49125534252678, 263.0], "45" : [699.0836653187823, 123.48526196474984, 251.0], "47" : [761.4326412216392, 122.05694683990488, 144.0], "49" : [861.756282437916, 122.14267153400672, 382.0], "51" : [806.5068426143607, 122.82737353418902, 190.0], "53" : [872.3015882494552, 119.9343919197325, 189.0], "55" : [994.288995240962, 114.32392467455124, 209.0], "57" : [979.3704127125261, 117.67337249759098, 169.0], "59" : [1000.9281214536869, 104.31327991060505, 128.0], "61" : [633.3091319215752, 142.66346697428946, 219.0], "63" : [606.213153533119, 142.00657284763255, 441.0], "65" : [724.6879992836017, 151.31500236627838, 200.0], "67" : [724.6879992836017, 151.31500236627838, 200.0], "69" : [800.9403873239387, 153.1881770642445, 203.0], "71" : [921.817755891266, 149.19579640712567, 214.0], "73" : [988.0528290151988, 146.99999905800502, 106.0], "75" : [987.8509429510691, 144.37169575356305, 212.0], "77" : [1054.5559329737957, 141.90734231733788, 177.0], "79" : [930.1433867912823, 149.7317483489022, 189.0], "81" : [963.6966093040435, 149.5186463098592, 59.0], "83" : [967.0031382257221, 152.46335166376392, 191.0], "85" : [1068.5138736225106, 141.43205520711683, 209.0], "87" : [1068.5138736225106, 141.43205520711683, 209.0], "89" : [1089.119050767864, 146.9761906382116, 84.0], "91" : [754.0854159735006, 188.88749662675735, 144.0], "93" : [703.6449714106092, 186.19053222885037, 169.0], "95" : [703.6449714106092, 186.19053222885037, 169.0], "97" : [885.7678552976171, 183.75317622751888, 252.0], "99" : [788.0020651622219, 190.03966779788863, 242.0], "101" : [768.3067248474459, 184.65294205763553, 119.0], "103" : [920.0555157853572, 181.28612105339053, 281.0], "105" : [1001.6771522179375, 180.64741394635607, 232.0], "107" : [999.4599995365269, 175.2400051308349, 115.0], "109" : [1031.301954000655, 181.85307730119885, 358.0], "111" : [1026.3156863216843, 181.34641037095008, 153.0], "113" : [667.4400009845477, 248.1975022705791, 160.0], "115" : [612.8971791561638, 248.3937867565521, 177.0], "117" : [612.8971791561638, 248.3937867565521, 177.0], "119" : [594.0963202785773, 245.31411037442578, 163.0], "121" : [638.7810225567243, 245.91824802557227, 274.0], "123" : [638.7810225567243, 245.91824802557227, 274.0], "125" : [724.6671425914267, 249.15000212020752, 210.0], "127" : [784.2792260223376, 253.3883800735188, 284.0], "129" : [889.9020975795614, 240.70839297714787, 143.0], "131" : [969.1081185939054, 238.2397459559312, 234.0], "133" : [1048.224721247401, 237.25608704882058, 271.0], "135" : [1028.3756098354334, 237.59512192771626, 205.0], "137" : [1115.4218597083957, 241.06255640907204, 430.0], "139" : [652.0749968777405, 282.35954296490246, 220.0], "141" : [726.6333328610172, 286.2384587386867, 234.0], "143" : [876.0102932695875, 283.7617636724113, 204.0], "145" : [807.1622215643088, 284.2883309621857, 180.0], "147" : [769.7643491216726, 283.3311175964796, 331.0], "149" : [874.4869340732118, 282.34773778324956, 199.0], "151" : [911.9039846867739, 274.2513969110964, 251.0], "153" : [740.5079789398575, 270.70531751346715, 188.0], "155" : [769.3881891011846, 269.7118107005298, 254.0], "157" : [769.0449449766387, 273.13146132618397, 89.0], "159" : [900.6179393876946, 277.1564903662324, 262.0], "161" : [1010.7475357155973, 275.25739735442875, 284.0], "163" : [1010.7475357155973, 275.25739735442875, 284.0], "165" : [1060.7862706237793, 275.1382111482844, 335.0], "167" : [996.266049596979, 275.44037234680576, 109.0], "169" : [992.6488162409996, 279.2968517747265, 127.0], "171" : [620.1512634788884, 309.59556768064454, 158.0], "173" : [620.1512634788884, 309.59556768064454, 158.0], "175" : [591.3584311962846, 314.52048206078996, 166.0], "177" : [665.8949127255928, 316.60225733496094, 177.0], "179" : [735.4152486515616, 319.73333590372124, 282.0], "181" : [821.7021091494112, 323.68818638210837, 237.0], "183" : [821.7021091494112, 323.68818638210837, 237.0], "185" : [821.7021091494112, 323.68818638210837, 237.0], "187" : [908.9930010405772, 316.2229986334104, 200.0], "189" : [971.933467652753, 315.153878291987, 245.0], "191" : [1030.0311824412768, 311.2715054238289, 186.0], "193" : [1105.5696851182092, 312.12334511719433, 287.0], "195" : [693.2691075869927, 341.98617773501985, 246.0], "197" : [766.6363013331793, 346.94814632481257, 135.0], "199" : [769.7441868912996, 343.51744248323564, 86.0], "201" : [820.654144908997, 349.52541537368114, 181.0], "203" : [820.654144908997, 349.52541537368114, 181.0], "205" : [873.3999983120991, 353.06014280616876, 281.0], "207" : [849.5742510464418, 355.45628629048156, 167.0], "209" : [933.2695247866873, 353.96619007267304, 210.0], "211" : [774.438298194837, 355.8787228340125, 282.0], "213" : [891.421972051287, 351.1787859907118, 132.0], "215" : [893.4732461424693, 353.474644091548, 71.0], "217" : [937.6213400982284, 351.8768255319415, 164.0], "219" : [996.0289050652005, 348.70820307962, 256.0], "221" : [1038.7339268138228, 350.1705327375852, 112.0], "223" : [926.5930810419928, 349.06226358886005, 318.0], "225" : [973.1347728684175, 353.50234179988854, 555.0], "227" : [887.9756643032138, 357.6615981441925, 263.0], "229" : [845.0672495216678, 355.02751083532166, 229.0], "231" : [657.6324998132326, 407.4487499339253, 240.0], "233" : [693.0345455452697, 415.59682059869374, 220.0], "235" : [730.8411814437675, 416.5947735449435, 153.0], "237" : [795.4277789002822, 418.95185112934, 54.0], "239" : [797.4170884951604, 418.94810114651807, 158.0], "241" : [878.3553789795648, 405.55240195074947, 437.0], "243" : [878.3553789795648, 405.55240195074947, 437.0], "245" : [947.2405214637378, 403.7575157569454, 306.0], "247" : [750.6104012050079, 410.8432608010022, 423.0], "249" : [826.9182948023371, 423.087804912999, 82.0], "251" : [826.9182948023371, 423.087804912999, 82.0], "253" : [943.5804085539966, 423.34175369820883, 194.0], "255" : [943.5804085539966, 423.34175369820883, 194.0], "257" : [984.0610654413132, 427.0799190483888, 244.0], "259" : [984.0610654413132, 427.0799190483888, 244.0], "261" : [984.0610654413132, 427.0799190483888, 244.0], "263" : [1043.8343417878455, 421.5519238257891, 364.0], "265" : [1043.8343417878455, 421.5519238257891, 364.0], "267" : [672.2042835843897, 446.4395242314149, 210.0], "269" : [728.8976093426943, 451.35657299720845, 251.0], "271" : [728.8976093426943, 451.35657299720845, 251.0], "273" : [721.6670743770557, 445.2524388466957, 82.0], "275" : [788.6379502072433, 445.6945762275489, 166.0], "277" : [862.066532050611, 446.3564520186361, 248.0], "279" : [862.066532050611, 446.3564520186361, 248.0], "281" : [886.3684910479922, 428.560277814475, 146.0], "283" : [886.3684910479922, 428.560277814475, 146.0], "285" : [964.6611861300447, 437.38218932202216, 219.0], "287" : [1012.2808368801237, 436.58675748578173, 287.0], "289" : [576.2131159589959, 466.9316906712671, 183.0],