{"1" : [681.4464287319229, 16.334288054527395, 140.0], "3" : [848.9326295885179, 7.591582625650672, 95.0], "5" : [848.9326295885179, 7.591582625650672, 95.0], "7" : [851.0771917598224, 12.603508571111252, 114.0], "9" : [650.1338560209804, 89.7343770536678, 192.0], "11" : [754.194760450103, 88.66190628288703, 210.0], "13" : [809.1950222678072, 84.88914085413585, 221.0], "15" : [912.1679710828432, 81.64967177915084, 153.0], "17" : [912.1679710828432, 81.64967177915084, 153.0], "19" : [972.2252517705687, 80.36616315890099, 198.0], "21" : [1033.909089395287, 74.22323507363004, 198.0], "23" : [1033.909089395287, 74.22323507363004, 198.0], "25" : [776.2874283554838, 82.25885683373983, 350.0], "27" : [823.706628292641, 77.50482140015161, 166.0], "29" : [961.0835067248382, 85.03058432987572, 291.0], "31" : [762.8745376889461, 115.15809070023974, 377.0], "33" : [918.8906960999037, 119.44651090517652, 86.0], "35" : [921.0674297519596, 120.49954184939972, 218.0], "37" : [1033.119892045494, 127.39371825608877, 191.0], "39" : [1061.5946573369395, 125.57175677969698, 131.0], "41" : [766.2808435762215, 149.08888982283986, 261.0], "43" : [897.9950507474823, 142.92474926637107, 303.0], "45" : [963.223655732073, 149.38817510869586, 186.0], "47" : [658.2479319547635, 228.66694185741562, 121.0], "49" : [795.2432066977947, 224.3364065783813, 206.0], "51" : [795.2432066977947, 224.3364065783813, 206.0], "53" : [742.9391801185853, 228.9432747937122, 171.0], "55" : [682.0184533964594, 230.3476186882691, 168.0], "57" : [684.4724156467108, 232.11723976301928, 87.0], "59" : [798.4364128456399, 226.21412916576818, 184.0], "61" : [798.4364128456399, 226.21412916576818, 184.0], "63" : [982.9489000606501, 234.3634353954409, 227.0], "65" : [982.9489000606501, 234.3634353954409, 227.0], "67" : [1059.7000005261618, 238.41702048422022, 141.0], "69" : [1080.5852058443118, 241.21005892141358, 169.0], "71" : [746.5377853302189, 254.45610716964737, 262.0], "73" : [744.950466157026, 259.23364658241394, 107.0], "75" : [744.950466157026, 259.23364658241394, 107.0], "77" : [902.8853657793456, 265.1092667015945, 205.0], "79" : [902.8853657793456, 265.1092667015945, 205.0], "81" : [1027.7000010641568, 271.62513591819487, 187.0], "83" : [1050.025928818495, 276.92963020327517, 81.0], "85" : [654.5124987089073, 295.25681940388995, 88.0], "87" : [654.5124987089073, 295.25681940388995, 88.0], "89" : [661.0000016107261, 298.30000298643245, 282.0], "91" : [661.0000016107261, 298.30000298643245, 282.0], "93" : [839.8230310230035, 308.92787703197916, 165.0], "95" : [837.5613449038613, 315.1857149740881, 119.0], "97" : [922.632101188636, 317.2656244958107, 352.0], "99" : [1041.3179289157933, 315.11586047427636, 145.0], "101" : [1041.3179289157933, 315.11586047427636, 145.0], "103" : [1043.4444444356766, 311.8629596133969, 54.0], "105" : [1075.8309991754572, 310.44299814650145, 100.0], "107" : [1073.6565225505788, 311.27971002020786, 207.0], "109" : [1012.3283257906575, 343.9710974029076, 173.0], "111" : [752.1467488481774, 344.8913317493865, 323.0], "113" : [893.6760158681644, 338.26273047624863, 271.0], "115" : [978.4674841230188, 345.40674753921877, 163.0], "117" : [732.5974271859176, 411.4861372575095, 505.0], "119" : [823.4409942635374, 414.65450498056424, 222.0], "121" : [939.7981298006852, 443.3065384455217, 107.0], "123" : [943.551770143729, 441.2035426191296, 141.0], "125" : [1037.8167622775488, 434.5479756022306, 173.0], "127" : [1037.232202554824, 422.99717762584334, 177.0], "129" : [1037.232202554824, 422.99717762584334, 177.0], "131" : [1053.659668456919, 420.8397791890493, 181.0], "133" : [779.7163321003413, 445.61899731382624, 300.0], "135" : [882.4897442674975, 451.25641014652314, 273.0], "137" : [1016.2281552995906, 442.7296076501395, 206.0], "139" : [1041.9435051594166, 447.6707793207319, 154.0], "141" : [691.8979058332054, 466.79580886535484, 191.0], "143" : [697.8309794323872, 474.34837304563047, 184.0], "145" : [917.6747209680159, 489.7657993833745, 269.0], "147" : [917.6747209680159, 489.7657993833745, 269.0], "149" : [1053.0728588653183, 494.9874989728177, 280.0], "151" : [943.5410348582857, 523.8188664752812, 212.0], "153" : [763.0437524532294, 529.6419659497585, 112.0], "155" : [710.9611148854573, 583.1377761651933, 90.0], "157" : [717.3533895758222, 586.9033915300716, 118.0], "159" : [717.3533895758222, 586.9033915300716, 118.0], "161" : [848.2999982346731, 591.7911123981494, 90.0], "163" : [848.2999982346731, 591.7911123981494, 90.0], "165" : [837.7325003133611, 591.6287514911404, 80.0], "167" : [837.7325003133611, 591.6287514911404, 80.0], "169" : [743.9469790062284, 588.4187936535035, 149.0], "171" : [743.9469790062284, 588.4187936535035, 149.0], "173" : [792.553537110658, 596.1488241389382, 297.0], "175" : [792.553537110658, 596.1488241389382, 297.0], "177" : [831.5142826238206, 601.7696427220898, 56.0], "179" : [993.8925917939308, 607.4212974726054, 108.0], "181" : [993.092161742453, 605.5809705171082, 268.0], "183" : [1055.0568887994864, 594.6101826430865, 167.0], "185" : [1055.0568887994864, 594.6101826430865, 167.0], "187" : [731.207824056582, 614.8256996940556, 179.0], "189" : [713.3868631835089, 618.9299283253628, 137.0], "191" : [1045.4815984473382, 602.6920011498853, 125.0], "193" : [1048.6017409613316, 614.1600002730682, 115.0], "195" : [676.2271435708477, 640.0799992851297, 420.0], "197" : [676.2271435708477, 640.0799992851297, 420.0], "199" : [635.2402279837454, 652.2959788891264, 174.0], "201" : [788.1241392874356, 657.649999405769, 58.0], "203" : [788.1241392874356, 657.649999405769, 58.0], "205" : [1033.6594045270451, 657.960394464004, 101.0], "207" : [1033.6594045270451, 657.960394464004, 101.0], "209" : [1063.9139534703154, 659.3523266800738, 258.0], "211" : [751.9017533028325, 681.4645594069461, 285.0], "213" : [861.7628329559092, 59.867255116611965, 113.0], "215" : [1037.6631077553834, 2.399025667244163, 103.0], "217" : [1037.6631077553834, 2.399025667244163, 103.0], "219" : [659.8673710479414, 769.7529658226924, 236.0], "221" : [660.0465505146265, 776.9327577879568, 58.0], "223" : [799.3031894572382, 778.1898938330382, 188.0], "225" : [802.4814824485898, 784.8861131167401, 108.0], "227" : [802.4814824485898, 784.8861131167401, 108.0], "229" : [957.6019591292426, 787.2352938814813, 51.0], "231" : [957.6019591292426, 787.2352938814813, 51.0], "233" : [768.6445500546841, 799.5213284474556, 211.0], "235" : [874.5203393124401, 822.2644060949103, 59.0], "237" : [874.5203393124401, 822.2644060949103, 59.0], "239" : [874.5203393124401, 822.2644060949103, 59.0], "241" : [663.1908569281642, 822.7754309622676, 175.0], "243" : [799.2119667144775, 844.0084454723253, 142.0], "245" : [802.5393930539622, 842.4227249501656, 66.0], "247" : [900.8000014430037, 840.8769208662673, 169.0], "249" : [980.2838227877417, 840.4044132291231, 68.0], "251" : [978.7459466438504, 838.1716188525038, 148.0], "253" : [800.779282956079, 858.9482041646492, 251.0], "255" : [741.071565218897, 921.786898664039, 313.0], "257" : [741.071565218897, 921.786898664039, 313.0], "259" : [808.4161397622607, 932.5014049681124, 285.0], "261" : [766.9394951612214, 971.4942687185004, 157.0], "263" : [957.082144229637, 984.9499996983965, 84.0], "265" : [957.082144229637, 984.9499996983965, 84.0], "267" : [957.082144229637, 984.9499996983965, 84.0], "269" : [948.622640533363, 981.6811296841834, 53.0], "271" : [1034.1749987169007, 969.9617667952124, 68.0], "273" : [1031.7893235283939, 958.1348301860364, 178.0], "275" : [1031.7893235283939, 958.1348301860364, 178.0], "277" : [643.1811610072494, 980.6951684408648, 207.0], "279" : [642.767200412952, 977.5767980557695, 125.0], "281" : [824.8853962621644, 993.6003732929668, 267.0], "283" : [824.8853962621644, 993.6003732929668, 267.0], "285" : [970.7408761913175, 995.618919539996, 296.0], "287" : [903.8378527631891, 996.8971763618129, 177.0], "289" : [1115.830768565655, 972.5340663709433, 91.0], "291" : [1110.9341173732396, 977.8788222356635, 170.0],