{"1" : [723.2621161739308, 32.398483826260986, 66.0], "3" : [641.1315798437978, 13.333334069365835, 57.0], "5" : [638.1754261157655, 1.4957627188155052, 118.0], "7" : [768.0900672343536, 22.878144761658714, 302.0], "9" : [710.2448080275041, 30.107146527469897, 154.0], "11" : [889.925568953465, 33.38749920939152, 176.0], "13" : [973.4327158074182, 14.863582105398505, 162.0], "15" : [974.3638873190619, 34.39027896007191, 72.0], "17" : [772.0975205645605, 62.16694005790937, 121.0], "19" : [900.5981467164703, 71.19814742997089, 54.0], "21" : [877.6523791801244, 74.51645470363708, 231.0], "23" : [963.4531786386664, 77.92716815387449, 173.0], "25" : [761.8472624967592, 74.13904357472197, 292.0], "27" : [845.5169984969297, 83.30899939690195, 100.0], "29" : [845.5169984969297, 83.30899939690195, 100.0], "31" : [889.1823268126748, 99.49870793765663, 232.0], "33" : [889.1823268126748, 99.49870793765663, 232.0], "35" : [970.514580812126, 91.47326841290996, 288.0], "37" : [994.3145152971721, 94.04959885544082, 248.0], "39" : [994.3145152971721, 94.04959885544082, 248.0], "41" : [980.5883925697588, 95.28928907590488, 224.0], "43" : [980.5883925697588, 95.28928907590488, 224.0], "45" : [980.5883925697588, 95.28928907590488, 224.0], "47" : [749.8385700323387, 119.86142894082809, 70.0], "49" : [776.9185719502054, 120.75571402313817, 70.0], "51" : [777.0890896643491, 112.15454776039165, 110.0], "53" : [672.7851843990868, 100.22036929422376, 54.0], "55" : [672.7851843990868, 100.22036929422376, 54.0], "57" : [679.7361358465232, 98.80504395405457, 119.0], "59" : [679.7361358465232, 98.80504395405457, 119.0], "61" : [804.242187867815, 122.36302356878655, 192.0], "63" : [921.7448107596732, 126.96839835486617, 212.0], "65" : [921.7448107596732, 126.96839835486617, 212.0], "67" : [1035.6371134359842, 138.23195810348432, 194.0], "69" : [1043.1241360516078, 138.07654944207, 290.0], "71" : [813.342064310935, 166.7757935351747, 252.0], "73" : [813.342064310935, 166.7757935351747, 252.0], "75" : [904.3281258859366, 167.4927099044237, 96.0], "77" : [904.3281258859366, 167.4927099044237, 96.0], "79" : [829.6791409111921, 147.04233125839625, 163.0], "81" : [730.4689497963761, 131.7849318041334, 219.0], "83" : [730.4689497963761, 131.7849318041334, 219.0], "85" : [735.452459490228, 136.22458956584214, 61.0], "87" : [873.0661362959431, 152.61746028065332, 189.0], "89" : [957.7768855404167, 152.19246401160044, 199.0], "91" : [770.4722594832524, 234.06575397895824, 292.0], "93" : [837.1120687249922, 232.7988515587495, 174.0], "95" : [949.1968025343875, 242.34794810183834, 219.0], "97" : [1035.5713664251377, 242.24121572813607, 461.0], "99" : [1090.9803409901442, 236.84658031617522, 234.0], "101" : [726.7522390877359, 252.03507845886494, 134.0], "103" : [721.3606384829113, 262.4164896481055, 188.0], "105" : [721.3606384829113, 262.4164896481055, 188.0], "107" : [721.3606384829113, 262.4164896481055, 188.0], "109" : [673.1663255069868, 252.317350665924, 98.0], "111" : [794.5582278781428, 253.50000108232265, 158.0], "113" : [794.5582278781428, 253.50000108232265, 158.0], "115" : [912.390776097182, 242.75177397646465, 141.0], "117" : [1006.6259791349652, 244.34190156684895, 358.0], "119" : [1006.6259791349652, 244.34190156684895, 358.0], "121" : [604.9910437305987, 258.2223895380592, 67.0], "123" : [604.9910437305987, 258.2223895380592, 67.0], "125" : [604.9910437305987, 258.2223895380592, 67.0], "127" : [616.4488045458419, 264.89234558050066, 209.0], "129" : [616.4488045458419, 264.89234558050066, 209.0], "131" : [792.313685263072, 263.198949247187, 190.0], "133" : [792.313685263072, 263.198949247187, 190.0], "135" : [792.313685263072, 263.198949247187, 190.0], "137" : [793.0402345017204, 255.71838966005117, 87.0], "139" : [793.0402345017204, 255.71838966005117, 87.0], "141" : [728.1054306334909, 254.49547679891134, 221.0], "143" : [836.6141245453853, 264.0700566186805, 177.0], "145" : [836.6141245453853, 264.0700566186805, 177.0], "147" : [926.813811268756, 269.65635503004944, 181.0], "149" : [929.602019764798, 272.2525254303011, 99.0], "151" : [819.5014932716552, 268.9731399959387, 67.0], "153" : [825.8118557474546, 271.5881448315798, 194.0], "155" : [896.3950013753808, 276.2383351226896, 60.0], "157" : [927.8701886822361, 263.52211790357063, 104.0], "159" : [927.8701886822361, 263.52211790357063, 104.0], "161" : [927.8701886822361, 263.52211790357063, 104.0], "163" : [1046.7515834095636, 261.71124007910225, 347.0], "165" : [1046.7515834095636, 261.71124007910225, 347.0], "167" : [734.2258073350106, 289.791934309749, 62.0], "169" : [734.2258073350106, 289.791934309749, 62.0], "171" : [742.8770734733118, 295.79707544371803, 205.0], "173" : [742.8770734733118, 295.79707544371803, 205.0], "175" : [711.7692355500172, 299.64066302643187, 91.0], "177" : [711.7692355500172, 299.64066302643187, 91.0], "179" : [712.9659266427108, 307.4464497231804, 493.0], "181" : [791.1903487244562, 318.01754461409814, 114.0], "183" : [906.561905055699, 310.42040417503847, 147.0], "185" : [972.9670153109432, 301.0502643153059, 191.0], "187" : [903.0379136630964, 301.5489008056462, 182.0], "189" : [903.0379136630964, 301.5489008056462, 182.0], "191" : [997.3734536930099, 309.93999749293545, 275.0], "193" : [997.3734536930099, 309.93999749293545, 275.0], "195" : [674.7725796560836, 353.00483944484085, 62.0], "197" : [676.6315625093666, 343.88403095437116, 263.0], "199" : [768.8060135556417, 357.39774506316877, 133.0], "201" : [773.3634434472631, 364.3268835567806, 93.0], "203" : [954.2283047856192, 364.933962364804, 106.0], "205" : [958.2866157907583, 356.6905527284376, 127.0], "207" : [847.735592668627, 390.40734400535877, 177.0], "209" : [928.9930484519138, 390.47914528396353, 187.0], "211" : [928.9930484519138, 390.47914528396353, 187.0], "213" : [982.9191382474359, 392.03827741417933, 209.0], "215" : [1017.0633986010848, 395.37938226521834, 194.0], "217" : [641.6188304279198, 422.4284507594351, 239.0], "219" : [641.6188304279198, 422.4284507594351, 239.0], "221" : [722.0347549560761, 442.056094491343, 164.0], "223" : [844.9200003430988, 442.6373341846293, 75.0], "225" : [941.4087953560556, 425.41898164689286, 216.0], "227" : [941.4087953560556, 425.41898164689286, 216.0], "229" : [1025.0650910826798, 428.64408294420144, 338.0], "231" : [1025.0650910826798, 428.64408294420144, 338.0], "233" : [844.3393173931438, 448.1273501675682, 117.0], "235" : [850.396098457444, 449.4858546610552, 205.0], "237" : [966.0162143771829, 456.2897298889055, 185.0], "239" : [966.0162143771829, 456.2897298889055, 185.0], "241" : [1057.1214985804754, 458.053270154037, 107.0], "243" : [1039.8826575540404, 435.8144490648349, 173.0], "245" : [977.5121220674936, 432.1539392635043, 165.0], "247" : [977.5121220674936, 432.1539392635043, 165.0], "249" : [977.5121220674936, 432.1539392635043, 165.0], "251" : [752.0433691279364, 491.0627239720725, 279.0], "253" : [752.0433691279364, 491.0627239720725, 279.0], "255" : [754.5617660114224, 495.52794068645267, 68.0], "257" : [754.5617660114224, 495.52794068645267, 68.0], "259" : [910.857651013526, 481.7476850156855, 281.0], "261" : [846.8549007791712, 486.4205864755492, 102.0], "263" : [846.4382364722009, 480.7426471329647, 68.0], "265" : [847.1526316565617, 472.16710912023376, 76.0], "267" : [969.9119978783375, 469.48749921015667, 200.0], "269" : [778.9025145115315, 482.3408812506614, 159.0], "271" : [786.0033315254083, 488.8466669136536, 60.0], "273" : [786.0033315254083, 488.8466669136536, 60.0], "275" : [831.2649464971635, 486.55979612459754, 97.0], "277" : [830.215625524562, 489.31094007664996, 64.0], "279" : [830.215625524562, 489.31094007664996, 64.0], "281" : [692.8710514329125, 480.7789491652689, 76.0], "283" : [699.6895988345472, 484.1767993056474, 125.0], "285" : [658.7463975965393, 557.8592006271748, 125.0], "287" : [658.7463975965393, 557.8592006271748, 125.0], "289" : [693.6232551027643, 579.4017429743958, 172.0], "291" : [700.4631594827244, 584.0017571921054, 57.0],