{"1" : [726.1183784544247, 20.075136954158623, 185.0], "3" : [705.1975621196887, 17.11219937581012, 123.0], "5" : [902.7485721747366, 7.493330993275241, 210.0], "7" : [993.1994348571029, 2.9994371187602593, 178.0], "9" : [1049.5252107870867, 6.37226785908946, 119.0], "11" : [646.5859608099036, 74.22383235387471, 235.0], "13" : [736.4626910689524, 71.78258855107873, 201.0], "15" : [736.4626910689524, 71.78258855107873, 201.0], "17" : [829.0828654855923, 80.09016778041232, 356.0], "19" : [804.3122300254719, 79.56474785696925, 139.0], "21" : [940.7384597994177, 69.97762486107818, 286.0], "23" : [1026.566083547144, 66.00409899821967, 171.0], "25" : [1026.566083547144, 66.00409899821967, 171.0], "27" : [677.4833346623997, 109.16000294944891, 120.0], "29" : [807.8663050828278, 122.44782860329947, 92.0], "31" : [866.6653587242165, 116.91503160211855, 153.0], "33" : [865.738250765361, 117.57267923993173, 183.0], "35" : [1017.0870242275444, 106.46107944276393, 185.0], "37" : [996.5936035886526, 106.08023302767553, 172.0], "39" : [626.2985892494797, 150.56338139529433, 213.0], "41" : [614.9552458972191, 146.92866986680013, 143.0], "43" : [769.0929346437803, 137.10162837665996, 184.0], "45" : [833.3847809562775, 132.718112678346, 138.0], "47" : [723.7956332271344, 131.01135205801464, 229.0], "49" : [820.5730985812361, 128.69339999789776, 197.0], "51" : [820.5730985812361, 128.69339999789776, 197.0], "53" : [956.9734688420345, 124.80816573446774, 98.0], "55" : [956.9734688420345, 124.80816573446774, 98.0], "57" : [962.5105253364707, 126.13289771972384, 152.0], "59" : [962.5105253364707, 126.13289771972384, 152.0], "61" : [939.943785478623, 127.3863888174419, 169.0], "63" : [939.943785478623, 127.3863888174419, 169.0], "65" : [939.943785478623, 127.3863888174419, 169.0], "67" : [1064.1554173135587, 128.57999880752575, 240.0], "69" : [1064.1554173135587, 128.57999880752575, 240.0], "71" : [967.6308791153325, 129.4669106643059, 136.0], "73" : [967.6308791153325, 129.4669106643059, 136.0], "75" : [1081.6245388686605, 134.01411010115808, 326.0], "77" : [1074.2573568692642, 136.07500090653485, 68.0], "79" : [741.7405535983517, 188.6994443379138, 180.0], "81" : [724.3799984768782, 188.64615255835113, 130.0], "83" : [910.1736345415458, 170.82272707464347, 330.0], "85" : [997.4383556207922, 166.1945178534891, 146.0], "87" : [997.4383556207922, 166.1945178534891, 146.0], "89" : [987.385401038685, 175.4233611067821, 137.0], "91" : [619.4783012435105, 254.6721705632677, 212.0], "93" : [724.2564396552281, 253.97852674948402, 163.0], "95" : [731.5438404198414, 252.39178031405902, 73.0], "97" : [818.228282886008, 247.63838684504856, 99.0], "99" : [695.4697665520503, 250.89418697577153, 258.0], "101" : [695.4697665520503, 250.89418697577153, 258.0], "103" : [797.0810193510587, 247.04490751152713, 216.0], "105" : [797.0810193510587, 247.04490751152713, 216.0], "107" : [970.9624971544278, 249.25312669172217, 128.0], "109" : [974.1148150445956, 251.28889240410737, 81.0], "111" : [934.90624983965, 244.89999782688426, 160.0], "113" : [1084.3068105954037, 236.6594979499303, 279.0], "115" : [754.3778471903136, 274.0506343211873, 158.0], "117" : [676.76301316106, 279.29452006265274, 73.0], "119" : [997.4175139704786, 245.14237202678194, 177.0], "121" : [925.3982302660727, 246.63761249900202, 226.0], "123" : [925.3982302660727, 246.63761249900202, 226.0], "125" : [1007.5985301223882, 248.18725664482363, 204.0], "127" : [1007.5985301223882, 248.18725664482363, 204.0], "129" : [1078.3449283577886, 244.30144805612716, 207.0], "131" : [635.35912362052, 298.345257943257, 137.0], "133" : [635.35912362052, 298.345257943257, 137.0], "135" : [635.35912362052, 298.345257943257, 137.0], "137" : [711.5648955119815, 281.7468073883389, 94.0], "139" : [807.1803359901257, 300.6848316749601, 178.0], "141" : [807.1803359901257, 300.6848316749601, 178.0], "143" : [774.6685711324745, 302.3337145845487, 175.0], "145" : [774.6685711324745, 302.3337145845487, 175.0], "147" : [899.2892234620236, 284.87413797088925, 232.0], "149" : [865.7074987529076, 271.3643750776412, 160.0], "151" : [865.7074987529076, 271.3643750776412, 160.0], "153" : [1017.3852017506975, 273.1010204113115, 196.0], "155" : [1024.351779581034, 268.775127471736, 197.0], "157" : [662.4030636469962, 301.8530600120692, 98.0], "159" : [663.033336975319, 304.72549085111507, 51.0], "161" : [604.7349400886061, 291.11927924090804, 83.0], "163" : [604.7349400886061, 291.11927924090804, 83.0], "165" : [605.5709672160641, 287.62903082500526, 155.0], "167" : [696.5204420271756, 304.2303858572847, 181.0], "169" : [696.5204420271756, 304.2303858572847, 181.0], "171" : [795.5609317408919, 293.5074409724254, 215.0], "173" : [795.5609317408919, 293.5074409724254, 215.0], "175" : [753.0309087020005, 294.83636445141167, 110.0], "177" : [753.0309087020005, 294.83636445141167, 110.0], "179" : [753.0309087020005, 294.83636445141167, 110.0], "181" : [894.6380974517524, 307.86031738912936, 63.0], "183" : [894.6380974517524, 307.86031738912936, 63.0], "185" : [941.7663401337818, 318.21999977725835, 205.0], "187" : [1042.891998751808, 305.70514130931593, 175.0], "189" : [1042.186883982727, 301.44262104813595, 61.0], "191" : [1042.186883982727, 301.44262104813595, 61.0], "193" : [930.4719687086398, 306.7356050771181, 264.0], "195" : [1041.32467479639, 306.3112537740606, 231.0], "197" : [1041.32467479639, 306.3112537740606, 231.0], "199" : [1015.1634929587676, 310.8296298612242, 189.0], "201" : [691.1201142398044, 347.60344839711473, 174.0], "203" : [1036.8657610267298, 307.7440201669125, 184.0], "205" : [1036.8657610267298, 307.7440201669125, 184.0], "207" : [997.7774892631242, 310.292639924922, 231.0], "209" : [997.7774892631242, 310.292639924922, 231.0], "211" : [1092.6078566519989, 306.847853668734, 140.0], "213" : [735.0189888987968, 343.103799941152, 158.0], "215" : [695.0686731221912, 344.69578390792765, 166.0], "217" : [795.3893420377931, 344.14010176721735, 197.0], "219" : [886.4455490196274, 345.1696331415321, 191.0], "221" : [776.8460067994348, 341.15513276797617, 263.0], "223" : [880.5482062109609, 344.15128264074394, 195.0], "225" : [837.6220335783223, 345.0638425627846, 177.0], "227" : [913.2440644482792, 322.6779647550146, 59.0], "229" : [913.2440644482792, 322.6779647550146, 59.0], "231" : [1009.5259859555644, 364.0055106741177, 127.0], "233" : [653.5660705461316, 426.0625020686204, 56.0], "235" : [653.5660705461316, 426.0625020686204, 56.0], "237" : [653.6545441897447, 424.0459917626953, 187.0], "239" : [653.6545441897447, 424.0459917626953, 187.0], "241" : [694.2666661459681, 402.82539517080266, 63.0], "243" : [694.0070864773377, 391.9685049424844, 127.0], "245" : [747.3684200991823, 389.20394667883056, 76.0], "247" : [747.2531237813155, 394.6812509733069, 128.0], "249" : [812.205883099323, 415.1026741303174, 187.0], "251" : [895.4027778691856, 413.88842579038754, 216.0], "253" : [912.8150660323228, 412.97602832869325, 146.0], "255" : [985.5511111666214, 419.60622327903457, 225.0], "257" : [1033.8587152239277, 420.4045872872881, 109.0], "259" : [1026.7257599221782, 420.9348466296301, 66.0], "261" : [667.4037902215518, 455.3455031265844, 211.0], "263" : [667.4037902215518, 455.3455031265844, 211.0], "265" : [752.3497921115127, 463.43319485157883, 241.0], "267" : [752.3497921115127, 463.43319485157883, 241.0], "269" : [865.5167214614191, 465.68884918777326, 305.0], "271" : [865.5167214614191, 465.68884918777326, 305.0], "273" : [865.5167214614191, 465.68884918777326, 305.0], "275" : [878.7094025510114, 465.8299092337888, 117.0], "277" : [878.7094025510114, 465.8299092337888, 117.0], "279" : [984.3299146985274, 466.93204952218224, 234.0], "281" : [986.7672424237996, 462.2784472386838, 116.0], "283" : [986.7672424237996, 462.2784472386838, 116.0], "285" : [986.7672424237996, 462.2784472386838, 116.0], "287" : [1028.0902922322928, 464.0058237339015, 206.0], "289" : [1028.0902922322928, 464.0058237339015, 206.0],