{"1" : [652.3447134112463, 296.0430917242981, 123.0], "3" : [639.7182274342564, 79.6472908719167, 203.0], "5" : [735.7610833479255, 72.55389429763463, 167.0], "7" : [818.176835858961, 62.587568271475604, 177.0], "9" : [754.6357157182222, 82.57321448427436, 56.0], "11" : [916.5291644896843, 63.67777451334078, 72.0], "13" : [916.5291644896843, 63.67777451334078, 72.0], "15" : [918.6438833700647, 62.42158032077425, 139.0], "17" : [918.6438833700647, 62.42158032077425, 139.0], "19" : [764.8392865095676, 78.78839393848453, 224.0], "21" : [856.5830496069376, 79.708473926016, 177.0], "23" : [756.5316459403659, 82.0206753011892, 237.0], "25" : [963.0562507981351, 76.29062815693203, 160.0], "27" : [893.482726034836, 82.71570734823845, 191.0], "29" : [994.2378648028438, 81.72830909357991, 272.0], "31" : [766.7707508121008, 107.99183931821854, 147.0], "33" : [743.5009275714283, 105.29814740139084, 108.0], "35" : [733.1344864004991, 102.38344499127038, 145.0], "37" : [733.1344864004991, 102.38344499127038, 145.0], "39" : [846.6689433723471, 101.31428557942378, 161.0], "41" : [846.6689433723471, 101.31428557942378, 161.0], "43" : [846.6689433723471, 101.31428557942378, 161.0], "45" : [965.2164477835566, 99.3667748039736, 310.0], "47" : [965.2164477835566, 99.3667748039736, 310.0], "49" : [1064.8217370221644, 101.35059217001141, 253.0], "51" : [1015.2447693530105, 93.95230250457477, 239.0], "53" : [1015.2447693530105, 93.95230250457477, 239.0], "55" : [786.0866987937185, 120.45318980033468, 188.0], "57" : [779.095275511551, 124.98740469285771, 127.0], "59" : [779.095275511551, 124.98740469285771, 127.0], "61" : [893.9850019491378, 126.19500262706953, 80.0], "63" : [893.9850019491378, 126.19500262706953, 80.0], "65" : [895.8701920069194, 124.524040699932, 104.0], "67" : [895.8701920069194, 124.524040699932, 104.0], "69" : [758.4480003202063, 117.34200175499409, 100.0], "71" : [818.6073038310807, 137.3640435810749, 178.0], "73" : [910.6779023269133, 129.82321257087492, 448.0], "75" : [910.6779023269133, 129.82321257087492, 448.0], "77" : [1024.9411128736322, 132.50555318385497, 90.0], "79" : [647.6791393141667, 235.53596917612302, 139.0], "81" : [621.770468580734, 245.03221428755336, 149.0], "83" : [674.7376448583868, 243.38411746488183, 170.0], "85" : [793.770803844594, 228.48759128251766, 137.0], "87" : [793.770803844594, 228.48759128251766, 137.0], "89" : [775.1299992846915, 224.65153850111017, 130.0], "91" : [719.1844446558238, 235.20277537844734, 180.0], "93" : [703.629198244561, 247.58978081560105, 137.0], "95" : [689.1295094768343, 250.36393818821017, 183.0], "97" : [745.6657885925117, 250.69105564524835, 190.0], "99" : [904.568937277493, 238.16130682258373, 367.0], "101" : [1013.8546738747418, 234.34299061892568, 214.0], "103" : [1013.8546738747418, 234.34299061892568, 214.0], "105" : [1062.2248384536467, 236.16307033766074, 306.0], "107" : [675.5552620082991, 264.25657920672757, 152.0], "109" : [675.5552620082991, 264.25657920672757, 152.0], "111" : [625.9531400227568, 283.02092034769925, 239.0], "113" : [691.3531254100504, 278.56874965857605, 64.0], "115" : [691.3531254100504, 278.56874965857605, 64.0], "117" : [691.8841265406344, 278.8952391373635, 63.0], "119" : [691.8841265406344, 278.8952391373635, 63.0], "121" : [785.5786578060812, 266.1939027378648, 164.0], "123" : [785.5786578060812, 266.1939027378648, 164.0], "125" : [757.851923764775, 268.9499997322915, 208.0], "127" : [816.8181830572837, 269.5161600793234, 99.0], "129" : [816.8181830572837, 269.5161600793234, 99.0], "131" : [933.0830366137557, 269.1156252211054, 224.0], "133" : [1049.7972234668055, 262.20324002133594, 216.0], "135" : [1049.7972234668055, 262.20324002133594, 216.0], "137" : [1049.7972234668055, 262.20324002133594, 216.0], "139" : [1083.781689950683, 265.14999698580937, 142.0], "141" : [1083.781689950683, 265.14999698580937, 142.0], "143" : [772.5956752873802, 293.3378408513188, 185.0], "145" : [772.5956752873802, 293.3378408513188, 185.0], "147" : [772.5956752873802, 293.3378408513188, 185.0], "149" : [722.3056987149514, 308.00362606067114, 193.0], "151" : [828.2752574977566, 303.56958798414126, 194.0], "153" : [886.2275157730419, 300.6154371073209, 298.0], "155" : [886.2275157730419, 300.6154371073209, 298.0], "157" : [961.2552086126327, 306.51510158468403, 192.0], "159" : [961.2552086126327, 306.51510158468403, 192.0], "161" : [1019.45653106945, 311.97387341387486, 444.0], "163" : [688.8788858331168, 396.90717139460094, 251.0], "165" : [771.2447595502073, 301.0704792227281, 210.0], "167" : [771.2447595502073, 301.0704792227281, 210.0], "169" : [860.4100823477659, 311.64369718712385, 119.0], "171" : [860.4100823477659, 311.64369718712385, 119.0], "173" : [673.9567002928834, 389.35670032411, 194.0], "175" : [727.220733633655, 394.6615855453073, 164.0], "177" : [802.8425346125815, 389.67918584168353, 221.0], "179" : [779.8461531629852, 391.11692293486414, 195.0], "181" : [767.5130057720629, 410.7443920241622, 223.0], "183" : [813.4739154225582, 413.39710092322247, 69.0], "185" : [866.1548412124657, 406.86451586917644, 62.0], "187" : [872.4936166527165, 404.2907798929002, 141.0], "189" : [872.4936166527165, 404.2907798929002, 141.0], "191" : [920.2075005745008, 416.16916580581363, 120.0], "193" : [771.6703283721865, 417.85018252690566, 273.0], "195" : [752.6270829645005, 421.291667840006, 96.0], "197" : [890.471277921411, 424.8446819589674, 94.0], "199" : [890.471277921411, 424.8446819589674, 94.0], "201" : [896.6337085422042, 424.74663211493294, 178.0], "203" : [896.6337085422042, 424.74663211493294, 178.0], "205" : [1015.2444423230868, 420.83222040342554, 90.0], "207" : [1020.5335567630294, 414.22599871365577, 450.0], "209" : [1039.6101046003341, 411.67074075575704, 188.0], "211" : [1065.7000000830024, 414.6779663086587, 59.0], "213" : [714.8873144857173, 436.5895511848943, 134.0], "215" : [655.9162159453132, 443.3274700719614, 222.0], "217" : [651.3348945796029, 444.34114082880905, 192.0], "219" : [719.3843925066112, 447.94508765291755, 173.0], "221" : [856.8814149314902, 451.69955880305935, 226.0], "223" : [996.6283566287327, 457.25373117796863, 67.0], "225" : [996.6283566287327, 457.25373117796863, 67.0], "227" : [996.6283566287327, 457.25373117796863, 67.0], "229" : [886.4249989392409, 444.18858229242454, 184.0], "231" : [977.6464300394139, 463.08356873637865, 140.0], "233" : [977.6464300394139, 463.08356873637865, 140.0], "235" : [977.6464300394139, 463.08356873637865, 140.0], "237" : [781.7794048143732, 491.00068725547436, 437.0], "239" : [781.7794048143732, 491.00068725547436, 437.0], "241" : [781.7794048143732, 491.00068725547436, 437.0], "243" : [912.5333319677319, 490.19904807681905, 105.0], "245" : [912.5333319677319, 490.19904807681905, 105.0], "247" : [914.4958320600012, 491.6069446311735, 72.0], "249" : [914.4958320600012, 491.6069446311735, 72.0], "251" : [860.6348541518433, 496.22738428225495, 241.0], "253" : [860.6348541518433, 496.22738428225495, 241.0], "255" : [860.6348541518433, 496.22738428225495, 241.0], "257" : [919.0746107445003, 486.72072677762816, 193.0], "259" : [1034.380287166983, 505.18317270889, 208.0], "261" : [843.3689450539327, 567.0285717545798, 161.0], "263" : [802.2529704568401, 563.18514938711, 202.0], "265" : [787.5761441140102, 562.0348628874182, 109.0], "267" : [787.5761441140102, 562.0348628874182, 109.0], "269" : [967.2167952531629, 566.2050778148339, 256.0], "271" : [1000.9299142638654, 576.4264971848309, 117.0], "273" : [856.4686104612986, 570.3159572904101, 188.0], "275" : [800.61487314046, 562.9438030456197, 242.0], "277" : [772.7815796921494, 564.9443616733835, 266.0], "279" : [889.6815433739476, 567.8620797249689, 298.0], "281" : [889.6815433739476, 567.8620797249689, 298.0], "283" : [970.4807329799843, 566.2385314186711, 109.0], "285" : [976.4648799595909, 568.9928562100469, 168.0], "287" : [1068.8413018611573, 567.5798907719932, 184.0], "289" : [732.4010946652365, 590.9174862297493, 183.0],