{"1": [671.2333332999999, 230.76074069999996, 108.0], "2": [753.7928571, 232.5, 252.0], "3": [743.5671698, 231.8464151, 212.0], "4": [810.9537931, 269.5, 116.0], "5": [701.0533333, 269.5, 108.0], "6": [758.6884615, 269.5, 104.0], "7": [763.6759258999999, 269.5, 108.0], "8": [887.5264557, 271.5062025, 316.0], "9": [834.48, 266.0058824, 136.0], "10": [821.0185713999999, 269.5, 112.0], "11": [943.9191176, 303.035, 136.0], "12": [816.6426805544145, 340.81001490126494, 136.0], "13": [787.3376131444684, 344.7173572225911, 160.0], "14": [722.957561, 522.5, 164.0], "15": [719.6982, 526.7072, 200.0], "16": [720.9127936819239, 524.4551040035938, 108.0], "17": [802.966982429773, 524.4551040035938, 164.0], "18": [753.9985, 526.132, 160.0], "19": [754.8893333, 528.0696667, 120.0], "20": [802.966982429773, 594.7872657874643, 208.0], "21": [781.4765996624792, 596.7409369481275, 168.0], "22": [824.4573651970668, 627.9996755187366, 200.0], "23": [804.9206535904359, 627.9996755187366, 116.0], "24": [863.5307884103281, 626.0460043580736, 108.0], "25": [944.4796667000002, 631.5, 120.0], "26": [1009.171316, 631.5, 152.0], "27": [1051.892903, 631.5, 124.0], "28": [1048.827742, 631.5, 124.0], "29": [995.2094286, 704.5, 140.0], "30": [980.2325926000001, 704.5, 108.0], "31": [833.1641667, 704.5, 144.0], "32": [961.2143464434816, 706.1465219452596, 108.0], "33": [937.7702925155249, 708.1001931059226, 212.0], "34": [974.8900445681234, 739.3589316765317, 112.0], "35": [951.4459906401664, 737.4052605158687, 108.0], "36": [993.3116667000002, 781.8266667, 144.0], "37": [780.0282758999999, 771.9862069000001, 116.0]}