{"1": [645.8157692000001, 228.20846150000003, 104.0], "2": [697.74, 232.0, 112.0], "3": [764.3426316, 232.0, 152.0], "4": [823.0655566973662, 263.87584536635507, 200.0], "5": [823.9603571, 265.6410714, 112.0], "6": [806.0636136523681, 265.2926739534382, 124.0], "7": [774.1849704429969, 264.5842596598966, 264.0], "8": [773.4765561494553, 263.16743107281343, 264.0], "9": [785.5195991396622, 227.7467163957342, 144.0], "10": [760.7250988657067, 231.9972021569838, 128.0], "11": [795.9275, 234.98875, 128.0], "12": [726.7212127757108, 231.28878786344217, 216.0], "13": [743.3162963, 228.93925930000003, 216.0], "14": [798.1234694, 230.1487755, 196.0], "15": [841.1182143, 263.2771429, 112.0], "16": [807.5131428999999, 269.0, 140.0], "17": [726.2182353, 269.0, 408.0], "18": [879.9, 269.0, 144.0], "19": [893.0729825, 269.0, 228.0], "20": [844.6714286, 269.0, 140.0], "21": [842.9447222000001, 269.0, 144.0], "22": [814.2805172000001, 269.0, 232.0], "23": [932.4730000000001, 269.0, 160.0], "24": [910.7940777000001, 269.0, 412.0], "25": [734.0152941, 266.915098, 204.0], "26": [699.068, 237.1337143, 140.0], "27": [742.4966667, 232.2295833, 192.0], "28": [740.0913333, 265.10400000000004, 120.0], "29": [741.1219444, 273.2672222, 144.0], "30": [742.3063272336256, 302.8386315111421, 184.0], "31": [779.1438704977879, 299.29656004343417, 148.0], "32": [725.8387755, 302.66408160000003, 196.0], "33": [724.8408333, 298.3933333, 144.0], "34": [797.4556863, 305.0, 204.0], "35": [797.3049382999999, 305.0, 324.0], "36": [731.2080000000001, 305.0, 260.0], "37": [815.4175, 305.0, 208.0], "38": [947.4659259, 305.0, 108.0], "39": [998.8072549000001, 305.0, 204.0], "40": [982.8972727, 305.0, 220.0], "41": [938.1763265000001, 305.0, 196.0], "42": [909.1098076999999, 305.0, 208.0], "43": [869.8164062999999, 305.0, 256.0], "44": [1047.267742, 305.0, 124.0], "45": [1040.858438, 305.0, 128.0], "46": [1025.1183330000001, 305.0, 144.0], "47": [1060.1864, 305.0, 200.0], "48": [1131.017213, 305.0, 244.0], "49": [1098.6795710000001, 305.0, 280.0], "50": [738.0558414723762, 302.8386315111421, 192.0], "51": [706.8856125565464, 300.71338863051744, 200.0], "52": [734.5137700046682, 265.2926739534382, 140.0], "53": [688.6052941, 235.015098, 204.0], "54": [761.0706061000001, 230.01303030000003, 264.0], "55": [719.637069840295, 266.00108824697975, 248.0], "56": [662.2555120634266, 231.9972021569838, 140.0], "57": [752.2241273432078, 226.32988780865105, 136.0], "58": [753.8686207000001, 229.8448276, 116.0], "59": [790.6447368, 296.55964910000006, 228.0], "60": [873.46625, 302.0709375, 128.0], "61": [788.3532563138285, 339.6761747753045, 200.0], "62": [821.648728110283, 338.25934618822134, 168.0], "63": [821.4384444, 340.0, 180.0], "64": [793.7898213999999, 340.0, 224.0], "65": [771.7633333, 377.0, 204.0], "66": [780.9264582999999, 411.8041667, 192.0], "67": [796.8542278363276, 450.89721886133316, 244.0], "68": [796.1458135427861, 448.06356168716684, 244.0], "69": [769.2260703882058, 445.9383188065421, 356.0], "70": [936.4118436640197, 520.3218196284084, 204.0], "71": [925.7856292608958, 522.4470625090332, 132.0], "72": [996.6270586150542, 520.3218196284084, 448.0], "73": [1019.2963160083848, 520.3218196284084, 208.0], "74": [1014.3374159535938, 523.8638910961163, 304.0], "75": [991.6681585602632, 519.6134053348668, 232.0], "76": [1017.8794874213017, 525.9891339767411, 188.0], "77": [991.6681585602632, 525.9891339767411, 304.0], "78": [1016.4626588342185, 519.6134053348668, 224.0], "79": [1088.7209167754602, 521.7386482154916, 272.0], "80": [1065.3432450885878, 522.4470625090332, 344.0], "81": [1109.9733455817077, 527.4059625638242, 168.0], "82": [1110.681759875249, 522.4470625090332, 152.0], "83": [1041.257159108174, 522.4470625090332, 232.0], "84": [1046.2160591629652, 521.7386482154916, 112.0], "85": [1078.803116665878, 518.9049910413253, 180.0], "86": [1115.6406599300403, 528.1143768573659, 232.0], "87": [912.3257576836058, 522.4470625090332, 208.0], "88": [1090.8461596560849, 521.03023392195, 216.0], "89": [999.4607157892206, 520.3218196284084, 156.0], "90": [750.0988844625831, 516.7797481607005, 152.0], "91": [814.5645851748673, 523.8638910961163, 436.0], "92": [751.9188235, 514.9196078, 204.0], "93": [823.0655566973662, 523.1554768025748, 104.0], "94": [957.6642724702672, 520.3218196284084, 140.0], "95": [1016.4626588342185, 515.3629195736173, 140.0], "96": [774.1849704429969, 300.0049743369758, 140.0], "97": [753.3312903, 299.0006452, 124.0], "98": [928.6192864350621, 306.3807029788501, 180.0], "99": [901.699543280482, 300.0049743369758, 188.0], "100": [775.0177778, 303.6765079, 252.0], "101": [692.0089123921732, 266.00108824697975, 168.0], "102": [844.3179855036137, 312.75643162072436, 136.0], "103": [923.6603863802711, 302.8386315111421, 204.0], "104": [784.9889873, 300.07126580000005, 316.0], "105": [908.7836862158979, 300.0049743369758, 292.0], "106": [883.2807716484008, 299.29656004343417, 200.0], "107": [882.9839999999999, 296.1224, 200.0], "108": [974.8847222, 302.9797222, 288.0], "109": [943.45, 303.19392860000005, 112.0], "110": [914.4382759, 295.00172410000005, 116.0], "111": [913.674, 300.17542860000003, 140.0], "112": [875.5144444, 265.64462960000003, 216.0], "113": [859.3706522, 269.97521739999996, 184.0], "114": [896.3927722999999, 266.6011881, 404.0], "115": [860.7058696, 265.3767391, 184.0], "116": [807.6291176, 268.0644118, 272.0], "117": [903.4253409, 263.9753409, 352.0], "118": [844.2168116, 263.384058, 276.0], "119": [814.7030986000001, 267.8949296, 284.0], "120": [733.6562069, 259.0610345, 116.0], "121": [732.127931, 259.6810345, 116.0], "122": [851.5233824, 261.0288235, 272.0], "123": [953.4137867090176, 521.03023392195, 188.0], "124": [1083.471389, 522.0002778, 144.0], "125": [947.0380580671433, 556.4509485990292, 144.0], "126": [823.7739709909079, 518.1965767477836, 156.0], "127": [760.0166845721652, 557.1593628925707, 188.0], "128": [793.3121563686196, 557.1593628925707, 372.0], "129": [845.7348140906968, 557.8677771861123, 164.0], "130": [938.5370865446444, 596.1221490373579, 236.0], "131": [1024.854667, 567.8217778, 180.0], "132": [837.3345882, 556.8663529, 340.0], "133": [809.605685120076, 559.2846057731956, 188.0], "134": [789.4264865, 554.7908107999999, 148.0], "135": [744.4981633, 560.205102, 196.0], "136": [788.5325713999999, 561.9882857000001, 140.0], "137": [843.1837287999999, 562.4174576, 236.0], "138": [852.1418421, 566.6065788999999, 152.0], "139": [848.0473469000001, 562.5361224, 196.0], "140": [1023.3246210000001, 565.4092414, 580.0], "141": [1047.6328877500482, 589.7464203954837, 408.0], "142": [1131.9341886814968, 593.9969061567331, 256.0], "143": [1132.6426029750382, 596.8305633308994, 256.0], "144": [1192.1494036325314, 593.9969061567331, 300.0], "145": [1171.6053891198253, 591.1632489825668, 168.0], "146": [1170.1885605327423, 589.0380061019421, 248.0], "147": [1052.5917878048394, 597.538977624441, 116.0], "148": [999.4607157892206, 560.7014343602787, 220.0], "149": [822.3571424038246, 410.5176041294629, 144.0], "150": [792.6350704, 285.9429577, 284.0], "151": [781.2691133784127, 518.9049910413253, 156.0], "152": [733.8053557111266, 520.3218196284084, 168.0], "153": [1227.5701183096105, 595.4137347438163, 140.0], "154": [1303.37044771856, 594.7053204502747, 128.0], "155": [1189.315746458365, 594.7053204502747, 308.0], "156": [1312.38625, 594.56875, 224.0], "157": [1181.5231892294075, 595.4137347438163, 212.0], "158": [1067.4684879692127, 555.7425343054877, 236.0], "159": [924.4210638000001, 595.8210637999999, 188.0], "160": [765.683998920498, 592.58007756965, 144.0], "161": [732.0127102999999, 595.0, 428.0], "162": [795.6434211000001, 595.0, 152.0], "163": [795.6434211000001, 595.0, 152.0], "164": [1244.230417, 595.0, 192.0], "165": [1204.555366, 595.0, 164.0], "166": [1057.5506878596304, 558.576191479654, 128.0], "167": [700.56175, 631.0, 160.0], "168": [704.9874286, 631.0, 280.0], "169": [727.6020547999999, 631.0, 292.0],