{"1": [695.515068593304, 233.35810106479596, 112.0], "2": [771.7082438591638, 231.40442990413283, 120.0], "3": [731.9710417, 268.98083330000003, 192.0], "4": [806.874324751099, 631.9070178400627, 212.0], "5": [771.91125, 300.3775, 160.0], "6": [773.6619150198269, 229.4507587434698, 124.0], "7": [694.91, 232.5, 196.0], "8": [746.4605263, 232.5, 152.0], "9": [744.1563158, 269.5, 304.0], "10": [802.5565385, 273.3755769, 208.0], "11": [799.312, 272.52, 120.0], "12": [792.6885714, 271.6180357, 224.0], "13": [830.0725, 269.5, 160.0], "14": [820.9916667, 268.3408333, 192.0], "15": [865.4844595709912, 266.5705107960682, 180.0], "16": [924.3770588, 269.5, 136.0], "17": [919.5751111, 271.74511110000003, 180.0], "18": [860.9663889000001, 266.1897222, 144.0], "19": [829.1940741000001, 269.4362963, 108.0], "20": [877.1457142999999, 273.75885710000006, 140.0], "21": [924.563125, 268.4884375, 128.0], "22": [927.2355556, 269.5, 144.0], "23": [961.1368085000001, 268.3695745, 188.0], "24": [790.0996296, 309.9081481, 108.0], "25": [913.5646341, 305.5, 328.0], "26": [995.8827586000001, 301.87965519999995, 116.0], "27": [995.312, 298.92085710000003, 140.0], "28": [1151.0734, 305.5, 200.0], "29": [788.41625, 346.6215, 160.0], "30": [780.4296364, 345.51618179999997, 220.0], "31": [841.5880000000001, 340.5, 120.0], "32": [840.0867344823712, 338.8563437406019, 116.0], "33": [832.2720498397191, 417.0031901671248, 180.0], "34": [834.225721000382, 411.1421766851355, 136.0], "35": [813.1673684, 410.6952632, 152.0], "36": [761.9398880558483, 557.667513734866, 108.0], "37": [766.24, 528.7703704, 108.0], "38": [816.9463158, 525.2784211000001, 152.0], "39": [896.8246154, 525.6105128, 156.0], "40": [946.0103125, 523.034375, 128.0], "41": [946.4897143, 526.8085714, 140.0], "42": [1004.620449, 522.1948315000001, 356.0], "43": [1047.2038890000001, 524.0137778, 360.0], "44": [1025.7635, 521.629, 160.0], "45": [976.2130232999999, 523.8269767, 172.0], "46": [1014.8728570000001, 528.3773468999999, 196.0], "47": [1066.133529, 528.0129412, 204.0], "48": [1101.128154, 522.1046923, 520.0], "49": [1113.093077, 524.4946154, 104.0], "50": [765.8472303771746, 557.667513734866, 156.0], "51": [779.4806977000001, 559.5, 172.0], "52": [721.0126829, 559.5446341, 164.0], "53": [790.6058621000001, 558.0248276000001, 116.0], "54": [791.0240541000001, 562.6743243, 148.0], "55": [762.8045455, 551.8842424, 132.0], "56": [767.8009015378377, 559.621184895529, 112.0], "57": [806.5495348999999, 559.5, 172.0], "58": [811.9717241000001, 559.5, 116.0], "59": [921.9990908999999, 559.5, 176.0], "60": [891.9367568, 559.5, 148.0], "61": [893.2110713999999, 559.5, 112.0], "62": [868.2117948999999, 559.5, 156.0], "63": [944.9854167000001, 559.5, 288.0], "64": [993.8136842, 559.5, 152.0], "65": [995.8541667000002, 559.5, 288.0], "66": [919.2293877999998, 563.9975509999999, 196.0], "67": [1010.4611859999999, 562.8915254, 236.0], "68": [1080.9080390000001, 559.6984313999999, 204.0], "69": [1018.942258, 557.0975806, 248.0], "70": [1104.664565, 565.8854348, 184.0], "71": [801.1255172, 596.9768966, 116.0], "72": [774.1122951, 598.4478688999999, 244.0], "73": [852.6510256000001, 597.0117949, 156.0], "74": [977.3658065, 593.3909677, 124.0], "75": [943.6313059975141, 596.7409369481275, 172.0], "76": [1013.9634677813847, 596.7409369481275, 208.0], "77": [1134.99803, 595.5, 264.0], "78": [1194.9755699999998, 595.5, 316.0], "79": [974.3892857000001, 633.7489286, 112.0], "80": [718.9591225212607, 633.8606890007259, 192.0], "81": [839.7488889, 634.1541667, 144.0], "82": [838.0307273, 632.2903636, 220.0], "83": [944.9528947000001, 632.3581579, 152.0], "84": [1031.733, 632.84575, 160.0], "85": [1025.685494745363, 629.9533466793996, 248.0], "86": [771.7082438591638, 672.9341122139872, 144.0], "87": [924.8594737, 666.805, 152.0], "88": [986.8192105, 669.1084211, 152.0], "89": [949.2417857, 673.0082143, 112.0], "90": [929.192459, 671.1226230000001, 244.0], "91": [1053.0368909946462, 669.0267698926612, 152.0], "92": [1130.0536359999999, 668.0, 132.0], "93": [933.0833962000002, 674.2877358, 212.0], "94": [933.0833962000002, 674.2877358, 212.0], "95": [912.0285713999999, 673.8625397000001, 252.0], "96": [1144.514545, 669.7989091, 220.0], "97": [1144.9526759999999, 669.1639437000001, 284.0], "98": [1044.084828, 705.3644828, 116.0], "99": [759.9869231, 704.5, 208.0], "100": [824.26125, 704.5, 160.0], "101": [980.4217647, 703.4419608, 204.0], "102": [956.5345763, 702.3198305, 236.0], "103": [964.8755556, 709.042037, 216.0], "104": [972.826875, 707.583125, 128.0], "105": [965.8118519, 710.7855556, 108.0], "106": [950.7759458999999, 702.2351351, 148.0], "107": [950.0044186000001, 703.9593022999999, 172.0], "108": [920.1872520695572, 704.1928507845964, 192.0], "109": [735.9407143, 595.5, 112.0], "110": [792.0147727000001, 595.5, 176.0], "111": [792.7185965, 631.5, 228.0], "112": [1033.4434039999999, 599.902766, 188.0], "113": [1041.550323, 736.9829032, 124.0], "114": [813.02, 741.0, 112.0], "115": [819.7655, 741.0, 160.0], "116": [857.6697749283389, 743.2662739978579, 316.0], "117": [980.3463636, 747.8732727000001, 220.0], "118": [926.0482655515464, 743.2662739978579, 180.0], "119": [922.8066667000002, 741.0, 180.0], "120": [1093.736351, 745.7356757, 296.0], "121": [874.5014815, 782.014321, 324.0], "122": [967.952623, 782.8881967, 244.0], "123": [980.1809677000001, 776.5, 124.0], "124": [1012.2712240000001, 776.5, 196.0], "125": [836.1793921610451, 592.8335946268013, 300.0], "126": [782.5784444, 595.5, 180.0], "127": [814.6890093937513, 590.8799234661382, 172.0], "128": [831.0706452000001, 595.5, 124.0]}