{"1": [807.4804422394513, 302.8386315111421, 164.0], "2": [785.0229032000001, 299.9287097, 124.0], "3": [904.155, 303.5061667, 240.0], "4": [856.9670369999999, 306.8196296, 108.0], "5": [927.9108721415205, 302.8386315111421, 148.0], "6": [888.2078571000001, 301.84114289999997, 280.0], "7": [858.8181429, 299.1481429, 280.0], "8": [917.5772308, 295.9713846, 260.0], "9": [978.7982, 297.3214, 200.0], "10": [1062.654677, 301.47096769999996, 248.0], "11": [1141.7433330000001, 299.17285710000004, 168.0], "12": [1141.7433330000001, 299.17285710000004, 168.0], "13": [1138.778276, 302.3386207, 116.0], "14": [1143.188649, 301.8494595, 148.0], "15": [1036.298259053383, 304.2554600982253, 248.0], "16": [949.163300947768, 301.42180292405897, 172.0], "17": [863.5235294, 293.16588239999993, 136.0], "18": [861.529, 294.2006667, 120.0], "19": [908.7539393999999, 298.15030299999995, 132.0], "20": [978.208286982973, 300.71338863051744, 120.0], "21": [983.2234286, 296.954, 140.0], "22": [1051.8833735112978, 300.0049743369758, 104.0], "23": [1027.590333, 304.1453333, 120.0], "24": [1135.138696, 301.948913, 184.0], "25": [891.0733288773583, 264.5842596598966, 148.0], "26": [890.3649145838167, 266.00108824697975, 116.0], "27": [841.2153571, 275.49357139999995, 112.0], "28": [840.3965385, 270.8792308, 104.0], "29": [737.602, 271.5912, 200.0], "30": [790.123125, 274.875625, 128.0], "31": [791.8953277815365, 301.42180292405897, 144.0], "32": [778.4354562042464, 338.967760481763, 200.0], "33": [765.683998920498, 339.6761747753045, 160.0], "34": [803.9383707717434, 338.967760481763, 232.0], "35": [836.5857576000001, 336.95878789999995, 132.0], "36": [720.9048387, 301.7501613, 248.0], "37": [785.5257142999999, 296.3885714, 112.0], "38": [787.785, 300.7734615, 208.0], "39": [806.0636136523681, 338.25934618822134, 176.0], "40": [835.3306452, 337.4035484, 124.0], "41": [809.605685120076, 334.7172747205134, 144.0], "42": [820.2318995231999, 335.425689014055, 116.0], "43": [825.6526190000001, 340.54357139999996, 168.0], "44": [784.8111848461207, 339.6761747753045, 280.0], "45": [755.0151852000001, 376.3353704, 216.0], "46": [791.8953277815365, 375.80530374592524, 184.0], "47": [789.0616706073702, 305.67228868530844, 188.0], "48": [757.1830273979989, 304.2554600982253, 120.0], "49": [731.3215625, 229.455625, 128.0], "50": [691.3004980986316, 231.9972021569838, 132.0], "51": [691.3004980986316, 227.7467163957342, 128.0], "52": [735.2221842982099, 339.6761747753045, 240.0], "53": [771.2055556, 414.7572222, 144.0], "54": [769.422963, 416.38259260000007, 108.0], "55": [839.3590854488225, 449.48039027425, 264.0], "56": [835.8170139811148, 377.2221323330084, 160.0], "57": [840.0674997423641, 374.3884751588421, 108.0], "58": [759.3082702786237, 412.6428470100877, 184.0], "59": [799.687885010494, 519.6134053348668, 152.0], "60": [801.7067742, 516.3367741999999, 124.0], "61": [986.709258505472, 522.4470625090332, 128.0], "62": [973.9578012217235, 521.03023392195, 132.0], "63": [1023.5468017696344, 523.1554768025748, 188.0], "64": [1132.6426029750382, 522.4470625090332, 152.0], "65": [1083.0536024271275, 521.7386482154916, 232.0], "66": [1004.4196158440116, 304.2554600982253, 160.0], "67": [1004.4196158440116, 302.8386315111421, 176.0], "68": [1114.744516, 595.7932258, 124.0], "69": [1092.2697779999999, 522.328, 180.0], "70": [722.4707270144613, 231.9972021569838, 192.0], "71": [1098.6387168850422, 520.3218196284084, 268.0], "72": [1047.220357, 520.4135714, 112.0], "73": [1026.1782349999999, 516.8302941000001, 136.0], "74": [985.0189796, 522.5283673, 196.0], "75": [939.245500838186, 520.3218196284084, 160.0], "76": [1140.7608109999999, 556.9735135, 148.0], "77": [834.0689286, 556.1010714, 112.0], "78": [832.9833568069484, 556.4509485990292, 144.0], "79": [830.3472414, 594.5913793, 116.0], "80": [837.2578788, 590.3654544999999, 132.0], "81": [1208.677833, 590.5728333, 240.0], "82": [1051.8833735112978, 596.1221490373579, 320.0], "83": [1023.9769640000001, 596.5541071, 224.0], "84": [1123.8639289999999, 595.0, 112.0], "85": [1214.7254289999998, 595.0, 140.0], "86": [1217.920909, 595.0, 132.0], "87": [1026.3804589438007, 631.5428637144371, 124.0], "88": [949.8681081, 631.0, 148.0], "89": [860.6115142550702, 339.6761747753045, 112.0], "90": [778.2502174, 516.9121739, 184.0], "91": [801.1047135975771, 517.488162454242, 156.0], "92": [1143.268817378162, 591.8716632761084, 120.0], "93": [984.6378377999998, 631.0, 148.0], "94": [1013.6290016600522, 664.1299212173499, 104.0], "95": [909.0309677000001, 666.1625806, 124.0], "96": [806.6275439, 671.1935087999999, 228.0], "97": [878.8622449, 668.0, 196.0], "98": [1154.2942859999998, 668.0, 140.0], "99": [1153.0565960000001, 668.0, 188.0], "100": [901.2413332999998, 704.0, 240.0], "101": [855.6019149, 704.0, 188.0], "102": [881.839403, 704.0, 268.0], "103": [888.1726923, 704.0, 104.0], "104": [893.3826471000001, 704.0, 136.0], "105": [911.6173433900642, 698.1338073073459, 108.0], "106": [1083.762016720669, 775.3509653033786, 268.0], "107": [929.1026786, 772.4953571000001, 224.0], "108": [931.8732353, 741.0, 136.0], "109": [931.8732353, 741.0, 136.0], "110": [900.0289654999999, 706.4558621, 116.0], "111": [894.2865957, 700.8174468, 188.0], "112": [897.3057692, 698.2790385, 208.0], "113": [895.2084615, 696.2973077, 104.0], "114": [896.4698332999999, 702.6621667000001, 240.0], "115": [915.1594148577722, 703.8011216556786, 220.0], "116": [913.7925, 708.6777272999999, 176.0], "117": [846.3782927000001, 772.4168292999999, 164.0], "118": [892.6833332999998, 743.2761538, 156.0], "119": [892.6833332999998, 743.2761538, 156.0], "120": [869.8730768999999, 743.3195385, 260.0], "121": [909.9995522, 777.1897015, 268.0], "122": [904.3935, 707.6218332999999, 240.0], "123": [991.9535802000001, 741.0, 324.0], "124": [970.49425, 741.0, 160.0], "125": [898.9888636, 741.0, 176.0], "126": [900.8721052999999, 741.0, 152.0], "127": [1035.367636, 775.6770909, 220.0], "128": [1017.8794874213017, 776.0593795969202, 108.0], "129": [1015.0458302471354, 775.3509653033786, 240.0], "130": [1122.9460869999998, 741.0, 276.0], "131": [1214.896333, 741.0, 120.0], "132": [1215.334474, 741.0, 152.0], "133": [1098.779452, 738.0534247, 292.0], "134": [1103.212273, 663.2918182, 176.0], "135": [1105.0144455269165, 667.6719926850578, 116.0]}