{"1" : [919.0, 444.1, 19.812449970694523], "3" : [1002.7, 443.1, 113.81244997069452], "5" : [1005.1, 445.0, 164.81244997069453], "7" : [1000.6, 466.4, 194.81244997069453], "9" : [1001.8, 459.4, 24.812449970694523], "11" : [986.0, 526.9, 245.81244997069453], "13" : [986.8, 526.4, 22.812449970694523], "15" : [896.2, 449.9, 223.81244997069453], "17" : [893.1, 452.6, 15.812449970694521], "19" : [826.6, 449.4, 224.81244997069453], "21" : [830.2, 451.9, 34.81244997069452], "23" : [673.5, 444.5, 147.81244997069453], "25" : [671.0, 450.4, 180.81244997069453], "27" : [889.5, 480.2, 204.81244997069453], "29" : [891.2, 477.1, 22.812449970694523], "31" : [982.3, 458.0, 182.81244997069453], "33" : [982.9, 458.2, 25.812449970694523], "35" : [862.4, 451.8, 94.81244997069452], "37" : [960.0, 551.1, 546.8124499706945], "39" : [963.9, 554.4, 35.81244997069452], "41" : [768.8, 407.8, 129.81244997069453], "43" : [764.2, 405.6, 25.812449970694523], "45" : [611.8, 403.0, 203.81244997069453], "47" : [618.7, 403.0, 16.812449970694523], "49" : [686.0, 402.4, 197.81244997069453], "51" : [686.9, 404.0, 16.812449970694523], "53" : [758.1, 405.9, 233.81244997069453], "55" : [759.7, 411.2, 15.812449970694521], "57" : [833.3, 407.4, 176.81244997069453], "59" : [836.3, 406.7, 17.812449970694523], "61" : [899.9, 402.0, 202.81244997069453], "63" : [896.4, 404.3, 28.812449970694523], "65" : [1053.0, 405.8, 241.81244997069453], "67" : [1059.6, 408.8, 25.812449970694523]}