{"1": [19.3, 383.7, 186.0], "2": [95.36100027397936, 382.19398915555377, 181.0], "3": [187.72580471855633, 384.48024669131064, 218.0], "4": [253.11277024120238, 382.65124066270516, 200.0], "5": [231.62194940508795, 380.8222346340997, 283.0], "6": [140.6, 383.9, 274.0], "7": [237.10896749090443, 378.99322860549415, 169.0], "8": [337.70429906420605, 383.56574367700784, 304.0], "9": [439.21413365181047, 379.9077316197969, 402.0], "10": [360.5668744217746, 381.279486141251, 179.0], "11": [422.2958278872097, 380.36498312694823, 201.0], "12": [530.6644350820847, 380.8222346340997, 202.0], "13": [493.2, 383.1, 218.0], "14": [586.4491189545519, 383.56574367700784, 182.0], "15": [681.1001809348858, 383.56574367700784, 185.0]}