{"1": [38.02270695662125, 381.56637768110045, 143.0], "2": [158.10514243438166, 382.58690829422596, 195.0], "3": [242.80918332379338, 384.62796952047677, 169.0], "4": [308.80349630590536, 382.58690829422596, 170.0], "5": [368.67462560926464, 382.2467314231841, 232.0], "6": [299.95889765881816, 383.9476157783932, 211.0], "7": [260.4983806179677, 383.26726203630955, 206.0], "8": [360.5103807042611, 382.9270851652677, 156.0]}