{"1" : [1020.2, 636.8, 69.3068079902223], "3" : [1022.5, 626.0, 19.3068079902223], "5" : [986.7, 589.8, 332.3068079902223], "7" : [975.7, 597.7, 25.3068079902223], "9" : [967.8, 499.0, 179.3068079902223], "11" : [970.9, 496.5, 15.3068079902223], "13" : [1010.4, 486.9, 397.3068079902223], "15" : [1012.6, 493.5, 24.3068079902223], "17" : [975.7, 500.1, 609.3068079902223], "19" : [988.6, 495.2, 22.3068079902223], "21" : [1047.7, 490.7, 83.3068079902223], "23" : [956.8, 538.0, 537.3068079902223], "25" : [942.8, 527.4, 20.3068079902223], "27" : [918.1, 450.3, 86.3068079902223], "29" : [917.7, 449.8, 45.306807990222296], "31" : [452.3, 343.6, 146.3068079902223], "33" : [455.0, 345.5, 20.3068079902223], "35" : [390.6, 368.2, 294.3068079902223], "37" : [388.8, 371.4, 33.306807990222296], "39" : [558.5, 370.2, 234.3068079902223], "41" : [559.0, 366.9, 28.3068079902223], "43" : [721.7, 353.0, 324.3068079902223], "45" : [719.0, 349.5, 24.3068079902223], "47" : [832.6, 351.8, 155.3068079902223], "49" : [832.1, 350.4, 33.306807990222296], "51" : [941.4, 358.0, 144.3068079902223], "53" : [941.9, 361.6, 26.3068079902223], "55" : [1081.8, 368.5, 255.30680799022232], "57" : [1082.0, 371.2, 26.3068079902223], "59" : [1237.3, 384.8, 278.3068079902223], "61" : [1235.5, 386.1, 26.3068079902223], "63" : [1348.8, 397.6, 274.3068079902223], "65" : [1346.0, 398.2, 24.3068079902223], "67" : [1451.1, 394.2, 232.3068079902223], "69" : [1449.2, 393.6, 18.3068079902223], "71" : [1504.1, 394.3, 111.3068079902223], "73" : [1504.4, 391.4, 62.306807990222296], "75" : [984.4, 471.6, 175.3068079902223], "77" : [977.8, 476.1, 18.3068079902223], "79" : [969.0, 503.9, 148.3068079902223], "81" : [968.5, 507.0, 22.3068079902223], "83" : [965.3, 582.2, 179.3068079902223], "85" : [964.9, 589.7, 17.3068079902223], "87" : [970.7, 628.8, 204.3068079902223], "89" : [973.7, 632.6, 19.3068079902223], "91" : [954.0, 644.8, 349.3068079902223], "93" : [954.0, 646.5, 20.3068079902223]}