{"1" : [939.6, 693.7, 20.79521389716248], "3" : [1030.4, 690.6, 220.79521389716248], "5" : [1032.0, 688.4, 34.79521389716248], "7" : [849.2, 692.1, 188.79521389716248], "9" : [852.6, 689.8, 503.7952138971624], "11" : [962.3, 536.8, 83.79521389716248], "13" : [961.5, 549.6, 48.79521389716248], "15" : [959.0, 561.4, 34.79521389716248], "17" : [960.4, 549.3, 281.79521389716245], "19" : [958.8, 544.0, 26.79521389716248], "21" : [904.3, 389.4, 192.79521389716248], "23" : [906.3, 387.8, 22.79521389716248], "25" : [1010.0, 388.0, 203.79521389716248], "27" : [1010.2, 386.6, 18.79521389716248], "29" : [1077.4, 392.8, 177.79521389716248], "31" : [1080.9, 386.1, 33.79521389716248], "33" : [971.9, 466.3, 386.79521389716245], "35" : [985.3, 464.0, 15.795213897162482], "37" : [969.7, 517.3, 272.79521389716245], "39" : [968.6, 520.4, 22.79521389716248], "41" : [976.0, 613.0, 355.79521389716245], "43" : [975.9, 602.0, 30.79521389716248], "45" : [980.9, 444.2, 572.7952138971625], "47" : [971.7, 438.2, 29.79521389716248], "49" : [981.9, 610.2, 83.79521389716248], "51" : [982.9, 607.1, 18.79521389716248], "53" : [984.2, 526.2, 457.79521389716245], "55" : [985.2, 525.9, 29.79521389716248]}