{"1" : [929.5, 490.1, 23.3068079902223], "3" : [957.8, 474.0, 985.3068079902223], "5" : [972.0, 461.1, 14.3068079902223], "7" : [987.5, 447.8, 841.3068079902223], "9" : [989.9, 450.3, 26.3068079902223], "11" : [833.8, 421.5, 164.3068079902223], "13" : [831.6, 419.6, 31.3068079902223], "15" : [963.8, 526.4, 561.3068079902223], "17" : [963.5, 521.9, 23.3068079902223], "19" : [1078.5, 517.8, 117.3068079902223], "21" : [1077.6, 520.9, 57.306807990222296], "23" : [522.9, 506.9, 140.3068079902223], "25" : [523.0, 510.6, 21.3068079902223], "27" : [410.1, 521.7, 200.3068079902223], "29" : [408.2, 521.6, 21.3068079902223], "31" : [470.5, 525.3, 178.3068079902223], "33" : [466.8, 528.1, 13.3068079902223], "35" : [412.0, 527.7, 343.3068079902223], "37" : [396.4, 530.6, 19.3068079902223], "39" : [454.4, 530.5, 126.30680799022228], "41" : [454.6, 539.3, 154.3068079902223], "43" : [477.8, 527.4, 294.3068079902223], "45" : [483.7, 529.8, 24.3068079902223], "47" : [572.3, 534.3, 120.3068079902223], "49" : [563.9, 540.3, 143.3068079902223], "51" : [629.4, 541.6, 295.3068079902223], "53" : [635.8, 548.7, 20.3068079902223], "55" : [566.7, 559.1, 262.3068079902223], "57" : [561.4, 559.0, 22.3068079902223], "59" : [663.1, 557.2, 176.3068079902223], "61" : [661.0, 552.3, 21.3068079902223], "63" : [749.5, 553.7, 393.3068079902223], "65" : [748.2, 552.5, 21.3068079902223], "67" : [638.9, 533.7, 197.3068079902223], "69" : [640.4, 531.2, 18.3068079902223], "71" : [574.4, 530.6, 280.3068079902223], "73" : [568.3, 531.4, 22.3068079902223], "75" : [645.9, 530.1, 196.3068079902223], "77" : [643.7, 536.4, 154.3068079902223], "79" : [744.6, 522.6, 209.3068079902223], "81" : [741.9, 525.6, 26.3068079902223], "83" : [901.8, 539.6, 165.3068079902223], "85" : [899.4, 540.2, 25.3068079902223], "87" : [1010.0, 541.8, 329.3068079902223], "89" : [1012.6, 546.9, 35.306807990222296], "91" : [1213.9, 558.0, 214.3068079902223], "93" : [1208.8, 559.1, 20.3068079902223]}