{"1" : [641.6403737795179, 62.38136512980779, 161.0], "3" : [711.4825517005437, 34.58657381697058, 149.0], "5" : [608.7713556345446, 68.48073092020209, 192.0], "7" : [608.7713556345446, 68.48073092020209, 192.0], "9" : [694.5690879306327, 72.06424453476876, 165.0], "11" : [694.5690879306327, 72.06424453476876, 165.0], "13" : [784.7058847542067, 80.35764788689335, 85.0], "15" : [873.6376632989695, 72.03896362653798, 154.0], "17" : [953.2010593459337, 65.01322928504779, 189.0], "19" : [997.0296856832417, 68.43854370973791, 192.0], "21" : [1021.4014103442267, 66.69249171716861, 213.0], "23" : [858.3260666116662, 81.16635132375784, 211.0], "25" : [799.1068955895985, 86.88275889536477, 203.0], "27" : [928.8954544864386, 74.79375262837353, 176.0], "29" : [993.9964055042293, 70.01384446960141, 195.0], "31" : [962.6780606562479, 68.57806216404715, 196.0], "33" : [894.6969256074291, 76.50500404466888, 260.0], "35" : [679.5735720871278, 71.19785838210564, 140.0], "37" : [622.9051715383728, 75.49540662644812, 174.0], "39" : [740.1189375106753, 74.9082872950071, 169.0], "41" : [834.9923474357192, 74.60306311352332, 196.0], "43" : [808.6516695373847, 76.26000640590895, 60.0], "45" : [905.2550267540388, 73.35185372497116, 189.0], "47" : [981.617523958877, 69.84536059796709, 194.0], "49" : [1048.2743889465428, 64.26219596960509, 82.0], "51" : [1048.2743889465428, 64.26219596960509, 82.0], "53" : [1116.9973226044115, 65.9387988789128, 299.0], "55" : [764.5419135152298, 125.55588290747941, 136.0], "57" : [764.5419135152298, 125.55588290747941, 136.0], "59" : [734.0049041006145, 109.9088297703681, 102.0], "61" : [857.4561637104651, 113.94315247492881, 146.0], "63" : [860.1061865044676, 117.8618574324021, 97.0], "65" : [909.1327281832051, 104.63939262533475, 165.0], "67" : [972.5076887570615, 102.45384424858142, 182.0], "69" : [972.5076887570615, 102.45384424858142, 182.0], "71" : [635.6736847081366, 136.84210319048955, 114.0], "73" : [580.4283444614138, 148.24960687422887, 127.0], "75" : [577.3257166739347, 153.21000036561128, 70.0], "77" : [703.2344518419568, 151.3248821891868, 209.0], "79" : [770.3790250462648, 152.29775255811623, 267.0], "81" : [881.4813711206083, 149.75784484788423, 204.0], "83" : [971.546788463433, 142.61834482999353, 109.0], "85" : [971.4246329485474, 145.57970828328482, 69.0], "87" : [1055.4306210233844, 142.920571629207, 209.0], "89" : [1081.1210504178134, 144.15920720634873, 76.0], "91" : [644.45973942493, 194.42857332495913, 77.0], "93" : [645.6607146516825, 191.75982223993324, 112.0], "95" : [753.011109832368, 191.54012206394438, 162.0], "97" : [753.011109832368, 191.54012206394438, 162.0], "99" : [827.72901390467, 193.30247026459213, 162.0], "101" : [951.9282473382614, 179.83898127103487, 177.0], "103" : [899.4882051080707, 186.31692430649056, 195.0], "105" : [1016.0584012294966, 176.9378173076384, 238.0], "107" : [627.1873999554672, 253.7503953227553, 127.0], "109" : [627.1873999554672, 253.7503953227553, 127.0], "111" : [627.4701027192726, 253.02061969690922, 97.0], "113" : [627.4701027192726, 253.02061969690922, 97.0], "115" : [612.7338497300624, 248.89641205882646, 195.0], "117" : [700.9803110802543, 248.49378470510638, 193.0], "119" : [761.4358887689398, 252.7717703317649, 209.0], "121" : [761.4358887689398, 252.7717703317649, 209.0], "123" : [859.4847077190997, 251.5011792107699, 170.0], "125" : [929.301082118628, 249.02000131465826, 185.0], "127" : [1033.4784979139179, 238.4500024902994, 200.0], "129" : [603.4469742359902, 275.2316303062749, 215.0], "131" : [697.0651008732932, 280.51140855742426, 149.0], "133" : [819.8651605972412, 280.0296745687163, 155.0], "135" : [944.7966226608628, 275.2004238075986, 237.0], "137" : [994.1456970040509, 268.26881989491153, 186.0], "139" : [1052.4551425515374, 264.19812815197156, 214.0], "141" : [1052.4551425515374, 264.19812815197156, 214.0], "143" : [570.3753330081868, 311.26399654297427, 150.0], "145" : [572.4884370627349, 316.1156467521817, 294.0], "147" : [625.762026955508, 311.1683524996978, 158.0], "149" : [685.0793101179462, 308.7045966905869, 174.0], "151" : [685.0793101179462, 308.7045966905869, 174.0], "153" : [776.2809499646438, 309.6047597220268, 168.0], "155" : [869.1750004943153, 311.379251870071, 188.0], "157" : [869.1750004943153, 311.379251870071, 188.0], "159" : [949.4648472165849, 300.5698032430984, 202.0], "161" : [1041.8901033264974, 299.5552141538922, 192.0], "163" : [1041.8901033264974, 299.5552141538922, 192.0], "165" : [1111.9527261367648, 302.9909077319563, 55.0], "167" : [1112.3082546723535, 302.29357817038874, 109.0], "169" : [688.2922348345638, 341.6339767433875, 206.0], "171" : [781.0017847732577, 335.4577367186763, 168.0], "173" : [869.0012207243274, 329.12113870528543, 246.0], "175" : [869.0012207243274, 329.12113870528543, 246.0], "177" : [869.0012207243274, 329.12113870528543, 246.0], "179" : [869.0012207243274, 329.12113870528543, 246.0], "181" : [973.5396034638067, 323.1415838207917, 101.0], "183" : [973.5396034638067, 323.1415838207917, 101.0], "185" : [567.1911790755139, 395.23676663371043, 68.0], "187" : [635.9969028534618, 398.09267727618936, 355.0], "189" : [652.5964261673598, 398.3196431041297, 56.0], "191" : [720.4045769036916, 390.89577493062245, 284.0], "193" : [711.5662369348992, 390.6454514007844, 77.0], "195" : [847.3686751573239, 392.5526113882045, 249.0], "197" : [920.1062133714447, 392.4457619107407, 177.0], "199" : [1032.8830166612115, 389.40125953178176, 159.0], "201" : [1032.8830166612115, 389.40125953178176, 159.0], "203" : [957.9838998197938, 393.2050855660019, 236.0], "205" : [1020.4134601115926, 394.64759741699754, 208.0], "207" : [1086.517964651109, 395.802993981285, 167.0], "209" : [630.6405415701494, 453.1833326476601, 222.0], "211" : [613.9132393446116, 453.3926458724934, 136.0], "213" : [743.083091012145, 449.3212561457151, 207.0], "215" : [803.3134837692048, 447.08764125506707, 89.0], "217" : [900.0347634732188, 436.5623791186159, 210.0], "219" : [997.5841013413082, 432.4435902667397, 195.0], "221" : [1035.6461554024377, 431.3984601628532, 130.0], "223" : [1035.6461554024377, 431.3984601628532, 130.0], "225" : [1035.6461554024377, 431.3984601628532, 130.0], "227" : [609.0347508677172, 482.0453878375966, 141.0], "229" : [686.3887973285176, 478.8724149179081, 232.0], "231" : [755.104695112461, 472.7507036967527, 213.0], "233" : [832.3145839734898, 460.25625024362466, 240.0], "235" : [832.3145839734898, 460.25625024362466, 240.0], "237" : [832.3145839734898, 460.25625024362466, 240.0], "239" : [883.5595959329489, 459.99090885170057, 198.0], "241" : [883.5595959329489, 459.99090885170057, 198.0], "243" : [932.2180378446632, 461.7133323874609, 255.0], "245" : [932.2180378446632, 461.7133323874609, 255.0], "247" : [982.4376060879991, 462.9452987725991, 234.0], "249" : [982.4376060879991, 462.9452987725991, 234.0], "251" : [1054.7549129834053, 459.0271680048862, 173.0], "253" : [1054.7549129834053, 459.0271680048862, 173.0], "255" : [641.3633920241151, 498.8321419141336, 224.0], "257" : [641.3633920241151, 498.8321419141336, 224.0], "259" : [714.1954604631183, 501.04432019093326, 176.0], "261" : [818.0984147153159, 500.2380968393998, 189.0], "263" : [818.0984147153159, 500.2380968393998, 189.0], "265" : [905.5813201426579, 492.62417667898313, 182.0], "267" : [905.5813201426579, 492.62417667898313, 182.0], "269" : [905.5813201426579, 492.62417667898313, 182.0], "271" : [969.4964985454317, 498.844000018139, 200.0], "273" : [969.4964985454317, 498.844000018139, 200.0], "275" : [1011.6766244333892, 499.047186272319, 231.0], "277" : [1032.1006021667188, 499.75723069845833, 166.0], "279" : [611.7261087766378, 585.6305410031717, 203.0], "281" : [697.5005778327801, 583.2248561503836, 173.0], "283" : [668.5181793442607, 580.9201292987021, 154.0], "285" : [724.1025478697767, 576.9571430978572, 196.0], "287" : [874.4507850744427, 572.6567359270457, 319.0], "289" : [976.6664080064726, 572.3511684450447, 256.0],