{"1" : [853.258443096575, 61.972725150848596, 77.0], "3" : [853.258443096575, 61.972725150848596, 77.0], "5" : [849.6714249729947, 36.250931199600004, 161.0], "7" : [986.8568193542054, 27.33681650331422, 220.0], "9" : [900.9410266058902, 31.983332686425168, 156.0], "11" : [1046.1006505001978, 26.441831085969746, 153.0], "13" : [791.0959000404972, 85.48959071792491, 317.0], "15" : [934.6733710435068, 81.04891179032205, 184.0], "17" : [903.3341724207493, 82.91105345810617, 199.0], "19" : [959.3457139950659, 81.3771436518577, 105.0], "21" : [647.7442650491259, 132.65573533025852, 122.0], "23" : [647.0925964064211, 142.34592311208942, 135.0], "25" : [758.9845309329075, 121.85193571434607, 181.0], "27" : [680.1850551898277, 134.47961630452915, 368.0], "29" : [816.349769344701, 136.91290320152393, 217.0], "31" : [816.349769344701, 136.91290320152393, 217.0], "33" : [783.6621584382201, 141.92702184424886, 74.0], "35" : [784.7843131942075, 142.62744586634932, 102.0], "37" : [928.0682831677433, 130.67841286287657, 454.0], "39" : [928.0682831677433, 130.67841286287657, 454.0], "41" : [1072.2930652000746, 128.58217829347322, 101.0], "43" : [768.3659430233622, 174.2173919586894, 138.0], "45" : [762.2181821548687, 180.1441523577838, 77.0], "47" : [684.8176814258172, 183.79834516695058, 181.0], "49" : [800.5698003466666, 182.85215922591428, 255.0], "51" : [879.0459506478213, 176.40676434650462, 296.0], "53" : [1047.4885405757705, 158.39896104108038, 192.0], "55" : [1047.4885405757705, 158.39896104108038, 192.0], "57" : [1032.8280400208296, 158.88677505465137, 189.0], "59" : [1032.8280400208296, 158.88677505465137, 189.0], "61" : [725.5928126609936, 242.20838257697923, 167.0], "63" : [725.5928126609936, 242.20838257697923, 167.0], "65" : [658.1655775353615, 246.76956575961606, 276.0], "67" : [792.7956965406578, 230.66507217013822, 209.0], "69" : [798.9413772082069, 238.8844839689803, 58.0], "71" : [922.2554647125972, 238.74736772307403, 247.0], "73" : [1037.5177962171858, 225.7377113765244, 236.0], "75" : [680.6995592743018, 283.23716706638777, 226.0], "77" : [680.6995592743018, 283.23716706638777, 226.0], "79" : [714.0220359709378, 284.42937746841363, 177.0], "81" : [826.9309928161202, 282.21528582426583, 242.0], "83" : [862.5789146806803, 284.0915651208441, 166.0], "85" : [1007.9556761123551, 275.67891981143475, 185.0], "87" : [979.3080395691835, 281.29296223772843, 199.0], "89" : [612.4395266123423, 309.94904643770127, 210.0], "91" : [654.6229357456562, 312.6559607855922, 109.0], "93" : [732.5112050322695, 295.70517464971954, 116.0], "95" : [732.5112050322695, 295.70517464971954, 116.0], "97" : [837.2782424379858, 308.98660992594307, 239.0], "99" : [932.1458356921237, 308.15208083181625, 96.0], "101" : [935.2841289809611, 306.18253957145134, 63.0], "103" : [887.5603158056736, 311.7452371379129, 252.0], "105" : [911.6885728608647, 313.3428586745214, 175.0], "107" : [1053.9320241967941, 299.514804899635, 331.0], "109" : [1053.9320241967941, 299.514804899635, 331.0], "111" : [1053.9320241967941, 299.514804899635, 331.0], "113" : [738.5924670603285, 338.7773908099598, 345.0], "115" : [926.8189008168698, 333.58292917002177, 164.0], "117" : [926.8189008168698, 333.58292917002177, 164.0], "119" : [863.4222221827073, 344.53690577958355, 252.0], "121" : [662.8000031137252, 392.5836973614352, 92.0], "123" : [622.4274324810619, 392.3539818623612, 113.0], "125" : [622.4274324810619, 392.3539818623612, 113.0], "127" : [622.930643279238, 390.48225510031295, 62.0], "129" : [622.930643279238, 390.48225510031295, 62.0], "131" : [716.2692307004485, 396.2280539738456, 221.0], "133" : [604.3919060994334, 392.8635843029361, 173.0], "135" : [702.5699120289011, 405.1420330506742, 226.0], "137" : [702.5699120289011, 405.1420330506742, 226.0], "139" : [787.269063414807, 406.539571013685, 139.0], "141" : [892.6957480856389, 409.99531797354854, 235.0], "143" : [973.5883970942193, 403.99613213594046, 181.0], "145" : [1082.3791648992628, 390.9714263046644, 168.0], "147" : [739.0494747640354, 428.0652655176649, 190.0], "149" : [739.0494747640354, 428.0652655176649, 190.0], "151" : [636.3235311103008, 430.3816185708376, 136.0], "153" : [636.3235311103008, 430.3816185708376, 136.0], "155" : [830.4731345878955, 424.354480613326, 134.0], "157" : [830.4731345878955, 424.354480613326, 134.0], "159" : [830.4731345878955, 424.354480613326, 134.0], "161" : [833.5323082168983, 425.3769266109158, 65.0], "163" : [833.5323082168983, 425.3769266109158, 65.0], "165" : [767.3875745816301, 425.8610213467365, 177.0], "167" : [767.3875745816301, 425.8610213467365, 177.0], "169" : [1005.4881966158964, 428.8311491428376, 305.0], "171" : [1005.4881966158964, 428.8311491428376, 305.0], "173" : [1005.4881966158964, 428.8311491428376, 305.0], "175" : [1034.1938134849354, 429.21133861566267, 97.0], "177" : [1034.1938134849354, 429.21133861566267, 97.0], "179" : [1034.1938134849354, 429.21133861566267, 97.0], "181" : [1036.2123171124545, 433.6695675395624, 138.0], "183" : [883.9333316208681, 465.1043152611561, 162.0], "185" : [883.9333316208681, 465.1043152611561, 162.0], "187" : [678.4470316912215, 470.11837622089354, 185.0], "189" : [633.7418419156901, 469.38912149896885, 239.0], "191" : [790.1599996601343, 472.8841832969934, 215.0], "193" : [836.9016213045468, 475.5870341436296, 185.0], "195" : [909.3712513743749, 478.4831275180206, 160.0], "197" : [909.3712513743749, 478.4831275180206, 160.0], "199" : [998.5189060897474, 480.2857151664815, 238.0], "201" : [1055.2409926284083, 470.2403716116132, 161.0], "203" : [1061.4133378804884, 473.3799996343871, 75.0], "205" : [685.0438839690237, 481.81151090749273, 139.0], "207" : [686.2440878924643, 487.0118285549215, 93.0], "209" : [797.6014612738055, 491.84926890544097, 274.0], "211" : [797.6014612738055, 491.84926890544097, 274.0], "213" : [848.8437522879823, 501.6715922849321, 176.0], "215" : [987.5500001501562, 500.887721781502, 228.0], "217" : [987.5500001501562, 500.887721781502, 228.0], "219" : [959.557754183135, 504.64385146219865, 187.0], "221" : [941.4762998008077, 579.9953759980474, 173.0], "223" : [709.3291708295886, 559.4802104462409, 192.0], "225" : [709.3291708295886, 559.4802104462409, 192.0], "227" : [629.1075474223076, 558.4000021154228, 53.0], "229" : [629.1807083061619, 560.7192908957979, 197.0], "231" : [646.8121415415903, 559.6439315776662, 346.0], "233" : [620.9834355593438, 559.9435593911257, 163.0], "235" : [749.1500020036455, 568.4876516283135, 162.0], "237" : [910.4330017381479, 555.792001070383, 100.0], "239" : [876.8509075214955, 557.673637886648, 220.0], "241" : [959.0810335084116, 567.2419553605997, 174.0], "243" : [1098.2647748341446, 566.0749986799342, 264.0], "245" : [702.9933329547986, 601.0994890763097, 195.0], "247" : [765.9369549493068, 597.4273089246693, 249.0], "249" : [765.9369549493068, 597.4273089246693, 249.0], "251" : [837.7144412294766, 599.8094436678814, 180.0], "253" : [1005.7733353150646, 595.5495242365594, 105.0], "255" : [1005.7733353150646, 595.5495242365594, 105.0], "257" : [1006.1204556963049, 602.2454578271143, 88.0], "259" : [637.9583359599757, 623.8083346207821, 84.0], "261" : [637.9583359599757, 623.8083346207821, 84.0], "263" : [640.4491273117297, 626.5880314593722, 401.0], "265" : [640.4491273117297, 626.5880314593722, 401.0], "267" : [777.99692837793, 631.4513156833431, 228.0], "269" : [930.8111496547702, 634.0013940742726, 287.0], "271" : [880.8060374375333, 635.1801732032742, 232.0], "273" : [1086.6582606111217, 638.6878267633372, 230.0], "275" : [1108.0833328453014, 639.8393947768973, 132.0], "277" : [812.4809332298095, 661.0716114471617, 236.0], "279" : [812.4809332298095, 661.0716114471617, 236.0], "281" : [812.4809332298095, 661.0716114471617, 236.0], "283" : [717.6105263269667, 661.9117430642076, 247.0], "285" : [717.6105263269667, 661.9117430642076, 247.0], "287" : [979.2461544578996, 659.3684612083115, 130.0], "289" : [979.2461544578996, 659.3684612083115, 130.0],