{"1" : [774.3282603186605, 124.68913107690462, 92.0], "3" : [711.6761945956896, 25.930157017592144, 63.0], "5" : [711.9757364965393, 33.26176272924481, 136.0], "7" : [883.8271183297875, 14.308472975223056, 118.0], "9" : [885.6333351959056, 14.437166334184152, 261.0], "11" : [1003.154544756227, 13.671291552275866, 209.0], "13" : [1050.4388089555187, 28.07313350021387, 134.0], "15" : [1019.5540095296822, 32.65186844723965, 187.0], "17" : [1019.5540095296822, 32.65186844723965, 187.0], "19" : [633.8530878597624, 89.04074273947222, 81.0], "21" : [636.920001732773, 79.96841989850671, 95.0], "23" : [746.9258412897349, 97.9146065558671, 89.0], "25" : [746.9258412897349, 97.9146065558671, 89.0], "27" : [746.9258412897349, 97.9146065558671, 89.0], "29" : [746.1984350805262, 102.26875056969067, 64.0], "31" : [746.1984350805262, 102.26875056969067, 64.0], "33" : [746.1984350805262, 102.26875056969067, 64.0], "35" : [824.1082408318994, 103.91572878558817, 267.0], "37" : [888.4699379384818, 100.63496854466221, 163.0], "39" : [888.4699379384818, 100.63496854466221, 163.0], "41" : [982.5234444120358, 100.02583726369537, 209.0], "43" : [982.5234444120358, 100.02583726369537, 209.0], "45" : [832.455556606807, 106.61111194747546, 207.0], "47" : [810.6381495089199, 107.58439454558587, 173.0], "49" : [960.1719569275044, 90.99704895900355, 271.0], "51" : [1075.16641295595, 100.07938993150877, 131.0], "53" : [738.2488912081627, 134.3859257816214, 135.0], "55" : [738.2488912081627, 134.3859257816214, 135.0], "57" : [743.6283296335047, 138.75416278347856, 120.0], "59" : [743.6283296335047, 138.75416278347856, 120.0], "61" : [874.6764188223423, 138.21702879349453, 229.0], "63" : [874.6764188223423, 138.21702879349453, 229.0], "65" : [822.6016698723478, 140.17582994389946, 240.0], "67" : [822.6016698723478, 140.17582994389946, 240.0], "69" : [894.9627924564262, 144.65426224265957, 387.0], "71" : [656.3111112735861, 125.40769290505415, 117.0], "73" : [731.4711126754426, 132.53925856732707, 135.0], "75" : [731.4711126754426, 132.53925856732707, 135.0], "77" : [737.0492023792083, 143.39041364662862, 313.0], "79" : [835.5768511634175, 142.43333086596755, 216.0], "81" : [900.4537237634538, 153.6664898939956, 188.0], "83" : [946.6019355553545, 149.61899352146762, 258.0], "85" : [1057.2136363366753, 142.59817956485855, 110.0], "87" : [1054.2410223003917, 149.68119819985728, 117.0], "89" : [1000.3574291591434, 158.23333242455786, 249.0], "91" : [1000.3574291591434, 158.23333242455786, 249.0], "93" : [1029.8080928257625, 155.87167594454846, 173.0], "95" : [1094.303571185855, 160.6472207166808, 252.0], "97" : [1092.1914300116462, 163.82285292742412, 70.0], "99" : [710.4342117969437, 198.16052811510883, 152.0], "101" : [710.4342117969437, 198.16052811510883, 152.0], "103" : [679.6805714466415, 200.37485690494142, 175.0], "105" : [805.7541933552129, 195.89161494257883, 155.0], "107" : [886.1003788779271, 189.94847322386892, 262.0], "109" : [1005.2871884031867, 192.8711747460952, 281.0], "111" : [627.2396817567851, 251.45079561127554, 63.0], "113" : [627.2396817567851, 251.45079561127554, 63.0], "115" : [632.4886808522917, 234.1688675284162, 106.0], "117" : [743.885790684048, 229.60491758049199, 183.0], "119" : [888.0582350055691, 242.89646974604887, 170.0], "121" : [888.0582350055691, 242.89646974604887, 170.0], "123" : [886.5090312554174, 246.60120597386086, 166.0], "125" : [886.5090312554174, 246.60120597386086, 166.0], "127" : [936.7301898329088, 248.1169840365613, 212.0], "129" : [1029.5514285052084, 245.93142979009173, 245.0], "131" : [640.6139422456331, 282.6149028954685, 208.0], "133" : [616.8491937449934, 286.75967354637777, 124.0], "135" : [622.5641007707546, 281.97820163791897, 78.0], "137" : [712.2416677259666, 282.4572895499899, 192.0], "139" : [839.4962961677611, 275.65661518810776, 189.0], "141" : [973.0298428638946, 273.7329472143736, 258.0], "143" : [941.2615364906056, 275.90721524823977, 208.0], "145" : [1032.9765923175744, 282.56099052244366, 282.0], "147" : [957.3411775924886, 282.591440646632, 187.0], "149" : [929.1528613226152, 293.83973223523054, 297.0], "151" : [929.1528613226152, 293.83973223523054, 297.0], "153" : [867.3939907241404, 292.1738241690773, 233.0], "155" : [867.3939907241404, 292.1738241690773, 233.0], "157" : [867.3939907241404, 292.1738241690773, 233.0], "159" : [548.5584793862506, 323.6713460764014, 171.0], "161" : [642.9189872611919, 320.7894542550296, 237.0], "163" : [741.863675334732, 319.89530287296805, 234.0], "165" : [826.1179488757352, 319.46410633337797, 273.0], "167" : [901.5033896222848, 324.3115821436418, 354.0], "169" : [901.5033896222848, 324.3115821436418, 354.0], "171" : [901.5033896222848, 324.3115821436418, 354.0], "173" : [850.9948974662583, 324.82550852567766, 98.0], "175" : [850.9948974662583, 324.82550852567766, 98.0], "177" : [1015.3190997497384, 323.97752881690764, 178.0], "179" : [1015.3190997497384, 323.97752881690764, 178.0], "181" : [979.7480626500096, 330.48449399063725, 129.0], "183" : [979.7480626500096, 330.48449399063725, 129.0], "185" : [1122.683272449133, 325.5171029067552, 269.0], "187" : [718.33907327798, 350.729138367751, 151.0], "189" : [888.3187772847117, 353.60742202560084, 229.0], "191" : [967.1123793701503, 360.44619071123515, 210.0], "193" : [614.8076920682646, 394.85538487280667, 65.0], "195" : [614.8076920682646, 394.85538487280667, 65.0], "197" : [624.3659339926268, 392.574725725055, 91.0], "199" : [825.3007831926277, 390.01406164059983, 256.0], "201" : [885.3920326862287, 396.44070957140985, 113.0], "203" : [887.0111065128243, 397.11667002606765, 54.0], "205" : [1021.8370992730943, 404.62580573174677, 62.0], "207" : [1022.9297720495662, 426.75114725165633, 131.0], "209" : [1022.9297720495662, 426.75114725165633, 131.0], "211" : [915.6683951294851, 421.70047066418505, 212.0], "213" : [915.6683951294851, 421.70047066418505, 212.0], "215" : [915.6683951294851, 421.70047066418505, 212.0], "217" : [877.8372692603167, 414.0962745130646, 161.0], "219" : [877.8372692603167, 414.0962745130646, 161.0], "221" : [841.7056835686149, 415.66079655594297, 176.0], "223" : [997.7756294698129, 419.55546337395435, 119.0], "225" : [997.7756294698129, 419.55546337395435, 119.0], "227" : [1070.8139510369629, 410.57069456958646, 215.0], "229" : [665.8866662438345, 432.063330489921, 120.0], "231" : [670.4094594278121, 433.39864923794124, 74.0], "233" : [625.0141241021702, 434.0530531847133, 262.0], "235" : [625.0141241021702, 434.0530531847133, 262.0], "237" : [625.4252763277758, 440.0967012430066, 91.0], "239" : [625.4252763277758, 440.0967012430066, 91.0], "241" : [675.4496126119803, 436.2666657640111, 129.0], "243" : [765.7800039274614, 444.6884586636723, 130.0], "245" : [845.3120613625609, 447.13216221197666, 199.0], "247" : [1000.5357984033249, 457.7342413057835, 257.0], "249" : [1000.5357984033249, 457.7342413057835, 257.0], "251" : [892.4678095872771, 458.4478872452056, 497.0], "253" : [892.4678095872771, 458.4478872452056, 497.0], "255" : [771.2363292852766, 432.47827711719225, 267.0], "257" : [613.8994865246378, 461.7497434333137, 195.0], "259" : [613.8994865246378, 461.7497434333137, 195.0], "261" : [617.4152514991999, 465.4796617329157, 59.0], "263" : [617.4152514991999, 465.4796617329157, 59.0], "265" : [737.0613901558987, 464.7282160294574, 202.0], "267" : [737.0613901558987, 464.7282160294574, 202.0], "269" : [922.6026123818243, 460.0326788915462, 153.0], "271" : [922.6026123818243, 460.0326788915462, 153.0], "273" : [852.695556785919, 469.00222022472667, 135.0], "275" : [793.4528140944985, 470.52510744996323, 231.0], "277" : [957.8821934289642, 470.376707935406, 73.0], "279" : [957.5673918606907, 488.6375006489677, 184.0], "281" : [957.5673918606907, 488.6375006489677, 184.0], "283" : [1039.4605079002974, 481.35859732076375, 157.0], "285" : [694.2500036103993, 498.8233306360136, 60.0], "287" : [694.2500036103993, 498.8233306360136, 60.0], "289" : [699.8752640138534, 502.8978955396099, 190.0],