{"1" : [1607.4, 451.6, 24.904450617403327], "3" : [1451.7, 462.8, 224.90445061740334], "5" : [1449.0, 463.6, 19.904450617403327], "7" : [1340.5, 470.1, 168.90445061740334], "9" : [1335.0, 472.6, 16.904450617403327], "11" : [1271.6, 482.3, 97.90445061740333], "13" : [1271.6, 482.2, 293.9044506174033], "15" : [969.1, 533.4, 271.9044506174033], "17" : [968.8, 541.1, 226.90445061740334], "19" : [970.3, 565.3, 134.90445061740334], "21" : [967.9, 570.6, 56.90445061740333], "23" : [549.4, 486.6, 52.90445061740333], "25" : [551.8, 493.1, 44.90445061740333], "27" : [289.7, 479.6, 153.90445061740334], "29" : [288.5, 483.2, 22.904450617403327], "31" : [202.7, 491.7, 160.90445061740334], "33" : [202.7, 496.5, 40.90445061740333], "35" : [402.9, 490.4, 128.90445061740334], "37" : [403.2, 489.9, 25.904450617403327], "39" : [551.0, 495.6, 104.90445061740333], "41" : [552.6, 494.4, 202.90445061740334], "43" : [768.9, 502.9, 233.90445061740334], "45" : [757.9, 504.8, 46.90445061740333], "47" : [1085.3, 499.4, 197.90445061740334], "49" : [1082.3, 498.0, 22.904450617403327], "51" : [971.4, 505.3, 95.90445061740333], "53" : [966.4, 505.8, 23.904450617403327], "55" : [838.4, 493.2, 171.90445061740334], "57" : [838.0, 492.3, 214.90445061740334], "59" : [850.0, 485.6, 49.90445061740333], "61" : [848.1, 480.5, 21.904450617403327], "63" : [750.2, 497.6, 230.90445061740334], "65" : [750.2, 499.5, 49.90445061740333], "67" : [1094.8, 479.3, 242.90445061740334], "69" : [1094.3, 481.9, 46.90445061740333], "71" : [1381.1, 480.8, 163.90445061740334], "73" : [1378.9, 485.8, 40.90445061740333], "75" : [1204.4, 485.2, 169.90445061740334], "77" : [1206.6, 486.7, 18.904450617403327], "79" : [1269.3, 495.4, 269.9044506174033], "81" : [1267.7, 497.0, 26.904450617403327], "83" : [1431.6, 485.7, 93.90445061740333], "85" : [1431.7, 484.1, 187.90445061740334], "87" : [1604.9, 476.8, 177.90445061740334], "89" : [1601.8, 486.4, 20.904450617403327], "91" : [1689.0, 483.0, 95.90445061740333], "93" : [1689.5, 482.7, 235.90445061740334], "95" : [753.2, 597.6, 200.90445061740334], "97" : [744.7, 578.5, 8.904450617403329]}