{"1" : [1154.7, 437.4, 22.3068079902223], "3" : [1248.0, 444.7, 204.3068079902223], "5" : [1250.1, 444.6, 12.3068079902223], "7" : [1287.0, 444.0, 99.3068079902223], "9" : [1286.4, 442.0, 38.306807990222296], "11" : [982.6, 600.6, 659.3068079902223], "13" : [977.8, 607.6, 18.3068079902223], "15" : [1008.3, 560.6, 254.30680799022232], "17" : [1008.6, 557.3, 11.3068079902223], "19" : [1026.8, 554.1, 152.3068079902223], "21" : [1023.3, 555.6, 22.3068079902223], "23" : [1007.7, 496.7, 266.3068079902223], "25" : [967.6, 545.7, 534.3068079902223], "27" : [976.6, 549.8, 20.3068079902223], "29" : [953.0, 480.0, 146.3068079902223], "31" : [957.8, 487.4, 22.3068079902223], "33" : [912.7, 422.0, 178.3068079902223], "35" : [913.7, 415.8, 24.3068079902223], "37" : [985.7, 497.8, 296.3068079902223], "39" : [987.4, 497.3, 18.3068079902223], "41" : [970.5, 552.3, 234.3068079902223], "43" : [973.5, 552.3, 15.3068079902223], "45" : [983.3, 603.7, 181.3068079902223], "47" : [980.4, 605.6, 8.3068079902223], "49" : [976.5, 624.0, 152.3068079902223], "51" : [980.3, 621.8, 24.3068079902223], "53" : [988.6, 684.9, 293.3068079902223], "55" : [993.7, 685.5, 32.306807990222296], "57" : [936.4, 685.6, 204.3068079902223], "59" : [933.4, 690.2, 52.306807990222296]}