{"1" : [963.4, 531.4, 48.12808793751111], "3" : [964.3, 524.5, 8.128087937511108], "5" : [964.2, 490.1, 495.1280879375111], "7" : [962.1, 489.0, 26.128087937511108], "9" : [799.2, 413.1, 193.1280879375111], "11" : [802.4, 419.6, 16.128087937511108], "13" : [745.2, 427.7, 244.1280879375111], "15" : [751.7, 427.0, 19.128087937511108], "17" : [840.8, 437.0, 348.1280879375111], "19" : [847.8, 434.9, 19.128087937511108], "21" : [944.8, 433.4, 396.1280879375111], "23" : [947.8, 430.9, 19.128087937511108], "25" : [1039.8, 455.1, 258.1280879375111], "27" : [1046.8, 474.6, 19.128087937511108], "29" : [1118.8, 443.0, 464.1280879375111], "31" : [1111.1, 434.6, 175.1280879375111], "33" : [1189.4, 410.0, 252.1280879375111], "35" : [1183.5, 429.8, 20.128087937511108], "37" : [1090.6, 430.2, 197.1280879375111], "39" : [1092.0, 426.3, 23.128087937511108], "41" : [979.1, 503.7, 228.1280879375111], "43" : [976.9, 504.1, 10.128087937511108], "45" : [942.3, 503.4, 87.12808793751111], "47" : [953.4, 496.8, 1010.1280879375109], "49" : [1004.6, 457.5, 197.1280879375111], "51" : [1000.2, 475.9, 18.128087937511108], "53" : [931.4, 478.5, 133.1280879375111]}