{"1" : [752.2155176206736, 247.78793308666454, 58.0], "3" : [756.0347824726259, 60.9173870301751, 69.0], "5" : [656.5511439598405, 87.32824556533514, 131.0], "7" : [589.551330510208, 98.1547554940169, 263.0], "9" : [619.12617027801, 97.7968783016949, 256.0], "11" : [755.5168376348377, 97.38112429900846, 196.0], "13" : [755.5168376348377, 97.38112429900846, 196.0], "15" : [760.8372820278055, 33.00394666250933, 228.0], "17" : [778.9319329516135, 36.90335989130953, 119.0], "19" : [585.792452974329, 91.86981246984003, 106.0], "21" : [565.1485951081958, 98.39638744139016, 249.0], "23" : [657.0986887708464, 94.1836072335509, 305.0], "25" : [657.0986887708464, 94.1836072335509, 305.0], "27" : [774.2451615698244, 96.24926995695728, 341.0], "29" : [774.2451615698244, 96.24926995695728, 341.0], "31" : [774.2451615698244, 96.24926995695728, 341.0], "33" : [842.7349317829812, 99.78801294388718, 292.0], "35" : [842.7349317829812, 99.78801294388718, 292.0], "37" : [842.7349317829812, 99.78801294388718, 292.0], "39" : [967.8423608833224, 100.32132449718674, 347.0], "41" : [967.8423608833224, 100.32132449718674, 347.0], "43" : [967.8423608833224, 100.32132449718674, 347.0], "45" : [989.2293739577473, 98.88968849199715, 320.0], "47" : [989.2293739577473, 98.88968849199715, 320.0], "49" : [955.3217884633684, 97.43854932439008, 179.0], "51" : [955.3217884633684, 97.43854932439008, 179.0], "53" : [710.2230787482121, 119.40833168942588, 312.0], "55" : [815.514706202457, 119.61801502539647, 272.0], "57" : [869.8232996838077, 129.02427092901303, 206.0], "59" : [869.8232996838077, 129.02427092901303, 206.0], "61" : [954.6648495991082, 130.33151333997594, 165.0], "63" : [954.6648495991082, 130.33151333997594, 165.0], "65" : [651.6790308853383, 161.14516091199238, 124.0], "67" : [651.6790308853383, 161.14516091199238, 124.0], "69" : [641.1807236171352, 163.79758750352065, 166.0], "71" : [830.6799101917634, 161.51696179176372, 224.0], "73" : [830.6799101917634, 161.51696179176372, 224.0], "75" : [950.5545727787489, 161.3156848011136, 306.0], "77" : [950.5545727787489, 161.3156848011136, 306.0], "79" : [1023.9477611409493, 157.4477615566335, 335.0], "81" : [721.8898935886344, 188.7125423369368, 287.0], "83" : [889.9865405251546, 193.65961457410128, 52.0], "85" : [884.7590471969918, 194.4869866839199, 315.0], "87" : [951.9045754473567, 190.26666797561887, 153.0], "89" : [719.1095536818115, 254.24840821039172, 157.0], "91" : [649.3799337236662, 258.9355271108482, 304.0], "93" : [649.3799337236662, 258.9355271108482, 304.0], "95" : [700.492691073663, 258.4301175671206, 342.0], "97" : [700.492691073663, 258.4301175671206, 342.0], "99" : [700.492691073663, 258.4301175671206, 342.0], "101" : [925.4399999435941, 262.5085169433388, 270.0], "103" : [916.21533086684, 256.0006659179133, 150.0], "105" : [977.8284030757851, 251.11716139490406, 169.0], "107" : [977.8284030757851, 251.11716139490406, 169.0], "109" : [1001.2962734349602, 247.84347962432082, 161.0], "111" : [726.3918933116496, 279.4135116319609, 74.0], "113" : [735.960239664579, 276.8795187372261, 83.0], "115" : [701.6591160071661, 281.0038655887989, 181.0], "117" : [780.747272436852, 278.71409139510587, 220.0], "119" : [895.1518192131665, 273.9254559930024, 110.0], "121" : [974.2234407829684, 281.7275952669176, 337.0], "123" : [673.3227276704564, 309.77727378071114, 66.0], "125" : [685.9884638305513, 311.31025434376437, 390.0], "127" : [634.9266226273214, 313.9818186381752, 154.0], "129" : [634.9266226273214, 313.9818186381752, 154.0], "131" : [771.1050586493182, 315.67470717700303, 257.0], "133" : [934.3527786090575, 322.7861128109206, 252.0], "135" : [934.3527786090575, 322.7861128109206, 252.0], "137" : [934.3527786090575, 322.7861128109206, 252.0], "139" : [934.6789772198817, 324.12159289952785, 176.0], "141" : [934.6789772198817, 324.12159289952785, 176.0], "143" : [934.6789772198817, 324.12159289952785, 176.0], "145" : [1024.9078273700136, 317.8834768602848, 115.0], "147" : [739.5830535963129, 347.0016956300065, 59.0], "149" : [753.2666674291208, 343.5343762515932, 192.0], "151" : [703.0082420280643, 341.58626381794517, 182.0], "153" : [893.8645915706778, 341.3849182231582, 305.0], "155" : [972.6868169293427, 341.06818133376595, 220.0], "157" : [750.6136365323896, 338.65959380080403, 198.0], "159" : [667.1680843786417, 410.5574459151924, 188.0], "161" : [630.3715304429693, 406.1419924927447, 281.0], "163" : [630.3715304429693, 406.1419924927447, 281.0], "165" : [886.0218597425898, 394.22131082820744, 183.0], "167" : [886.0218597425898, 394.22131082820744, 183.0], "169" : [942.489235537992, 388.7174899987885, 223.0], "171" : [1081.3453154315, 390.700984262012, 203.0], "173" : [745.0184407925269, 427.05107003536244, 141.0], "175" : [745.0184407925269, 427.05107003536244, 141.0], "177" : [719.4655830747093, 423.69155906086996, 154.0], "179" : [719.4655830747093, 423.69155906086996, 154.0], "181" : [907.047742607453, 417.79806636087994, 155.0], "183" : [979.3602575007377, 407.25320621783925, 156.0], "185" : [860.8219762274882, 412.35054826390166, 91.0], "187" : [977.3111074145281, 397.3303046483966, 99.0], "189" : [1077.8018034477427, 455.67838039750643, 222.0], "191" : [870.0598024795006, 475.97059129728456, 102.0], "193" : [870.0598024795006, 475.97059129728456, 102.0], "195" : [702.2570566461068, 505.27546089536634, 163.0], "197" : [708.3703693699937, 502.12839599821393, 81.0], "199" : [942.4240416131566, 481.64494847945485, 287.0], "201" : [1014.7540224583662, 489.81494504085185, 87.0], "203" : [1014.7540224583662, 489.81494504085185, 87.0], "205" : [678.148091943441, 578.2091621512402, 131.0], "207" : [658.9496597819532, 573.3387740277606, 294.0], "209" : [658.9496597819532, 573.3387740277606, 294.0], "211" : [802.4323911956353, 556.4699564030686, 213.0], "213" : [948.1224688457983, 556.5782803142705, 267.0], "215" : [662.6577454761945, 594.1971870343651, 71.0], "217" : [662.6577454761945, 594.1971870343651, 71.0], "219" : [674.4511339522443, 590.0187499206995, 176.0], "221" : [674.4511339522443, 590.0187499206995, 176.0], "223" : [781.940145937396, 588.577375707206, 137.0], "225" : [781.940145937396, 588.577375707206, 137.0], "227" : [773.7609258312023, 598.6311299594676, 151.0], "229" : [867.0041144238156, 597.993007495355, 243.0], "231" : [867.0041144238156, 597.993007495355, 243.0], "233" : [912.4590717093421, 592.7000019714118, 237.0], "235" : [912.4590717093421, 592.7000019714118, 237.0], "237" : [1022.2819612284449, 575.4319627070073, 316.0], "239" : [1022.2819612284449, 575.4319627070073, 316.0], "241" : [1058.2661801822774, 578.380882351673, 136.0], "243" : [1085.1863308477543, 583.7007200892377, 139.0], "245" : [680.6989577790018, 641.4364600711654, 96.0], "247" : [632.3683854412085, 642.8219917446703, 291.0], "249" : [638.525001804334, 633.907812646339, 64.0], "251" : [720.8099978599737, 622.4885733585456, 140.0], "253" : [720.8099978599737, 622.4885733585456, 140.0], "255" : [827.1888041421955, 625.207722881746, 259.0], "257" : [827.1888041421955, 625.207722881746, 259.0], "259" : [827.1888041421955, 625.207722881746, 259.0], "261" : [792.8580106442648, 629.9138505741447, 231.0], "263" : [792.8580106442648, 629.9138505741447, 231.0], "265" : [928.0357938873897, 629.091049800117, 447.0], "267" : [928.0357938873897, 629.091049800117, 447.0], "269" : [985.4611998789874, 625.9260005706832, 250.0], "271" : [985.4611998789874, 625.9260005706832, 250.0], "273" : [985.4611998789874, 625.9260005706832, 250.0], "275" : [1047.1135818928642, 625.2888911719795, 162.0], "277" : [1047.1135818928642, 625.2888911719795, 162.0], "279" : [1076.9237872534302, 619.1548557894163, 206.0], "281" : [1076.9237872534302, 619.1548557894163, 206.0], "283" : [744.6533829011838, 653.5823300677077, 266.0], "285" : [744.6533829011838, 653.5823300677077, 266.0], "287" : [744.6533829011838, 653.5823300677077, 266.0], "289" : [915.9163621595305, 646.1342405043106, 330.0], "291" : [980.1633545838587, 643.7720482709582, 161.0],