{"1" : [708.4462077156403, 135.8255172293618, 145.0], "3" : [775.0662319499595, 22.413637466391904, 154.0], "5" : [884.0010996047325, 6.775825350231528, 91.0], "7" : [884.0010996047325, 6.775825350231528, 91.0], "9" : [895.1202140779731, 2.8734022810842577, 94.0], "11" : [941.7338666267359, 0.8620939455656514, 124.0], "13" : [590.754592619782, 64.71838224450454, 185.0], "15" : [626.2720922235391, 68.66511615327305, 258.0], "17" : [676.3643269307696, 66.08756802035943, 185.0], "19" : [815.5277240448506, 61.86534544359702, 101.0], "21" : [1036.405944277132, 62.00489319389146, 286.0], "23" : [1036.405944277132, 62.00489319389146, 286.0], "25" : [1115.3513819973432, 58.54900988679082, 253.0], "27" : [753.4377760409627, 77.14055808404768, 180.0], "29" : [710.7717670423791, 80.25941210266497, 170.0], "31" : [744.0343558430092, 76.81480619517997, 358.0], "33" : [721.5806725152155, 75.60168394793857, 119.0], "35" : [721.5806725152155, 75.60168394793857, 119.0], "37" : [819.456458441264, 79.3704784192529, 271.0], "39" : [819.456458441264, 79.3704784192529, 271.0], "41" : [862.2770045508483, 78.13583118450158, 187.0], "43" : [820.5810871657603, 80.4315197339335, 349.0], "45" : [820.5810871657603, 80.4315197339335, 349.0], "47" : [872.5666670131386, 86.03729004842319, 177.0], "49" : [990.9954533409193, 86.97975316561694, 242.0], "51" : [693.0973478035144, 129.564014833931, 264.0], "53" : [693.0973478035144, 129.564014833931, 264.0], "55" : [693.0973478035144, 129.564014833931, 264.0], "57" : [643.5815381815817, 125.68718227341077, 195.0], "59" : [643.5815381815817, 125.68718227341077, 195.0], "61" : [756.6904478043492, 124.29213902119557, 178.0], "63" : [828.7811436689324, 126.08971751903519, 175.0], "65" : [828.7811436689324, 126.08971751903519, 175.0], "67" : [1005.7511125907445, 126.90055620804522, 360.0], "69" : [1005.7511125907445, 126.90055620804522, 360.0], "71" : [1003.9290931171876, 129.07636142380528, 55.0], "73" : [1003.9290931171876, 129.07636142380528, 55.0], "75" : [952.413772133269, 126.08112432231341, 196.0], "77" : [952.413772133269, 126.08112432231341, 196.0], "79" : [1096.25919015128, 130.57621405988505, 370.0], "81" : [889.3675148867776, 148.18407793169882, 157.0], "83" : [889.3675148867776, 148.18407793169882, 157.0], "85" : [770.8923526995153, 159.48392330994758, 510.0], "87" : [770.8923526995153, 159.48392330994758, 510.0], "89" : [825.6364576647852, 159.06909930925423, 288.0], "91" : [825.6364576647852, 159.06909930925423, 288.0], "93" : [736.3222864292314, 166.02173606669592, 184.0], "95" : [736.3222864292314, 166.02173606669592, 184.0], "97" : [898.9294486992885, 163.22699259991623, 163.0], "99" : [898.9294486992885, 163.22699259991623, 163.0], "101" : [1018.8263132726282, 158.3289470034213, 76.0], "103" : [691.0503951916735, 226.3100266760238, 379.0], "105" : [742.9640662302263, 228.35559143468586, 295.0], "107" : [941.7667732682052, 225.1223690773473, 304.0], "109" : [941.7667732682052, 225.1223690773473, 304.0], "111" : [1000.1659333448985, 228.00549370132254, 182.0], "113" : [1004.6507701734545, 227.41384587585344, 65.0], "115" : [944.0385300345167, 227.7527520611107, 218.0], "117" : [944.0385300345167, 227.7527520611107, 218.0], "119" : [1052.4916210507326, 224.23519532681487, 179.0], "121" : [1052.6224131887766, 226.44482760843508, 58.0], "123" : [801.8638824758104, 259.4726859489663, 216.0], "125" : [801.8638824758104, 259.4726859489663, 216.0], "127" : [752.7575142298276, 265.49533562062095, 193.0], "129" : [833.3394216238496, 263.4567297052449, 208.0], "131" : [1033.7102162868307, 256.61715304927384, 274.0], "133" : [1062.0808671864875, 259.4580257060564, 162.0], "135" : [1063.1549353319558, 260.35070692446914, 71.0], "137" : [734.8331821536439, 302.1119823398268, 217.0], "139" : [734.8331821536439, 302.1119823398268, 217.0], "141" : [699.6235296040222, 300.4000041050832, 68.0], "143" : [709.1854026187257, 299.80584018579157, 274.0], "145" : [788.6153316357746, 300.66466702954256, 150.0], "147" : [990.0974341204656, 300.2111108775881, 117.0], "149" : [993.7456053080286, 302.12917688503114, 353.0], "151" : [946.6935495423876, 305.31236325343536, 186.0], "153" : [1085.6882569909612, 302.608184189952, 281.0], "155" : [1086.5493930416483, 302.13414567943266, 164.0], "157" : [822.431427897131, 323.43357237143584, 280.0], "159" : [822.431427897131, 323.43357237143584, 280.0], "161" : [822.431427897131, 323.43357237143584, 280.0], "163" : [739.1462456716391, 335.7055334301831, 253.0], "165" : [916.346841994402, 335.89169606916806, 301.0], "167" : [951.0552214802237, 339.0932824608984, 134.0], "169" : [1029.3068803066062, 298.94762302191305, 189.0], "171" : [1090.852376932357, 304.61309211321503, 84.0], "173" : [776.4592943896571, 300.99628263339554, 511.0], "175" : [828.1976840889135, 297.44867725380874, 302.0], "177" : [798.3592804976059, 325.46855730332504, 194.0], "179" : [798.3592804976059, 325.46855730332504, 194.0], "181" : [798.3592804976059, 325.46855730332504, 194.0], "183" : [733.7276591622116, 340.3276576130823, 94.0], "185" : [930.8480687772194, 342.0467814429875, 233.0], "187" : [697.6562513081025, 410.08124926198525, 64.0], "189" : [656.4901828681743, 411.0607319699048, 163.0], "191" : [917.5727721053153, 401.7439799620917, 382.0], "193" : [997.6990256337106, 404.2392832037907, 308.0], "195" : [997.6990256337106, 404.2392832037907, 308.0], "197" : [902.1373691369133, 411.54578552096945, 190.0], "199" : [977.9464304191956, 414.2842853179021, 140.0], "201" : [1077.6837603243648, 412.4153835006865, 117.0], "203" : [1077.6837603243648, 412.4153835006865, 117.0], "205" : [744.6511248864813, 446.4274436502388, 266.0], "207" : [810.284719704933, 437.7513887942007, 72.0], "209" : [819.1492349996794, 435.621711955523, 327.0], "211" : [898.9302869578422, 442.8159903714215, 175.0], "213" : [993.0624969073288, 445.59084676978773, 448.0], "215" : [661.4089288919671, 467.69820834920694, 56.0], "217" : [660.1323503959783, 459.10392248490433, 204.0], "219" : [660.1323503959783, 459.10392248490433, 204.0], "221" : [692.2383461076212, 470.9759388284796, 133.0], "223" : [696.5692265007365, 471.5903851291541, 52.0], "225" : [794.9807933800273, 479.4694936630595, 177.0], "227" : [794.9807933800273, 479.4694936630595, 177.0], "229" : [798.5424850029609, 480.2800662035941, 306.0], "231" : [825.9486669417277, 481.5726691318376, 150.0], "233" : [961.5506020999749, 495.07790928849755, 249.0], "235" : [961.5506020999749, 495.07790928849755, 249.0], "237" : [961.5506020999749, 495.07790928849755, 249.0], "239" : [1024.8263915459179, 490.5375026140791, 72.0], "241" : [1024.8263915459179, 490.5375026140791, 72.0], "243" : [1098.8331142399784, 469.8642401485372, 151.0], "245" : [903.9595539347353, 503.1101176054976, 178.0], "247" : [754.4654083723391, 512.2443382373292, 318.0], "249" : [879.0259911102224, 520.3209016807491, 177.0], "251" : [879.0259911102224, 520.3209016807491, 177.0], "253" : [804.2931515818748, 527.4986292960949, 146.0], "255" : [925.9594334019471, 527.8094320113325, 212.0], "257" : [974.0900476570713, 524.4014908598158, 201.0], "259" : [894.4751141004627, 531.1680013600397, 225.0], "261" : [1026.9108438860837, 526.9686723051867, 166.0], "263" : [1074.0891715933399, 470.0291667256187, 120.0], "265" : [1074.5740515587959, 473.71962143331547, 158.0], "267" : [777.4700707140273, 454.43722866849106, 137.0], "269" : [777.4700707140273, 454.43722866849106, 137.0], "271" : [684.301874527013, 555.505619099887, 267.0], "273" : [716.1049517528671, 570.5908909399286, 505.0], "275" : [698.0933344235638, 576.0540763853828, 135.0], "277" : [691.0179504362736, 583.5427350249132, 117.0], "279" : [726.6670400855977, 591.7988838170479, 179.0], "281" : [726.6670400855977, 591.7988838170479, 179.0], "283" : [726.6670400855977, 591.7988838170479, 179.0], "285" : [810.6296431157232, 589.0057131818475, 280.0], "287" : [810.6296431157232, 589.0057131818475, 280.0], "289" : [756.680502167929, 590.3136480594575, 359.0],