{"1" : [646.4986129593857, 95.60278029569749, 72.0], "3" : [646.4986129593857, 95.60278029569749, 72.0], "5" : [652.0760487397251, 96.30718950508954, 167.0], "7" : [652.0760487397251, 96.30718950508954, 167.0], "9" : [727.0881728315009, 93.39570055346718, 186.0], "11" : [727.0881728315009, 93.39570055346718, 186.0], "13" : [843.8900005159677, 91.9106270065886, 320.0], "15" : [843.8900005159677, 91.9106270065886, 320.0], "17" : [843.8900005159677, 91.9106270065886, 320.0], "19" : [766.764645085286, 89.76077238302787, 181.0], "21" : [766.764645085286, 89.76077238302787, 181.0], "23" : [1002.8768790197204, 98.39248725847825, 346.0], "25" : [1002.8768790197204, 98.39248725847825, 346.0], "27" : [1085.6325581053786, 98.49651337163898, 172.0], "29" : [978.7956512306782, 96.64565566977596, 230.0], "31" : [978.7956512306782, 96.64565566977596, 230.0], "33" : [960.9188065706456, 101.03715624469251, 218.0], "35" : [960.9188065706456, 101.03715624469251, 218.0], "37" : [689.651564184038, 136.38125178412895, 64.0], "39" : [690.627273458893, 137.02467472897968, 231.0], "41" : [839.2173261312269, 135.66410861541672, 404.0], "43" : [839.2173261312269, 135.66410861541672, 404.0], "45" : [839.2173261312269, 135.66410861541672, 404.0], "47" : [777.9535289775557, 131.37323285215777, 340.0], "49" : [777.9535289775557, 131.37323285215777, 340.0], "51" : [777.9535289775557, 131.37323285215777, 340.0], "53" : [734.6740905972362, 130.66882358701258, 247.0], "55" : [734.6740905972362, 130.66882358701258, 247.0], "57" : [807.5432264370701, 136.97096778868578, 155.0], "59" : [934.8649694384449, 127.7173477784994, 294.0], "61" : [934.8649694384449, 127.7173477784994, 294.0], "63" : [934.8649694384449, 127.7173477784994, 294.0], "65" : [934.8649694384449, 127.7173477784994, 294.0], "67" : [896.3896366616839, 132.53678690580827, 193.0], "69" : [896.3896366616839, 132.53678690580827, 193.0], "71" : [932.1279450372475, 137.64264592974752, 68.0], "73" : [932.1279450372475, 137.64264592974752, 68.0], "75" : [712.1886265700545, 166.2654033385879, 211.0], "77" : [712.1886265700545, 166.2654033385879, 211.0], "79" : [712.1886265700545, 166.2654033385879, 211.0], "81" : [837.4184840370752, 165.1530273310432, 330.0], "83" : [837.4184840370752, 165.1530273310432, 330.0], "85" : [974.5295465159686, 161.6363627354301, 308.0], "87" : [974.5295465159686, 161.6363627354301, 308.0], "89" : [1040.990475167022, 153.0333335085934, 126.0], "91" : [713.0581557407445, 190.41384568632287, 325.0], "93" : [713.0581557407445, 190.41384568632287, 325.0], "95" : [934.7925655501452, 186.34646960158634, 269.0], "97" : [875.4694225027307, 188.04208401624746, 278.0], "99" : [875.4694225027307, 188.04208401624746, 278.0], "101" : [627.5298707425787, 240.43214243722596, 308.0], "103" : [752.0364157416565, 233.11965129143425, 173.0], "105" : [752.9075404980412, 239.56110965062214, 252.0], "107" : [699.2058444866148, 242.68928628758496, 308.0], "109" : [699.2058444866148, 242.68928628758496, 308.0], "111" : [992.1415379569046, 245.78000115473108, 195.0], "113" : [885.5382223388535, 248.79377956565406, 225.0], "115" : [992.6654338074168, 248.26405697304915, 217.0], "117" : [691.2216777950484, 276.5325212768319, 286.0], "119" : [778.8315343232524, 268.37261688663006, 241.0], "121" : [778.8315343232524, 268.37261688663006, 241.0], "123" : [679.8624221414228, 260.4318468452527, 157.0], "125" : [679.8624221414228, 260.4318468452527, 157.0], "127" : [679.0888916699327, 264.60111300694837, 90.0], "129" : [816.8526050730677, 268.8276044132019, 192.0], "131" : [957.6548332588576, 273.590536105026, 507.0], "133" : [665.060209849421, 306.2115189502279, 191.0], "135" : [604.1754295750752, 298.01834487806394, 289.0], "137" : [674.7328423448963, 295.416665586144, 204.0], "139" : [782.7102933225701, 298.433826835967, 272.0], "141" : [894.3682949427771, 300.78048842309255, 328.0], "143" : [894.3682949427771, 300.78048842309255, 328.0], "145" : [963.8832199565212, 297.6067138854354, 298.0], "147" : [963.8832199565212, 297.6067138854354, 298.0], "149" : [894.1449245846392, 293.76562542820744, 256.0], "151" : [894.1449245846392, 293.76562542820744, 256.0], "153" : [894.1449245846392, 293.76562542820744, 256.0], "155" : [1046.6443109114634, 307.68113661769394, 334.0], "157" : [707.531268614138, 317.5291093570392, 371.0], "159" : [663.5245989318068, 324.77507974794577, 309.0], "161" : [663.5245989318068, 324.77507974794577, 309.0], "163" : [781.7768655425048, 325.42611974328474, 134.0], "165" : [781.7768655425048, 325.42611974328474, 134.0], "167" : [787.5242389923617, 328.98236906608514, 363.0], "169" : [787.5242389923617, 328.98236906608514, 363.0], "171" : [831.6935860257707, 336.83622649902526, 265.0], "173" : [881.4817808594578, 337.22838966925525, 236.0], "175" : [881.4817808594578, 337.22838966925525, 236.0], "177" : [937.7319384467542, 332.5355529802269, 526.0], "179" : [937.7319384467542, 332.5355529802269, 526.0], "181" : [937.7319384467542, 332.5355529802269, 526.0], "183" : [633.508981882662, 393.74940137063163, 334.0], "185" : [592.1555534803712, 396.41142030987874, 324.0], "187" : [671.4666664310637, 402.1807029054221, 114.0], "189" : [765.1062511652063, 394.57670478628734, 176.0], "191" : [729.661842138473, 397.6289477148551, 152.0], "193" : [857.0639955197879, 394.34343001606663, 175.0], "195" : [810.933956170341, 398.34572185588354, 374.0], "197" : [953.9762281404733, 401.98346230209825, 387.0], "199" : [1065.6493472606974, 394.46945255725217, 383.0], "201" : [1110.1606065552642, 399.26616241318845, 198.0], "203" : [702.1543161564439, 434.68274031091477, 197.0], "205" : [662.3909907645539, 435.68111476637756, 233.0], "207" : [760.1810658885358, 438.995856647031, 169.0], "209" : [863.6671290357406, 436.44999891923135, 216.0], "211" : [815.6830339506062, 430.975450350531, 277.0], "213" : [815.6830339506062, 430.975450350531, 277.0], "215" : [872.1016101923711, 430.2274188917562, 62.0], "217" : [872.1016101923711, 430.2274188917562, 62.0], "219" : [759.975386725846, 430.47076925765936, 65.0], "221" : [759.975386725846, 430.47076925765936, 65.0], "223" : [755.42137950724, 436.009998773091, 290.0], "225" : [673.711318491282, 430.0513214393337, 265.0], "227" : [673.711318491282, 430.0513214393337, 265.0], "229" : [793.0476202076686, 444.8103132151757, 252.0], "231" : [848.8285710740857, 442.58927982984795, 84.0], "233" : [855.7855266934993, 444.221044806684, 228.0], "235" : [855.7855266934993, 444.221044806684, 228.0], "237" : [959.3548370562281, 436.6483843662983, 62.0], "239" : [959.3548370562281, 436.6483843662983, 62.0], "241" : [961.3966412340307, 433.28171751318234, 268.0], "243" : [961.3966412340307, 433.28171751318234, 268.0], "245" : [680.9563617242708, 444.657571211102, 165.0], "247" : [686.5203989583503, 449.9013169782189, 152.0], "249" : [790.9786112559342, 453.8898376169082, 187.0], "251" : [792.863220656282, 452.88850601097926, 87.0], "253" : [880.1759848859456, 462.1205872978438, 204.0], "255" : [880.1759848859456, 462.1205872978438, 204.0], "257" : [987.8611950232553, 469.8497505062997, 201.0], "259" : [987.8611950232553, 469.8497505062997, 201.0], "261" : [1106.8569758523122, 468.0054264401334, 258.0], "263" : [1031.3779038622154, 466.1290596575597, 172.0], "265" : [713.4658545638139, 502.33609950708455, 205.0], "267" : [669.2690247821272, 491.0057525655424, 226.0], "269" : [669.2690247821272, 491.0057525655424, 226.0], "271" : [828.7347685367685, 493.5089602489188, 279.0], "273" : [828.7347685367685, 493.5089602489188, 279.0], "275" : [936.2205013163083, 494.20950047573837, 200.0], "277" : [936.2205013163083, 494.20950047573837, 200.0], "279" : [1017.7762538615362, 497.14999718719173, 358.0], "281" : [1017.7762538615362, 497.14999718719173, 358.0], "283" : [621.2888432240832, 561.9980098944117, 502.0], "285" : [1011.5556610408502, 326.52264236948463, 212.0], "287" : [1011.5556610408502, 326.52264236948463, 212.0], "289" : [1011.5556610408502, 326.52264236948463, 212.0],