{"1" : [751.271794142315, 90.83718026680927, 78.0], "3" : [919.1127379270214, 1.339487231453953, 157.0], "5" : [567.8895520692048, 70.06268805149905, 134.0], "7" : [569.2901969943889, 59.0921571330821, 51.0], "9" : [750.4011531655225, 61.264999085041936, 260.0], "11" : [879.9735859074199, 59.269809282415316, 318.0], "13" : [958.2833858504686, 62.12184385810678, 325.0], "15" : [1030.5888872341018, 69.65347249973958, 144.0], "17" : [967.8211909813549, 67.22516975401315, 151.0], "19" : [967.8211909813549, 67.22516975401315, 151.0], "21" : [1056.2907693282227, 60.41718004638063, 390.0], "23" : [674.7046530234883, 106.71627906793384, 129.0], "25" : [699.3142870472109, 74.51518176583821, 224.0], "27" : [779.7990459984294, 79.03571580268228, 210.0], "29" : [874.2163121731124, 82.88687881034956, 282.0], "31" : [949.8370458987702, 86.0248223057075, 278.0], "33" : [911.6642855218777, 86.78214426516494, 56.0], "35" : [768.1474156385062, 82.59310286600626, 232.0], "37" : [790.5038700275185, 63.8464491172484, 155.0], "39" : [843.0852001081423, 75.223602349841, 250.0], "41" : [962.1756576309456, 88.27829274333189, 152.0], "43" : [925.0407899791452, 82.1447372830363, 228.0], "45" : [735.18833293094, 107.04791664906215, 240.0], "47" : [806.23308386604, 107.90751955834385, 266.0], "49" : [887.6692295110123, 109.33439172467001, 221.0], "51" : [957.4808715038446, 115.66782269322196, 115.0], "53" : [924.8049383235615, 112.63827017568121, 162.0], "55" : [1021.6000006712367, 118.72434294340833, 152.0], "57" : [1069.6537170717386, 127.6578516471661, 242.0], "59" : [693.6752783865024, 154.67640358441355, 89.0], "61" : [697.6346671388469, 153.97999931711635, 75.0], "63" : [753.9790324716307, 143.39784688511568, 186.0], "65" : [816.8816662185275, 142.75833031311322, 120.0], "67" : [901.866935094696, 150.62661475560822, 124.0], "69" : [956.405839054611, 160.66861115744422, 137.0], "71" : [956.405839054611, 160.66861115744422, 137.0], "73" : [975.6596016645094, 151.82516769348928, 151.0], "75" : [920.2087423346577, 146.49617553198271, 183.0], "77" : [711.8337520643969, 248.8293768329756, 160.0], "79" : [715.260813778708, 247.0054080889559, 74.0], "81" : [829.4073049190143, 243.33033799450467, 178.0], "83" : [898.2724153120872, 245.0560349394436, 116.0], "85" : [1012.5479414459252, 240.26329595749462, 267.0], "87" : [703.2632913631687, 276.85190003608557, 79.0], "89" : [705.6392874786749, 278.06071301264194, 84.0], "91" : [652.1744023282826, 288.52678437637275, 168.0], "93" : [763.6445719877973, 278.68799873760975, 175.0], "95" : [840.0668520960645, 280.99889276285813, 181.0], "97" : [915.9454093035624, 281.90724439040616, 207.0], "99" : [999.6648292996839, 283.5144052282607, 236.0], "101" : [729.5324234250395, 323.9812787393457, 219.0], "103" : [729.5324234250395, 323.9812787393457, 219.0], "105" : [729.5324234250395, 323.9812787393457, 219.0], "107" : [814.104110597714, 318.3431513141167, 146.0], "109" : [814.104110597714, 318.3431513141167, 146.0], "111" : [892.187629078098, 320.25585536759297, 299.0], "113" : [892.187629078098, 320.25585536759297, 299.0], "115" : [851.2913466150401, 314.5923069362175, 104.0], "117" : [934.4596480227395, 318.6146202519088, 171.0], "119" : [1006.4094450008366, 321.6811145561924, 180.0], "121" : [1006.4094450008366, 321.6811145561924, 180.0], "123" : [663.5104851841021, 408.0911299093552, 124.0], "125" : [734.6149265575826, 393.9783586536292, 134.0], "127" : [748.9669928193404, 388.5823542271459, 306.0], "129" : [709.3062504751757, 427.020093693992, 224.0], "131" : [709.3062504751757, 427.020093693992, 224.0], "133" : [709.3062504751757, 427.020093693992, 224.0], "135" : [791.1509319775505, 422.59627523067917, 161.0], "137" : [791.1509319775505, 422.59627523067917, 161.0], "139" : [878.2870241900396, 415.50152795249727, 262.0], "141" : [878.2870241900396, 415.50152795249727, 262.0], "143" : [948.4705513225497, 417.6338199650795, 343.0], "145" : [1004.7385623787775, 416.33464342513986, 153.0], "147" : [1060.169300753489, 419.600000643279, 114.0], "149" : [964.3731126604978, 415.36603768561866, 212.0], "151" : [630.783546162881, 467.1873410396415, 237.0], "153" : [759.6863969256448, 464.2693852388155, 147.0], "155" : [759.6863969256448, 464.2693852388155, 147.0], "157" : [725.640831783083, 458.1633332468867, 120.0], "159" : [725.640831783083, 458.1633332468867, 120.0], "161" : [785.0053000475093, 462.0756175997856, 283.0], "163" : [785.0053000475093, 462.0756175997856, 283.0], "165" : [862.5742352860512, 453.4109169637062, 229.0], "167" : [989.6870961774138, 448.6109678849947, 155.0], "169" : [945.7029924667094, 452.14850254481644, 167.0], "171" : [1030.7429811904249, 453.09999868755614, 228.0], "173" : [1106.4115931026115, 460.90470881250195, 276.0], "175" : [700.0085859969212, 495.3893923487956, 198.0], "177" : [700.0085859969212, 495.3893923487956, 198.0], "179" : [783.8804596705202, 500.2028748989197, 174.0], "181" : [872.9336662199972, 496.8984880778001, 199.0], "183" : [872.9336662199972, 496.8984880778001, 199.0], "185" : [872.9336662199972, 496.8984880778001, 199.0], "187" : [966.2851158785376, 489.9565492945303, 168.0], "189" : [966.2851158785376, 489.9565492945303, 168.0], "191" : [966.2851158785376, 489.9565492945303, 168.0], "193" : [886.635228639727, 485.89466154327107, 281.0], "195" : [967.0759547042386, 485.16338698271295, 183.0], "197" : [1072.3296123755854, 494.77853931926387, 233.0], "199" : [669.3134745057858, 564.8617014797012, 141.0], "201" : [674.639998230736, 570.078667594445, 75.0], "203" : [671.331341605135, 558.4403001202985, 134.0], "205" : [744.8721028557335, 557.5373700215937, 190.0], "207" : [741.9904353782774, 555.1843474596194, 115.0], "209" : [1100.003782511728, 562.1522346848254, 291.0], "211" : [1131.950254917277, 564.5837574417739, 197.0], "213" : [663.8420088919032, 597.5968065670268, 219.0], "215" : [663.8420088919032, 597.5968065670268, 219.0], "217" : [753.8761677158394, 605.5009333236472, 214.0], "219" : [791.1768635970817, 606.2059693009755, 134.0], "221" : [878.1969724916639, 602.9363649846616, 66.0], "223" : [878.1969724916639, 602.9363649846616, 66.0], "225" : [878.0932835350718, 602.7380621815155, 134.0], "227" : [878.0932835350718, 602.7380621815155, 134.0], "229" : [857.2992364775362, 607.1125482241565, 263.0], "231" : [941.2175192482455, 596.6073021063073, 137.0], "233" : [941.2175192482455, 596.6073021063073, 137.0], "235" : [1026.671211182443, 591.5348461958567, 66.0], "237" : [1026.671211182443, 591.5348461958567, 66.0], "239" : [1026.671211182443, 591.5348461958567, 66.0], "241" : [1091.423192499172, 596.1144516439424, 263.0], "243" : [1091.423192499172, 596.1144516439424, 263.0], "245" : [658.083561507307, 633.7178056088012, 73.0], "247" : [665.4737411032144, 618.0217886305759, 179.0], "249" : [722.5251548548847, 629.0786138051498, 159.0], "251" : [722.5251548548847, 629.0786138051498, 159.0], "253" : [832.1055549327275, 634.9826395274663, 144.0], "255" : [787.2813284196195, 630.5341754681559, 316.0], "257" : [787.2813284196195, 630.5341754681559, 316.0], "259" : [787.2813284196195, 630.5341754681559, 316.0], "261" : [836.6687500411205, 636.3287513340399, 240.0], "263" : [978.9984378242732, 621.6479184752305, 192.0], "265" : [978.9984378242732, 621.6479184752305, 192.0], "267" : [978.9984378242732, 621.6479184752305, 192.0], "269" : [1042.8370353454925, 624.5419772649506, 81.0], "271" : [1042.8370353454925, 624.5419772649506, 81.0], "273" : [974.4571435671321, 622.2880954372329, 294.0], "275" : [974.4571435671321, 622.2880954372329, 294.0], "277" : [1064.8862077009453, 633.0936779148069, 348.0], "279" : [1031.3809504345454, 629.286504712245, 126.0], "281" : [1031.3809504345454, 629.286504712245, 126.0], "283" : [1031.3809504345454, 629.286504712245, 126.0], "285" : [1027.8577603035742, 630.7206866038025, 116.0], "287" : [1027.8577603035742, 630.7206866038025, 116.0], "289" : [977.2906244783601, 637.0333337190456, 192.0], "291" : [977.2906244783601, 637.0333337190456, 192.0],