{"1" : [1043.6, 512.7, 15.234424607701955], "3" : [1101.2, 515.4, 147.23442460770195], "5" : [1102.1, 517.2, 39.23442460770195], "7" : [792.8, 538.2, 101.23442460770195], "9" : [796.6, 542.3, 219.23442460770195], "11" : [848.2, 525.0, 371.23442460770195], "13" : [854.7, 531.1, 26.234424607701953], "15" : [1000.6, 526.4, 242.23442460770195], "17" : [996.3, 535.0, 44.23442460770195], "19" : [966.4, 539.6, 563.234424607702], "21" : [962.0, 536.8, 26.234424607701953], "23" : [827.0, 512.2, 153.23442460770195], "25" : [827.5, 511.1, 23.234424607701953], "27" : [729.9, 519.0, 177.23442460770195], "29" : [731.7, 520.1, 30.234424607701953], "31" : [919.6, 517.0, 110.23442460770195], "33" : [916.5, 513.1, 35.23442460770195], "35" : [667.8, 524.7, 313.23442460770195], "37" : [669.3, 522.4, 22.234424607701953], "39" : [774.0, 516.3, 589.234424607702], "41" : [754.9, 513.2, 162.23442460770195], "43" : [718.2, 516.5, 105.23442460770195], "45" : [712.7, 523.9, 13.234424607701955], "47" : [677.2, 528.5, 240.23442460770195], "49" : [678.3, 527.1, 24.234424607701953]}