{"1": [65.6876416024802, 385.0, 142.0], "2": [138.75651706637385, 386.79997483629387, 172.0], "3": [204.5, 385.0, 121.0], "4": [287.74852094196945, 385.6582736571705, 276.0], "5": [384.2, 385.0, 216.0], "6": [483.1, 385.0, 222.0], "7": [612.1, 385.0, 193.0], "8": [649.7, 385.0, 283.0], "9": [610.4, 385.0, 240.0], "10": [666.222461821356, 386.79997483629387, 459.0], "11": [671.3601171274111, 386.79997483629387, 297.0], "12": [116.49334407346876, 383.37487129892384, 241.0], "13": [91.37591813275532, 383.37487129892384, 307.0], "14": [360.8, 385.0, 206.0], "15": [417.5, 385.0, 187.0], "16": [504.4, 385.0, 263.0], "17": [585.1, 385.0, 281.0], "18": [667.3641630004794, 385.0, 878.0]}