{"1": [65.4, 385.0, 193.0], "2": [117.0641946630304, 385.6582736571705, 199.0], "3": [137.1, 385.0, 192.0], "4": [188.7, 385.0, 275.0], "5": [267.9, 385.0, 284.0], "6": [359.8, 385.0, 213.0], "7": [398.2, 385.0, 307.0], "8": [482.40857198249853, 384.51657247804724, 232.0], "9": [545.2, 385.0, 269.0], "10": [593.3, 385.0, 180.0], "11": [611.5, 385.0, 216.0], "12": [669.0767147691644, 385.0, 772.0]}