{"1": [49.2, 385.0, 187.0], "2": [26.6, 385.0, 282.0], "3": [60.9, 385.0, 197.0], "4": [114.20994171522207, 384.51657247804724, 192.0], "5": [49.3, 385.0, 160.0], "6": [117.63504525259208, 379.94976776155386, 356.0], "7": [161.01969005927893, 382.8040207093622, 231.0], "8": [208.97113958245913, 382.23317011980055, 240.0], "9": [247.2, 385.0, 224.0], "10": [327.9, 385.0, 321.0], "11": [394.49758119000154, 383.94572188848554, 480.0], "12": [383.2, 385.0, 177.0], "13": [433.88627186975674, 382.8040207093622, 199.0], "14": [509.238549691897, 383.94572188848554, 267.0], "15": [558.9, 385.0, 256.0], "16": [610.2791040443125, 382.23317011980055, 494.0], "17": [646.2426911866976, 382.23317011980055, 193.0], "18": [325.7, 385.0, 219.0], "19": [118.1, 385.0, 189.0], "20": [166.4, 385.0, 370.0], "21": [166.4, 385.0, 198.0], "22": [267.7, 385.0, 155.0], "23": [291.7, 385.0, 343.0], "24": [363.1, 385.0, 334.0]}