{"1": [50.3, 385.0, 153.0], "2": [92.2, 385.0, 150.0], "3": [160.5, 385.0, 168.0], "4": [247.6, 385.0, 201.0], "5": [251.4, 385.0, 303.0], "6": [327.1372116217246, 383.94572188848554, 202.0], "7": [401.5, 385.0, 198.0], "8": [481.83772139293694, 385.0874230676089, 190.0], "9": [547.4855391925289, 382.8040207093622, 409.0], "10": [647.8, 385.0, 218.0], "11": [605.7122993278191, 382.8040207093622, 188.0], "12": [678.3, 385.0, 388.0], "13": [663.3682088735477, 382.8040207093622, 166.0], "14": [672.5018183065343, 383.94572188848554, 327.0], "15": [862.1, 385.0, 109.0]}