{"1": [134.1897123498805, 383.37487129892384, 153.0], "2": [255.3, 385.0, 151.0], "3": [407.0562941603583, 385.6582736571705, 200.0], "4": [365.0, 385.0, 132.0], "5": [297.45298096451785, 382.23317011980055, 196.0], "6": [390.9, 385.0, 230.0], "7": [457.8619966313468, 382.23317011980055, 174.0], "8": [614.4, 385.0, 270.0], "9": [544.1, 385.0, 188.0], "10": [661.4, 385.0, 283.0], "11": [321.4287057261079, 385.6582736571705, 229.0], "12": [250.0, 385.0, 142.0], "13": [165.58649477577228, 384.51657247804724, 393.0], "14": [202.1, 385.0, 489.0]}