{"1" : [776.8, 556.8, 11.037504620408914], "3" : [742.7, 557.7, 203.03750462040892], "5" : [745.7, 558.2, 27.037504620408914], "7" : [863.7, 554.9, 210.03750462040892], "9" : [862.9, 553.4, 35.03750462040892], "11" : [1134.7, 554.4, 146.03750462040892], "13" : [941.0, 594.0, 297.0375046204089], "15" : [935.8, 589.6, 19.037504620408914], "17" : [877.7, 565.8, 223.03750462040892], "19" : [878.7, 559.8, 42.03750462040892], "21" : [516.6, 546.9, 229.03750462040892], "23" : [514.5, 555.3, 21.037504620408914], "25" : [617.0, 565.6, 176.03750462040892], "27" : [614.7, 565.7, 24.037504620408914], "29" : [728.1, 572.4, 161.03750462040892], "31" : [728.2, 578.1, 24.037504620408914], "33" : [871.1, 582.2, 165.03750462040892], "35" : [873.0, 583.1, 21.037504620408914], "37" : [973.5, 587.0, 183.03750462040892], "39" : [972.9, 592.0, 24.037504620408914], "41" : [1089.5, 581.5, 234.03750462040892], "43" : [1091.5, 579.2, 20.037504620408914], "45" : [1184.2, 586.5, 254.03750462040892], "47" : [1184.9, 592.1, 20.037504620408914]}