{"1": [770.49, 298.5, 144.0], "2": [844.7165625, 298.5, 128.0], "3": [844.7165625, 298.5, 128.0], "4": [777.5507142999999, 233.5, 112.0], "5": [765.0581817999999, 233.5, 132.0], "6": [743.1734615, 298.5, 208.0], "7": [933.9052941, 298.5, 136.0], "8": [865.0202857, 298.5, 140.0], "9": [923.7387097000001, 298.5, 124.0], "10": [1001.3305449999999, 298.5, 220.0], "11": [937.1928889000001, 298.5, 180.0], "12": [790.6919048, 340.5, 168.0], "13": [866.2460465, 340.5, 172.0], "14": [849.3092308, 298.5, 156.0], "15": [787.112973, 383.5, 148.0], "16": [816.8237975, 383.5, 316.0], "17": [766.4070732000001, 383.5, 164.0], "18": [837.5977551, 383.5, 196.0], "19": [818.4087804999999, 383.5, 164.0], "20": [803.3951429, 340.5, 140.0], "21": [784.5436232000001, 425.5, 276.0], "22": [827.7716667000001, 340.5, 192.0], "23": [800.7311538, 340.5, 104.0], "24": [796.0836957, 425.5, 184.0], "25": [831.4655172, 425.5, 116.0], "26": [949.9497674, 531.0, 172.0], "27": [834.2122727000001, 573.0, 176.0], "28": [1005.9306217992503, 575.0147783742751, 172.0], "29": [1146.861719755126, 575.0147783742751, 132.0], "30": [1246.1090570000001, 573.0, 212.0], "31": [1034.122059, 615.5, 136.0], "32": [1033.807288, 615.5, 236.0], "33": [824.4073529, 573.0, 136.0], "34": [887.46, 615.5, 128.0], "35": [867.0378125, 615.5, 128.0], "36": [798.7653703999999, 700.5, 216.0], "37": [791.8515788999999, 700.5, 152.0], "38": [875.4636585000001, 700.5, 164.0], "39": [952.9503704, 700.5, 216.0], "40": [798.51, 805.5, 128.0], "41": [882.5057575999999, 805.5, 132.0], "42": [776.2153086, 847.5, 324.0], "43": [890.0342424, 573.0, 132.0], "44": [888.755, 573.0, 128.0], "45": [930.3626087000001, 805.5, 184.0], "46": [906.4790625, 340.5, 128.0], "47": [920.7328571, 700.5, 112.0], "48": [963.2893103, 531.0, 116.0], "49": [823.4360526, 383.5, 152.0], "50": [836.3901923, 742.5, 208.0], "51": [820.4988889, 383.5, 108.0], "52": [849.6475862, 805.5, 232.0], "53": [701.8843836, 805.5, 292.0], "54": [830.05725, 467.5, 160.0]}