{"1": [277.17, 169.0, 300.0], "2": [397.039948374605, 165.41236152478092, 250.0], "3": [398.9169973792976, 162.59678801774203, 250.0], "4": [484.17, 169.0, 200.0], "5": [632.5, 169.0, 150.0], "6": [731.1546712098918, 165.41236152478092, 450.0], "7": [895.3964591204963, 165.41236152478092, 150.0], "8": [478.69158007873403, 217.96973365617436, 200.0], "9": [712.3841811629657, 213.2771111444428, 450.0], "10": [914.17, 219.0, 150.0], "11": [1006.142350397361, 217.03120915382806, 150.0], "12": [260.01537103204356, 269.5885812852215, 350.0], "13": [412.05634041214597, 264.89595877348995, 150.0], "14": [516.2325601725865, 265.83448327583625, 450.0], "15": [654.83, 268.0, 500.0], "16": [799.17, 268.0, 150.0], "17": [954.5235027683138, 263.0189097687973, 450.0], "18": [334.1588067174021, 309.00661038376654, 300.0], "19": [447.72027150130583, 307.12956137907395, 300.0], "20": [656.0727110221869, 318.3918554072297, 150.0], "21": [736.17, 318.0, 400.0], "22": [855.9784300219512, 311.8221838908055, 300.0], "23": [339.78995373148, 361.56398251516, 250.0], "24": [435.17, 368.0, 300.0], "25": [569.5, 368.0, 300.0], "26": [673.17, 368.0, 200.0], "27": [759.83, 368.0, 200.0], "28": [829.5, 368.0, 250.0], "29": [1017.4046444255168, 366.2566050268915, 250.0], "30": [447.17, 368.0, 300.0], "31": [567.5, 368.0, 300.0], "32": [675.17, 368.0, 200.0], "33": [765.83, 368.0, 200.0], "34": [832.5, 368.0, 250.0], "35": [940.4456352331192, 363.44103151985263, 200.0], "36": [1023.9743159419409, 368.1336540315842, 250.0], "37": [255.83, 417.0, 200.0], "38": [342.5, 417.0, 150.0], "39": [396.5, 417.0, 250.0], "40": [498.40059462800656, 414.1213546465534, 400.0], "41": [650.441564008109, 416.93692815359236, 450.0], "42": [775.83, 417.0, 200.0], "43": [785.5890923459779, 415.998403651246, 500.0], "44": [1013.6505464161314, 363.44103151985263, 150.0], "45": [261.89242003673615, 416.93692815359236, 400.0], "46": [413.93338941683857, 411.30578113951447, 400.0], "47": [664.83, 417.0, 200.0], "48": [732.17, 417.0, 200.0], "49": [790.2817148577094, 416.93692815359236, 450.0]}