{"1": [110.94501440764812, 382.9601468008191, 168.0], "2": [192.4, 381.1, 174.0], "3": [268.5, 382.2, 196.0], "4": [246.0, 385.1, 143.0], "5": [196.2, 385.4, 102.0], "6": [334.0907016406484, 386.7637664695634, 186.0], "7": [370.85902510517684, 384.8619566351912, 146.0], "8": [457.7083408748388, 382.32621018936163, 190.0], "9": [538.218290529927, 382.32621018936163, 163.0], "10": [436.7884326967451, 382.32621018936163, 198.0], "11": [564.2096915996799, 381.6922735779043, 167.0], "12": [662.4698663755748, 381.6922735779043, 291.0], "13": [602.8798248985804, 380.42440035498953, 204.0], "14": [748.051308922322, 382.32621018936163, 212.0], "15": [748.6852455337795, 384.8619566351912, 233.0], "16": [768.0, 776.8, 115.0], "17": [363.7, 542.0, 276.0], "18": [434.25268625091553, 384.8619566351912, 266.0], "19": [516.6644457403759, 384.8619566351912, 267.0], "20": [689.7291406682425, 384.8619566351912, 352.0], "21": [780.3820761066488, 388.03163969247817, 171.0], "22": [723.2, 621.6, 295.0], "23": [616.3, 527.6, 152.0]}