{"1": [32.97081119838953, 380.42440035498953, 147.0], "2": [58.32827565668501, 383.5940834122764, 211.0], "3": [83.68574011498049, 384.22802002373385, 164.0], "4": [116.01650729930724, 386.7637664695634, 176.0], "5": [201.59794984605446, 385.4958932466486, 236.0], "6": [242.80382959078463, 386.12982985810595, 236.0], "7": [294.78663173029037, 386.12982985810595, 213.0], "8": [338.5282579208501, 386.7637664695634, 209.0], "9": [398.11829939784445, 386.12982985810595, 234.0], "10": [410.1630950155348, 382.9601468008191, 240.0], "11": [435.5205594738303, 384.22802002373385, 283.0], "12": [475.45856599564564, 382.9601468008191, 287.0], "13": [511.5929528487168, 381.05833696644686, 147.0], "14": [536.3164806955548, 381.05833696644686, 219.0], "15": [583.8617265548588, 386.7637664695634, 225.0], "16": [668.8092324901487, 386.12982985810595, 236.0], "17": [692.264887114072, 386.12982985810595, 207.0], "18": [715.7205417379953, 382.32621018936163, 303.0], "19": [772.1409001577027, 388.03163969247817, 247.0], "20": [265.6255476032506, 381.6922735779043, 341.0]}