{"1": [662.0694828116156, 21.0, 154.0], "2": [617.8860617372296, 87.0, 122.0], "3": [708.5502422359754, 87.0, 211.0], "4": [707.9622663526346, 87.0, 159.0], "5": [760.8078073617428, 87.0, 205.0], "6": [760.8078073617428, 87.0, 205.0], "7": [856.6957670381647, 87.0, 189.0], "8": [645.0788532150059, 119.0, 279.0], "9": [785.5273537397376, 119.0, 329.0], "10": [855.5483955938556, 119.0, 250.0], "11": [961.5094662351603, 120.52106396719125, 287.0], "12": [1013.4171379489532, 119.0, 461.0], "13": [1013.4171379489532, 119.0, 461.0], "14": [608.0501759735948, 153.63905538863264, 111.0], "15": [609.8566118693099, 150.02618359720265, 111.0], "16": [656.935713757176, 153.0, 168.0], "17": [741.7779195995798, 153.0, 154.0], "18": [690.5223699963784, 153.0, 152.0], "19": [785.5399989870132, 153.0, 165.0], "20": [790.0069554149649, 153.0, 230.0], "21": [885.8781234730905, 153.0, 256.0], "22": [942.6714757742895, 153.0, 263.0], "23": [942.6714757742895, 153.0, 263.0], "24": [942.6714757742895, 153.0, 263.0], "25": [1083.146509521016, 153.0, 129.0], "26": [1083.146509521016, 153.0, 129.0], "27": [756.8920006232271, 186.0, 225.0], "28": [890.3729960106556, 186.0, 237.0], "29": [979.4705874014082, 186.0, 187.0], "30": [979.4705874014082, 186.0, 187.0], "31": [752.7884458858808, 251.0, 277.0], "32": [685.7269194893393, 251.18659375724184, 284.0], "33": [758.1384247782228, 251.0, 203.0], "34": [806.8268581353875, 251.0, 175.0], "35": [706.0921479949424, 285.0, 242.0], "36": [773.4570768659553, 285.0, 219.0], "37": [773.4570768659553, 285.0, 219.0], "38": [881.4241415251294, 283.10029458153997, 411.0], "39": [879.6177056294143, 282.49814928296826, 411.0], "40": [1003.1118672375171, 285.0, 278.0], "41": [1047.3348296543616, 285.0, 267.0], "42": [1072.3042011723462, 280.08956808868163, 311.0], "43": [580.4462046254606, 318.0, 145.0], "44": [580.4462046254606, 318.0, 145.0], "45": [631.7944202739694, 318.0, 197.0], "46": [631.7944202739694, 318.0, 197.0], "47": [715.2320391193507, 318.626867197268, 374.0], "48": [753.1671929293653, 316.2182860029813, 374.0], "49": [753.7693382279369, 317.4225766001246, 374.0], "50": [850.472320590321, 318.0, 224.0], "51": [850.472320590321, 318.0, 224.0], "52": [921.7678765294306, 318.626867197268, 333.0], "53": [965.1223380265903, 315.61614070440964, 333.0], "54": [1024.5981999612245, 318.0, 222.0], "55": [1024.5981999612245, 318.0, 222.0], "56": [1077.1213635609195, 313.80970480869473, 153.0], "57": [1074.1106370680611, 315.61614070440964, 153.0], "58": [1090.9601294202996, 318.0, 153.0], "59": [1079.903375268562, 318.0, 148.0], "60": [793.0666689895934, 351.0, 135.0], "61": [795.1262324158915, 351.0, 122.0], "62": [884.4786302350691, 351.0, 117.0], "63": [887.8917184543662, 351.0, 157.0], "64": [1008.8129040913187, 351.0, 186.0], "65": [1011.941463106238, 351.0, 123.0], "66": [979.7295074900973, 351.0, 122.0], "67": [979.7295074900973, 351.0, 122.0], "68": [592.3736340410544, 417.0, 220.0], "69": [681.0078349716518, 417.0, 217.0], "70": [750.4071163120699, 417.0, 281.0], "71": [685.9271815476175, 417.0, 195.0], "72": [795.0128208846364, 417.0, 273.0], "73": [816.7806435286154, 417.0, 217.0], "74": [953.2546351159634, 417.0, 205.0], "75": [1008.959805504941, 417.0, 204.0], "76": [1082.5620692317764, 417.0, 145.0], "77": [659.8346716507579, 445.67952519588863, 134.0], "78": [665.2539793379028, 446.2816704944603, 134.0], "79": [693.5548083707708, 446.2816704944603, 134.0], "80": [760.1248256210184, 450.0, 286.0], "81": [861.8304960991255, 450.0, 141.0], "82": [867.1897429367967, 450.0, 195.0], "83": [929.1391524858628, 450.0, 212.0], "84": [1019.9175601966115, 448.690251688747, 294.0], "85": [648.9400019642092, 483.0, 360.0], "86": [707.4753242285097, 483.0, 231.0], "87": [799.5323809193833, 478.79751661733, 292.0], "88": [801.3388168150983, 480.603952513045, 292.0], "89": [893.5756783181264, 483.0, 259.0], "90": [930.8000560080056, 483.6146790059033, 413.0], "91": [927.1871842165756, 483.01253370733167, 413.0], "92": [877.0878493477032, 483.0, 321.0], "93": [956.6849406323184, 483.0, 166.0], "94": [1052.4334063194813, 478.7975166173301, 191.0], "95": [1044.8387439099768, 483.0, 191.0], "96": [652.6689300670487, 516.0, 103.0], "97": [652.6689300670487, 516.0, 103.0], "98": [622.5015452387262, 516.0, 194.0], "99": [688.168397227211, 516.0, 212.0], "100": [799.5323809193833, 517.936961024488, 151.0], "101": [796.5216544265251, 516.1305251287731, 151.0], "102": [809.7465336621398, 516.0, 101.0], "103": [890.3241059349158, 516.0, 224.0], "104": [984.3909875808836, 516.7326704273448, 256.0], "105": [984.3909875808836, 516.1305251287731, 256.0], "106": [626.2087613231342, 582.0, 137.0], "107": [696.474209119539, 582.0, 190.0], "108": [777.2530048722319, 581.1622173745126, 138.0], "109": [781.4680219622335, 579.9579267773693, 190.0], "110": [778.4572954693751, 581.1622173745126, 190.0], "111": [864.9259619225505, 582.0, 208.0], "112": [937.4236542922938, 581.7643626730842, 287.0], "113": [937.4236542922938, 581.1622173745126, 287.0], "114": [984.5746267442833, 582.0, 201.0], "115": [1064.9492153127553, 582.0, 447.0], "116": [1064.262662152944, 582.0, 233.0], "117": [1064.262662152944, 582.0, 233.0], "118": [745.9414493465055, 612.4737729002389, 348.0], "119": [835.3537882794641, 615.0, 132.0], "120": [841.7407861860991, 615.0, 255.0], "121": [965.1223380265903, 613.0759181988107, 401.0], "122": [982.7892744745477, 615.0, 345.0], "123": [614.120513598514, 648.0, 156.0], "124": [667.6625605321894, 646.193909620252, 199.0], "125": [676.0925947121927, 646.7960549188236, 199.0], "126": [828.4356238652174, 648.0, 160.0], "127": [828.4356238652174, 648.0, 160.0], "128": [889.9769946347291, 648.0, 213.0], "129": [951.6066653573607, 648.0, 240.0], "130": [951.6066653573607, 648.0, 240.0], "131": [1032.8398892198466, 648.0, 183.0], "132": [618.7939348454481, 681.0, 132.0], "133": [667.819466756418, 681.0, 226.0], "134": [721.0118878178156, 681.0, 143.0], "135": [826.9502195297573, 681.0, 229.0], "136": [964.5335872597661, 681.0, 259.0], "137": [964.5335872597661, 681.0, 259.0], "138": [1037.5990993888577, 681.0, 222.0], "139": [1031.843350750872, 681.0, 173.0], "140": [1091.768114403469, 681.0, 138.0], "141": [707.351961380253, 747.0, 306.0], "142": [758.2731721211112, 747.0, 205.0], "143": [758.2731721211112, 747.0, 205.0], "144": [857.7872324463741, 747.0, 376.0], "145": [857.7872324463741, 747.0, 376.0], "146": [997.0360388508884, 746.7521744817195, 168.0], "147": [1031.332234235831, 747.0, 152.0], "148": [665.8561246364744, 776.8594394103027, 133.0], "149": [668.2647058307612, 782.2787470974475, 124.0], "150": [665.2539793379028, 779.2680206045893, 124.0], "151": [692.9526630721992, 779.8701659031609, 275.0], "152": [731.4899621807856, 776.8594394103027, 275.0], "153": [727.8770903893555, 776.8594394103027, 275.0], "154": [821.8117569665349, 779.8701659031609, 151.0], "155": [818.8010304736765, 781.0744565003042, 151.0], "156": [825.7311252411959, 780.0, 151.0], "157": [861.5533466722645, 778.0637300074459, 165.0], "158": [973.5523722065936, 777.4615847088743, 212.0], "159": [974.1545175051651, 775.0530035145875, 212.0], "160": [1035.0626728096145, 780.0, 217.0], "161": [1035.0626728096145, 780.0, 217.0], "162": [727.5353992228104, 813.0, 113.0], "163": [722.0934612487383, 813.0, 153.0], "164": [795.1529409733829, 813.0, 187.0], "165": [802.9430849351353, 813.0, 188.0], "166": [845.2572967056916, 813.0, 281.0], "167": [947.6707587817463, 813.0, 171.0], "168": [947.6707587817463, 813.0, 171.0], "169": [684.5226288921959, 847.310439343187, 380.0], "170": [688.1355006836259, 844.2997128503287, 264.0], "171": [686.9312100864827, 844.9018581489004, 264.0], "172": [750.7586117350787, 847.9125846417587, 456.0], "173": [820.5305089177757, 846.0, 177.0], "174": [1027.1213638732927, 846.0, 323.0], "175": [1027.1213638732927, 846.0, 323.0], "176": [961.0028561744668, 846.0, 105.0], "177": [957.3252123772114, 846.0, 119.0],