{"0": [219.17, 169.0, 300.0], "1": [342.5, 169.0, 250.0], "2": [573.8548319553718, 169.0, 150.0], "3": [681.17, 169.0, 450.0], "4": [432.4277214927131, 169.0, 200.0], "5": [497.4077452187995, 169.0, 150.0], "6": [689.17, 169.0, 450.0], "7": [911.5, 169.0, 150.0], "8": [233.17, 219.0, 350.0], "9": [339.73562882461925, 219.0, 150.0], "10": [449.5, 219.0, 450.0], "11": [617.83, 219.0, 500.0], "12": [811.17, 219.0, 150.0], "13": [924.5, 219.0, 450.0], "14": [274.5, 268.0, 300.0], "15": [374.17, 268.0, 300.0], "16": [606.344843818415, 268.0, 150.0], "17": [681.17, 268.0, 400.0], "18": [819.83, 268.0, 300.0], "19": [970.17, 268.0, 200.0], "20": [215.17, 318.0, 200.0], "21": [291.5, 318.0, 250.0], "22": [388.17, 318.0, 300.0], "23": [515.5, 318.0, 300.0], "24": [627.17, 318.0, 200.0], "25": [794.5, 318.0, 250.0], "26": [863.17, 318.0, 200.0], "27": [996.83, 318.0, 250.0], "28": [208.83, 368.0, 200.0], "29": [266.1553078406685, 368.0, 150.0], "30": [349.5, 368.0, 250.0], "31": [459.83, 368.0, 400.0], "32": [593.17, 368.0, 450.0], "33": [841.17, 368.0, 500.0], "34": [977.1132144907904, 368.0, 200.0], "35": [1034.4485295432196, 368.0, 150.0], "36": [222.83, 417.0, 400.0], "37": [386.83, 417.0, 400.0], "38": [598.83, 417.0, 200.0], "39": [678.9695762181586, 417.0, 200.0], "40": [783.83, 417.0, 450.0]}