{"0": [240.35441606707536, 169.0, 300.0], "1": [360.5, 169.0, 250.0], "2": [464.17, 169.0, 200.0], "3": [549.5, 169.0, 150.0], "4": [610.5, 169.0, 150.0], "5": [715.17, 169.0, 450.0], "6": [892.17, 169.0, 150.0], "7": [601.5, 169.0, 150.0], "8": [719.17, 169.0, 450.0], "9": [897.17, 169.0, 150.0], "10": [377.5, 219.0, 250.0], "11": [480.17, 219.0, 200.0], "12": [551.5, 219.0, 150.0], "13": [615.5, 219.0, 150.0], "14": [714.17, 219.0, 450.0], "15": [888.17, 219.0, 150.0], "16": [1010.5588149380408, 219.0, 150.0], "17": [246.17, 268.0, 350.0], "18": [372.22564068766246, 267.1484175791211, 150.0], "19": [462.05096760313484, 268.0, 450.0], "20": [635.83, 268.0, 500.0], "21": [769.17, 268.0, 150.0], "22": [842.17, 268.0, 150.0], "23": [937.5, 268.0, 450.0], "24": [215.5091128776894, 318.0, 150.0], "25": [291.9561996142616, 318.0, 300.0], "26": [411.17, 318.0, 300.0], "27": [508.17, 318.0, 200.0], "28": [686.6142848918158, 318.0, 400.0], "29": [843.83, 318.0, 300.0], "30": [238.17, 368.0, 200.0], "31": [339.5, 368.0, 250.0], "32": [431.17, 368.0, 300.0], "33": [535.5, 368.0, 300.0], "34": [628.3233812551795, 368.0, 200.0], "35": [738.83, 368.0, 200.0], "36": [826.5, 368.0, 250.0], "37": [904.17, 368.0, 200.0], "38": [1031.83, 368.0, 250.0], "39": [810.5, 368.0, 250.0], "40": [900.17, 368.0, 200.0], "41": [1028.83, 368.0, 250.0], "42": [240.83, 417.0, 200.0], "43": [307.5, 417.0, 150.0], "44": [372.5, 417.0, 250.0], "45": [480.83, 417.0, 400.0], "46": [593.922192223722, 417.0, 450.0], "47": [755.83, 417.0, 200.0], "48": [790.7734405703956, 417.0, 500.0], "49": [810.8408008387457, 417.0, 150.0], "50": [251.83, 417.0, 400.0], "51": [410.83, 417.0, 400.0], "52": [551.8762945186073, 417.0, 200.0], "53": [634.0569127604224, 417.0, 200.0], "54": [709.17, 417.0, 200.0], "55": [793.640206323017, 417.0, 450.0]}