{"0": [239.39882748286823, 169.0, 300.0], "1": [364.58093201400527, 169.0, 250.0], "2": [490.17, 169.0, 200.0], "3": [553.5, 169.0, 150.0], "4": [610.5, 169.0, 150.0], "5": [720.17, 169.0, 450.0], "6": [953.5, 169.0, 150.0], "7": [1013.4255806906622, 169.0, 150.0], "8": [261.3773649196327, 219.0, 350.0], "9": [483.5, 219.0, 450.0], "10": [647.83, 219.0, 500.0], "11": [795.17, 219.0, 150.0], "12": [955.5, 219.0, 450.0], "13": [241.17, 268.0, 150.0], "14": [314.8903256352333, 267.1484175791211, 300.0], "15": [415.2271269769844, 268.0, 300.0], "16": [511.17, 268.0, 200.0], "17": [714.3263538338233, 268.0, 400.0], "18": [839.5084583649603, 268.0, 300.0], "19": [1002.17, 268.0, 200.0], "20": [253.17, 318.0, 200.0], "21": [346.5, 318.0, 250.0], "22": [450.583904592649, 318.0, 300.0], "23": [564.2989461133003, 318.0, 300.0], "24": [650.17, 318.0, 200.0], "25": [752.83, 318.0, 200.0], "26": [818.5, 318.0, 250.0], "27": [909.2664250120825, 318.0, 200.0], "28": [1017.2479350274907, 318.0, 250.0], "29": [236.83, 368.0, 200.0], "30": [327.5, 368.0, 150.0], "31": [384.5, 368.0, 250.0], "32": [480.20715070307074, 368.0, 400.0], "33": [619.7230839973151, 368.0, 450.0], "34": [765.83, 368.0, 200.0], "35": [869.17, 368.0, 500.0], "36": [1033.4929409590125, 368.0, 150.0], "37": [262.83, 417.0, 400.0], "38": [419.83, 417.0, 400.0], "39": [553.17, 417.0, 200.0], "40": [646.83, 417.0, 200.0], "41": [733.17, 417.0, 200.0], "42": [808.9296236703315, 417.0, 450.0]}