{"1": [240.35441606707536, 169.0, 300.0], "2": [360.5, 169.0, 250.0], "3": [464.17, 169.0, 200.0], "4": [549.5, 169.0, 150.0], "5": [610.5, 169.0, 150.0], "6": [715.17, 169.0, 450.0], "7": [892.17, 169.0, 150.0], "8": [601.5, 169.0, 150.0], "9": [719.17, 169.0, 450.0], "10": [897.17, 169.0, 150.0], "11": [377.5, 219.0, 250.0], "12": [480.17, 219.0, 200.0], "13": [551.5, 219.0, 150.0], "14": [615.5, 219.0, 150.0], "15": [714.17, 219.0, 450.0], "16": [888.17, 219.0, 150.0], "17": [1010.5588149380408, 219.0, 150.0], "18": [246.17, 268.0, 350.0], "19": [372.22564068766246, 267.1484175791211, 150.0], "20": [462.05096760313484, 268.0, 450.0], "21": [635.83, 268.0, 500.0], "22": [769.17, 268.0, 150.0], "23": [842.17, 268.0, 150.0], "24": [937.5, 268.0, 450.0], "25": [215.5091128776894, 318.0, 150.0], "26": [291.9561996142616, 318.0, 300.0], "27": [411.17, 318.0, 300.0], "28": [508.17, 318.0, 200.0], "29": [686.6142848918158, 318.0, 400.0], "30": [843.83, 318.0, 300.0], "31": [238.17, 368.0, 200.0], "32": [339.5, 368.0, 250.0], "33": [431.17, 368.0, 300.0], "34": [535.5, 368.0, 300.0], "35": [628.3233812551795, 368.0, 200.0], "36": [738.83, 368.0, 200.0], "37": [826.5, 368.0, 250.0], "38": [904.17, 368.0, 200.0], "39": [1031.83, 368.0, 250.0], "40": [810.5, 368.0, 250.0], "41": [900.17, 368.0, 200.0], "42": [1028.83, 368.0, 250.0], "43": [240.83, 417.0, 200.0], "44": [307.5, 417.0, 150.0], "45": [372.5, 417.0, 250.0], "46": [480.83, 417.0, 400.0], "47": [593.922192223722, 417.0, 450.0], "48": [755.83, 417.0, 200.0], "49": [790.7734405703956, 417.0, 500.0], "50": [810.8408008387457, 417.0, 150.0], "51": [251.83, 417.0, 400.0], "52": [410.83, 417.0, 400.0], "53": [551.8762945186073, 417.0, 200.0], "54": [634.0569127604224, 417.0, 200.0], "55": [709.17, 417.0, 200.0], "56": [793.640206323017, 417.0, 450.0]}