{"0": [281.44472518798295, 169.0, 300.0], "1": [406.5, 169.0, 250.0], "2": [494.5409794661781, 169.0, 200.0], "3": [561.5, 169.0, 150.0], "4": [729.6157711811377, 169.0, 450.0], "5": [1015.3367578590764, 169.0, 150.0], "6": [305.3344397931618, 219.0, 350.0], "7": [401.5, 219.0, 150.0], "8": [1012.469992106455, 219.0, 150.0], "9": [259.4661877512184, 219.0, 350.0], "10": [715.2819424180304, 219.0, 450.0], "11": [968.5129172329259, 219.0, 150.0], "12": [1010.5588149380408, 219.0, 150.0], "13": [273.8000165143257, 268.0, 350.0], "14": [402.5, 268.0, 150.0], "15": [517.4751054871498, 268.0, 450.0], "16": [675.83, 268.0, 500.0], "17": [958.9570313908546, 268.0, 450.0], "18": [256.17, 268.0, 150.0], "19": [872.9540588122107, 268.0, 150.0], "20": [958.0014428066472, 268.0, 450.0], "21": [245.17, 318.0, 150.0], "22": [328.5, 318.0, 300.0], "23": [409.49359547174146, 317.7946125421002, 300.0], "24": [520.17, 318.0, 200.0], "25": [531.17, 318.0, 200.0], "26": [658.17, 318.0, 150.0], "27": [749.17, 318.0, 400.0], "28": [855.753464296482, 318.0, 300.0], "29": [262.17, 318.0, 150.0], "30": [293.86737678267593, 318.0, 300.0], "31": [408.5380068875343, 318.0, 300.0], "32": [528.17, 318.0, 200.0], "33": [653.1686844445655, 318.0, 150.0], "34": [741.17, 318.0, 400.0], "35": [853.8422871280676, 318.75020112630733, 300.0], "36": [1020.1147007801123, 318.0, 200.0], "37": [266.17, 368.0, 200.0], "38": [355.5, 368.0, 250.0], "39": [446.17, 368.0, 300.0], "40": [578.5, 368.0, 300.0], "41": [877.83, 368.0, 300.0], "42": [264.2441306722542, 368.4408075050793, 200.0], "43": [352.1582804193123, 368.0, 250.0], "44": [452.17, 368.0, 300.0], "45": [577.5, 368.0, 300.0], "46": [683.17, 368.0, 200.0], "47": [766.83, 368.0, 200.0], "48": [841.5, 368.0, 250.0], "49": [936.0229053698828, 368.0, 200.0], "50": [1035.4041181274267, 368.0, 250.0], "51": [265.83, 417.0, 200.0], "52": [412.5, 417.0, 250.0], "53": [507.83, 417.0, 400.0], "54": [661.17, 417.0, 450.0], "55": [797.4625606598456, 417.0, 500.0], "56": [269.02207359329, 417.0, 400.0], "57": [420.00506989802017, 417.0, 400.0], "58": [748.17, 417.0, 200.0], "59": [804.1516807492957, 417.0, 450.0]}