{"1" : [715.7, 512.8, 23.350130957866917], "3" : [807.7, 526.3, 282.3501309578669], "5" : [792.0, 536.1, 57.35013095786692], "7" : [1184.6, 515.8, 197.35013095786692], "9" : [963.7, 544.0, 585.3501309578669], "11" : [965.4, 534.7, 34.35013095786692], "13" : [801.9, 548.7, 167.35013095786692], "15" : [797.6, 550.7, 14.350130957866917], "17" : [739.9, 550.9, 371.3501309578669], "19" : [737.3, 550.1, 20.350130957866917], "21" : [814.4, 541.3, 232.35013095786692], "23" : [819.8, 539.1, 20.350130957866917], "25" : [918.4, 529.6, 219.35013095786692], "27" : [920.6, 529.5, 20.350130957866917], "29" : [985.6, 532.0, 302.3501309578669], "31" : [985.0, 538.0, 17.350130957866917], "33" : [1038.3, 535.5, 239.35013095786692], "35" : [1044.5, 533.7, 12.350130957866917], "37" : [1086.3, 530.5, 196.35013095786692], "39" : [1094.2, 529.2, 18.350130957866917], "41" : [1161.4, 520.2, 393.3501309578669], "43" : [1165.9, 520.8, 7.350130957866917], "45" : [1140.7, 523.9, 217.35013095786692], "47" : [1141.2, 523.1, 17.350130957866917], "49" : [1193.1, 512.3, 182.35013095786692]}