{"1" : [716.0413064492526, 351.42608617811516, 92.0], "3" : [714.5982319883897, 345.4199131336488, 226.0], "5" : [714.5982319883897, 345.4199131336488, 226.0], "7" : [695.1554617139215, 95.01680744156921, 119.0], "9" : [695.1554617139215, 95.01680744156921, 119.0], "11" : [549.4661029357364, 79.21299466228045, 177.0], "13" : [794.6320697374459, 18.393795450500598, 290.0], "15" : [794.6320697374459, 18.393795450500598, 290.0], "17" : [875.9523796573407, 19.88809574834274, 126.0], "19" : [874.8385167776416, 22.69481582187939, 135.0], "21" : [849.3373117066242, 28.125373841505642, 134.0], "23" : [569.4145170327995, 80.11854896026887, 248.0], "25" : [694.3267492361357, 82.2636934737855, 157.0], "27" : [640.7616953637868, 82.69593119524615, 295.0], "29" : [704.2894131593376, 86.05411865267172, 170.0], "31" : [801.3791473137862, 92.96936222254897, 235.0], "33" : [801.3791473137862, 92.96936222254897, 235.0], "35" : [801.3791473137862, 92.96936222254897, 235.0], "37" : [753.0556902429275, 88.77520475280868, 246.0], "39" : [786.8303536425133, 98.92857485069169, 224.0], "41" : [786.8303536425133, 98.92857485069169, 224.0], "43" : [937.1810827928625, 100.97807764729127, 333.0], "45" : [937.1810827928625, 100.97807764729127, 333.0], "47" : [984.8546953725722, 98.52154944737686, 181.0], "49" : [984.8546953725722, 98.52154944737686, 181.0], "51" : [990.2428056802954, 93.44351060065573, 285.0], "53" : [990.2428056802954, 93.44351060065573, 285.0], "55" : [1097.718267522765, 90.92167321543556, 323.0], "57" : [659.9006068704929, 140.26605617573503, 165.0], "59" : [663.6812189254736, 137.4776611815268, 197.0], "61" : [655.2893269215691, 125.01106838103479, 253.0], "63" : [655.2893269215691, 125.01106838103479, 253.0], "65" : [738.8414137587476, 134.8252516606914, 99.0], "67" : [738.8414137587476, 134.8252516606914, 99.0], "69" : [739.8084583107919, 134.7034846154318, 201.0], "71" : [739.8084583107919, 134.7034846154318, 201.0], "73" : [866.6449758166606, 143.68037853278054, 209.0], "75" : [825.47272924778, 143.83883937561401, 121.0], "77" : [828.4685718430703, 141.86428183772844, 70.0], "79" : [975.4178751822013, 131.1642440354771, 179.0], "81" : [975.4178751822013, 131.1642440354771, 179.0], "83" : [932.6887700223064, 135.42753801583666, 276.0], "85" : [629.3202590929131, 167.60905300634312, 232.0], "87" : [591.7103600253312, 158.54404213925702, 193.0], "89" : [714.7290315998522, 170.29354948880007, 93.0], "91" : [716.2085552607108, 171.77807433336395, 187.0], "93" : [666.2825315105565, 164.31353464675456, 229.0], "95" : [666.2825315105565, 164.31353464675456, 229.0], "97" : [743.3904198950228, 167.0103448487594, 261.0], "99" : [743.3904198950228, 167.0103448487594, 261.0], "101" : [809.6326344569079, 167.3619270790994, 239.0], "103" : [809.6326344569079, 167.3619270790994, 239.0], "105" : [904.7195495777069, 181.3067674540423, 133.0], "107" : [868.1672896491153, 168.84486136962826, 107.0], "109" : [868.1672896491153, 168.84486136962826, 107.0], "111" : [869.226119740161, 163.99253324359415, 134.0], "113" : [869.226119740161, 163.99253324359415, 134.0], "115" : [985.3037204945656, 169.40082788592514, 242.0], "117" : [1058.9366934182317, 143.93956473703307, 139.0], "119" : [1061.4265087218846, 145.23132373231982, 83.0], "121" : [668.4782091850228, 199.7155646073596, 257.0], "123" : [649.7861524967858, 198.76538679629755, 130.0], "125" : [732.8782595844298, 199.50579813159345, 207.0], "127" : [977.1530301628283, 185.87045464863417, 264.0], "129" : [860.4420002924543, 195.7865743674755, 350.0], "131" : [929.2402268231007, 194.27977385832983, 440.0], "133" : [588.7246671699767, 246.9076676338659, 300.0], "135" : [577.0514574464175, 245.7990290310851, 103.0], "137" : [680.3619254562835, 252.42761647292997, 239.0], "139" : [633.894787526491, 251.9336514595334, 211.0], "141" : [771.2853081468335, 258.8037912669303, 211.0], "143" : [771.2853081468335, 258.8037912669303, 211.0], "145" : [771.2853081468335, 258.8037912669303, 211.0], "147" : [738.1200024291934, 259.36450232972834, 200.0], "149" : [738.1200024291934, 259.36450232972834, 200.0], "151" : [738.1200024291934, 259.36450232972834, 200.0], "153" : [847.850115513086, 254.7152434219719, 433.0], "155" : [830.6060608280658, 261.49166745107726, 132.0], "157" : [830.6060608280658, 261.49166745107726, 132.0], "159" : [931.8313258895661, 272.3313282153546, 83.0], "161" : [927.547904003392, 269.7011988413532, 167.0], "163" : [1040.930366668421, 258.3397916974093, 191.0], "165" : [1040.930366668421, 258.3397916974093, 191.0], "167" : [966.6313697717903, 255.91960668871602, 204.0], "169" : [966.6313697717903, 255.91960668871602, 204.0], "171" : [932.6275364630766, 261.92970915770974, 138.0], "173" : [932.6275364630766, 261.92970915770974, 138.0], "175" : [1009.1240145746463, 272.16594908819036, 279.0], "177" : [1097.4750754735114, 264.3237383393042, 337.0], "179" : [1067.4070957371846, 265.80193386834117, 155.0], "181" : [1067.4070957371846, 265.80193386834117, 155.0], "183" : [712.8631622472717, 324.19079116280295, 76.0], "185" : [712.8631622472717, 324.19079116280295, 76.0], "187" : [712.8631622472717, 324.19079116280295, 76.0], "189" : [712.8631622472717, 324.19079116280295, 76.0], "191" : [714.2113387804578, 322.7558711800851, 247.0], "193" : [714.2113387804578, 322.7558711800851, 247.0], "195" : [714.2113387804578, 322.7558711800851, 247.0], "197" : [714.2113387804578, 322.7558711800851, 247.0], "199" : [620.9134397505786, 338.7903216138649, 186.0], "201" : [749.0453773134609, 306.527309143885, 476.0], "203" : [870.2293526626735, 312.0600669238952, 293.0], "205" : [870.2293526626735, 312.0600669238952, 293.0], "207" : [1009.5577899698128, 298.71055462267964, 199.0], "209" : [1009.5577899698128, 298.71055462267964, 199.0], "211" : [1009.5577899698128, 298.71055462267964, 199.0], "213" : [975.2815484520311, 297.62143047562256, 168.0], "215" : [975.2815484520311, 297.62143047562256, 168.0], "217" : [580.2595741792643, 329.3765938559362, 282.0], "219" : [668.3060489552523, 345.3415343052814, 248.0], "221" : [617.8909582191652, 335.17231769724634, 177.0], "223" : [788.3901954806092, 327.5690199417964, 255.0], "225" : [788.3901954806092, 327.5690199417964, 255.0], "227" : [733.5121730673987, 331.9504348138659, 230.0], "229" : [733.5121730673987, 331.9504348138659, 230.0], "231" : [932.7061990866613, 337.58594986937027, 242.0], "233" : [904.3196925976465, 340.40772046609356, 259.0], "235" : [1053.5344841455733, 325.75862250891925, 116.0], "237" : [1054.0122792378145, 322.35701828368303, 114.0], "239" : [959.338423658153, 333.9270951484997, 203.0], "241" : [959.338423658153, 333.9270951484997, 203.0], "243" : [959.338423658153, 333.9270951484997, 203.0], "245" : [983.5919988832784, 340.25599848992715, 250.0], "247" : [1077.5034630963778, 318.1090910740153, 231.0], "249" : [676.3438902686329, 342.55055449800346, 180.0], "251" : [679.4926452359485, 341.34558778647687, 68.0], "253" : [648.6614126348517, 335.76473181492776, 241.0], "255" : [724.6205279525238, 335.65231873108695, 151.0], "257" : [778.8714260286664, 354.7871420498777, 70.0], "259" : [774.7879631654964, 350.7398127996742, 108.0], "261" : [843.739147685723, 362.33950164668005, 281.0], "263" : [922.9207687235543, 364.21115513859047, 260.0], "265" : [994.942854892453, 357.7627710962314, 231.0], "267" : [601.8681796037665, 405.198635481686, 220.0], "269" : [639.7388897174447, 411.9811082485793, 180.0], "271" : [751.1724135856372, 425.0507412875546, 203.0], "273" : [751.1724135856372, 425.0507412875546, 203.0], "275" : [706.5099993041664, 416.01666799492375, 240.0], "277" : [903.6926660980042, 428.9737445383862, 259.0], "279" : [903.6926660980042, 428.9737445383862, 259.0], "281" : [881.5259732261168, 427.15519885375664, 154.0], "283" : [881.5259732261168, 427.15519885375664, 154.0], "285" : [779.319446003923, 427.0500063680845, 72.0], "287" : [779.319446003923, 427.0500063680845, 72.0], "289" : [782.0266674426913, 427.65466858000826, 150.0],