{"1" : [764.546730562217, 168.77196100466327, 214.0], "3" : [612.7104474087288, 60.00895348427141, 67.0], "5" : [612.7104474087288, 60.00895348427141, 67.0], "7" : [664.8728822710252, 66.41864403135367, 59.0], "9" : [664.8728822710252, 66.41864403135367, 59.0], "11" : [662.917345254322, 79.21156040535747, 173.0], "13" : [662.917345254322, 79.21156040535747, 173.0], "15" : [752.3746328961163, 82.72536594732476, 205.0], "17" : [757.8166656570102, 78.49333626351951, 60.0], "19" : [915.8341950391595, 91.08342163235038, 193.0], "21" : [898.7296742948304, 82.43048770789345, 246.0], "23" : [898.7296742948304, 82.43048770789345, 246.0], "25" : [1002.1332208228856, 92.77434260397105, 304.0], "27" : [1002.1332208228856, 92.77434260397105, 304.0], "29" : [963.6590471222672, 91.38381311821975, 105.0], "31" : [641.6962970363631, 100.85370465831737, 54.0], "33" : [641.6962970363631, 100.85370465831737, 54.0], "35" : [653.665106017748, 108.9242537598521, 235.0], "37" : [830.0154336417179, 123.07248296822955, 149.0], "39" : [815.0892883099978, 115.23928699921794, 56.0], "41" : [812.2542867163728, 110.23714833440188, 70.0], "43" : [922.959110200463, 107.81155776197215, 225.0], "45" : [961.2219246335867, 104.53903634541707, 187.0], "47" : [961.2219246335867, 104.53903634541707, 187.0], "49" : [999.4436245101482, 109.94698482098184, 149.0], "51" : [903.1312180755581, 107.85449842069245, 189.0], "53" : [903.1312180755581, 107.85449842069245, 189.0], "55" : [708.2237219938119, 123.77209420637992, 215.0], "57" : [708.2237219938119, 123.77209420637992, 215.0], "59" : [702.8535592331198, 141.05694635603214, 295.0], "61" : [862.4264995678362, 155.74700094726543, 200.0], "63" : [877.6223895096467, 146.69627030030486, 134.0], "65" : [877.6223895096467, 146.69627030030486, 134.0], "67" : [998.6206000739921, 146.1369095112673, 233.0], "69" : [969.6489175312532, 138.84172405466205, 139.0], "71" : [969.6489175312532, 138.84172405466205, 139.0], "73" : [709.174660711159, 182.495206795819, 146.0], "75" : [758.0313965710304, 192.01744215771717, 172.0], "77" : [851.9466674378524, 200.44982410328285, 285.0], "79" : [809.6668829247301, 184.89545558700647, 308.0], "81" : [894.9521014847875, 176.5470619497104, 119.0], "83" : [894.9521014847875, 176.5470619497104, 119.0], "85" : [1024.263350795228, 184.8188488783993, 191.0], "87" : [998.3527509676347, 176.3477110556735, 218.0], "89" : [699.5764333442493, 227.6764340741092, 157.0], "91" : [769.3405547459356, 235.37722247635543, 180.0], "93" : [769.3405547459356, 235.37722247635543, 180.0], "95" : [830.5083869214642, 236.76064436276286, 310.0], "97" : [946.188333731231, 236.89366616840667, 300.0], "99" : [1073.1659234681692, 241.7530722333962, 179.0], "101" : [1072.9543070804348, 245.8586227376036, 116.0], "103" : [662.5546526212648, 264.66395214129415, 86.0], "105" : [662.5546526212648, 264.66395214129415, 86.0], "107" : [662.5546526212648, 264.66395214129415, 86.0], "109" : [662.5546526212648, 264.66395214129415, 86.0], "111" : [663.5518525708885, 268.3870376944765, 54.0], "113" : [663.5518525708885, 268.3870376944765, 54.0], "115" : [635.3886351748254, 265.45625212114123, 176.0], "117" : [635.3886351748254, 265.45625212114123, 176.0], "119" : [656.5035709302739, 251.81309773915922, 84.0], "121" : [656.5035709302739, 251.81309773915922, 84.0], "123" : [735.25464672473, 256.36321628385275, 280.0], "125" : [723.2015238386042, 253.48473321028118, 262.0], "127" : [846.4350013113462, 267.2283359754575, 120.0], "129" : [846.4350013113462, 267.2283359754575, 120.0], "131" : [848.2063158103723, 271.19683925382554, 95.0], "133" : [889.4705249698911, 273.6168440337149, 95.0], "135" : [807.063638573942, 259.34132292012873, 121.0], "137" : [807.063638573942, 259.34132292012873, 121.0], "139" : [812.2474088385309, 259.15629778502364, 135.0], "141" : [812.2474088385309, 259.15629778502364, 135.0], "143" : [1015.3317700091458, 272.17031397072424, 192.0], "145" : [985.2822745081312, 265.7976591981926, 299.0], "147" : [985.2822745081312, 265.7976591981926, 299.0], "149" : [997.0645143957972, 270.8912458863063, 217.0], "151" : [997.0645143957972, 270.8912458863063, 217.0], "153" : [789.3415078278983, 283.72704417935813, 159.0], "155" : [749.6805401051797, 297.6724334898455, 185.0], "157" : [749.6805401051797, 297.6724334898455, 185.0], "159" : [729.1960043716423, 286.6028555470491, 175.0], "161" : [710.7111749385276, 293.42793464521617, 179.0], "163" : [710.7111749385276, 293.42793464521617, 179.0], "165" : [731.7455479841351, 291.7094112903119, 202.0], "167" : [731.7455479841351, 291.7094112903119, 202.0], "169" : [798.2340196790184, 287.0608204618977, 194.0], "171" : [793.8051720479519, 292.6431071604045, 58.0], "173" : [793.8051720479519, 292.6431071604045, 58.0], "175" : [812.8204319209216, 292.9306467741965, 186.0], "177" : [812.8204319209216, 292.9306467741965, 186.0], "179" : [813.8067443476533, 300.5640448098448, 89.0], "181" : [813.8067443476533, 300.5640448098448, 89.0], "183" : [908.557768724828, 303.65378364209414, 251.0], "185" : [946.2415253933714, 303.9177975431151, 118.0], "187" : [1049.5787980761745, 304.6282662907901, 283.0], "189" : [676.4901650200142, 350.00860615641574, 244.0], "191" : [692.6986287636918, 348.81096027128257, 73.0], "193" : [692.6986287636918, 348.81096027128257, 73.0], "195" : [821.260190519557, 357.99526150856354, 211.0], "197" : [870.9547037238787, 361.62882550947205, 170.0], "199" : [870.9547037238787, 361.62882550947205, 170.0], "201" : [878.6475549748485, 359.5951051870539, 286.0], "203" : [1016.8134287428478, 365.2832080490796, 268.0], "205" : [758.7849733008223, 402.89190669912364, 173.0], "207" : [748.924462218701, 391.9210296155261, 233.0], "209" : [894.5227829480326, 393.42307718251647, 338.0], "211" : [911.8666671311112, 391.8784322194534, 204.0], "213" : [1043.394157878005, 397.7782599599198, 736.0], "215" : [696.0326080598923, 396.52826210098283, 92.0], "217" : [648.9316862970371, 409.49703030709327, 101.0], "219" : [694.0422596910634, 404.8398805080269, 168.0], "221" : [815.8966768169265, 413.40221604720045, 361.0], "223" : [822.3958635421087, 412.89724160209704, 145.0], "225" : [963.3650005477391, 426.9562541237938, 240.0], "227" : [963.3650005477391, 426.9562541237938, 240.0], "229" : [946.8010401508835, 420.71562478260455, 192.0], "231" : [1063.1141189818359, 426.3576509712711, 170.0], "233" : [761.7400031177461, 441.852494698998, 200.0], "235" : [819.6156637335013, 449.66566209280285, 166.0], "237" : [823.1011034504235, 448.88406697526034, 182.0], "239" : [994.1140583072097, 462.4921851554923, 64.0], "241" : [994.1140583072097, 462.4921851554923, 64.0], "243" : [974.4016390618494, 470.5122947153649, 122.0], "245" : [956.3070184141991, 466.5746379075555, 627.0], "247" : [1067.4593888116763, 474.187337318992, 229.0], "249" : [1038.9771408802378, 468.49714308948086, 70.0], "251" : [699.1457693535831, 516.1676590283989, 201.0], "253" : [699.1457693535831, 516.1676590283989, 201.0], "255" : [754.2295353377522, 520.3471477511678, 193.0], "257" : [718.7819671137892, 512.9381139348692, 244.0], "259" : [839.7118042474771, 526.3180309172214, 305.0], "261" : [684.0740018803612, 559.1553349169444, 150.0], "263" : [658.0841673536609, 555.1979177073401, 240.0], "265" : [653.4195546294987, 568.3210380773836, 404.0], "267" : [654.6462805887154, 574.1904949953905, 242.0], "269" : [765.2766129009253, 581.9722030785382, 295.0], "271" : [846.1007795799104, 578.3902703056185, 257.0], "273" : [891.4000001000325, 579.9555547460011, 198.0], "275" : [1044.7856169980203, 584.9643826359495, 146.0], "277" : [1045.6718741719512, 581.5744779623082, 192.0], "279" : [1089.6301498512973, 589.274998536919, 136.0], "281" : [1089.6301498512973, 589.274998536919, 136.0], "283" : [729.1831259107483, 606.1185656608192, 237.0], "285" : [729.1831259107483, 606.1185656608192, 237.0], "287" : [675.0517490997647, 603.776654935621, 257.0], "289" : [687.8089191658903, 601.3140137728114, 157.0],