{"1" : [681.9736847583829, 92.38420997268236, 152.0], "3" : [681.9736847583829, 92.38420997268236, 152.0], "5" : [858.7275841497305, 60.937931173800116, 174.0], "7" : [636.1097307626648, 113.7332215506668, 298.0], "9" : [731.9193061009477, 100.22432381104115, 259.0], "11" : [731.9193061009477, 100.22432381104115, 259.0], "13" : [731.9193061009477, 100.22432381104115, 259.0], "15" : [774.4922618254885, 91.65298035080875, 168.0], "17" : [774.4922618254885, 91.65298035080875, 168.0], "19" : [774.4922618254885, 91.65298035080875, 168.0], "21" : [835.8028845705268, 85.56875176453829, 208.0], "23" : [840.4447785546876, 86.85373296480003, 67.0], "25" : [990.6695200946558, 89.21541217324696, 292.0], "27" : [1041.1573783585925, 85.68809518725969, 420.0], "29" : [1125.452980141673, 74.1721876311076, 151.0], "31" : [730.017203437728, 81.96305996355198, 157.0], "33" : [730.017203437728, 81.96305996355198, 157.0], "35" : [694.5910239058122, 93.61795194608115, 78.0], "37" : [694.5910239058122, 93.61795194608115, 78.0], "39" : [696.1852938767132, 106.32646921262435, 102.0], "41" : [797.4954247891908, 128.72156493812832, 153.0], "43" : [797.4954247891908, 128.72156493812832, 153.0], "45" : [797.4954247891908, 128.72156493812832, 153.0], "47" : [889.9793376993575, 127.0499971095584, 392.0], "49" : [889.9793376993575, 127.0499971095584, 392.0], "51" : [979.3762835512042, 116.48621851123558, 312.0], "53" : [1011.3370574442962, 113.48375554398746, 197.0], "55" : [953.1052237120733, 120.14029841434757, 134.0], "57" : [900.9335272275091, 118.75664993157318, 173.0], "59" : [900.9335272275091, 118.75664993157318, 173.0], "61" : [1001.2407390381617, 116.99036858218949, 270.0], "63" : [638.6434789503779, 167.60435075622135, 115.0], "65" : [638.6434789503779, 167.60435075622135, 115.0], "67" : [637.8398644337861, 169.16148638380685, 148.0], "69" : [732.6534599898225, 164.82955694887508, 159.0], "71" : [732.6534599898225, 164.82955694887508, 159.0], "73" : [810.8529914455581, 154.4423067877815, 234.0], "75" : [902.1343300046251, 143.77910315739436, 134.0], "77" : [964.2782814942624, 143.68433965157317, 198.0], "79" : [964.2782814942624, 143.68433965157317, 198.0], "81" : [1034.6078705463915, 139.1666641630606, 216.0], "83" : [1071.306020548351, 133.32289006887888, 83.0], "85" : [1073.4756554167204, 131.82434611985332, 115.0], "87" : [736.5613425305226, 171.8899614039204, 269.0], "89" : [721.2060317663514, 166.18361962055366, 116.0], "91" : [721.2060317663514, 166.18361962055366, 116.0], "93" : [721.2060317663514, 166.18361962055366, 116.0], "95" : [880.0636394323004, 154.40625045080714, 176.0], "97" : [880.0636394323004, 154.40625045080714, 176.0], "99" : [995.8403838402618, 156.10384638540538, 52.0], "101" : [993.6743891383381, 169.0207306005455, 82.0], "103" : [934.9601762301763, 172.27522188209235, 226.0], "105" : [975.9303675275725, 164.3874024374907, 135.0], "107" : [975.9303675275725, 164.3874024374907, 135.0], "109" : [766.0111990414897, 175.4425410034681, 268.0], "111" : [703.1835052238138, 176.93402227273688, 291.0], "113" : [703.1835052238138, 176.93402227273688, 291.0], "115" : [663.7371338986245, 195.60037012756987, 272.0], "117" : [752.7035868371241, 187.05470808031342, 223.0], "119" : [834.0003682842329, 199.1394855769439, 271.0], "121" : [970.2753175290627, 236.32638194107312, 235.0], "123" : [970.2753175290627, 236.32638194107312, 235.0], "125" : [974.273832943636, 244.1453294317868, 214.0], "127" : [1036.6388121242862, 251.85864234479948, 353.0], "129" : [1077.3635249091699, 248.6572337409825, 159.0], "131" : [683.7970180919416, 273.4880598854517, 67.0], "133" : [686.0192545004434, 275.75561475524637, 187.0], "135" : [748.8404672725482, 282.42451126392234, 257.0], "137" : [682.2439458377552, 279.9053809006865, 223.0], "139" : [777.3277369360684, 284.3970786442573, 137.0], "141" : [864.6204205471882, 290.1964781277247, 142.0], "143" : [864.6204205471882, 290.1964781277247, 142.0], "145" : [926.6922153328496, 296.8473055891832, 167.0], "147" : [926.6922153328496, 296.8473055891832, 167.0], "149" : [1008.3294990097639, 251.56475132943177, 139.0], "151" : [622.4240709774049, 280.0562962487261, 270.0], "153" : [619.7412813154727, 297.2174358678896, 109.0], "155" : [619.7412813154727, 297.2174358678896, 109.0], "157" : [723.057039059681, 332.39718231575176, 142.0], "159" : [723.057039059681, 332.39718231575176, 142.0], "161" : [801.9082964900668, 332.4764570487099, 446.0], "163" : [801.9082964900668, 332.4764570487099, 446.0], "165" : [801.9082964900668, 332.4764570487099, 446.0], "167" : [898.1576642841131, 320.65621384276074, 137.0], "169" : [898.1576642841131, 320.65621384276074, 137.0], "171" : [969.6582529310556, 321.7922072056084, 218.0], "173" : [1042.2441481654007, 316.7632965261725, 376.0], "175" : [1092.7650615444493, 313.25742672400264, 249.0], "177" : [717.6531649054709, 335.5202529999676, 237.0], "179" : [717.2877044502201, 330.1336048548524, 122.0], "181" : [717.2877044502201, 330.1336048548524, 122.0], "183" : [717.2877044502201, 330.1336048548524, 122.0], "185" : [830.3630083799467, 319.0560708254823, 173.0], "187" : [896.2021519147106, 344.8419358795963, 93.0], "189" : [897.2283338270071, 346.7983335037606, 60.0], "191" : [967.6698538655791, 343.8185507679823, 345.0], "193" : [967.6698538655791, 343.8185507679823, 345.0], "195" : [1000.4397842201763, 350.03010944560805, 93.0], "197" : [652.9090218241753, 399.72894909705803, 266.0], "199" : [691.3756326283831, 403.48883229601176, 197.0], "201" : [764.4895105379986, 400.64506327357907, 162.0], "203" : [829.046578195206, 397.0986318677367, 146.0], "205" : [910.6902030998027, 395.8459467970567, 296.0], "207" : [963.8637388641993, 398.5512745777794, 353.0], "209" : [1012.9600015499626, 398.8251417641345, 175.0], "211" : [1056.7697063458152, 395.1918718425186, 406.0], "213" : [1000.0223019818939, 397.4002402044666, 417.0], "215" : [1000.0223019818939, 397.4002402044666, 417.0], "217" : [673.908171346676, 415.68942397947893, 208.0], "219" : [673.908171346676, 415.68942397947893, 208.0], "221" : [748.8909421728431, 409.7387664736215, 276.0], "223" : [738.8211752699414, 406.94369391549026, 222.0], "225" : [821.9597809614506, 406.0764490336994, 276.0], "227" : [882.2886064695377, 407.96771970030665, 158.0], "229" : [963.7524597472277, 411.1729448924557, 244.0], "231" : [640.3158482389119, 430.8863367435434, 183.0], "233" : [640.3158482389119, 430.8863367435434, 183.0], "235" : [666.5079971262575, 467.1626679060345, 75.0], "237" : [762.0273870453367, 460.58672245657147, 241.0], "239" : [830.3688664294045, 451.4787732247375, 212.0], "241" : [876.7092930875591, 451.2115251702712, 269.0], "243" : [876.7092930875591, 451.2115251702712, 269.0], "245" : [993.4497260835018, 456.49405820395, 185.0], "247" : [993.4497260835018, 456.49405820395, 185.0], "249" : [993.4497260835018, 456.49405820395, 185.0], "251" : [661.006342456223, 491.0492698628485, 205.0], "253" : [661.006342456223, 491.0492698628485, 205.0], "255" : [725.5904759459725, 490.7619070891708, 210.0], "257" : [725.5904759459725, 490.7619070891708, 210.0], "259" : [703.8337764517066, 491.54967046392204, 151.0], "261" : [703.8337764517066, 491.54967046392204, 151.0], "263" : [703.8337764517066, 491.54967046392204, 151.0], "265" : [780.9376046674697, 486.7769226952823, 117.0], "267" : [875.793116565271, 488.4811592494249, 276.0], "269" : [875.793116565271, 488.4811592494249, 276.0], "271" : [956.6357165063845, 495.36499718186536, 140.0], "273" : [956.6357165063845, 495.36499718186536, 140.0], "275" : [992.5174506896989, 491.56509506924147, 212.0], "277" : [992.5174506896989, 491.56509506924147, 212.0], "279" : [992.5174506896989, 491.56509506924147, 212.0], "281" : [664.7928571885627, 556.7378621015066, 140.0], "283" : [886.3870719568878, 531.8060837486024, 263.0], "285" : [1001.647655360208, 529.7144703760139, 235.0], "287" : [927.5388865356874, 526.3351852953965, 54.0], "289" : [657.6922143452865, 564.5467061615037, 167.0],