{"1" : [668.3721285409064, 85.87049222455362, 61.0], "3" : [672.6780687978774, 86.55000146037275, 114.0], "5" : [592.6720214071055, 69.20119253255726, 168.0], "7" : [860.4366405705023, 19.162598483972186, 131.0], "9" : [859.0685527054496, 24.413206880074338, 159.0], "11" : [732.2703973475196, 86.34473951180277, 152.0], "13" : [732.2703973475196, 86.34473951180277, 152.0], "15" : [684.0948587852082, 82.26628489179181, 175.0], "17" : [812.3111128271416, 68.3283981949296, 162.0], "19" : [644.2275286123637, 109.03764273305046, 178.0], "21" : [646.3661030960325, 112.72033988770154, 59.0], "23" : [808.5094200565181, 100.42463762515548, 138.0], "25" : [808.5094200565181, 100.42463762515548, 138.0], "27" : [768.3090932143095, 103.24350611417209, 154.0], "29" : [886.6248647520005, 92.02919088762523, 185.0], "31" : [886.6248647520005, 92.02919088762523, 185.0], "33" : [736.3164204612963, 139.04775826354347, 134.0], "35" : [675.4634740172663, 163.55748216100275, 167.0], "37" : [675.4634740172663, 163.55748216100275, 167.0], "39" : [675.4634740172663, 163.55748216100275, 167.0], "41" : [783.254775908652, 154.4496818603791, 157.0], "43" : [783.254775908652, 154.4496818603791, 157.0], "45" : [868.7058830575448, 146.6867651684436, 204.0], "47" : [1015.0245968821171, 120.14193371746468, 248.0], "49" : [862.556078550845, 141.8086253443399, 255.0], "51" : [1005.5034185432572, 112.06837753228058, 117.0], "53" : [599.8944064302294, 237.9335645185689, 143.0], "55" : [714.4865856841444, 232.57723639621796, 246.0], "57" : [753.9871507442517, 232.79664772778168, 179.0], "59" : [827.1478928300111, 225.337650644623, 332.0], "61" : [935.2600012044487, 199.094288001849, 175.0], "63" : [663.8802829164462, 268.3718313310791, 142.0], "65" : [663.8802829164462, 268.3718313310791, 142.0], "67" : [661.6840031463146, 272.2640016173322, 75.0], "69" : [661.6840031463146, 272.2640016173322, 75.0], "71" : [734.1950944538005, 264.25214665188577, 163.0], "73" : [734.1950944538005, 264.25214665188577, 163.0], "75" : [734.1950944538005, 264.25214665188577, 163.0], "77" : [734.1950944538005, 264.25214665188577, 163.0], "79" : [809.3323092912151, 251.64000157055366, 195.0], "81" : [912.6379449417548, 239.03258887689307, 224.0], "83" : [672.2534883254328, 292.7876004331042, 129.0], "85" : [672.2534883254328, 292.7876004331042, 129.0], "87" : [584.3428568088399, 302.6297142145287, 175.0], "89" : [699.280596296916, 297.3144300715939, 201.0], "91" : [699.280596296916, 297.3144300715939, 201.0], "93" : [768.4566209055432, 294.7552519222059, 219.0], "95" : [768.4566209055432, 294.7552519222059, 219.0], "97" : [851.6925890029373, 282.4259239491309, 54.0], "99" : [856.3337812226928, 283.9114848892425, 148.0], "101" : [977.6766498042759, 267.7939117479623, 197.0], "103" : [977.6766498042759, 267.7939117479623, 197.0], "105" : [1072.999999410167, 249.14838911341124, 186.0], "107" : [698.7433682977381, 322.97755121351236, 196.0], "109" : [698.7433682977381, 322.97755121351236, 196.0], "111" : [698.7433682977381, 322.97755121351236, 196.0], "113" : [773.516090828903, 321.3063239333255, 174.0], "115" : [882.1791534962948, 310.94078218482514, 331.0], "117" : [832.221175267216, 308.3917627531972, 170.0], "119" : [986.9951808006169, 289.07590100084224, 166.0], "121" : [1041.825529931777, 281.0914850857762, 94.0], "123" : [1045.7607738733946, 280.5336990531403, 181.0], "125" : [961.8820178429667, 290.44999943759365, 228.0], "127" : [961.8820178429667, 290.44999943759365, 228.0], "129" : [780.9159223822107, 403.14458588959735, 157.0], "131" : [676.3840002448793, 413.53600285501574, 175.0], "133" : [676.3840002448793, 413.53600285501574, 175.0], "135" : [758.6721333121305, 410.9786842926434, 122.0], "137" : [827.8106584964578, 413.83918492598184, 319.0], "139" : [1006.1539200546753, 400.87601000303505, 421.0], "141" : [1006.1539200546753, 400.87601000303505, 421.0], "143" : [640.9928144421149, 444.1796407917989, 167.0], "145" : [604.2924844578412, 456.0491363077146, 173.0], "147" : [682.9422616400261, 447.4946435759384, 168.0], "149" : [765.9344753088325, 443.1931680826013, 293.0], "151" : [844.8930621651531, 440.127754877137, 245.0], "153" : [759.4572246152273, 442.10610564879755, 180.0], "155" : [896.5456234933923, 439.9442389558584, 217.0], "157" : [1043.7655172266197, 432.8793116698183, 87.0], "159" : [1043.7655172266197, 432.8793116698183, 87.0], "161" : [714.234902388462, 479.52415896102514, 149.0], "163" : [790.6235795638873, 475.8052427476333, 229.0], "165" : [877.3967737743991, 470.3953899363639, 217.0], "167" : [966.4623006994467, 469.29528744326024, 191.0], "169" : [1010.0000008371223, 471.52278105852014, 158.0], "171" : [656.8878584445308, 566.1921428223881, 140.0], "173" : [785.7817258725047, 529.9482242275081, 197.0], "175" : [881.6802747932068, 526.3573374380082, 218.0], "177" : [786.1797066423567, 530.6980698935922, 207.0], "179" : [610.277501646982, 570.818498006213, 200.0], "181" : [707.9628283350839, 567.0659691020795, 191.0], "183" : [690.7738530176766, 569.647704631864, 218.0], "185" : [763.9364759935352, 564.2348369422025, 244.0], "187" : [831.2539662971886, 563.1079383007553, 63.0], "189" : [833.170747172812, 565.54693865445, 147.0], "191" : [906.5505636827025, 563.4382039697709, 89.0], "193" : [910.2504364215721, 564.5573905184426, 115.0], "195" : [979.612630796228, 564.3505260262018, 95.0], "197" : [984.11473726392, 563.8357899207058, 95.0], "199" : [984.11473726392, 563.8357899207058, 95.0], "201" : [1051.1526579233523, 565.4606200542901, 226.0], "203" : [1078.768417192552, 564.6894725039319, 133.0], "205" : [636.022727775796, 602.0713653733545, 220.0], "207" : [729.4466995718349, 593.2643210296787, 227.0], "209" : [729.4466995718349, 593.2643210296787, 227.0], "211" : [729.4466995718349, 593.2643210296787, 227.0], "213" : [814.9907551750766, 590.9742081869488, 411.0], "215" : [814.9907551750766, 590.9742081869488, 411.0], "217" : [919.8136633943385, 585.391304357909, 161.0], "219" : [888.1678553499155, 586.1457149742049, 140.0], "221" : [1052.5801314417695, 591.5956963027737, 302.0], "223" : [1052.5801314417695, 591.5956963027737, 302.0], "225" : [677.5339419006012, 626.9181800163869, 165.0], "227" : [677.5339419006012, 626.9181800163869, 165.0], "229" : [639.8862516587263, 633.9306235041365, 160.0], "231" : [639.8862516587263, 633.9306235041365, 160.0], "233" : [767.320691021558, 624.5471297114153, 174.0], "235" : [767.320691021558, 624.5471297114153, 174.0], "237" : [860.2136129972397, 617.4790559874727, 191.0], "239" : [818.3648141809814, 621.1750007978362, 108.0], "241" : [818.3648141809814, 621.1750007978362, 108.0], "243" : [913.2379053612071, 616.7130722357405, 153.0], "245" : [913.2379053612071, 616.7130722357405, 153.0], "247" : [1002.078240025848, 622.7171298413818, 216.0], "249" : [1002.078240025848, 622.7171298413818, 216.0], "251" : [1002.078240025848, 622.7171298413818, 216.0], "253" : [1028.8124252552898, 631.7254634010194, 161.0], "255" : [600.1848492070861, 720.4227278628025, 66.0], "257" : [754.321686169967, 690.8192770853977, 166.0], "259" : [829.5241389612862, 681.7955665805813, 203.0], "261" : [937.1659577641587, 685.2995748299518, 235.0], "263" : [893.5495015212704, 681.1014994288499, 200.0], "265" : [1039.847776425534, 686.3961119251602, 180.0], "267" : [680.0064100517461, 725.8683760856989, 234.0], "269" : [776.7350639389524, 724.6649357058916, 154.0], "271" : [778.1328568880934, 724.2549992177318, 140.0], "273" : [1041.8377344106498, 727.4070746762532, 212.0], "275" : [1032.8196704959985, 722.5357379868567, 305.0], "277" : [901.3685502741585, 720.1379046657748, 124.0], "279" : [901.3685502741585, 720.1379046657748, 124.0], "281" : [645.0171336985658, 760.6839164359607, 286.0], "283" : [645.0171336985658, 760.6839164359607, 286.0], "285" : [731.4720014901241, 749.812002414197, 125.0], "287" : [630.8514065497942, 755.580321532358, 249.0], "289" : [630.8514065497942, 755.580321532358, 249.0], "291" : [827.1369695763334, 745.1824244910024, 165.0],