{"1" : [1035.1684203157558, 139.6749966650836, 76.0], "3" : [1080.485557037428, 145.03666619019012, 90.0], "5" : [1028.4936498616566, 115.55237936113306, 63.0], "7" : [1018.7099098241725, 113.20270306534199, 111.0], "9" : [746.2323168900633, 148.1298810029245, 164.0], "11" : [836.6322080376999, 138.07265622453707, 267.0], "13" : [836.6322080376999, 138.07265622453707, 267.0], "15" : [831.7999996157447, 149.02187572414937, 64.0], "17" : [679.3255111750136, 172.8054410333378, 294.0], "19" : [679.3255111750136, 172.8054410333378, 294.0], "21" : [690.9170582868607, 179.33077291829954, 299.0], "23" : [843.0108332847255, 167.84499884931233, 240.0], "25" : [843.0108332847255, 167.84499884931233, 240.0], "27" : [843.0108332847255, 167.84499884931233, 240.0], "29" : [844.3314621880164, 157.99213352323977, 89.0], "31" : [844.3314621880164, 157.99213352323977, 89.0], "33" : [844.3314621880164, 157.99213352323977, 89.0], "35" : [973.0593390102057, 151.0582408956751, 91.0], "37" : [675.0102926561912, 224.02264529041403, 340.0], "39" : [819.1411773371078, 226.38823555227665, 102.0], "41" : [917.4833317004993, 193.44000110519463, 60.0], "43" : [1019.3033356135207, 158.8933323912531, 60.0], "45" : [1019.3033356135207, 158.8933323912531, 60.0], "47" : [1021.1867926416571, 176.81509643735174, 53.0], "49" : [1014.7988760162261, 200.02921417893523, 89.0], "51" : [1064.0627908587744, 233.9972086863725, 215.0], "53" : [1049.7101446788781, 240.19347951305434, 138.0], "55" : [1049.7101446788781, 240.19347951305434, 138.0], "57" : [691.3984130505452, 273.70158676561056, 63.0], "59" : [794.6037749997942, 280.77735821949267, 106.0], "61" : [789.4124594089553, 282.7408064319912, 321.0], "63" : [901.9535038975959, 298.2191105516554, 314.0], "65" : [901.9535038975959, 298.2191105516554, 314.0], "67" : [825.7009978048386, 290.4815936812631, 201.0], "69" : [825.7009978048386, 290.4815936812631, 201.0], "71" : [825.7009978048386, 290.4815936812631, 201.0], "73" : [822.8746259254991, 280.84178944811543, 67.0], "75" : [822.8746259254991, 280.84178944811543, 67.0], "77" : [884.7962485915966, 281.6737476020071, 80.0], "79" : [891.282105845689, 277.63631812190016, 190.0], "81" : [1028.7561666740005, 289.4863003192138, 219.0], "83" : [1049.7879752353967, 282.5816444455254, 158.0], "85" : [666.3260847841472, 230.13188188912713, 69.0], "87" : [669.0386502486888, 245.04969278971603, 163.0], "89" : [619.7968525827304, 254.00691767051188, 159.0], "91" : [619.7968525827304, 254.00691767051188, 159.0], "93" : [591.9708335374431, 290.85833084738164, 72.0], "95" : [603.9772923570955, 318.9888897291035, 207.0], "97" : [603.9772923570955, 318.9888897291035, 207.0], "99" : [650.8789735736306, 333.4857962548938, 176.0], "101" : [650.8789735736306, 333.4857962548938, 176.0], "103" : [650.8789735736306, 333.4857962548938, 176.0], "105" : [786.9688262136059, 328.3740262634701, 77.0], "107" : [786.9688262136059, 328.3740262634701, 77.0], "109" : [780.2182981739394, 314.0980376758726, 153.0], "111" : [780.2182981739394, 314.0980376758726, 153.0], "113" : [826.3883894791497, 310.4647934906288, 267.0], "115" : [962.7683827678508, 311.05551364015236, 272.0], "117" : [1015.5999978988694, 307.5530984579759, 258.0], "119" : [1015.5999978988694, 307.5530984579759, 258.0], "121" : [1078.0282844424516, 306.39494596912886, 198.0], "123" : [1115.7434176654388, 305.4052619784086, 76.0], "125" : [795.3936192194461, 305.0744660054731, 141.0], "127" : [709.0519028862069, 311.4037973466352, 79.0], "129" : [711.238420298692, 300.811299624112, 177.0], "131" : [711.238420298692, 300.811299624112, 177.0], "133" : [711.238420298692, 300.811299624112, 177.0], "135" : [719.6707060332361, 314.71110968686645, 99.0], "137" : [719.6707060332361, 314.71110968686645, 99.0], "139" : [797.4698489715045, 319.7165856221747, 199.0], "141" : [900.3632825120379, 340.7187513698161, 128.0], "143" : [891.8576701325458, 344.90552291903845, 163.0], "145" : [936.2229350749343, 343.7862392725464, 218.0], "147" : [1010.5619195751431, 346.2558142099337, 344.0], "149" : [706.9206247539303, 357.83656370378947, 320.0], "151" : [706.9206247539303, 357.83656370378947, 320.0], "153" : [648.2572035926826, 407.426399143579, 250.0], "155" : [698.148062890925, 414.12170613175914, 129.0], "157" : [758.5725014398404, 422.7558339664518, 120.0], "159" : [758.5725014398404, 422.7558339664518, 120.0], "161" : [848.3296722246002, 450.12747224413516, 91.0], "163" : [939.2617357827927, 450.86338044077183, 426.0], "165" : [946.4397164226662, 454.6865276358439, 141.0], "167" : [946.4397164226662, 454.6865276358439, 141.0], "169" : [756.4418495283747, 488.9581532485472, 184.0], "171" : [756.4418495283747, 488.9581532485472, 184.0], "173" : [727.952203710384, 487.7643603267667, 477.0], "175" : [727.952203710384, 487.7643603267667, 477.0], "177" : [856.4170426549389, 495.9647712429237, 88.0], "179" : [856.4170426549389, 495.9647712429237, 88.0], "181" : [855.6308297504783, 483.6570836106808, 240.0], "183" : [883.8883202265113, 461.1452536511667, 137.0], "185" : [879.3518555287295, 453.8333351819307, 54.0], "187" : [1008.3857143456391, 427.6971493449682, 70.0], "189" : [1008.3857143456391, 427.6971493449682, 70.0], "191" : [1008.3857143456391, 427.6971493449682, 70.0], "193" : [1007.9350755135292, 441.1022384387719, 134.0], "195" : [1005.2181363844556, 463.1378234337388, 193.0], "197" : [691.680892826269, 510.3885343085599, 157.0], "199" : [650.3168944820311, 530.6111717812444, 367.0], "201" : [921.9506809434056, 493.0678471432895, 367.0], "203" : [921.9506809434056, 493.0678471432895, 367.0], "205" : [795.3288728278164, 502.9330541322875, 239.0], "207" : [795.3288728278164, 502.9330541322875, 239.0], "209" : [910.141209536171, 497.3840657379195, 182.0], "211" : [910.141209536171, 497.3840657379195, 182.0], "213" : [1053.2383442544215, 471.3729331954524, 133.0], "215" : [1047.2185842848266, 490.099557563509, 226.0], "217" : [1047.2185842848266, 490.099557563509, 226.0], "219" : [733.9527422134003, 554.3876727575349, 146.0], "221" : [747.8115608170027, 565.6341045468117, 346.0], "223" : [931.6539402403912, 563.212123108589, 165.0], "225" : [931.6539402403912, 563.212123108589, 165.0], "227" : [1045.0668627511093, 554.0952642058431, 169.0], "229" : [733.8864398997808, 632.2774016182539, 177.0], "231" : [695.6988728353987, 631.3586451057124, 266.0], "233" : [791.0006640996091, 623.8582799330093, 302.0], "235" : [791.0006640996091, 623.8582799330093, 302.0], "237" : [791.0006640996091, 623.8582799330093, 302.0], "239" : [909.0807198680551, 629.8103129768024, 223.0], "241" : [909.0807198680551, 629.8103129768024, 223.0], "243" : [972.4462607326566, 630.7714930480165, 214.0], "245" : [972.4462607326566, 630.7714930480165, 214.0], "247" : [1061.8713259720892, 636.8881719964788, 279.0], "249" : [1097.8634646551081, 639.3480785480444, 104.0], "251" : [1099.2309166537, 641.6509141541216, 55.0], "253" : [658.8645362523572, 679.6619174888564, 344.0], "255" : [658.8645362523572, 679.6619174888564, 344.0], "257" : [643.8147532840363, 679.2032748744468, 183.0], "259" : [692.6902834780071, 676.5971655097484, 247.0], "261" : [837.6987886291788, 655.676211221427, 248.0], "263" : [837.6987886291788, 655.676211221427, 248.0], "265" : [916.309274187937, 651.8580646017061, 248.0], "267" : [1042.5428570199183, 645.9642866874568, 154.0], "269" : [1044.5892486318687, 650.998924415566, 93.0], "271" : [1106.1285711281198, 638.4979589994127, 147.0], "273" : [1101.5106394507623, 620.3638329278766, 94.0], "275" : [1101.5106394507623, 620.3638329278766, 94.0], "277" : [1095.3770261869454, 611.5707224307548, 222.0], "279" : [1055.5857161354284, 618.123468479738, 196.0], "281" : [684.0666707585385, 673.585963201953, 57.0], "283" : [689.439048501504, 689.1819053675525, 105.0], "285" : [820.6361682791013, 687.1496446120568, 141.0], "287" : [737.8215126046413, 726.7918584340829, 172.0], "289" : [688.5130128753372, 735.9431221410963, 269.0], "291" : [760.409602036538, 730.0027997770308, 250.0],