{"1" : [834.5069311907225, 62.84356172522297, 101.0], "3" : [857.7241362325178, 29.99039348927887, 406.0], "5" : [840.0837494224907, 17.78625180759345, 80.0], "7" : [835.9528562076816, 12.048286342328986, 350.0], "9" : [902.9915853916527, 12.767821697863845, 202.0], "11" : [909.992000275042, 13.666666885661243, 75.0], "13" : [638.2543106490747, 73.01207220881615, 232.0], "15" : [734.4705273017328, 98.96315901833113, 95.0], "17" : [734.4705273017328, 98.96315901833113, 95.0], "19" : [734.4705273017328, 98.96315901833113, 95.0], "21" : [727.6736043118572, 105.69796753711991, 197.0], "23" : [691.3059074079941, 107.00210962166172, 237.0], "25" : [828.0517240433992, 173.08773846211815, 261.0], "27" : [777.94093133146, 159.672538245535, 193.0], "29" : [777.94093133146, 159.672538245535, 193.0], "31" : [777.94093133146, 159.672538245535, 193.0], "33" : [777.94093133146, 159.672538245535, 193.0], "35" : [774.7321836119808, 154.73218234563694, 87.0], "37" : [731.5692822113194, 135.99096340278064, 166.0], "39" : [786.8147145962631, 148.18075617311516, 265.0], "41" : [943.6767102753527, 125.05068593376508, 146.0], "43" : [943.6767102753527, 125.05068593376508, 146.0], "45" : [940.8084106256862, 117.2289711341917, 107.0], "47" : [1003.7791804486088, 77.53174320540354, 293.0], "49" : [701.3016473708532, 162.38106654749996, 243.0], "51" : [701.3016473708532, 162.38106654749996, 243.0], "53" : [701.3016473708532, 162.38106654749996, 243.0], "55" : [766.5239300040298, 170.7128566749455, 280.0], "57" : [737.9365033551765, 175.4661633329697, 263.0], "59" : [839.7909409456753, 178.22160303257743, 287.0], "61" : [877.0640229575656, 178.0832326145784, 328.0], "63" : [902.5573057957945, 178.9103931895516, 356.0], "65" : [962.0921799795344, 176.53415982045257, 243.0], "67" : [962.0921799795344, 176.53415982045257, 243.0], "69" : [996.9157703989692, 176.5405066801743, 279.0], "71" : [717.607072492947, 181.51178459102897, 297.0], "73" : [663.4254566411238, 182.11272910728553, 220.0], "75" : [771.4153217426225, 187.28104819144767, 248.0], "77" : [843.8505364635047, 194.2333356391367, 186.0], "79" : [907.166360073773, 197.86958728161844, 217.0], "81" : [717.240331504083, 196.3522126792096, 362.0], "83" : [790.6948259262159, 194.81206910544563, 116.0], "85" : [987.5946772980061, 197.99562909462438, 526.0], "87" : [647.4972238100498, 233.96388843746595, 72.0], "89" : [656.2241913617171, 233.7080626311365, 248.0], "91" : [656.2241913617171, 233.7080626311365, 248.0], "93" : [735.9137412152096, 238.56070482686664, 313.0], "95" : [853.4893159052602, 243.90610775756082, 262.0], "97" : [796.4460323494189, 245.58214030480764, 252.0], "99" : [796.4460323494189, 245.58214030480764, 252.0], "101" : [875.7322352506072, 242.98974463906973, 273.0], "103" : [952.2202885303386, 246.56859889679419, 207.0], "105" : [1000.5232380976454, 248.66338166763836, 284.0], "107" : [985.8769420659763, 247.2894133298603, 425.0], "109" : [1041.082488962196, 238.66186728176748, 257.0], "111" : [1069.7206111330067, 240.21403403555368, 228.0], "113" : [1119.4788702146932, 242.7577527412381, 71.0], "115" : [670.713998535062, 267.3665003188496, 200.0], "117" : [670.713998535062, 267.3665003188496, 200.0], "119" : [670.713998535062, 267.3665003188496, 200.0], "121" : [674.3423726930274, 271.4898308583409, 59.0], "123" : [729.8456699740069, 280.345998493078, 300.0], "125" : [698.5901784347782, 278.60625059327225, 112.0], "127" : [809.4600000168142, 281.965196917985, 250.0], "129" : [910.2647065994202, 279.0882358392038, 238.0], "131" : [1014.7027649503985, 289.2050692524728, 217.0], "133" : [1070.068421350269, 287.309207039966, 152.0], "135" : [661.881816843267, 306.5704527357427, 176.0], "137" : [617.1377031274263, 315.4841519848372, 183.0], "139" : [701.4203932382852, 314.5401307563576, 304.0], "141" : [789.2095075148585, 318.4603281656685, 305.0], "143" : [864.6717167200286, 332.6313143469468, 198.0], "145" : [864.6717167200286, 332.6313143469468, 198.0], "147" : [942.5192938293827, 325.6884704177012, 399.0], "149" : [942.5192938293827, 325.6884704177012, 399.0], "151" : [942.5192938293827, 325.6884704177012, 399.0], "153" : [921.7214892144526, 325.0750010733781, 228.0], "155" : [921.7214892144526, 325.0750010733781, 228.0], "157" : [996.543810871968, 332.56555294851904, 299.0], "159" : [996.543810871968, 332.56555294851904, 299.0], "161" : [1036.6550291791987, 337.26331347160396, 169.0], "163" : [718.2890011629931, 355.8170009110128, 200.0], "165" : [692.9602521474309, 365.4196677529635, 239.0], "167" : [692.9602521474309, 365.4196677529635, 239.0], "169" : [773.9091628906237, 358.383267505793, 251.0], "171" : [1007.1279341209786, 363.1106141900769, 179.0], "173" : [635.3299520408276, 414.80193219869665, 207.0], "175" : [686.1868872538532, 416.77541264632424, 61.0], "177" : [690.6555562536864, 417.68803531973964, 117.0], "179" : [768.8458528299824, 426.3318794383878, 229.0], "181" : [768.8458528299824, 426.3318794383878, 229.0], "183" : [750.0119264556378, 428.7761476616663, 109.0], "185" : [750.0119264556378, 428.7761476616663, 109.0], "187" : [916.4234170198805, 427.01392672203355, 316.0], "189" : [916.4234170198805, 427.01392672203355, 316.0], "191" : [973.2012999133109, 424.41428888587194, 231.0], "193" : [973.2012999133109, 424.41428888587194, 231.0], "195" : [1056.7612700061743, 411.28168962874435, 284.0], "197" : [1090.859085139621, 403.2681817794228, 88.0], "199" : [695.9383351483883, 454.04666804589493, 60.0], "201" : [704.9307391463161, 451.68015459628594, 257.0], "203" : [742.4574445865169, 449.56409626426677, 376.0], "205" : [742.4574445865169, 449.56409626426677, 376.0], "207" : [830.8375790217295, 457.06242259417525, 157.0], "209" : [830.8375790217295, 457.06242259417525, 157.0], "211" : [830.8375790217295, 457.06242259417525, 157.0], "213" : [827.1446043399843, 456.5249410576532, 417.0], "215" : [827.1446043399843, 456.5249410576532, 417.0], "217" : [827.1446043399843, 456.5249410576532, 417.0], "219" : [786.2695076205778, 459.07987868556165, 164.0], "221" : [786.2695076205778, 459.07987868556165, 164.0], "223" : [975.4888882976757, 452.00299206239015, 468.0], "225" : [1003.8662152663925, 456.4554083709481, 74.0], "227" : [1003.8662152663925, 456.4554083709481, 74.0], "229" : [1006.8274001575197, 458.1917801320945, 73.0], "231" : [1006.8274001575197, 458.1917801320945, 73.0], "233" : [627.194869824754, 486.81153695963695, 78.0], "235" : [639.5604468123878, 485.920444577088, 225.0], "237" : [737.3195985737424, 496.04222911923466, 296.0], "239" : [737.3195985737424, 496.04222911923466, 296.0], "241" : [636.6844470350177, 488.5344453911194, 270.0], "243" : [636.6844470350177, 488.5344453911194, 270.0], "245" : [740.6419679794104, 489.65336921279714, 193.0], "247" : [740.6419679794104, 489.65336921279714, 193.0], "249" : [841.9456808572868, 485.87932097877825, 324.0], "251" : [908.3432269014104, 486.67032216210947, 155.0], "253" : [997.6335696152191, 491.56071637240814, 280.0], "255" : [997.6335696152191, 491.56071637240814, 280.0], "257" : [1078.6489692161626, 485.3520597002771, 194.0], "259" : [1079.1408067944126, 490.0823556333127, 272.0], "261" : [688.2886373353721, 527.2833330833516, 264.0], "263" : [738.4980779394342, 521.6499949877907, 52.0], "265" : [742.9571413439937, 522.695120978803, 287.0], "267" : [885.0980802176529, 518.914518913648, 365.0], "269" : [974.0481632625442, 519.4586027682169, 517.0], "271" : [866.9261781745889, 517.4467826343694, 233.0], "273" : [970.852628576105, 514.1348518338056, 855.0], "275" : [1022.5593160936733, 519.7995037108425, 204.0], "277" : [619.509459388924, 588.527027586313, 148.0], "279" : [619.509459388924, 588.527027586313, 148.0], "281" : [682.9567837456575, 582.907537179208, 199.0], "283" : [778.1042077187903, 588.9952635437216, 380.0], "285" : [778.1042077187903, 588.9952635437216, 380.0], "287" : [882.3733883826765, 590.062661152724, 233.0], "289" : [882.3733883826765, 590.062661152724, 233.0], "291" : [868.6575008630043, 585.5675002757017, 160.0],