{"1" : [918.3746352338699, 30.9217389700745, 276.0], "3" : [836.3999985530097, 73.16545891512183, 55.0], "5" : [830.7679038877195, 77.51852198204807, 81.0], "7" : [823.4084741674423, 74.1189292022987, 354.0], "9" : [929.9636992077208, 80.36027484310276, 292.0], "11" : [976.3990877091921, 85.15023008881042, 219.0], "13" : [650.0672158299265, 104.86721210978808, 61.0], "15" : [752.0133340858844, 115.92051136944711, 195.0], "17" : [883.3200001531703, 121.91206406157804, 315.0], "19" : [982.4785484814688, 115.46561517222487, 317.0], "21" : [1051.4955349497961, 130.03399299779136, 403.0], "23" : [625.7522568761608, 138.42515857252187, 155.0], "25" : [635.4203254820038, 136.41138111461524, 246.0], "27" : [784.540824017433, 159.88220917770676, 534.0], "29" : [784.540824017433, 159.88220917770676, 534.0], "31" : [784.540824017433, 159.88220917770676, 534.0], "33" : [905.2686580568154, 172.32238627837833, 201.0], "35" : [887.7218588364565, 169.43674509578386, 215.0], "37" : [947.3711836169946, 170.3868629308037, 236.0], "39" : [981.4184810432218, 170.0448104343529, 395.0], "41" : [968.4718279067234, 181.38732664172358, 71.0], "43" : [968.4718279067234, 181.38732664172358, 71.0], "45" : [936.5112327850921, 234.37572404021702, 276.0], "47" : [987.5623684527503, 236.37351882708495, 287.0], "49" : [1060.9200049292606, 245.6887476637795, 80.0], "51" : [581.7198826359989, 265.147367106364, 171.0], "53" : [646.4226815607092, 260.50412462505733, 97.0], "55" : [646.4226815607092, 260.50412462505733, 97.0], "57" : [857.2754505331878, 257.6624553644757, 277.0], "59" : [857.2754505331878, 257.6624553644757, 277.0], "61" : [975.9381163580005, 259.75874426082817, 223.0], "63" : [975.9381163580005, 259.75874426082817, 223.0], "65" : [1011.669159080873, 266.15701011237525, 107.0], "67" : [1011.669159080873, 266.15701011237525, 107.0], "69" : [1010.1712124667528, 271.05151504896855, 132.0], "71" : [649.0261529397382, 280.9353845422161, 65.0], "73" : [761.6118384953478, 296.6766367496728, 321.0], "75" : [761.6118384953478, 296.6766367496728, 321.0], "77" : [761.6118384953478, 296.6766367496728, 321.0], "79" : [729.8464014241403, 292.3396463995066, 222.0], "81" : [729.8464014241403, 292.3396463995066, 222.0], "83" : [906.1510209075788, 299.17161663677, 539.0], "85" : [906.1510209075788, 299.17161663677, 539.0], "87" : [965.0866042690635, 309.5696418355793, 112.0], "89" : [967.2517370375945, 309.8308690989257, 230.0], "91" : [1007.719115719024, 312.60885269309705, 497.0], "93" : [1007.719115719024, 312.60885269309705, 497.0], "95" : [1069.3358980486062, 315.80128236252114, 78.0], "97" : [1072.1398508410798, 312.0450143117887, 271.0], "99" : [1053.3934931233716, 311.48253489539087, 292.0], "101" : [643.1783813986251, 334.772072049854, 222.0], "103" : [648.3934809312643, 326.6217385233796, 92.0], "105" : [648.3934809312643, 326.6217385233796, 92.0], "107" : [648.3934809312643, 326.6217385233796, 92.0], "109" : [731.8574275223893, 338.4133656196807, 202.0], "111" : [807.638481454817, 349.7129101252009, 395.0], "113" : [807.638481454817, 349.7129101252009, 395.0], "115" : [762.9443842406102, 345.3505625460615, 178.0], "117" : [894.5506546944912, 347.50392225493573, 306.0], "119" : [926.6050618549128, 343.7772163498354, 79.0], "121" : [925.8656074824444, 341.9835983773443, 378.0], "123" : [951.4695452139767, 339.7176957932191, 243.0], "125" : [612.2603190906653, 395.35370474865607, 378.0], "127" : [612.2603190906653, 395.35370474865607, 378.0], "129" : [702.1004123051379, 402.7613165920311, 243.0], "131" : [668.8597766414018, 398.58770975709183, 179.0], "133" : [815.4980343896906, 397.8258429458234, 356.0], "135" : [873.4779205557558, 400.9376636461579, 77.0], "137" : [873.4779205557558, 400.9376636461579, 77.0], "139" : [874.1001702363469, 399.1362860767664, 587.0], "141" : [874.1001702363469, 399.1362860767664, 587.0], "143" : [970.1370334082364, 405.7686860687834, 297.0], "145" : [1006.1584751986678, 409.4203374964729, 354.0], "147" : [1006.1584751986678, 409.4203374964729, 354.0], "149" : [661.0152292121743, 431.90304740396084, 197.0], "151" : [661.0152292121743, 431.90304740396084, 197.0], "153" : [661.0152292121743, 431.90304740396084, 197.0], "155" : [630.9434476220865, 433.54413872437914, 145.0], "157" : [757.1291589786407, 445.44990573497904, 535.0], "159" : [910.0819278432602, 452.06927593968356, 166.0], "161" : [871.0544558461111, 438.35445352413257, 202.0], "163" : [871.0544558461111, 438.35445352413257, 202.0], "165" : [930.1340374395533, 445.9777103855879, 332.0], "167" : [930.1340374395533, 445.9777103855879, 332.0], "169" : [963.5654335529183, 448.61234723126915, 162.0], "171" : [565.1758771396306, 462.230262998728, 228.0], "173" : [565.1758771396306, 462.230262998728, 228.0], "175" : [568.8999987898559, 461.91999783664943, 170.0], "177" : [568.8999987898559, 461.91999783664943, 170.0], "179" : [548.6866355043526, 461.75898412871766, 434.0], "181" : [580.4051083557077, 466.6124331060161, 587.0], "183" : [582.5871642277235, 480.8379669217014, 374.0], "185" : [720.655946127553, 477.37070723558526, 454.0], "187" : [781.7092449096456, 474.9033659781479, 119.0], "189" : [778.3794552029432, 472.2302111627325, 331.0], "191" : [901.6365531470221, 480.65482711017785, 290.0], "193" : [947.0860188752338, 480.95134378151545, 372.0], "195" : [945.0648127806845, 483.76666406808937, 54.0], "197" : [1012.5372126813332, 485.4534877052249, 258.0], "199" : [1014.3872543681969, 481.2941181243573, 102.0], "201" : [646.055345831413, 511.1283031283034, 159.0], "203" : [625.0952245221544, 509.8987258487618, 314.0], "205" : [717.3596567176891, 507.26223120005164, 233.0], "207" : [797.7809501848049, 514.5354438225895, 189.0], "209" : [797.7809501848049, 514.5354438225895, 189.0], "211" : [692.2245107332245, 517.1196081315491, 204.0], "213" : [807.4577992097794, 525.741895760582, 654.0], "215" : [918.4481115496263, 526.3704406689595, 318.0], "217" : [969.5473514580173, 524.8664000079747, 378.0], "219" : [969.5473514580173, 524.8664000079747, 378.0], "221" : [970.5591529590986, 519.8204165775786, 142.0], "223" : [917.610928942232, 516.6400815679763, 247.0], "225" : [977.955148523258, 520.519849449261, 136.0], "227" : [587.841249579132, 610.9181264228966, 160.0], "229" : [704.4502737760578, 609.0057386054235, 366.0], "231" : [658.9770611968091, 606.1258061100439, 279.0], "233" : [824.7048332648724, 602.3256064685094, 207.0], "235" : [827.9409607340144, 595.5221425552515, 271.0], "237" : [827.9409607340144, 595.5221425552515, 271.0], "239" : [905.0255714875176, 590.3707752919959, 219.0], "241" : [905.0255714875176, 590.3707752919959, 219.0], "243" : [970.4829236392608, 601.2182953499662, 164.0], "245" : [1020.6979996254273, 600.6756010490725, 250.0], "247" : [1020.6979996254273, 600.6756010490725, 250.0], "249" : [604.487919335312, 619.7758409764867, 149.0], "251" : [604.487919335312, 619.7758409764867, 149.0], "253" : [558.6249410315285, 627.0902615331196, 421.0], "255" : [558.6249410315285, 627.0902615331196, 421.0], "257" : [674.9834026459146, 627.4514503818432, 241.0], "259" : [674.9834026459146, 627.4514503818432, 241.0], "261" : [741.2431979131693, 629.2078214550335, 294.0], "263" : [741.2431979131693, 629.2078214550335, 294.0], "265" : [741.2431979131693, 629.2078214550335, 294.0], "267" : [808.5763626005048, 631.8163635764254, 165.0], "269" : [896.2025974927558, 638.1207801744812, 77.0], "271" : [961.5442980539849, 646.6434211516481, 228.0], "273" : [1056.4485292150657, 648.9897045453928, 68.0], "275" : [590.8057443362292, 663.7022960409037, 87.0], "277" : [567.6605354313547, 657.1454849460936, 299.0], "279" : [640.3103875135165, 657.5142442743063, 337.0], "281" : [640.3103875135165, 657.5142442743063, 337.0], "283" : [640.3103875135165, 657.5142442743063, 337.0], "285" : [751.6396095610446, 659.9396114326014, 154.0], "287" : [751.6396095610446, 659.9396114326014, 154.0], "289" : [643.1294859326334, 657.4711528612271, 156.0], "291" : [643.1294859326334, 657.4711528612271, 156.0],