{"1" : [779.7352381599026, 132.93428753241758, 105.0], "3" : [779.7352381599026, 132.93428753241758, 105.0], "5" : [670.1124993374472, 124.4895844774769, 144.0], "7" : [670.8666637401363, 114.52806786519068, 57.0], "9" : [814.4730066741151, 8.990181700165156, 163.0], "11" : [819.9304627257104, 4.547680244773113, 151.0], "13" : [654.2399994820378, 95.17269454146346, 260.0], "15" : [654.2399994820378, 95.17269454146346, 260.0], "17" : [739.2369879622664, 83.7383549292984, 73.0], "19" : [825.2482966531392, 86.40284148500928, 176.0], "21" : [873.076468932454, 100.00588195351017, 102.0], "23" : [873.076468932454, 100.00588195351017, 102.0], "25" : [971.5425117280079, 101.34011886638021, 167.0], "27" : [971.5425117280079, 101.34011886638021, 167.0], "29" : [1023.7126880169815, 86.4283583789173, 134.0], "31" : [773.855552581567, 136.75713998324596, 63.0], "33" : [771.1693694390568, 135.47567364513918, 111.0], "35" : [708.5620016178132, 146.86299823748865, 200.0], "37" : [871.8476194031037, 132.70952306321627, 84.0], "39" : [871.8476194031037, 132.70952306321627, 84.0], "41" : [871.8476194031037, 132.70952306321627, 84.0], "43" : [872.6841160323027, 131.4758811859594, 170.0], "45" : [872.6841160323027, 131.4758811859594, 170.0], "47" : [872.6841160323027, 131.4758811859594, 170.0], "49" : [810.943378573961, 136.81461008114985, 219.0], "51" : [958.0789478307613, 146.50315618693014, 95.0], "53" : [651.1959053816456, 179.5853808971576, 171.0], "55" : [749.3843149934463, 167.11470478100966, 102.0], "57" : [749.3843149934463, 167.11470478100966, 102.0], "59" : [803.3047624681341, 174.81564983966518, 147.0], "61" : [905.1292857904731, 162.40785693796732, 140.0], "63" : [905.1292857904731, 162.40785693796732, 140.0], "65" : [978.4548559405973, 159.51542975405565, 175.0], "67" : [978.4548559405973, 159.51542975405565, 175.0], "69" : [1038.98333329209, 152.29848579724703, 66.0], "71" : [1038.98333329209, 152.29848579724703, 66.0], "73" : [732.0236872957432, 193.3635355645561, 266.0], "75" : [846.697712924196, 182.62941275565677, 306.0], "77" : [677.8048394842101, 256.7580648650474, 62.0], "79" : [677.8048394842101, 256.7580648650474, 62.0], "81" : [610.8413250094525, 265.83222948588536, 121.0], "83" : [610.8413250094525, 265.83222948588536, 121.0], "85" : [828.6303714765575, 235.72666640381848, 135.0], "87" : [832.8269822868368, 238.3666651815912, 63.0], "89" : [958.2657661870435, 246.09459315170895, 111.0], "91" : [963.0568173830998, 252.1537890104799, 132.0], "93" : [1020.5559761371654, 258.4220130528584, 159.0], "95" : [1020.5559761371654, 258.4220130528584, 159.0], "97" : [1020.5559761371654, 258.4220130528584, 159.0], "99" : [722.4593451764805, 296.58925473917736, 214.0], "101" : [722.4593451764805, 296.58925473917736, 214.0], "103" : [842.1486954631762, 289.4539100909862, 115.0], "105" : [926.7097429951554, 296.6800018410817, 195.0], "107" : [926.7097429951554, 296.6800018410817, 195.0], "109" : [1017.3967177778864, 298.1125735716309, 183.0], "111" : [1017.3967177778864, 298.1125735716309, 183.0], "113" : [734.946409341971, 316.71381141349923, 181.0], "115" : [649.1450350682646, 323.90066327869425, 151.0], "117" : [649.1450350682646, 323.90066327869425, 151.0], "119" : [649.1450350682646, 323.90066327869425, 151.0], "121" : [830.8239429224195, 311.83239080074645, 213.0], "123" : [984.6779670383684, 320.64068335543277, 177.0], "125" : [989.9294113431307, 320.1960818253591, 51.0], "127" : [1046.6777792678965, 321.4396842571086, 126.0], "129" : [737.8420699002563, 346.1880972493928, 126.0], "131" : [868.6069185342711, 337.1754724708263, 159.0], "133" : [868.6069185342711, 337.1754724708263, 159.0], "135" : [714.5693909903557, 419.81530827922984, 196.0], "137" : [901.21363732657, 351.40064937854277, 154.0], "139" : [834.3460503365957, 402.27105066774135, 76.0], "141" : [834.8168586715078, 404.19302244259757, 172.0], "143" : [957.6739511920031, 409.58403430221796, 119.0], "145" : [1053.4920471608732, 412.5096562729187, 176.0], "147" : [1087.08058656152, 411.32417372291394, 273.0], "149" : [772.3128491171327, 452.13910486804724, 179.0], "151" : [727.132735891992, 442.54483712198913, 223.0], "153" : [909.8383775971253, 435.3702698339749, 185.0], "155" : [1013.0871272592383, 447.66237555485185, 101.0], "157" : [681.9626515004685, 459.4843369971444, 249.0], "159" : [681.9626515004685, 459.4843369971444, 249.0], "161" : [830.5750037055502, 461.2749987300721, 80.0], "163" : [830.5750037055502, 461.2749987300721, 80.0], "165" : [977.0238585022453, 470.717257870819, 197.0], "167" : [855.2412569646253, 474.5685337913895, 143.0], "169" : [853.0750012841305, 478.96579284674806, 76.0], "171" : [1041.405998248138, 483.0769986616624, 100.0], "173" : [1118.5187492700209, 483.6937496154345, 64.0], "175" : [749.4929734952374, 520.1694555097677, 370.0], "177" : [877.8253526346116, 515.139433413542, 213.0], "179" : [696.4184784752609, 594.6929353947367, 184.0], "181" : [696.4184784752609, 594.6929353947367, 184.0], "183" : [828.7107706485945, 578.4923091399805, 65.0], "185" : [981.158160333908, 584.6694559129749, 239.0], "187" : [981.158160333908, 584.6694559129749, 239.0], "189" : [923.3893317353737, 584.5173375393036, 75.0], "191" : [653.8635864157351, 610.6619565309968, 184.0], "193" : [887.4718111763748, 601.3489966199377, 149.0], "195" : [1028.577482215973, 613.7801335719025, 151.0], "197" : [734.3341313205289, 648.5877247187096, 334.0], "199" : [734.3341313205289, 648.5877247187096, 334.0], "201" : [863.6857783137311, 678.1573381133036, 218.0], "203" : [901.7046902642969, 653.5984396963258, 64.0], "205" : [901.7046902642969, 653.5984396963258, 64.0], "207" : [902.3515323406615, 648.0265315909809, 196.0], "209" : [822.0083868928997, 659.5658086697375, 155.0], "211" : [822.0083868928997, 659.5658086697375, 155.0], "213" : [951.4307673519515, 647.8086545930688, 208.0], "215" : [723.9906253825018, 683.6390599654402, 64.0], "217" : [718.8117080122997, 690.9185362157305, 205.0], "219" : [694.12572745994, 750.1935677988056, 171.0], "221" : [989.3338283065422, 685.678437901927, 269.0], "223" : [688.9269243684329, 756.7038453890277, 104.0], "225" : [688.9269243684329, 756.7038453890277, 104.0], "227" : [685.6745304550592, 739.6254707578374, 106.0], "229" : [791.9262070249721, 751.2876518359835, 332.0], "231" : [943.8583903680527, 750.2681828641165, 286.0], "233" : [1083.1999999524332, 747.1902454278395, 164.0], "235" : [739.3500024061337, 792.80932085322, 118.0], "237" : [739.3500024061337, 792.80932085322, 118.0], "239" : [831.8304758722136, 791.7871428458338, 210.0], "241" : [831.8304758722136, 791.7871428458338, 210.0], "243" : [712.1304380012497, 781.6817403761053, 115.0], "245" : [838.3746477071047, 783.1718333377819, 213.0], "247" : [940.6263935240198, 784.5675131275149, 197.0], "249" : [940.6263935240198, 784.5675131275149, 197.0], "251" : [1056.086078163305, 784.5006322522366, 158.0], "253" : [1056.086078163305, 784.5006322522366, 158.0], "255" : [1102.5463159414749, 789.4799994463273, 95.0], "257" : [1105.0482599452052, 789.1233819883711, 201.0], "259" : [632.90542176838, 814.5005391859047, 369.0], "261" : [805.4367369349899, 819.0265296014077, 98.0], "263" : [805.4367369349899, 819.0265296014077, 98.0], "265" : [808.4499999595288, 819.5682457772015, 148.0], "267" : [808.4499999595288, 819.5682457772015, 148.0], "269" : [913.8698615032217, 822.7150691132391, 146.0], "271" : [913.8698615032217, 822.7150691132391, 146.0], "273" : [1021.2008479028244, 821.6021204723991, 236.0], "275" : [1021.2008479028244, 821.6021204723991, 236.0], "277" : [1168.003593353583, 812.1323348883246, 167.0], "279" : [742.7607839881274, 860.8385603691396, 153.0], "281" : [916.5076356705226, 859.0812470406432, 144.0], "283" : [673.3606720849999, 931.6337111691464, 89.0], "285" : [668.581051178676, 937.4852659336816, 95.0], "287" : [877.8029734084505, 923.9544554152102, 101.0], "289" : [877.8029734084505, 923.9544554152102, 101.0], "291" : [1055.7067724132776, 920.4552092828931, 192.0],