{"1" : [608.955035080105, 79.59194644113751, 149.0], "3" : [570.5738109741121, 78.77619273346737, 84.0], "5" : [751.3955371342471, 71.5267860994864, 112.0], "7" : [694.1933330575122, 72.7088930480214, 135.0], "9" : [635.4249983019446, 69.64305316484229, 72.0], "11" : [860.0562514033858, 77.13500451767453, 80.0], "13" : [854.5119371934625, 77.20000172535345, 134.0], "15" : [703.0263410306321, 80.98682895691512, 205.0], "17" : [746.5727881091213, 81.46326526408426, 147.0], "19" : [804.239424801042, 88.1620210626183, 208.0], "21" : [991.2452215557862, 89.83184916195971, 157.0], "23" : [963.0683339884639, 92.44833535754407, 120.0], "25" : [963.0683339884639, 92.44833535754407, 120.0], "27" : [963.0683339884639, 92.44833535754407, 120.0], "29" : [1029.0226417860554, 95.16037930247316, 159.0], "31" : [1029.0226417860554, 95.16037930247316, 159.0], "33" : [1124.5701006671686, 95.31031028266898, 97.0], "35" : [935.5512499317647, 127.3875003225662, 160.0], "37" : [935.5512499317647, 127.3875003225662, 160.0], "39" : [686.6922244306194, 122.83499989258212, 180.0], "41" : [798.0645839710515, 133.11180449597936, 144.0], "43" : [798.0645839710515, 133.11180449597936, 144.0], "45" : [798.0645839710515, 133.11180449597936, 144.0], "47" : [739.8896165397096, 135.35615459613004, 260.0], "49" : [879.3793285798771, 128.79134624334978, 208.0], "51" : [879.3793285798771, 128.79134624334978, 208.0], "53" : [879.3793285798771, 128.79134624334978, 208.0], "55" : [957.1145184156379, 136.31558919234587, 186.0], "57" : [1004.9578953933021, 134.63947445810928, 190.0], "59" : [1004.9578953933021, 134.63947445810928, 190.0], "61" : [893.1388928357844, 140.17360737745267, 144.0], "63" : [923.4656443098911, 132.2036790312933, 163.0], "65" : [923.4656443098911, 132.2036790312933, 163.0], "67" : [923.4656443098911, 132.2036790312933, 163.0], "69" : [928.1823535690205, 129.19215418577164, 51.0], "71" : [928.1823535690205, 129.19215418577164, 51.0], "73" : [886.3613638879584, 129.05833124338616, 132.0], "75" : [886.3613638879584, 129.05833124338616, 132.0], "77" : [882.2580661998065, 131.21774222089502, 62.0], "79" : [882.2580661998065, 131.21774222089502, 62.0], "81" : [962.6598200951403, 137.1986593753898, 224.0], "83" : [962.6598200951403, 137.1986593753898, 224.0], "85" : [588.5124988855652, 158.11785574213903, 56.0], "87" : [603.2293086440357, 151.3166664852158, 174.0], "89" : [767.3757603120202, 149.17394266472564, 165.0], "91" : [742.2712940265551, 148.75648600529453, 108.0], "93" : [839.8641264573401, 144.63318031177806, 223.0], "95" : [839.8641264573401, 144.63318031177806, 223.0], "97" : [959.6314682977033, 143.9167802804462, 143.0], "99" : [873.5440403502292, 144.44766519438838, 386.0], "101" : [873.5440403502292, 144.44766519438838, 386.0], "103" : [958.2695676124489, 146.3285710451162, 161.0], "105" : [1007.9316531998132, 149.05137765881028, 218.0], "107" : [1045.3314771224805, 149.99074185311972, 54.0], "109" : [1045.3314771224805, 149.99074185311972, 54.0], "111" : [1049.7888880655694, 150.65396918626794, 189.0], "113" : [1075.6485743593034, 156.285711450074, 70.0], "115" : [981.2841389995187, 189.65103446296487, 145.0], "117" : [679.2577150242732, 181.12342902478392, 175.0], "119" : [679.2577150242732, 181.12342902478392, 175.0], "121" : [746.0608706385216, 185.82360204431058, 161.0], "123" : [681.6027578731006, 178.485518506302, 145.0], "125" : [681.6027578731006, 178.485518506302, 145.0], "127" : [841.7273953936425, 178.98767221658036, 73.0], "129" : [841.9855927888545, 175.78136087887717, 118.0], "131" : [809.0241917410506, 175.74677992385443, 62.0], "133" : [910.6116863374506, 178.25454514102688, 77.0], "135" : [925.5487801028605, 182.20610140486258, 82.0], "137" : [925.5487801028605, 182.20610140486258, 82.0], "139" : [954.145652697948, 185.735507419821, 138.0], "141" : [1009.8762198347373, 223.60731545694418, 164.0], "143" : [814.8959458057925, 246.45878183977172, 148.0], "145" : [574.55922290536, 240.20388418042967, 103.0], "147" : [700.2882333844938, 233.00441063975643, 136.0], "149" : [650.9734567691808, 230.55802398382704, 162.0], "151" : [624.243381819114, 236.9235286245042, 136.0], "153" : [753.3885981000786, 233.70438662390822, 114.0], "155" : [867.9260293393456, 232.7890412098012, 73.0], "157" : [868.5114766760094, 234.5090145434018, 122.0], "159" : [945.7484262332497, 233.39748366817705, 159.0], "161" : [1048.1677209790723, 237.56835455291224, 158.0], "163" : [1048.1677209790723, 237.56835455291224, 158.0], "165" : [998.1198859957801, 238.98977204761846, 176.0], "167" : [921.2514401133061, 230.0668258202863, 208.0], "169" : [649.4396467339315, 265.6731281681427, 227.0], "171" : [649.4396467339315, 265.6731281681427, 227.0], "173" : [715.7250013756922, 275.93461946583386, 156.0], "175" : [693.4017234546634, 281.03016942140795, 116.0], "177" : [789.6396566206565, 273.3603468440589, 174.0], "179" : [904.8048257252955, 267.89955913754784, 228.0], "181" : [904.8048257252955, 267.89955913754784, 228.0], "183" : [904.8048257252955, 267.89955913754784, 228.0], "185" : [927.9788456692485, 257.9365390185902, 52.0], "187" : [927.9788456692485, 257.9365390185902, 52.0], "189" : [836.5848315671208, 262.02078540668305, 178.0], "191" : [836.5848315671208, 262.02078540668305, 178.0], "193" : [783.6714281643317, 265.34285153637313, 63.0], "195" : [783.6714281643317, 265.34285153637313, 63.0], "197" : [1017.3967265860639, 265.5495338148605, 214.0], "199" : [1017.3967265860639, 265.5495338148605, 214.0], "201" : [1068.2155323696293, 266.56213939197687, 103.0], "203" : [1068.2155323696293, 266.56213939197687, 103.0], "205" : [622.5609903521803, 287.16318703584693, 182.0], "207" : [564.2404246302107, 289.6702109066987, 141.0], "209" : [755.286111095758, 283.5624973678602, 144.0], "211" : [662.3735560305308, 287.819421333531, 242.0], "213" : [662.3735560305308, 287.819421333531, 242.0], "215" : [609.0118144212436, 289.61732224956546, 127.0], "217" : [609.0118144212436, 289.61732224956546, 127.0], "219" : [609.0118144212436, 289.61732224956546, 127.0], "221" : [777.6141082792232, 289.8067481376178, 163.0], "223" : [777.6141082792232, 289.8067481376178, 163.0], "225" : [777.6141082792232, 289.8067481376178, 163.0], "227" : [751.3803022894205, 294.3681852204368, 66.0], "229" : [751.3803022894205, 294.3681852204368, 66.0], "231" : [839.1938358347751, 292.20376980001737, 292.0], "233" : [839.1938358347751, 292.20376980001737, 292.0], "235" : [811.2360163522309, 299.6779710560195, 236.0], "237" : [811.2360163522309, 299.6779710560195, 236.0], "239" : [979.9293394052935, 302.8520963207518, 167.0], "241" : [929.9861708507228, 305.13936156231057, 94.0], "243" : [1072.4189874141775, 298.32152274662974, 158.0], "245" : [983.2808378424287, 298.1419200690828, 167.0], "247" : [983.2808378424287, 298.1419200690828, 167.0], "249" : [1016.0934973684546, 305.5289985568146, 200.0], "251" : [1016.0934973684546, 305.5289985568146, 200.0], "253" : [1055.9758640824766, 314.4017255326854, 58.0], "255" : [1017.988026807747, 347.45211157688084, 142.0], "257" : [706.8677969717511, 342.49237375763937, 236.0], "259" : [706.8677969717511, 342.49237375763937, 236.0], "261" : [854.2062724169955, 332.22103397918715, 271.0], "263" : [854.2062724169955, 332.22103397918715, 271.0], "265" : [672.1057677532103, 333.9192326686051, 52.0], "267" : [672.1057677532103, 333.9192326686051, 52.0], "269" : [742.6475886739549, 332.8740955696659, 166.0], "271" : [742.6475886739549, 332.8740955696659, 166.0], "273" : [818.0243645608689, 331.96294435825877, 197.0], "275" : [818.0243645608689, 331.96294435825877, 197.0], "277" : [862.5223957917055, 333.41770734519565, 192.0], "279" : [862.5223957917055, 333.41770734519565, 192.0], "281" : [956.094545803388, 335.96545586120897, 165.0], "283" : [1012.6362526428034, 336.6737489102539, 80.0], "285" : [610.1787157285639, 405.0232263133119, 155.0], "287" : [610.1787157285639, 405.0232263133119, 155.0], "289" : [671.3701822600813, 401.75091750435286, 218.0],