{"1" : [672.7496871438698, 107.23291904571951, 161.0], "3" : [672.7496871438698, 107.23291904571951, 161.0], "5" : [808.3297417213369, 6.6092326741815866, 195.0], "7" : [865.0324457407953, 1.499464938222629, 188.0], "9" : [641.4651758387704, 74.60149683300807, 201.0], "11" : [731.0857185786423, 68.47085599988966, 175.0], "13" : [731.0857185786423, 68.47085599988966, 175.0], "15" : [839.090775443051, 61.30291148922161, 206.0], "17" : [702.8317159206869, 65.04273022746989, 227.0], "19" : [661.8106664215134, 73.16400063398562, 75.0], "21" : [661.8106664215134, 73.16400063398562, 75.0], "23" : [657.9051450672874, 77.12206193582873, 136.0], "25" : [657.9051450672874, 77.12206193582873, 136.0], "27" : [769.4049312790178, 71.48028332054065, 142.0], "29" : [769.4049312790178, 71.48028332054065, 142.0], "31" : [844.0294119371564, 69.120590582066, 136.0], "33" : [877.1479248545738, 75.40599377568113, 217.0], "35" : [967.9766432477336, 72.17545116567568, 167.0], "37" : [1066.6846536756652, 60.60445489319349, 202.0], "39" : [714.703785268951, 123.00756930411728, 185.0], "41" : [714.703785268951, 123.00756930411728, 185.0], "43" : [860.7342519335216, 106.20718256769585, 181.0], "45" : [820.0570697311825, 99.44596004398511, 198.0], "47" : [820.0570697311825, 99.44596004398511, 198.0], "49" : [876.1776395334506, 97.8397532431259, 161.0], "51" : [876.1776395334506, 97.8397532431259, 161.0], "53" : [983.1395127647803, 95.99209998112194, 329.0], "55" : [983.1395127647803, 95.99209998112194, 329.0], "57" : [975.6073150987621, 104.37804745481694, 123.0], "59" : [649.3367716816721, 155.84663610523864, 223.0], "61" : [757.8071679958255, 148.38839721147932, 293.0], "63" : [791.7891213199915, 149.4945627071689, 239.0], "65" : [663.907048631474, 157.25727008024612, 227.0], "67" : [660.5212913032616, 154.8599989205766, 155.0], "69" : [765.2483390549115, 151.1475021842681, 120.0], "71" : [763.4708131542773, 147.00054101493458, 185.0], "73" : [809.6120372581643, 142.99675512078758, 216.0], "75" : [920.3863086048101, 140.93749688460397, 168.0], "77" : [920.3863086048101, 140.93749688460397, 168.0], "79" : [991.7944024156583, 135.58042169782564, 143.0], "81" : [1040.6080724252229, 130.77515503148263, 161.0], "83" : [1040.6080724252229, 130.77515503148263, 161.0], "85" : [1054.2323115369138, 141.092214235011, 424.0], "87" : [1061.4620328953333, 148.02894789899028, 266.0], "89" : [1075.7316314765408, 151.11086477087082, 313.0], "91" : [732.2425911956733, 198.53889011854642, 378.0], "93" : [829.9634638562824, 186.8611542080335, 260.0], "95" : [873.1910960687801, 179.70342363110595, 146.0], "97" : [957.2184349607879, 180.5225813265521, 217.0], "99" : [984.3845400516688, 176.1615167864212, 304.0], "101" : [625.0174848415824, 257.4167837389007, 143.0], "103" : [625.0174848415824, 257.4167837389007, 143.0], "105" : [691.1956212887003, 260.89635105607755, 137.0], "107" : [691.1956212887003, 260.89635105607755, 137.0], "109" : [803.9290334415913, 254.79247275391708, 93.0], "111" : [823.4947817749975, 262.6995993197238, 249.0], "113" : [823.4947817749975, 262.6995993197238, 249.0], "115" : [823.4947817749975, 262.6995993197238, 249.0], "117" : [964.580498422431, 268.3918233749017, 159.0], "119" : [939.7379742695015, 267.92658570415256, 158.0], "121" : [939.7379742695015, 267.92658570415256, 158.0], "123" : [1001.5354421471884, 264.0955678220739, 316.0], "125" : [1001.5354421471884, 264.0955678220739, 316.0], "127" : [1001.5354421471884, 264.0955678220739, 316.0], "129" : [961.61651278753, 258.8788976810155, 109.0], "131" : [961.61651278753, 258.8788976810155, 109.0], "133" : [1066.4072404793278, 249.27931218333075, 290.0], "135" : [1083.0277770862974, 252.40666755141368, 180.0], "137" : [745.6693428580313, 281.8824804439981, 137.0], "139" : [659.1161592652952, 293.32626334620824, 99.0], "141" : [659.1161592652952, 293.32626334620824, 99.0], "143" : [716.7866670549157, 288.22066714779146, 150.0], "145" : [805.6095819347314, 285.3658666234964, 167.0], "147" : [906.4427476855719, 287.1587765831021, 131.0], "149" : [1009.8934078166916, 286.6796677391708, 182.0], "151" : [980.4076181258924, 281.21809064296946, 105.0], "153" : [1030.463082674543, 282.66379642860494, 279.0], "155" : [675.7585238102166, 319.6573897392797, 176.0], "157" : [601.8114631637882, 320.3840793227048, 157.0], "159" : [601.8114631637882, 320.3840793227048, 157.0], "161" : [679.4819002286401, 319.22579256148487, 221.0], "163" : [733.3520410509662, 320.14337220606825, 196.0], "165" : [820.0689292122855, 319.3971468674385, 280.0], "167" : [965.2087473158242, 316.2374992525599, 160.0], "169" : [934.9173914089223, 316.87652072630664, 115.0], "171" : [1031.3608685081233, 316.5722807068976, 184.0], "173" : [1031.3608685081233, 316.5722807068976, 184.0], "175" : [1070.2263784034828, 310.36748333098086, 163.0], "177" : [728.6624239121152, 350.4781812330335, 165.0], "179" : [785.0692299777263, 350.4940139398932, 117.0], "181" : [783.7396805914377, 349.8968248220446, 63.0], "183" : [881.566912013271, 350.5349239811529, 272.0], "185" : [971.755223245315, 348.640295977546, 134.0], "187" : [971.755223245315, 348.640295977546, 134.0], "189" : [972.6987673570352, 344.546913983974, 81.0], "191" : [972.6987673570352, 344.546913983974, 81.0], "193" : [799.9351845906598, 346.0708343958939, 216.0], "195" : [834.1279215268406, 346.6181812382444, 154.0], "197" : [661.1333346175032, 415.16274593938874, 51.0], "199" : [754.3007452462433, 417.9947764848438, 134.0], "201" : [798.1485030940592, 412.0694590196227, 167.0], "203" : [919.4786877692013, 414.03606660373003, 61.0], "205" : [917.7246644736969, 417.8986664147823, 150.0], "207" : [887.0604301688587, 409.39208435938576, 139.0], "209" : [798.8694736781424, 415.54631616862525, 95.0], "211" : [978.9886351368363, 417.2401517194, 132.0], "213" : [978.9886351368363, 417.2401517194, 132.0], "215" : [1042.6841193030593, 411.5854036112706, 233.0], "217" : [952.3057575697272, 413.9560209725867, 191.0], "219" : [903.2184243707053, 414.1230273619938, 152.0], "221" : [715.2293714154098, 421.4706310474058, 143.0], "223" : [772.1845846333914, 422.9727268478812, 253.0], "225" : [772.1845846333914, 422.9727268478812, 253.0], "227" : [699.3931510383763, 451.5652970998319, 219.0], "229" : [773.4817052646024, 422.9975609056806, 164.0], "231" : [773.4817052646024, 422.9975609056806, 164.0], "233" : [816.3968092404002, 413.70000035847823, 94.0], "235" : [665.7895149049457, 412.39435397309234, 248.0], "237" : [716.0923813006141, 442.7861859194324, 210.0], "239" : [810.4641103416266, 455.1947787906144, 287.0], "241" : [810.4641103416266, 455.1947787906144, 287.0], "243" : [865.028368144988, 452.332623613902, 141.0], "245" : [974.459217098049, 450.3749038784357, 255.0], "247" : [989.6508404983836, 449.30269498211766, 297.0], "249" : [642.9265739845614, 478.05664345889716, 286.0], "251" : [731.8566096936507, 483.803725302018, 295.0], "253" : [747.2213527858094, 487.0177083276679, 192.0], "255" : [879.8896048568696, 487.81187964616885, 202.0], "257" : [879.8896048568696, 487.81187964616885, 202.0], "259" : [852.7805724078888, 485.19485714615007, 175.0], "261" : [887.1623481403036, 484.93529173098267, 170.0], "263" : [1004.7188250805524, 494.50823288867997, 170.0], "265" : [1004.7188250805524, 494.50823288867997, 170.0], "267" : [965.8828265997475, 487.0161614300619, 99.0], "269" : [1039.2856313169736, 492.91321986466573, 174.0], "271" : [1039.2856313169736, 492.91321986466573, 174.0], "273" : [1060.7527022211434, 491.3748083474881, 389.0], "275" : [842.8971296149975, 520.9779883242982, 209.0], "277" : [942.3982170403473, 516.2657760096366, 225.0], "279" : [1002.5435067990273, 519.1709901365023, 131.0], "281" : [1002.1575703862679, 522.8030291282909, 66.0], "283" : [626.2246224118666, 604.3562809721689, 199.0], "285" : [626.2246224118666, 604.3562809721689, 199.0], "287" : [712.4836498544421, 596.20125894758, 159.0], "289" : [712.4836498544421, 596.20125894758, 159.0],