{"1" : [818.4313048795764, 8.526520902003988, 230.0], "3" : [579.6106493708656, 93.65231587077768, 216.0], "5" : [691.3306668406681, 96.1323374836711, 300.0], "7" : [691.3306668406681, 96.1323374836711, 300.0], "9" : [788.8750000913031, 88.75909142575765, 220.0], "11" : [855.1412812132671, 73.20858152603378, 373.0], "13" : [965.613362958255, 69.45622080058217, 217.0], "15" : [1048.2390092206824, 81.78901080519955, 182.0], "17" : [1048.2390092206824, 81.78901080519955, 182.0], "19" : [1104.6709915224174, 90.89010423865506, 293.0], "21" : [709.7368806752199, 128.14220453647684, 263.0], "23" : [709.7368806752199, 128.14220453647684, 263.0], "25" : [709.7368806752199, 128.14220453647684, 263.0], "27" : [687.391197111272, 128.26666652782723, 159.0], "29" : [687.391197111272, 128.26666652782723, 159.0], "31" : [817.4160733022483, 115.82618721627928, 168.0], "33" : [868.1442718827569, 119.66041723973228, 192.0], "35" : [989.3624330898707, 132.62380946380648, 189.0], "37" : [989.3624330898707, 132.62380946380648, 189.0], "39" : [970.7873985951396, 134.74488104464697, 127.0], "41" : [970.7873985951396, 134.74488104464697, 127.0], "43" : [970.7873985951396, 134.74488104464697, 127.0], "45" : [1023.7826121506899, 142.252169639852, 69.0], "47" : [671.9877944650166, 185.1527564356556, 254.0], "49" : [758.0385085338734, 178.88046117592975, 174.0], "51" : [838.789887576539, 174.30730511516762, 178.0], "53" : [909.3982962563533, 192.2869310614779, 176.0], "55" : [995.6785695312562, 195.64505807644034, 182.0], "57" : [994.0588640925632, 228.95531707988079, 141.0], "59" : [964.8845566561359, 228.48749951047955, 136.0], "61" : [964.8845566561359, 228.48749951047955, 136.0], "63" : [1101.752678733893, 324.35000102012833, 112.0], "65" : [636.820692314129, 293.75977159495665, 348.0], "67" : [636.820692314129, 293.75977159495665, 348.0], "69" : [707.4411231098741, 297.68084331692245, 214.0], "71" : [707.4411231098741, 297.68084331692245, 214.0], "73" : [781.3890174525443, 298.538734499596, 173.0], "75" : [781.3890174525443, 298.538734499596, 173.0], "77" : [781.3890174525443, 298.538734499596, 173.0], "79" : [887.2520325777338, 297.6898402080478, 246.0], "81" : [887.2520325777338, 297.6898402080478, 246.0], "83" : [1040.430673410834, 317.1460121358162, 163.0], "85" : [1040.430673410834, 317.1460121358162, 163.0], "87" : [991.7615066082228, 303.0853175793886, 252.0], "89" : [1092.6942853948499, 314.87771460612197, 175.0], "91" : [666.8598634608128, 328.987753883817, 147.0], "93" : [666.8598634608128, 328.987753883817, 147.0], "95" : [668.606576186988, 329.6210512410581, 76.0], "97" : [668.606576186988, 329.6210512410581, 76.0], "99" : [745.1129870657923, 319.7805208704096, 77.0], "101" : [746.9739587388715, 323.6499998419235, 96.0], "103" : [746.9739587388715, 323.6499998419235, 96.0], "105" : [841.9629036309766, 323.8188174618771, 186.0], "107" : [841.9629036309766, 323.8188174618771, 186.0], "109" : [843.3164560082776, 326.8443045609739, 79.0], "111" : [843.3164560082776, 326.8443045609739, 79.0], "113" : [947.95686295789, 339.40784266531494, 102.0], "115" : [951.3728255195836, 340.301627502291, 184.0], "117" : [652.03308800883, 337.59490730849336, 275.0], "119" : [726.3041098582976, 349.742466919775, 73.0], "121" : [726.0710740610224, 353.42396523527975, 121.0], "123" : [1087.866448561558, 392.5125005390022, 152.0], "125" : [742.0084252355191, 406.4286505573036, 178.0], "127" : [722.1975075249729, 405.89626513784384, 241.0], "129" : [722.1975075249729, 405.89626513784384, 241.0], "131" : [727.1727270978971, 413.92121286293997, 66.0], "133" : [727.1727270978971, 413.92121286293997, 66.0], "135" : [789.103091049467, 406.8819600442768, 194.0], "137" : [871.5299408831476, 412.6532935070501, 167.0], "139" : [871.5299408831476, 412.6532935070501, 167.0], "141" : [946.2952626004845, 410.1731569515991, 190.0], "143" : [1065.9380501592243, 416.8296478756231, 226.0], "145" : [1014.0260031663588, 418.75533400205524, 150.0], "147" : [670.7576241809203, 472.1621449644025, 177.0], "149" : [675.3945656600489, 472.1239110360388, 92.0], "151" : [716.4156468206276, 468.5292537014476, 147.0], "153" : [791.70526366196, 473.9205280964956, 190.0], "155" : [791.70526366196, 473.9205280964956, 190.0], "157" : [885.3105687643881, 473.4024391877027, 123.0], "159" : [887.4475355534555, 476.66393418186397, 122.0], "161" : [973.5744188949958, 482.29844726978354, 258.0], "163" : [1015.1538744614088, 483.86863280077233, 271.0], "165" : [1112.3207295941454, 482.58658113252216, 164.0], "167" : [1028.6084858555166, 513.2139359249334, 165.0], "169" : [723.6906830821351, 508.0563726716833, 204.0], "171" : [785.945394141587, 512.1957052042255, 163.0], "173" : [898.3286293033809, 514.5584625490485, 248.0], "175" : [898.3286293033809, 514.5584625490485, 248.0], "177" : [1025.0859697628828, 512.9640338761011, 114.0], "179" : [630.3293466351541, 518.5347797612175, 92.0], "181" : [630.8101575829456, 525.2445308353188, 128.0], "183" : [817.0788461089256, 559.1892310749272, 260.0], "185" : [937.5332024634685, 554.4015982246062, 250.0], "187" : [937.5332024634685, 554.4015982246062, 250.0], "189" : [770.5445771607955, 567.9831317883194, 166.0], "191" : [726.798325672644, 577.6393835643732, 358.0], "193" : [809.8516657334172, 576.1958333847191, 240.0], "195" : [893.2193008728848, 585.0748537822401, 171.0], "197" : [960.5096226481951, 587.9234309319813, 239.0], "199" : [960.5096226481951, 587.9234309319813, 239.0], "201" : [1086.1056726080096, 586.052578354643, 194.0], "203" : [1053.0568851117118, 582.6652696798811, 167.0], "205" : [680.3368414472723, 650.6000009804255, 57.0], "207" : [683.8962030012119, 653.4677217203666, 158.0], "209" : [683.8962030012119, 653.4677217203666, 158.0], "211" : [750.3550902440478, 648.1814373488295, 167.0], "213" : [835.3513820793668, 645.4478233748755, 253.0], "215" : [948.8924613371573, 647.7547944149378, 146.0], "217" : [1006.4725022683945, 652.338748230519, 80.0], "219" : [692.6652540651605, 671.1144078647067, 118.0], "221" : [691.5962268180782, 676.8660401579529, 53.0], "223" : [659.7797784356821, 687.0983154591, 178.0], "225" : [659.7797784356821, 687.0983154591, 178.0], "227" : [762.1483737183778, 680.707905276046, 215.0], "229" : [853.5432288982098, 675.8698680917884, 229.0], "231" : [940.1386374999039, 676.7750002353984, 176.0], "233" : [1001.4637155493941, 682.9982288691787, 113.0], "235" : [1001.4637155493941, 682.9982288691787, 113.0], "237" : [1071.410663734704, 678.6106645904308, 75.0], "239" : [697.1752644466825, 723.4631590140011, 190.0], "241" : [1069.543207969921, 722.0845706509999, 162.0], "243" : [752.552438356943, 735.8567060815919, 164.0], "245" : [708.6371096209652, 743.1830200548729, 159.0], "247" : [859.3827812325185, 731.4483452790995, 151.0], "249" : [949.5562472120239, 740.521876353121, 192.0], "251" : [1008.3977415637091, 737.1502815449929, 177.0], "253" : [1008.3977415637091, 737.1502815449929, 177.0], "255" : [1112.2616100959528, 739.9018986789462, 211.0], "257" : [1079.726568730234, 739.6980711308194, 207.0], "259" : [696.0416667173905, 808.6496659844773, 300.0], "261" : [636.9827157269498, 806.4006177781763, 162.0], "263" : [733.8452722108598, 801.4288538374989, 201.0], "265" : [801.393020248378, 794.2447698852186, 172.0], "267" : [801.393020248378, 794.2447698852186, 172.0], "269" : [896.1109759256419, 789.2158517129783, 164.0], "271" : [896.1109759256419, 789.2158517129783, 164.0], "273" : [896.1109759256419, 789.2158517129783, 164.0], "275" : [980.623911314363, 797.2293476801094, 92.0], "277" : [1055.4141485093191, 807.5790231838137, 205.0], "279" : [1135.7728019740791, 809.2573223522469, 239.0], "281" : [749.4714295883242, 838.0226194834057, 168.0], "283" : [718.3770002586082, 836.3084995137407, 200.0], "285" : [799.4493849451305, 832.722449564202, 245.0], "287" : [763.9913715164729, 832.1136722151151, 139.0], "289" : [871.4336619030757, 819.3940613289442, 202.0], "291" : [871.4336619030757, 819.3940613289442, 202.0],