{"1" : [851.4592104282028, 5.657894146157131, 152.0], "3" : [729.2711973866107, 80.32771686282152, 184.0], "5" : [729.2711973866107, 80.32771686282152, 184.0], "7" : [820.500910007205, 85.93000159783334, 110.0], "9" : [826.0588208317984, 87.13088248381543, 68.0], "11" : [938.4940316239129, 72.30224045692127, 134.0], "13" : [938.4940316239129, 72.30224045692127, 134.0], "15" : [943.9329966908762, 71.6840025015484, 100.0], "17" : [943.9329966908762, 71.6840025015484, 100.0], "19" : [1022.1776618980259, 71.30957569337622, 188.0], "21" : [1032.7636329924692, 76.59917502391473, 121.0], "23" : [673.1140948770567, 100.4167383917227, 227.0], "25" : [673.1140948770567, 100.4167383917227, 227.0], "27" : [673.1140948770567, 100.4167383917227, 227.0], "29" : [844.9384628021031, 106.30807443012375, 260.0], "31" : [844.9384628021031, 106.30807443012375, 260.0], "33" : [949.2576922454059, 105.4519229712771, 156.0], "35" : [740.482237821903, 130.90559069386293, 304.0], "37" : [740.482237821903, 130.90559069386293, 304.0], "39" : [808.9492952386742, 141.54084054881739, 142.0], "41" : [887.9031687651407, 155.0436616042372, 284.0], "43" : [981.0652438099154, 162.64390067091009, 164.0], "45" : [981.0652438099154, 162.64390067091009, 164.0], "47" : [983.4265308579058, 162.9132624030411, 98.0], "49" : [983.4265308579058, 162.9132624030411, 98.0], "51" : [1007.8750023451811, 159.16637917089062, 116.0], "53" : [1007.8750023451811, 159.16637917089062, 116.0], "55" : [764.5820647414822, 225.64945624595418, 184.0], "57" : [854.6415169975254, 227.693566258566, 171.0], "59" : [897.1740569839113, 233.17028422357475, 212.0], "61" : [1058.1701426206628, 233.61154911246942, 355.0], "63" : [1063.6052639055215, 233.02763254356054, 76.0], "65" : [722.4987346667666, 237.7784807962987, 158.0], "67" : [757.2661618119258, 254.0828287889645, 198.0], "69" : [860.4687803708204, 265.28243683143336, 205.0], "71" : [860.4687803708204, 265.28243683143336, 205.0], "73" : [953.380977159279, 263.84184736737154, 184.0], "75" : [953.380977159279, 263.84184736737154, 184.0], "77" : [953.380977159279, 263.84184736737154, 184.0], "79" : [1051.7921679687706, 270.3325305192782, 166.0], "81" : [667.6337271753545, 283.4396454637195, 169.0], "83" : [667.6337271753545, 283.4396454637195, 169.0], "85" : [753.4340788028436, 290.02457948657275, 179.0], "87" : [753.4340788028436, 290.02457948657275, 179.0], "89" : [886.2283001526267, 297.6566077220535, 318.0], "91" : [886.2283001526267, 297.6566077220535, 318.0], "93" : [1047.03284053091, 297.42157068346904, 204.0], "95" : [1047.03284053091, 297.42157068346904, 204.0], "97" : [1029.0963756524645, 291.6901599511008, 193.0], "99" : [1029.0963756524645, 291.6901599511008, 193.0], "101" : [1100.6340235134626, 297.04408588045686, 338.0], "103" : [740.2472973963586, 313.27972966259745, 148.0], "105" : [742.7237009228891, 315.7511090303666, 135.0], "107" : [810.6519799891422, 314.43744554884984, 227.0], "109" : [909.5662340273643, 322.9649380806883, 154.0], "111" : [909.5662340273643, 322.9649380806883, 154.0], "113" : [881.1446669720664, 318.9820010831633, 150.0], "115" : [724.6274277449112, 315.4559983376549, 175.0], "117" : [825.1726842269917, 310.51121845538336, 205.0], "119" : [920.3858743810207, 323.4519763033813, 177.0], "121" : [920.3858743810207, 323.4519763033813, 177.0], "123" : [1010.5393367451329, 322.19763178703346, 211.0], "125" : [1010.5393367451329, 322.19763178703346, 211.0], "127" : [987.7354265016422, 320.57175087788113, 223.0], "129" : [769.70254016635, 359.2660333710041, 315.0], "131" : [816.3113637471263, 364.29545466805854, 132.0], "133" : [721.3133927225765, 413.5522311669721, 224.0], "135" : [757.1950001579032, 422.03318241133263, 220.0], "137" : [757.1950001579032, 422.03318241133263, 220.0], "139" : [874.1897727558243, 429.7079534610462, 176.0], "141" : [874.1897727558243, 429.7079534610462, 176.0], "143" : [874.1897727558243, 429.7079534610462, 176.0], "145" : [874.1897727558243, 429.7079534610462, 176.0], "147" : [880.8050494686913, 429.690405622857, 198.0], "149" : [880.8050494686913, 429.690405622857, 198.0], "151" : [908.600440604259, 427.89075218457197, 227.0], "153" : [908.600440604259, 427.89075218457197, 227.0], "155" : [1024.8045924814462, 438.16131020401843, 305.0], "157" : [662.8363651612794, 472.1050497680218, 198.0], "159" : [729.6527074343389, 472.5168932068923, 148.0], "161" : [829.9254347881026, 475.28536959637125, 287.0], "163" : [829.9254347881026, 475.28536959637125, 287.0], "165" : [947.7440121132964, 470.6362921007323, 259.0], "167" : [1026.9381242840136, 466.10828667546707, 181.0], "169" : [1119.2531107509474, 474.0273877165344, 241.0], "171" : [761.689192056181, 491.7743254692495, 148.0], "173" : [761.689192056181, 491.7743254692495, 148.0], "175" : [813.917054594367, 499.6127923757518, 258.0], "177" : [939.7390819276291, 494.44204822365816, 371.0], "179" : [939.7390819276291, 494.44204822365816, 371.0], "181" : [1021.1278627204658, 495.43434923347365, 262.0], "183" : [1021.1278627204658, 495.43434923347365, 262.0], "185" : [1078.0259500222608, 498.28101081574806, 158.0], "187" : [692.1105864164764, 554.4847061489103, 85.0], "189" : [748.0390847444636, 564.5538070529642, 197.0], "191" : [835.2827597768783, 568.8637935481848, 174.0], "193" : [958.9259739768348, 573.2506470447755, 154.0], "195" : [963.1500001897426, 574.412498700247, 112.0], "197" : [1053.485869482111, 579.1782601585553, 276.0], "199" : [658.8182681815399, 623.7913461935252, 208.0], "201" : [658.8182681815399, 623.7913461935252, 208.0], "203" : [735.9311052979115, 612.490552105627, 254.0], "205" : [863.9847518843989, 609.7453912842922, 282.0], "207" : [971.3177569134596, 602.6448607176493, 214.0], "209" : [1077.5580785351451, 599.1703869632844, 260.0], "211" : [695.5696283745652, 625.048713098841, 349.0], "213" : [695.5696283745652, 625.048713098841, 349.0], "215" : [700.5553590165257, 627.5571422319969, 112.0], "217" : [700.5553590165257, 627.5571422319969, 112.0], "219" : [860.1798213394986, 633.326507450551, 332.0], "221" : [989.7038957647269, 637.2607159887417, 308.0], "223" : [723.678944736844, 664.0768370633473, 95.0], "225" : [727.4496311731808, 666.1496277624483, 135.0], "227" : [803.968043121538, 673.4597961331935, 97.0], "229" : [807.4385140455128, 674.9810800054083, 148.0], "231" : [945.4911102091047, 673.4744455212525, 180.0], "233" : [927.9408055943412, 671.5097713136183, 174.0], "235" : [927.9408055943412, 671.5097713136183, 174.0], "237" : [1011.1966861026873, 675.9265198586577, 181.0], "239" : [1061.1947935918834, 675.0479178252637, 192.0], "241" : [655.4053683453134, 755.9550323703457, 149.0], "243" : [655.4053683453134, 755.9550323703457, 149.0], "245" : [655.4053683453134, 755.9550323703457, 149.0], "247" : [733.5507958981415, 745.2756640321858, 189.0], "249" : [813.1918119079942, 743.9421079206134, 171.0], "251" : [880.3443805922404, 747.131462116157, 178.0], "253" : [1010.590514647298, 739.4446637647936, 253.0], "255" : [1010.590514647298, 739.4446637647936, 253.0], "257" : [996.2732670344373, 735.2683170887268, 202.0], "259" : [1099.387318088718, 734.5956125695504, 205.0], "261" : [727.4040996869139, 783.2778713728172, 122.0], "263" : [755.1894122492982, 774.1582351477122, 170.0], "265" : [867.6372400420512, 771.2552320661896, 239.0], "267" : [867.6372400420512, 771.2552320661896, 239.0], "269" : [987.0190199224108, 769.0073616429573, 163.0], "271" : [987.0190199224108, 769.0073616429573, 163.0], "273" : [973.1126441652286, 765.0408029034386, 174.0], "275" : [617.5929698154065, 794.9625024318717, 128.0], "277" : [617.5929698154065, 794.9625024318717, 128.0], "279" : [702.2432097769716, 791.4265422442121, 162.0], "281" : [702.2432097769716, 791.4265422442121, 162.0], "283" : [688.6500023406815, 794.281611283775, 174.0], "285" : [688.6500023406815, 794.281611283775, 174.0], "287" : [857.4597709088077, 805.338506662639, 174.0], "289" : [826.9770834338328, 798.3526062566747, 192.0],