{"1" : [780.9527771278437, 14.847915553223796, 144.0], "3" : [824.2995364520665, 75.61822699897264, 214.0], "5" : [860.3286307730616, 910.3205640027448, 248.0], "7" : [760.3510214409296, 102.86377455484828, 196.0], "9" : [760.3510214409296, 102.86377455484828, 196.0], "11" : [745.1068614048763, 29.349017744453274, 102.0], "13" : [676.7923095491665, 59.79230768420829, 195.0], "15" : [734.1682029516934, 65.35391792459355, 217.0], "17" : [734.1682029516934, 65.35391792459355, 217.0], "19" : [709.0862921638815, 59.42943444138213, 248.0], "21" : [780.2623760501167, 65.05148606888352, 101.0], "23" : [866.5446039330657, 78.88129386015405, 139.0], "25" : [993.5738608527304, 73.36780764763441, 264.0], "27" : [1080.5442291973634, 64.17307639895049, 52.0], "29" : [1083.9436546750142, 65.54683162962668, 126.0], "31" : [1119.492631604083, 63.75210669277697, 190.0], "33" : [725.058554899915, 91.7262369715353, 263.0], "35" : [725.058554899915, 91.7262369715353, 263.0], "37" : [725.058554899915, 91.7262369715353, 263.0], "39" : [697.0659560372173, 91.70638499595667, 94.0], "41" : [697.0659560372173, 91.70638499595667, 94.0], "43" : [862.3351840355351, 114.68333451643451, 54.0], "45" : [861.6124998579293, 104.17416602243954, 120.0], "47" : [916.071354853665, 108.08385457982216, 192.0], "49" : [993.7970856022389, 101.10873715662608, 206.0], "51" : [993.7970856022389, 101.10873715662608, 206.0], "53" : [1039.1631130441601, 97.06475706180962, 122.0], "55" : [658.2632757650317, 106.11751245824375, 177.0], "57" : [648.0882383672786, 118.40882425561537, 68.0], "59" : [783.1285709707028, 133.94387544262383, 98.0], "61" : [783.1285709707028, 133.94387544262383, 98.0], "63" : [783.1285709707028, 133.94387544262383, 98.0], "65" : [848.7788450780412, 138.95769189218328, 52.0], "67" : [849.9008183376557, 139.94425767709328, 122.0], "69" : [804.3000017098998, 124.22222411665201, 126.0], "71" : [804.3000017098998, 124.22222411665201, 126.0], "73" : [879.8119211411398, 131.74900525069972, 151.0], "75" : [879.8119211411398, 131.74900525069972, 151.0], "77" : [879.8119211411398, 131.74900525069972, 151.0], "79" : [979.4475693652779, 127.94965291458732, 288.0], "81" : [979.4475693652779, 127.94965291458732, 288.0], "83" : [764.4246852205592, 166.09999835628335, 158.0], "85" : [764.4246852205592, 166.09999835628335, 158.0], "87" : [722.084112993155, 162.9766326019097, 214.0], "89" : [722.084112993155, 162.9766326019097, 214.0], "91" : [722.084112993155, 162.9766326019097, 214.0], "93" : [856.5815076585315, 168.53655841160202, 238.0], "95" : [856.5815076585315, 168.53655841160202, 238.0], "97" : [893.6300711964967, 173.82657163291748, 143.0], "99" : [893.6300711964967, 173.82657163291748, 143.0], "101" : [995.2165928080958, 175.25546160218403, 229.0], "103" : [964.6386120331229, 172.22475035713643, 101.0], "105" : [964.6386120331229, 172.22475035713643, 101.0], "107" : [635.2448592427942, 230.79252367328297, 107.0], "109" : [707.9695638531939, 238.66739178324136, 92.0], "111" : [802.2999994662221, 241.11774314367665, 62.0], "113" : [807.2595227590863, 243.54095302902616, 210.0], "115" : [885.3042355587579, 246.2398320748647, 118.0], "117" : [1004.845561943468, 255.76023372235886, 259.0], "119" : [1050.0760881072317, 258.48550813845867, 138.0], "121" : [1050.0760881072317, 258.48550813845867, 138.0], "123" : [1050.0760881072317, 258.48550813845867, 138.0], "125" : [1074.2043956369141, 241.84505500382386, 91.0], "127" : [697.8706561535519, 258.62702845593367, 259.0], "129" : [697.8706561535519, 258.62702845593367, 259.0], "131" : [869.1291300331877, 276.22130824098025, 230.0], "133" : [836.0442733625632, 270.79542041374094, 131.0], "135" : [762.9961184155202, 263.9359214881971, 103.0], "137" : [762.9961184155202, 263.9359214881971, 103.0], "139" : [852.6101788394903, 282.5443093070543, 167.0], "141" : [939.7659999737779, 284.1574984870607, 200.0], "143" : [817.8981480142146, 276.6718540831037, 270.0], "145" : [735.1021062153756, 273.2947368177224, 95.0], "147" : [735.1021062153756, 273.2947368177224, 95.0], "149" : [832.0837610170981, 278.39145507958716, 117.0], "151" : [951.3071705474154, 279.65780457259893, 237.0], "153" : [951.3071705474154, 279.65780457259893, 237.0], "155" : [1064.9282570014493, 275.55924301550294, 184.0], "157" : [664.542602306382, 294.57337290340064, 169.0], "159" : [664.542602306382, 294.57337290340064, 169.0], "161" : [664.542602306382, 294.57337290340064, 169.0], "163" : [611.9696022172441, 302.16560035886243, 125.0], "165" : [727.7788491686122, 305.56345424902634, 52.0], "167" : [816.2836076698122, 312.49180210771766, 61.0], "169" : [906.0406012141526, 311.15864542117583, 133.0], "171" : [996.8519299085222, 307.92489162947163, 233.0], "173" : [1043.3710308015984, 314.3202384323588, 252.0], "175" : [1000.8076508714371, 302.55901534815575, 183.0], "177" : [1046.703863325142, 310.40820986434943, 207.0], "179" : [744.8005783853754, 333.27861409745424, 173.0], "181" : [744.8005783853754, 333.27861409745424, 173.0], "183" : [709.1734407334947, 334.6890658723894, 64.0], "185" : [709.1734407334947, 334.6890658723894, 64.0], "187" : [834.0800001989338, 343.00064526756444, 155.0], "189" : [902.7458829113036, 345.56862729523255, 255.0], "191" : [974.0518304790462, 345.38167460848894, 191.0], "193" : [1046.4420785721925, 343.664356785515, 202.0], "195" : [699.8981970409349, 401.67297355888076, 111.0], "197" : [701.7139778523192, 404.54731185771635, 93.0], "199" : [694.6413222810899, 411.9925612687198, 121.0], "201" : [747.4068154668945, 418.1136365742575, 132.0], "203" : [793.1807076429233, 419.6912298316363, 57.0], "205" : [868.0432430301842, 416.29729960906445, 111.0], "207" : [868.0432430301842, 416.29729960906445, 111.0], "209" : [976.657576350356, 416.77818399650573, 165.0], "211" : [1087.3046885527124, 419.96666697017366, 192.0], "213" : [723.3493718792305, 444.01213047495736, 239.0], "215" : [764.8499979367335, 453.62088646480316, 158.0], "217" : [866.5193357631798, 456.80332466861137, 331.0], "219" : [866.5193357631798, 456.80332466861137, 331.0], "221" : [896.4679602210998, 458.02815651394064, 103.0], "223" : [896.4679602210998, 458.02815651394064, 103.0], "225" : [1016.72878995414, 461.32256710626206, 257.0], "227" : [676.758963581881, 482.1186180812041, 290.0], "229" : [682.5865993818113, 480.06494503573566, 97.0], "231" : [797.2067038760034, 483.35530552979736, 179.0], "233" : [797.2067038760034, 483.35530552979736, 179.0], "235" : [894.4675862411409, 487.90689676257864, 145.0], "237" : [894.4675862411409, 487.90689676257864, 145.0], "239" : [965.2399999703322, 485.2399997814067, 65.0], "241" : [1065.7910358725028, 490.01509693840904, 212.0], "243" : [1107.038914716155, 484.67339681821863, 203.0], "245" : [769.041803790397, 517.9065563409899, 244.0], "247" : [708.6193220695329, 513.4988599259218, 176.0], "249" : [817.4476626493089, 515.9056042826711, 107.0], "251" : [916.1738731689021, 529.1360347791513, 111.0], "253" : [920.3119781371829, 530.3203157354932, 192.0], "255" : [1031.8736465011452, 520.1945861256261, 148.0], "257" : [692.9541390401358, 608.245223646972, 157.0], "259" : [675.5211622742567, 597.1966809948955, 241.0], "261" : [820.2309122697391, 582.1963642232652, 55.0], "263" : [934.2431808394202, 588.8086366364179, 220.0], "265" : [934.2431808394202, 588.8086366364179, 220.0], "267" : [934.2431808394202, 588.8086366364179, 220.0], "269" : [976.6000004510081, 596.053442239138, 189.0], "271" : [976.6000004510081, 596.053442239138, 189.0], "273" : [976.6000004510081, 596.053442239138, 189.0], "275" : [1080.2553158146652, 599.1436197240885, 376.0], "277" : [709.9751633529947, 625.7700632799055, 157.0], "279" : [709.9751633529947, 625.7700632799055, 157.0], "281" : [621.8647521264153, 638.874589142391, 122.0], "283" : [743.5693404517172, 630.8197053339295, 137.0], "285" : [743.5693404517172, 630.8197053339295, 137.0], "287" : [652.763104744228, 637.6669923789701, 103.0], "289" : [840.3250007861719, 646.3093739068921, 64.0],