{"1": [90.65904284101174, 380.64859869267684, 169.0], "2": [124.89161985971064, 381.2825353041342, 177.0], "3": [219.98211157831867, 383.1843451385064, 173.0], "4": [267.52735743762275, 378.7467888583047, 185.0], "5": [373.3947715510064, 384.45221836142116, 277.0], "6": [266.259484214708, 382.550408527049, 198.0], "7": [235.83052686475338, 383.8182817499638, 182.0], "8": [318.8762229656711, 383.1843451385064, 230.0], "9": [355.0106098187421, 381.9164719155916, 235.0], "10": [67.20338821708843, 381.9164719155916, 214.0], "11": [175.60654877630162, 383.8182817499638, 229.0], "12": [298.5902513990347, 383.8182817499638, 270.0], "13": [398.75223600930184, 385.72009158433593, 179.0], "14": [492.5748545049951, 380.01466208121946, 184.0], "15": [644.0857046433106, 383.1843451385064, 168.0], "16": [484.3336785560491, 385.08615497287855, 203.0], "17": [472.9228195498161, 379.38072546976207, 168.0]}