{"1" : [846.0, 512.4, 21.29412254521475], "3" : [957.5, 513.9, 191.29412254521475], "5" : [956.2, 513.1, 20.29412254521475], "7" : [1049.1, 510.8, 264.29412254521475], "9" : [1048.9, 502.7, 172.29412254521475], "11" : [1287.2, 493.3, 286.29412254521475], "13" : [1287.2, 497.1, 27.29412254521475], "15" : [1455.8, 495.4, 193.29412254521475], "17" : [1456.2, 497.5, 17.29412254521475], "19" : [1529.2, 498.1, 163.29412254521475], "21" : [1527.6, 498.5, 21.29412254521475], "23" : [1619.4, 491.8, 100.29412254521475], "25" : [1622.5, 487.3, 22.29412254521475], "27" : [1673.0, 479.8, 114.29412254521475], "29" : [1670.3, 479.1, 62.294122545214755], "31" : [909.6, 562.7, 129.29412254521475], "33" : [913.8, 561.7, 18.29412254521475], "35" : [861.4, 560.5, 186.29412254521475], "37" : [860.2, 558.3, 25.29412254521475], "39" : [1004.0, 556.0, 254.29412254521478], "41" : [1005.9, 563.2, 16.29412254521475], "43" : [953.2, 555.8, 592.2941225452148], "45" : [953.7, 556.9, 41.294122545214755], "47" : [654.0, 454.3, 136.29412254521475], "49" : [655.3, 454.4, 19.29412254521475], "51" : [588.5, 451.7, 355.29412254521475], "53" : [588.9, 457.9, 20.29412254521475], "55" : [686.1, 459.8, 346.29412254521475], "57" : [687.8, 459.2, 15.294122545214751]}