{"1": [35.32480134751056, 381.6265827643028, 332.0], "2": [87.39697745705698, 385.271635091971, 249.0], "3": [97.29069091787079, 385.271635091971, 167.0], "4": [162.3809110548038, 382.1473045253982, 143.0], "5": [226.42968766954587, 383.7094698086846, 275.0], "6": [218.9, 385.2, 127.0], "7": [304.5379518338655, 383.1887480475892, 214.0], "8": [343.07136215492983, 382.6680262864937, 262.0], "9": [376.3975548650395, 380.58513924211184, 192.0], "10": [428.9904527356814, 380.58513924211184, 327.0], "11": [472.21035890660494, 385.271635091971, 292.0], "12": [544.5906836988744, 384.75091333087556, 570.0], "13": [542.5077966544926, 384.75091333087556, 316.0]}