{"1": [184.16666666666666, 170.0, 300.0], "2": [305.9900455927939, 121.2506061602711, 250.0], "3": [402.1666666666667, 172.0, 200.0], "4": [554.5587061831006, 190.47915856151883, 150.0], "5": [687.5647438673875, 113.61911219477923, 450.0], "6": [778.5, 173.0, 100.0], "7": [827.1666666666666, 171.0, 150.0], "8": [946.4904319822901, 129.97231354940465, 100.0], "9": [1069.684548853802, 173.0357437832517, 150.0], "10": [177.16666666666666, 226.0, 350.0], "11": [300.5, 212.0, 150.0], "12": [403.5, 214.0, 450.0], "13": [574.8333333333334, 216.0, 500.0], "14": [708.1666666666666, 210.0, 150.0], "15": [772.1666666666666, 220.0, 150.0], "16": [877.5, 214.0, 450.0], "17": [1001.5, 227.0, 100.0], "18": [226.5, 266.0, 300.0], "19": [338.1666666666667, 260.0, 300.0], "20": [429.1666666666667, 261.0, 200.0], "21": [650.1666666666666, 264.0, 400.0], "22": [771.8333333333334, 269.0, 300.0], "23": [866.1666666666666, 260.0, 100.0], "24": [934.1666666666666, 261.0, 200.0], "25": [1003.5, 275.0, 100.0], "26": [431.1666666666667, 277.0, 200.0], "27": [506.5, 271.0, 100.0], "28": [562.1666666666666, 278.0, 150.0], "29": [648.1666666666666, 271.0, 400.0], "30": [774.8333333333334, 271.0, 300.0], "31": [991.5, 209.0, 100.0], "32": [162.16666666666666, 265.0, 150.0], "33": [224.5, 274.0, 300.0], "34": [331.1666666666667, 274.0, 300.0], "35": [423.1666666666667, 261.0, 200.0], "36": [557.1666666666666, 274.0, 150.0], "37": [879.5, 223.0, 450.0], "38": [994.5, 223.0, 100.0], "39": [151.16666666666666, 262.0, 150.0], "40": [222.5, 276.0, 300.0], "41": [325.1666666666667, 272.0, 300.0], "42": [435.1666666666667, 264.0, 200.0], "43": [516.5, 259.0, 100.0], "44": [640.1666666666666, 266.0, 400.0], "45": [771.8333333333334, 268.0, 300.0], "46": [879.1666666666666, 270.0, 100.0], "47": [937.1666666666666, 262.0, 200.0], "48": [1006.5, 260.0, 100.0], "49": [170.16666666666666, 326.0, 200.0], "50": [265.5, 309.0, 250.0], "51": [353.1666666666667, 324.0, 300.0], "52": [475.5, 324.0, 300.0], "53": [589.1666666666666, 313.0, 200.0], "54": [737.5, 323.0, 250.0], "55": [968.8333333333334, 308.0, 250.0], "56": [250.5, 372.0, 150.0], "57": [303.26451203368964, 344.19925129499796, 250.0], "58": [419.37224165153026, 343.10903787135624, 400.0], "59": [560.009773301309, 334.93243719404353, 450.0], "60": [675.5723962073289, 330.57158349947673, 200.0], "61": [802.5822600615863, 333.29711705858097, 500.0], "62": [960.6632064896323, 339.29329088861033, 200.0], "63": [198.83333333333334, 413.0, 400.0], "64": [347.8333333333333, 409.0, 400.0], "65": [473.1666666666667, 424.0, 200.0], "66": [653.1666666666666, 414.0, 200.0], "67": [745.8333333333334, 426.0, 450.0]}