{"1" : [719.3, 462.9, 31.102455208882954], "3" : [954.6, 487.7, 179.10245520888296], "5" : [953.6, 490.7, 42.10245520888296], "7" : [729.1, 453.4, 151.10245520888296], "9" : [730.1, 458.8, 22.102455208882954], "11" : [657.4, 448.2, 187.10245520888296], "13" : [665.2, 453.6, 10.102455208882956], "15" : [681.3, 453.0, 180.10245520888296], "17" : [677.3, 454.6, 18.102455208882954], "19" : [621.0, 456.6, 299.10245520888293], "21" : [613.0, 453.7, 10.102455208882956], "23" : [594.3, 457.5, 289.10245520888293], "25" : [596.6, 456.4, 40.10245520888296], "27" : [924.4, 503.1, 234.10245520888296], "29" : [926.4, 498.5, 24.102455208882954], "31" : [787.7, 452.6, 187.10245520888296], "33" : [780.6, 454.4, 149.10245520888296], "35" : [786.4, 451.9, 620.1024552088829], "37" : [958.5, 540.9, 114.10245520888296], "39" : [960.3, 542.1, 17.102455208882954], "41" : [902.7, 494.5, 278.10245520888293], "43" : [908.0, 495.0, 20.102455208882954], "45" : [847.4, 456.6, 183.10245520888296], "47" : [840.1, 454.4, 16.102455208882954], "49" : [798.9, 465.6, 130.10245520888296], "51" : [801.7, 465.8, 19.102455208882954], "53" : [744.3, 481.2, 179.10245520888296], "55" : [745.5, 479.8, 25.102455208882954], "57" : [862.4, 475.4, 117.10245520888296], "59" : [862.5, 475.8, 16.102455208882954], "61" : [907.8, 476.7, 169.10245520888296], "63" : [907.3, 473.7, 22.102455208882954], "65" : [974.6, 474.6, 201.10245520888296], "67" : [966.3, 474.5, 11.102455208882956], "69" : [936.9, 473.4, 51.10245520888296], "71" : [936.5, 475.9, 21.102455208882954], "73" : [893.3, 472.2, 251.10245520888296], "75" : [890.2, 471.3, 24.102455208882954], "77" : [1020.0, 469.4, 192.10245520888296], "79" : [1020.8, 468.1, 14.102455208882956], "81" : [1047.8, 468.1, 152.10245520888296], "83" : [1049.6, 464.3, 10.102455208882956], "85" : [1076.3, 466.4, 279.10245520888293], "87" : [1076.0, 462.5, 21.102455208882954], "89" : [1155.2, 458.5, 497.10245520888293], "91" : [1157.7, 457.6, 29.102455208882954], "93" : [945.6, 473.2, 326.10245520888293]}