{"1" : [1282.8, 554.9, 18.860133540640202], "3" : [1370.9, 549.6, 156.8601335406402], "5" : [952.4, 538.8, 538.8601335406402], "7" : [949.9, 547.9, 54.860133540640206], "9" : [503.5, 494.7, 58.860133540640206], "11" : [503.1, 496.9, 37.860133540640206], "13" : [325.2, 474.6, 95.8601335406402], "15" : [320.6, 468.6, 16.860133540640202], "17" : [240.6, 471.5, 225.8601335406402], "19" : [240.8, 471.1, 16.860133540640202], "21" : [323.2, 461.0, 25.860133540640202], "23" : [344.7, 461.4, 21.860133540640202], "25" : [483.6, 468.5, 61.860133540640206], "27" : [484.1, 465.7, 163.8601335406402], "29" : [438.2, 452.7, 270.8601335406402], "31" : [443.8, 468.6, 12.860133540640202], "33" : [399.3, 462.0, 110.8601335406402], "35" : [395.9, 456.3, 221.8601335406402], "37" : [624.4, 499.0, 42.860133540640206], "39" : [612.1, 432.3, 18.860133540640202], "41" : [719.0, 473.6, 222.8601335406402], "43" : [725.9, 484.8, 9.860133540640202], "45" : [750.9, 489.6, 85.8601335406402], "47" : [753.2, 492.7, 18.860133540640202], "49" : [840.7, 488.7, 240.8601335406402], "51" : [845.0, 490.8, 21.860133540640202], "53" : [949.8, 497.0, 215.8601335406402], "55" : [951.2, 497.0, 23.860133540640202], "57" : [1075.5, 499.3, 179.8601335406402], "59" : [1078.6, 502.0, 23.860133540640202], "61" : [1211.2, 509.6, 166.8601335406402], "63" : [1210.6, 514.6, 49.860133540640206], "65" : [1581.0, 499.1, 294.8601335406402], "67" : [1584.4, 501.5, 11.860133540640202], "69" : [1622.1, 498.0, 114.8601335406402], "71" : [1620.3, 501.4, 19.860133540640202], "73" : [1689.6, 492.5, 197.8601335406402], "75" : [1691.0, 492.6, 67.8601335406402], "77" : [944.9, 591.9, 192.8601335406402], "79" : [944.1, 591.8, 22.860133540640202], "81" : [838.2, 591.1, 250.8601335406402], "83" : [835.8, 590.2, 29.860133540640202], "85" : [1071.4, 586.8, 276.8601335406402], "87" : [1071.6, 584.2, 21.860133540640202]}