{"1" : [1018.5, 540.3, 266.1280879375111], "3" : [1024.2, 533.3, 15.128087937511108], "5" : [960.5, 532.8, 88.12808793751111], "7" : [962.3, 534.8, 157.1280879375111], "9" : [1060.6, 521.9, 198.1280879375111], "11" : [1063.5, 534.7, 187.1280879375111], "13" : [1053.8, 503.9, 143.1280879375111], "15" : [1050.4, 517.2, 194.1280879375111], "17" : [1095.4, 517.3, 319.1280879375111], "19" : [1090.0, 527.5, 15.128087937511108], "21" : [1141.1, 527.4, 262.1280879375111], "23" : [1133.7, 537.1, 13.128087937511108], "25" : [1087.8, 530.5, 183.1280879375111], "27" : [1089.9, 530.8, 38.12808793751111], "29" : [838.6, 531.0, 525.128087937511], "31" : [846.4, 524.8, 21.128087937511108], "33" : [942.5, 531.2, 227.1280879375111], "35" : [939.7, 531.3, 17.128087937511108], "37" : [1009.7, 524.4, 418.1280879375111], "39" : [1009.3, 530.6, 17.128087937511108], "41" : [1081.7, 524.9, 77.12808793751111], "43" : [957.8, 546.8, 551.128087937511], "45" : [953.2, 551.5, 21.128087937511108], "47" : [837.3, 541.6, 161.1280879375111], "49" : [832.8, 543.7, 14.128087937511108], "51" : [775.7, 548.6, 373.1280879375111], "53" : [786.2, 554.2, 13.128087937511108]}