{"1": [169.17, 169.0, 289.0], "2": [307.5, 169.0, 163.0], "3": [402.17, 219.0, 101.0], "4": [640.17, 219.0, 182.0], "5": [770.5, 268.0, 142.0], "6": [820.17, 169.0, 134.0], "7": [966.0346706131014, 268.8515090274309, 222.0], "8": [179.17, 169.0, 374.0], "9": [315.5, 219.0, 214.0], "10": [418.31429822319393, 269.7643763147474, 224.0], "11": [554.3315240333543, 166.61037284798147, 455.0], "12": [711.17, 219.0, 271.0], "13": [886.5, 169.0, 860.0], "14": [230.5, 219.0, 192.0], "15": [310.5, 169.0, 209.0], "16": [402.5, 219.0, 833.0], "17": [546.1157184475056, 166.61037284798147, 649.0], "18": [880.5, 268.0, 162.0], "19": [1006.5, 268.0, 173.0], "20": [153.17, 318.0, 210.0], "21": [194.66181283064836, 319.9720771171556, 482.0], "22": [341.17, 318.0, 468.0], "23": [415.5756963612444, 319.05920982983906, 121.0], "24": [526.9455054138589, 217.73094093770618, 188.0], "25": [638.17, 219.0, 764.0], "26": [773.83, 318.0, 336.0], "27": [927.17, 268.0, 380.0], "28": [170.17, 368.0, 106.0], "29": [259.5, 368.0, 170.0], "30": [364.17, 318.0, 350.0], "31": [459.5, 318.0, 276.0], "32": [673.004271384501, 363.7897069083482, 359.0], "33": [357.17, 417.0, 247.0], "34": [475.5, 268.0, 356.0], "35": [664.83, 318.0, 193.0], "36": [755.5, 368.0, 409.0], "37": [939.17, 268.0, 107.0], "38": [259.5, 368.0, 476.0], "39": [335.2433750773913, 366.5283087702977, 457.0], "40": [462.5, 219.0, 464.0], "41": [577.17, 268.0, 256.0], "42": [967.83, 318.0, 332.0], "43": [161.83, 368.0, 282.0], "44": [247.60811549500607, 316.32060796788954, 222.0], "45": [311.50882560716195, 418.5617441473389, 178.0], "46": [406.83, 368.0, 371.0], "47": [558.17, 368.0, 479.0], "48": [675.83, 318.0, 318.0], "49": [801.17, 368.0, 229.0], "50": [943.2129884301886, 369.26691063224723, 109.0], "51": [338.83, 417.0, 578.0], "52": [567.83, 417.0, 155.0], "53": [751.5108580937209, 415.8231422853894, 329.0]}