{"1": [468.5, 169.0, 104.0], "2": [644.705385477689, 169.0, 185.0], "3": [870.1836054448676, 168.4361074226145, 151.0], "4": [940.4743865682391, 171.17470928456407, 111.0], "5": [980.17, 169.0, 255.0], "6": [182.17, 219.0, 501.0], "7": [406.44702348807925, 220.4695427996557, 782.0], "8": [176.17, 219.0, 436.0], "9": [312.4216928944785, 216.8180736503897, 167.0], "10": [408.5, 219.0, 305.0], "11": [565.2859314811524, 218.64380822502272, 261.0], "12": [709.5189628771614, 219.5566755123392, 284.0], "13": [777.17, 219.0, 129.0], "14": [466.6962644509691, 168.4361074226145, 104.0], "15": [644.17, 169.0, 818.0], "16": [780.5, 169.0, 167.0], "17": [814.17, 169.0, 262.0], "18": [886.5, 219.0, 228.0], "19": [999.8107602438124, 218.64380822502272, 239.0], "20": [186.17, 219.0, 625.0], "21": [322.46323305496014, 219.5566755123392, 219.0], "22": [409.5, 219.0, 758.0], "23": [568.83, 219.0, 470.0], "24": [766.17, 219.0, 251.0], "25": [314.5, 219.0, 172.0], "26": [528.771239988492, 220.4695427996557, 131.0], "27": [640.1410490411065, 218.64380822502272, 287.0], "28": [767.0296019781017, 216.8180736503897, 125.0], "29": [846.4490559746382, 219.5566755123392, 206.0], "30": [873.8350745941336, 219.5566755123392, 129.0], "31": [944.1258557175051, 217.73094093770618, 121.0], "32": [410.0984926373453, 221.38241008697224, 699.0], "33": [570.7631352050515, 219.5566755123392, 234.0], "34": [714.9961666010605, 220.4695427996557, 294.0], "35": [872.9222073068171, 215.90520636307315, 114.0], "36": [164.17, 219.0, 282.0], "37": [222.04783145014375, 268.0, 194.0], "38": [326.11470220422615, 264.28717259084834, 494.0], "39": [507.5, 268.0, 104.0], "40": [569.850267917735, 267.93864174011435, 166.0], "41": [635.5767126045239, 268.8515090274309, 221.0], "42": [771.5939384146842, 267.93864174011435, 595.0], "43": [933.171448269707, 267.02577445279786, 246.0], "44": [166.17, 268.0, 376.0], "45": [263.1268593793868, 313.58200610593997, 231.0], "46": [352.587853536405, 319.9720771171556, 520.0], "47": [470.3477336002352, 318.1463425425226, 416.0], "48": [588.1076136640652, 318.1463425425226, 134.0], "49": [739.6435833586063, 318.1463425425226, 439.0], "50": [831.8431793775741, 321.7978116917886, 200.0], "51": [891.1795530531474, 317.23347525520603, 115.0], "52": [954.83, 318.0, 196.0], "53": [251.5, 368.0, 147.0], "54": [318.8117639056941, 367.4411760576142, 143.0], "55": [418.31429822319393, 366.5283087702977, 499.0], "56": [568.024533343102, 367.4411760576142, 807.0], "57": [676.6557405337669, 361.96397233371516, 397.0], "58": [798.9799570341796, 369.26691063224723, 764.0], "59": [1008.026565829661, 367.4411760576142, 283.0], "60": [179.83, 417.0, 724.0], "61": [340.83, 417.0, 104.0], "62": [738.7307160712897, 419.47461143465546, 862.0]}