{"1": [170.17, 169.0, 356.0], "2": [294.5, 169.0, 450.0], "3": [538.5, 169.0, 232.0], "4": [640.17, 169.0, 357.0], "5": [310.5, 169.0, 163.0], "6": [467.60913173828556, 167.523240135298, 255.0], "7": [394.17, 219.0, 302.0], "8": [543.5, 169.0, 281.0], "9": [639.17, 169.0, 426.0], "10": [871.5, 169.0, 194.0], "11": [987.17, 169.0, 159.0], "12": [186.17, 219.0, 375.0], "13": [405.53415620076277, 219.5566755123392, 857.0], "14": [572.83, 219.0, 403.0], "15": [705.8674937278953, 216.8180736503897, 269.0], "16": [878.3994110307162, 216.8180736503897, 589.0], "17": [160.17, 268.0, 197.0], "18": [228.5, 268.0, 281.0], "19": [336.17, 268.0, 123.0], "20": [430.17, 268.0, 108.0], "21": [510.5, 268.0, 151.0], "22": [877.4865437433997, 267.93864174011435, 710.0], "23": [164.17, 268.0, 107.0], "24": [341.6334460886069, 317.23347525520603, 381.0], "25": [429.17, 268.0, 102.0], "26": [514.5, 318.0, 131.0], "27": [642.17, 268.0, 196.0], "28": [778.83, 268.0, 401.0], "29": [880.2251456053492, 267.02577445279786, 187.0], "30": [1007.5, 268.0, 107.0], "31": [269.5, 318.0, 191.0], "32": [348.17, 368.0, 280.0], "33": [468.5, 318.0, 306.0], "34": [674.83, 318.0, 245.0], "35": [743.5, 368.0, 278.0], "36": [827.17, 318.0, 371.0], "37": [350.17, 318.0, 261.0], "38": [472.5, 318.0, 328.0], "39": [580.17, 318.0, 221.0], "40": [673.83, 368.0, 181.0], "41": [767.9424692654181, 266.1129071654813, 300.0], "42": [837.17, 318.0, 299.0], "43": [957.83, 318.0, 332.0], "44": [162.83, 368.0, 340.0], "45": [244.5, 368.0, 166.0], "46": [319.5, 368.0, 111.0], "47": [414.66282907392787, 367.4411760576142, 460.0], "48": [557.9829931826204, 368.35404334493074, 553.0], "49": [681.83, 368.0, 386.0], "50": [794.17, 368.0, 720.0], "51": [184.83, 417.0, 226.0], "52": [351.83, 417.0, 369.0], "53": [649.17, 417.0, 132.0], "54": [741.83, 417.0, 580.0]}