{"1": [410.17, 219.0, 297.0], "2": [471.5, 219.0, 201.0], "3": [528.5, 169.0, 125.0], "4": [657.17, 169.0, 752.0], "5": [159.9728559126209, 269.7643763147474, 665.0], "6": [319.72463119301057, 268.8515090274309, 231.0], "7": [439.3102458314737, 267.93864174011435, 752.0], "8": [575.83, 219.0, 384.0], "9": [708.6060955898449, 219.5566755123392, 280.0], "10": [778.8968767132163, 218.64380822502272, 275.0], "11": [881.5, 219.0, 600.0], "12": [1007.5, 268.0, 151.0], "13": [196.4875474052814, 319.9720771171556, 361.0], "14": [291.4257452861987, 319.05920982983906, 141.0], "15": [432.17, 219.0, 258.0], "16": [515.5, 318.0, 198.0], "17": [673.004271384501, 319.05920982983906, 632.0], "18": [933.17, 219.0, 399.0], "19": [1003.5, 268.0, 185.0], "20": [258.5, 268.0, 165.0], "21": [346.17, 368.0, 159.0], "22": [464.5, 268.0, 220.0], "23": [590.17, 318.0, 219.0], "24": [662.83, 318.0, 103.0], "25": [756.5, 318.0, 272.0], "26": [892.5, 318.0, 116.0], "27": [169.83, 318.0, 350.0], "28": [286.8614088496161, 319.9720771171556, 269.0], "29": [419.83, 368.0, 326.0], "30": [589.0204809513817, 317.23347525520603, 745.0], "31": [686.83, 368.0, 354.0], "32": [794.17, 368.0, 349.0], "33": [944.1258557175051, 370.1797779195638, 103.0], "34": [180.83, 368.0, 386.0], "35": [342.83, 368.0, 129.0], "36": [480.17, 417.0, 132.0], "37": [655.17, 417.0, 262.0], "38": [750.83, 417.0, 808.0]}