{"1" : [1217.8, 536.8, 237.90445061740334], "3" : [862.1, 738.6, 122.90445061740333], "5" : [859.2, 627.6, 24.904450617403327], "7" : [1008.4, 567.0, 193.90445061740334], "9" : [1005.5, 570.7, 10.904450617403329], "11" : [979.9, 575.5, 116.90445061740333], "13" : [959.1, 546.0, 601.9044506174033], "15" : [960.5, 552.1, 37.90445061740333], "17" : [816.2, 452.2, 254.90445061740334], "19" : [814.6, 450.1, 25.904450617403327], "21" : [952.8, 456.9, 85.90445061740333], "23" : [952.1, 452.1, 171.90445061740334], "25" : [998.6, 636.4, 20.904450617403327], "27" : [998.6, 619.6, 268.9044506174033], "29" : [1095.2, 503.3, 138.90445061740334], "31" : [1096.5, 482.3, 11.904450617403329], "33" : [1123.7, 482.5, 243.90445061740334], "35" : [1123.0, 487.5, 26.904450617403327], "37" : [961.1, 549.5, 165.90445061740334]}