{"1" : [826.0, 685.6, 34.8621901263193], "3" : [1054.6, 666.1, 266.8621901263193], "5" : [1052.8, 669.6, 17.8621901263193], "7" : [984.3, 662.7, 353.8621901263193], "9" : [988.1, 664.4, 23.8621901263193], "11" : [1123.5, 656.7, 163.8621901263193], "13" : [1123.4, 655.0, 46.8621901263193], "15" : [776.9, 643.7, 160.8621901263193], "17" : [774.6, 648.2, 705.8621901263193], "19" : [959.1, 538.2, 101.8621901263193], "21" : [963.1, 536.5, 8.862190126319302], "23" : [975.5, 525.6, 476.8621901263193], "25" : [973.4, 533.0, 37.8621901263193], "27" : [813.0, 523.3, 206.8621901263193], "29" : [814.5, 525.2, 22.8621901263193], "31" : [938.9, 522.7, 156.8621901263193], "33" : [938.0, 523.1, 26.8621901263193], "35" : [1117.1, 516.0, 350.8621901263193], "37" : [1120.7, 520.7, 48.8621901263193], "39" : [775.6, 515.4, 191.8621901263193], "41" : [767.9, 516.5, 11.862190126319302], "43" : [739.4, 519.8, 298.8621901263193], "45" : [742.0, 524.2, 24.8621901263193], "47" : [893.7, 523.2, 469.8621901263193], "49" : [885.8, 526.7, 22.8621901263193], "51" : [1008.1, 526.0, 236.8621901263193], "53" : [1013.2, 527.5, 20.8621901263193]}