{"1" : [630.2267459636145, 25.008139259631374, 172.0], "3" : [688.2152966506391, 6.6017655130889725, 170.0], "5" : [778.0727239156334, 1.5781775493663273, 55.0], "7" : [942.0381548599876, 14.188487149556469, 304.0], "9" : [1062.391236926014, 28.333504986057, 194.0], "11" : [613.0876944200223, 84.0146152713294, 130.0], "13" : [644.7193929115406, 72.56364012215185, 165.0], "15" : [711.4780969605413, 71.02952445281603, 210.0], "17" : [828.7545838449294, 74.84917031627782, 240.0], "19" : [792.014288016546, 77.03572010118735, 154.0], "21" : [949.7818157253648, 75.88182106478457, 187.0], "23" : [917.8718018218852, 75.67606923119612, 305.0], "25" : [917.8718018218852, 75.67606923119612, 305.0], "27" : [1000.6915429804322, 87.25551672910332, 272.0], "29" : [1093.8666674359683, 91.04741005373982, 270.0], "31" : [731.0108355418638, 110.44916791018886, 120.0], "33" : [843.704925417599, 118.479871252745, 467.0], "35" : [900.1718624482594, 107.5943740863684, 231.0], "37" : [1018.232538644288, 108.73898728932255, 295.0], "39" : [569.7319994674936, 131.84599993112505, 250.0], "41" : [712.9507953661081, 126.43492113870204, 63.0], "43" : [712.9507953661081, 126.43492113870204, 63.0], "45" : [713.7545829314014, 128.26095444839785, 251.0], "47" : [713.7545829314014, 128.26095444839785, 251.0], "49" : [836.4895579223153, 135.93774961774918, 249.0], "51" : [778.5032502703177, 137.9097548912667, 123.0], "53" : [957.5149508457297, 148.06744224804513, 301.0], "55" : [1014.9991579491973, 147.57359713694893, 356.0], "57" : [1014.9991579491973, 147.57359713694893, 356.0], "59" : [1095.775966917952, 162.82848361997213, 337.0], "61" : [757.2093847261968, 178.22932729712147, 341.0], "63" : [812.6594871129957, 178.6066709259431, 195.0], "65" : [933.2233584931564, 180.5379555707923, 274.0], "67" : [933.2233584931564, 180.5379555707923, 274.0], "69" : [1022.756618920863, 187.80036725399333, 272.0], "71" : [936.8688573606663, 178.80983611156807, 122.0], "73" : [936.8688573606663, 178.80983611156807, 122.0], "75" : [1019.8604370222682, 188.20824103875594, 364.0], "77" : [638.3696694015688, 252.46492876737798, 211.0], "79" : [638.3696694015688, 252.46492876737798, 211.0], "81" : [581.3119632925361, 247.62393186311854, 117.0], "83" : [733.5170477855415, 231.3068170871885, 176.0], "85" : [851.5176471774517, 243.37395013840245, 119.0], "87" : [969.4696467295553, 238.00670833973606, 313.0], "89" : [1086.548800166014, 238.10799914339182, 375.0], "91" : [1121.1918048270954, 239.5745764003204, 354.0], "93" : [775.6018520796805, 261.99925961913823, 270.0], "95" : [775.6018520796805, 261.99925961913823, 270.0], "97" : [904.7084302778571, 263.28275759025837, 522.0], "99" : [904.7084302778571, 263.28275759025837, 522.0], "101" : [1018.5359263012217, 261.9514951653455, 167.0], "103" : [1018.5359263012217, 261.9514951653455, 167.0], "105" : [646.1288175746217, 299.32542732205064, 177.0], "107" : [646.1288175746217, 299.32542732205064, 177.0], "109" : [648.3993783894051, 303.50312389883817, 160.0], "111" : [701.235606680898, 307.31902335881693, 205.0], "113" : [781.8852933520416, 305.89705766977875, 238.0], "115" : [848.9255642711455, 302.31391132529325, 266.0], "117" : [947.3763801348081, 312.37859785664165, 271.0], "119" : [908.7715218442391, 307.90822491365435, 158.0], "121" : [1070.3833857802333, 316.05439651672054, 307.0], "123" : [717.394984246101, 352.1451369479195, 319.0], "125" : [815.440243100184, 345.9853671684826, 82.0], "127" : [815.440243100184, 345.9853671684826, 82.0], "129" : [813.3339893051514, 343.20936116779023, 203.0], "131" : [813.3339893051514, 343.20936116779023, 203.0], "133" : [897.3302916030361, 343.28576653080506, 274.0], "135" : [997.0940351403576, 347.42386005066635, 285.0], "137" : [1044.5189788051593, 349.15401484109407, 137.0], "139" : [667.2507667547683, 412.05076827800434, 65.0], "141" : [789.6376873535163, 422.7447234564558, 199.0], "143" : [789.6376873535163, 422.7447234564558, 199.0], "145" : [766.4818221074943, 414.90769202628303, 143.0], "147" : [897.3096139778323, 418.04487207918226, 156.0], "149" : [898.2801987819, 423.3861368016627, 101.0], "151" : [898.2801987819, 423.3861368016627, 101.0], "153" : [687.7767564866601, 424.0359672079359, 228.0], "155" : [687.7767564866601, 424.0359672079359, 228.0], "157" : [863.7576408515907, 428.19956433666266, 229.0], "159" : [863.7576408515907, 428.19956433666266, 229.0], "161" : [863.7576408515907, 428.19956433666266, 229.0], "163" : [953.5999984799299, 416.9955727235503, 271.0], "165" : [917.956629234674, 424.1584251754339, 279.0], "167" : [917.956629234674, 424.1584251754339, 279.0], "169" : [1017.6734677479118, 423.2095249148465, 294.0], "171" : [1017.6734677479118, 423.2095249148465, 294.0], "173" : [1077.3779108424783, 425.13643554172944, 258.0], "175" : [677.7239655628406, 462.9078338992605, 217.0], "177" : [677.7239655628406, 462.9078338992605, 217.0], "179" : [726.8680850252877, 462.8836876372483, 141.0], "181" : [726.8680850252877, 462.8836876372483, 141.0], "183" : [855.0113816841139, 461.79199764986936, 325.0], "185" : [855.0113816841139, 461.79199764986936, 325.0], "187" : [1013.9078675568462, 451.06404330590436, 178.0], "189" : [979.3107433857198, 446.11333259003374, 270.0], "191" : [979.3107433857198, 446.11333259003374, 270.0], "193" : [1043.881067222243, 438.5242699421419, 206.0], "195" : [610.905930204089, 479.66444597748915, 135.0], "197" : [610.905930204089, 479.66444597748915, 135.0], "199" : [616.155168720462, 482.6678106157343, 87.0], "201" : [616.155168720462, 482.6678106157343, 87.0], "203" : [694.7765153071454, 473.2810021577252, 379.0], "205" : [850.7283014323788, 489.4712278678784, 212.0], "207" : [850.7283014323788, 489.4712278678784, 212.0], "209" : [851.2218545032227, 492.80264954192245, 151.0], "211" : [851.2218545032227, 492.80264954192245, 151.0], "213" : [1026.3424538037366, 489.6476422652942, 212.0], "215" : [1026.3424538037366, 489.6476422652942, 212.0], "217" : [975.0845738988309, 490.2603738841862, 376.0], "219" : [975.0845738988309, 490.2603738841862, 376.0], "221" : [975.0845738988309, 490.2603738841862, 376.0], "223" : [1096.069504761854, 490.2893636527486, 141.0], "225" : [1123.4815389018843, 478.23538482396236, 130.0], "227" : [740.609421782556, 514.3769634538804, 191.0], "229" : [704.2193664282798, 511.8552812091023, 284.0], "231" : [883.6566836110212, 516.0770027383645, 187.0], "233" : [841.4029423656881, 515.2387193891594, 204.0], "235" : [1017.5668281565768, 520.8980178140034, 202.0], "237" : [695.8018648254159, 582.9257445977478, 268.0], "239" : [771.7237100824327, 581.3109973995197, 291.0], "241" : [870.6367428812158, 584.7314408278801, 264.0], "243" : [870.6360864965119, 588.5876311081588, 97.0], "245" : [870.6360864965119, 588.5876311081588, 97.0], "247" : [993.3069851789267, 580.6192128085796, 229.0], "249" : [952.1348471689739, 580.6060605645994, 198.0], "251" : [652.4773093573665, 620.0722701783469, 119.0], "253" : [652.4773093573665, 620.0722701783469, 119.0], "255" : [655.2648152001158, 724.8037053875947, 54.0], "257" : [780.8629649471227, 620.0827175022351, 81.0], "259" : [780.8629649471227, 620.0827175022351, 81.0], "261" : [777.749323316087, 620.9168930678434, 148.0], "263" : [777.749323316087, 620.9168930678434, 148.0], "265" : [866.1848949323988, 622.8630248104112, 192.0], "267" : [866.1848949323988, 622.8630248104112, 192.0], "269" : [972.2640095753281, 616.3961556210013, 364.0], "271" : [1055.5395000308795, 617.8545018797276, 200.0], "273" : [645.8391083561381, 647.6994419757143, 179.0], "275" : [590.0164457124647, 643.55941675401, 377.0], "277" : [756.1820520943807, 648.1220512732754, 195.0], "279" : [699.3769254103872, 653.3538473841436, 117.0], "281" : [699.3769254103872, 653.3538473841436, 117.0], "283" : [874.6515138435645, 654.446969734313, 66.0], "285" : [874.6515138435645, 654.446969734313, 66.0], "287" : [874.6515138435645, 654.446969734313, 66.0], "289" : [874.6515138435645, 654.446969734313, 66.0],