{"1" : [923.7497326405644, 31.894650698202557, 187.0], "3" : [1051.1756770708091, 30.715833381031924, 259.0], "5" : [755.4847305856002, 103.7221643976299, 203.0], "7" : [806.2409662860341, 91.6427732688537, 166.0], "9" : [806.2409662860341, 91.6427732688537, 166.0], "11" : [875.3727983330606, 88.27680169259456, 250.0], "13" : [979.7059206443218, 94.14013437155636, 152.0], "15" : [979.7059206443218, 94.14013437155636, 152.0], "17" : [979.7059206443218, 94.14013437155636, 152.0], "19" : [660.9818191471028, 151.0505703695192, 176.0], "21" : [785.4711630889053, 135.07423137064586, 163.0], "23" : [785.4711630889053, 135.07423137064586, 163.0], "25" : [843.6017858841661, 135.0339252422991, 56.0], "27" : [846.4866651185381, 139.67416391464894, 120.0], "29" : [990.4313496043093, 120.65350732846332, 185.0], "31" : [958.0427841551369, 124.24973360652346, 187.0], "33" : [1092.8824369159672, 127.63333165661986, 279.0], "35" : [804.6678409705476, 183.8336698205531, 199.0], "37" : [765.0280185030715, 188.19468655045998, 207.0], "39" : [906.851851166676, 187.4274089877976, 270.0], "41" : [785.1507833615088, 259.5198956366313, 191.0], "43" : [785.1507833615088, 259.5198956366313, 191.0], "45" : [663.8220205692279, 253.85917368163823, 218.0], "47" : [633.8861812042029, 257.82290955462696, 275.0], "49" : [633.8861812042029, 257.82290955462696, 275.0], "51" : [701.7555566868231, 256.84268980005623, 171.0], "53" : [701.7555566868231, 256.84268980005623, 171.0], "55" : [701.7555566868231, 256.84268980005623, 171.0], "57" : [786.795279388874, 260.8476418341271, 212.0], "59" : [786.795279388874, 260.8476418341271, 212.0], "61" : [747.2813814835986, 259.9457467369497, 188.0], "63" : [747.2813814835986, 259.9457467369497, 188.0], "65" : [974.5453122215487, 265.08697880245074, 192.0], "67" : [974.5453122215487, 265.08697880245074, 192.0], "69" : [956.7066677194907, 269.7087518294378, 240.0], "71" : [956.7066677194907, 269.7087518294378, 240.0], "73" : [972.2227769956532, 268.0033364396227, 180.0], "75" : [1068.0024852533004, 268.33134554135546, 201.0], "77" : [1026.181756832234, 269.19459756022667, 148.0], "79" : [721.0036818625936, 290.89789706695285, 190.0], "81" : [721.0036818625936, 290.89789706695285, 190.0], "83" : [721.0036818625936, 290.89789706695285, 190.0], "85" : [803.9394755895364, 288.99263151533563, 190.0], "87" : [767.9094431666991, 291.24549560785414, 233.0], "89" : [767.9094431666991, 291.24549560785414, 233.0], "91" : [905.2580639887444, 292.93779132932053, 217.0], "93" : [905.2580639887444, 292.93779132932053, 217.0], "95" : [1046.2305086712047, 286.7288098755654, 59.0], "97" : [1053.9875717979908, 281.31355774148955, 177.0], "99" : [1030.521949079483, 278.02341513475704, 205.0], "101" : [683.5685792062965, 320.7418960450679, 401.0], "103" : [823.255332270615, 323.4020630160348, 291.0], "105" : [823.255332270615, 323.4020630160348, 291.0], "107" : [823.255332270615, 323.4020630160348, 291.0], "109" : [928.379438799023, 321.3869163172743, 107.0], "111" : [931.7570238397396, 321.3702504019665, 121.0], "113" : [1093.1228992778833, 305.7471962136688, 214.0], "115" : [832.3191343653962, 350.54135542913093, 162.0], "117" : [747.6632468678245, 360.92222207329377, 117.0], "119" : [809.3920629619909, 352.3619022235937, 126.0], "121" : [994.6274709642282, 356.53132133469364, 182.0], "123" : [1028.8748786470092, 356.9586208315183, 203.0], "125" : [748.0423880868873, 423.54293557227516, 184.0], "127" : [748.0423880868873, 423.54293557227516, 184.0], "129" : [691.3681352528954, 428.1764717617817, 204.0], "131" : [691.3681352528954, 428.1764717617817, 204.0], "133" : [828.7270581378496, 424.28470583529025, 85.0], "135" : [828.7270581378496, 424.28470583529025, 85.0], "137" : [826.7909111835218, 421.41538411817504, 143.0], "139" : [909.7475547642379, 420.6629360474935, 286.0], "141" : [1043.2327263572238, 415.96545665880876, 165.0], "143" : [1011.1536450083189, 422.5963564178325, 192.0], "145" : [1011.1536450083189, 422.5963564178325, 192.0], "147" : [759.2986620742834, 449.9848220730465, 224.0], "149" : [812.9717976578542, 451.86346222411265, 156.0], "151" : [709.5512664551635, 448.8306867658653, 277.0], "153" : [709.5512664551635, 448.8306867658653, 277.0], "155" : [809.2328344958532, 452.0492535351463, 67.0], "157" : [813.2726573641924, 450.03046998272185, 128.0], "159" : [875.8352945753617, 453.3176485318239, 187.0], "161" : [986.4433625795689, 456.5544254446732, 226.0], "163" : [986.4433625795689, 456.5544254446732, 226.0], "165" : [986.4433625795689, 456.5544254446732, 226.0], "167" : [1011.6039214950833, 459.92549024775724, 153.0], "169" : [1011.6039214950833, 459.92549024775724, 153.0], "171" : [1025.1213347715411, 464.9646622317648, 150.0], "173" : [1025.1213347715411, 464.9646622317648, 150.0], "175" : [667.0099389024042, 480.3029241701432, 171.0], "177" : [620.9771639853761, 490.1992130196233, 127.0], "179" : [823.3820550025595, 482.89999768764807, 117.0], "181" : [865.7368273193085, 487.92011413684224, 353.0], "183" : [865.7368273193085, 487.92011413684224, 353.0], "185" : [865.7368273193085, 487.92011413684224, 353.0], "187" : [963.4681221235368, 487.4906060814819, 298.0], "189" : [1079.3450532304578, 488.7467025494144, 182.0], "191" : [1054.500782560937, 494.32313779907656, 255.0], "193" : [805.4559533332091, 514.3410680744014, 168.0], "195" : [759.8233194300964, 525.2627779132589, 223.0], "197" : [926.1008322952365, 525.6107879083481, 241.0], "199" : [880.3453490369687, 520.0944066958947, 161.0], "201" : [1006.5961388051322, 514.9038532538626, 233.0], "203" : [879.657103317028, 521.3826489670046, 317.0], "205" : [848.417677765628, 582.7248613793982, 181.0], "207" : [723.0215499184018, 586.8112087781243, 116.0], "209" : [723.0215499184018, 586.8112087781243, 116.0], "211" : [723.0215499184018, 586.8112087781243, 116.0], "213" : [828.3410446733564, 579.2686574769311, 134.0], "215" : [832.5226950347018, 584.8999979991663, 141.0], "217" : [1001.7877876598232, 582.629071234429, 172.0], "219" : [964.6697536967515, 586.2200011929077, 205.0], "221" : [1062.0743877419827, 589.7638590090036, 285.0], "223" : [1062.0743877419827, 589.7638590090036, 285.0], "225" : [695.1392837434365, 608.7968263305144, 252.0], "227" : [753.5288510009915, 613.7154124956004, 305.0], "229" : [753.5288510009915, 613.7154124956004, 305.0], "231" : [851.8404458130572, 616.9519994559529, 225.0], "233" : [851.8404458130572, 616.9519994559529, 225.0], "235" : [983.4815217179372, 624.7945672961521, 276.0], "237" : [983.4815217179372, 624.7945672961521, 276.0], "239" : [983.4815217179372, 624.7945672961521, 276.0], "241" : [983.4815217179372, 624.7945672961521, 276.0], "243" : [1081.902786860929, 620.4630912382437, 466.0], "245" : [684.4521246713855, 653.8321215752558, 165.0], "247" : [684.4521246713855, 653.8321215752558, 165.0], "249" : [684.4521246713855, 653.8321215752558, 165.0], "251" : [646.6773706781587, 654.9426309637804, 190.0], "253" : [646.6773706781587, 654.9426309637804, 190.0], "255" : [704.3500002435176, 656.9250022266814, 176.0], "257" : [704.3500002435176, 656.9250022266814, 176.0], "259" : [807.2309620789724, 661.2537386348843, 281.0], "261" : [807.2309620789724, 661.2537386348843, 281.0], "263" : [952.8160952040735, 660.7613008851483, 292.0], "265" : [952.8160952040735, 660.7613008851483, 292.0], "267" : [979.0580941479461, 660.6557180355247, 210.0], "269" : [979.0580941479461, 660.6557180355247, 210.0], "271" : [979.0580941479461, 660.6557180355247, 210.0], "273" : [1098.3222230220863, 660.6367738319939, 378.0], "275" : [765.6581939970471, 684.4949164310468, 177.0], "277" : [769.6926818311615, 672.290244865557, 123.0], "279" : [885.8290797273215, 679.3627546732321, 196.0], "281" : [959.4792963547359, 689.7493380800748, 227.0], "283" : [974.8086333376709, 692.9312949775181, 278.0], "285" : [974.8086333376709, 692.9312949775181, 278.0], "287" : [670.2004674807766, 756.1831794179543, 214.0], "289" : [670.2004674807766, 756.1831794179543, 214.0],