{"1" : [803.8045732776415, 36.37657003135847, 175.0], "3" : [905.4428562634772, 31.23571645773861, 98.0], "5" : [905.3500020027595, 29.383824624793473, 68.0], "7" : [985.1208017228366, 26.415998488500072, 125.0], "9" : [830.709554134133, 90.81719901726875, 157.0], "11" : [688.0257883282461, 107.30440320025151, 159.0], "13" : [719.8951052667593, 103.59545342452446, 286.0], "15" : [719.8951052667593, 103.59545342452446, 286.0], "17" : [799.1729557276836, 101.9533792862251, 281.0], "19" : [799.1729557276836, 101.9533792862251, 281.0], "21" : [901.5301437668932, 104.11134571706503, 282.0], "23" : [975.1934070246929, 103.74340550667985, 182.0], "25" : [743.1898360969778, 129.80561540417847, 374.0], "27" : [743.1898360969778, 129.80561540417847, 374.0], "29" : [827.6570314262522, 137.59570108067123, 256.0], "31" : [856.0978502717307, 135.89071545210234, 140.0], "33" : [962.7666668402492, 140.36011634929673, 336.0], "35" : [705.9081517363147, 154.10162985339983, 184.0], "37" : [619.4356308899911, 156.83764268793922, 348.0], "39" : [653.7982870514332, 156.7528908279721, 467.0], "41" : [708.2903128989483, 170.91833888522726, 289.0], "43" : [708.2903128989483, 170.91833888522726, 289.0], "45" : [746.9801286916911, 169.04551349419117, 156.0], "47" : [815.2374127803987, 166.79568551308594, 139.0], "49" : [815.2374127803987, 166.79568551308594, 139.0], "51" : [913.4774149412272, 175.77097102765487, 248.0], "53" : [1013.0052669602387, 184.2766093186428, 171.0], "55" : [1007.8594693166426, 171.60631149489745, 301.0], "57" : [795.624563381609, 180.83216398197212, 171.0], "59" : [709.4159387440774, 186.71274993607383, 251.0], "61" : [709.4159387440774, 186.71274993607383, 251.0], "63" : [752.6217226372155, 190.91034603545796, 290.0], "65" : [934.4486378083504, 169.0754566371043, 220.0], "67" : [934.4486378083504, 169.0754566371043, 220.0], "69" : [985.5579812075086, 165.39511290823705, 614.0], "71" : [985.5579812075086, 165.39511290823705, 614.0], "73" : [949.2486913717424, 163.77614211159113, 306.0], "75" : [949.2486913717424, 163.77614211159113, 306.0], "77" : [725.5619544697778, 181.77898554978498, 276.0], "79" : [778.894317460977, 189.44374995044166, 176.0], "81" : [857.4235283134976, 199.16310223191908, 187.0], "83" : [895.1544519785423, 199.23089075985632, 191.0], "85" : [827.68143446342, 190.83375513735632, 237.0], "87" : [938.2071440524516, 191.97381048525716, 168.0], "89" : [938.2071440524516, 191.97381048525716, 168.0], "91" : [976.0705582210617, 197.87005273453028, 197.0], "93" : [647.3578271715022, 269.4043489093748, 230.0], "95" : [611.4302823879036, 271.9380273809, 142.0], "97" : [666.6652627852519, 270.03631422361843, 190.0], "99" : [727.1446425286471, 265.86309456757755, 168.0], "101" : [727.1446425286471, 265.86309456757755, 168.0], "103" : [654.076187148829, 261.81071249877965, 168.0], "105" : [654.076187148829, 261.81071249877965, 168.0], "107" : [802.0209306547564, 262.46889563695714, 344.0], "109" : [802.0209306547564, 262.46889563695714, 344.0], "111" : [917.5410946948643, 261.6424660633412, 219.0], "113" : [917.5410946948643, 261.6424660633412, 219.0], "115" : [957.0084192551102, 256.4311893602161, 202.0], "117" : [1043.7057485126838, 254.32950248811375, 261.0], "119" : [1030.0400804967965, 250.77206696757142, 247.0], "121" : [1094.2178262173436, 260.4269558808209, 230.0], "123" : [658.3871586064461, 281.08949061598895, 257.0], "125" : [733.6673479672387, 282.6098618450515, 294.0], "127" : [721.3285718702189, 286.41999787974436, 70.0], "129" : [721.3285718702189, 286.41999787974436, 70.0], "131" : [786.9437460419753, 281.5762476461747, 160.0], "133" : [879.7231424643504, 280.2066105686718, 242.0], "135" : [910.9466891444772, 286.358939632042, 302.0], "137" : [987.5989426279124, 288.6031718982109, 189.0], "139" : [1045.4448552217154, 290.2810711067992, 243.0], "141" : [1045.4448552217154, 290.2810711067992, 243.0], "143" : [622.4532329492808, 317.0328337995465, 201.0], "145" : [588.8189804927009, 318.64671488682507, 137.0], "147" : [588.8368430721822, 322.1750032102738, 76.0], "149" : [632.104898233697, 319.1636381482786, 143.0], "151" : [632.104898233697, 319.1636381482786, 143.0], "153" : [709.5351493901611, 320.58762475362533, 202.0], "155" : [769.6804331576467, 314.1682612787926, 230.0], "157" : [769.6804331576467, 314.1682612787926, 230.0], "159" : [865.2655719937925, 306.5745884286425, 122.0], "161" : [868.7434293594165, 303.3805720624363, 175.0], "163" : [899.0920319232921, 301.82318722867495, 138.0], "165" : [899.0920319232921, 301.82318722867495, 138.0], "167" : [956.9646352057418, 299.9902476840746, 164.0], "169" : [956.9646352057418, 299.9902476840746, 164.0], "171" : [956.9646352057418, 299.9902476840746, 164.0], "173" : [1022.3926672859874, 299.28067250170716, 300.0], "175" : [1022.3926672859874, 299.28067250170716, 300.0], "177" : [1083.1966293997539, 306.6348316631926, 178.0], "179" : [686.6321762858756, 340.888695496364, 230.0], "181" : [735.8902687695612, 342.7353981366278, 113.0], "183" : [853.7966115828937, 344.1894918290859, 295.0], "185" : [921.8004475401048, 331.9188330885882, 223.0], "187" : [921.8004475401048, 331.9188330885882, 223.0], "189" : [953.1151342204389, 331.8108114425761, 185.0], "191" : [953.1151342204389, 331.8108114425761, 185.0], "193" : [994.9747419924288, 338.4953612409112, 194.0], "195" : [667.6883608483397, 404.96034389535873, 232.0], "197" : [655.5316447306385, 399.440506683614, 158.0], "199" : [778.6135914319461, 397.52718619811185, 206.0], "201" : [668.8508321838026, 399.5229177444033, 240.0], "203" : [627.9123629009822, 404.17688078594455, 186.0], "205" : [746.3173740361144, 409.7934341392989, 259.0], "207" : [815.7000005078232, 402.5611516263015, 139.0], "209" : [886.477603539153, 398.9010419253575, 192.0], "211" : [990.8314632619584, 404.5655159776953, 232.0], "213" : [1024.9630896153012, 401.0635187058835, 233.0], "215" : [967.6718409554973, 401.1587383774329, 206.0], "217" : [897.0550290265248, 409.36035598819143, 169.0], "219" : [680.1110389236329, 459.27207724943673, 308.0], "221" : [680.1110389236329, 459.27207724943673, 308.0], "223" : [732.9695480381379, 448.94526861628884, 243.0], "225" : [732.9695480381379, 448.94526861628884, 243.0], "227" : [781.8841013137737, 436.8630759698437, 195.0], "229" : [784.494115932367, 431.0941186455285, 51.0], "231" : [784.494115932367, 431.0941186455285, 51.0], "233" : [847.9816325374671, 421.6848397686536, 343.0], "235" : [847.9816325374671, 421.6848397686536, 343.0], "237" : [958.5985892720166, 424.6715305393738, 425.0], "239" : [958.5985892720166, 424.6715305393738, 425.0], "241" : [995.1169114619469, 422.0330878288057, 136.0], "243" : [995.1169114619469, 422.0330878288057, 136.0], "245" : [995.1169114619469, 422.0330878288057, 136.0], "247" : [1029.1469583863234, 424.0695677167421, 115.0], "249" : [1029.1469583863234, 424.0695677167421, 115.0], "251" : [625.1985755274857, 471.372034645723, 211.0], "253" : [592.5615708992162, 463.03406047395373, 229.0], "255" : [682.7827590162728, 457.7258640266248, 116.0], "257" : [682.7827590162728, 457.7258640266248, 116.0], "259" : [774.6861544175413, 456.450261475729, 195.0], "261" : [774.6861544175413, 456.450261475729, 195.0], "263" : [820.2685190744012, 455.63611733675407, 108.0], "265" : [820.2685190744012, 455.63611733675407, 108.0], "267" : [820.2685190744012, 455.63611733675407, 108.0], "269" : [904.4909422064075, 453.8108014359202, 287.0], "271" : [938.9059247505414, 452.94962944002253, 135.0], "273" : [992.8699977477727, 450.31545498957706, 110.0], "275" : [721.012920072704, 503.51067451570805, 178.0], "277" : [671.6253571602667, 503.53684481559264, 209.0], "279" : [710.5064195212101, 499.05401026779833, 187.0], "281" : [710.5064195212101, 499.05401026779833, 187.0], "283" : [825.0149697194292, 496.2170062530762, 294.0], "285" : [825.0149697194292, 496.2170062530762, 294.0], "287" : [845.5725016651032, 495.32062413050033, 160.0], "289" : [845.5725016651032, 495.32062413050033, 160.0],