{"1" : [742.4951804775617, 70.33614533009415, 83.0], "3" : [742.4951804775617, 70.33614533009415, 83.0], "5" : [773.067441419175, 28.126739830499307, 172.0], "7" : [929.7431276174902, 24.572510629333106, 211.0], "9" : [943.4809500152883, 28.832738456406627, 168.0], "11" : [1029.9420826057992, 19.42217707508666, 221.0], "13" : [1029.9420826057992, 19.42217707508666, 221.0], "15" : [1054.085487337075, 11.038711360605468, 124.0], "17" : [817.0649338339842, 72.61493645745801, 154.0], "19" : [732.3564613529902, 70.54013931674646, 147.0], "21" : [704.1298173572567, 76.15550679182827, 218.0], "23" : [874.9297138448131, 86.15085618413379, 175.0], "25" : [972.2492515001778, 76.41940590137158, 201.0], "27" : [993.797345903894, 79.582300768029, 113.0], "29" : [852.710184529757, 84.77083413969844, 216.0], "31" : [830.9129638455886, 94.8783943968129, 162.0], "33" : [830.9129638455886, 94.8783943968129, 162.0], "35" : [980.1441368591959, 86.82345174902844, 145.0], "37" : [980.1441368591959, 86.82345174902844, 145.0], "39" : [616.4137659775142, 128.17608731567768, 138.0], "41" : [749.0136358002861, 120.09636680782683, 110.0], "43" : [747.6111711099428, 125.44804930833361, 179.0], "45" : [747.6111711099428, 125.44804930833361, 179.0], "47" : [841.9268295698163, 121.04451407605535, 164.0], "49" : [971.8214539012807, 98.36509360451781, 275.0], "51" : [971.8214539012807, 98.36509360451781, 275.0], "53" : [1076.1218760082295, 102.61843691258747, 320.0], "55" : [733.3090170465235, 170.33319419205745, 244.0], "57" : [720.7999988248199, 170.1774186168384, 93.0], "59" : [887.5608674914671, 176.69202982854253, 138.0], "61" : [971.089141353069, 127.28914726567425, 175.0], "63" : [971.089141353069, 127.28914726567425, 175.0], "65" : [993.4171410113286, 131.03256928077272, 175.0], "67" : [699.3563357069839, 197.77183277229733, 71.0], "69" : [705.5354827282306, 199.8064521936132, 62.0], "71" : [705.5354827282306, 199.8064521936132, 62.0], "73" : [662.6876389757997, 226.8543023560622, 186.0], "75" : [773.9567407463537, 229.85955005484598, 178.0], "77" : [743.8170726887508, 226.2356116718688, 205.0], "79" : [817.3334997074165, 228.83849826176424, 200.0], "81" : [675.211683190391, 252.76116827781564, 291.0], "83" : [773.3584416172663, 256.5025951874006, 77.0], "85" : [773.3584416172663, 256.5025951874006, 77.0], "87" : [775.2599994511388, 259.0791650954736, 120.0], "89" : [775.2599994511388, 259.0791650954736, 120.0], "91" : [893.6201087884147, 253.25238284632135, 189.0], "93" : [936.4789736128527, 252.49018971105576, 214.0], "95" : [1017.0823916500739, 245.54648243185707, 142.0], "97" : [1055.2708344889106, 234.9236099118618, 144.0], "99" : [1055.2708344889106, 234.9236099118618, 144.0], "101" : [607.0468751971672, 276.95781402518656, 192.0], "103" : [681.1782588215178, 287.6565215610373, 184.0], "105" : [774.2702584883152, 292.8956953391071, 232.0], "107" : [774.2702584883152, 292.8956953391071, 232.0], "109" : [774.2702584883152, 292.8956953391071, 232.0], "111" : [833.2720818779403, 299.17259351665007, 197.0], "113" : [833.2720818779403, 299.17259351665007, 197.0], "115" : [910.7165897643653, 298.6018454680758, 217.0], "117" : [910.7165897643653, 298.6018454680758, 217.0], "119" : [1023.164286242485, 282.5255079478553, 196.0], "121" : [1081.4385448239238, 286.1329584352012, 179.0], "123" : [733.7982293537063, 330.4513285533227, 113.0], "125" : [733.7982293537063, 330.4513285533227, 113.0], "127" : [688.6735319602409, 317.4995083217957, 204.0], "129" : [688.6735319602409, 317.4995083217957, 204.0], "131" : [778.0666644374899, 322.65972370830553, 144.0], "133" : [778.0666644374899, 322.65972370830553, 144.0], "135" : [778.0666644374899, 322.65972370830553, 144.0], "137" : [781.2606559169631, 323.9672154012152, 61.0], "139" : [781.2606559169631, 323.9672154012152, 61.0], "141" : [893.9369924958993, 334.6784553162835, 246.0], "143" : [984.5289066414382, 325.4671883095473, 128.0], "145" : [984.5289066414382, 325.4671883095473, 128.0], "147" : [962.5819360185835, 327.1677409042811, 155.0], "149" : [962.5819360185835, 327.1677409042811, 155.0], "151" : [962.5819360185835, 327.1677409042811, 155.0], "153" : [1022.6790422300672, 336.0802400463824, 167.0], "155" : [702.1646259261992, 394.3448961091004, 147.0], "157" : [798.4406969793072, 393.30290690499885, 172.0], "159" : [882.3402180484632, 392.29456550153554, 184.0], "161" : [1029.7568122436962, 397.47973550465565, 301.0], "163" : [704.8177660810965, 419.16243535524956, 197.0], "165" : [705.6215280961525, 419.67291696639387, 144.0], "167" : [692.1292798012884, 423.0063071848112, 222.0], "169" : [692.1292798012884, 423.0063071848112, 222.0], "171" : [770.1087578968458, 423.4773753742878, 137.0], "173" : [770.1087578968458, 423.4773753742878, 137.0], "175" : [876.5141829634307, 423.54184476059476, 141.0], "177" : [876.5141829634307, 423.54184476059476, 141.0], "179" : [876.5141829634307, 423.54184476059476, 141.0], "181" : [856.0644738489258, 425.54590152096335, 183.0], "183" : [856.0644738489258, 425.54590152096335, 183.0], "185" : [958.888034203796, 422.92308010387853, 117.0], "187" : [958.888034203796, 422.92308010387853, 117.0], "189" : [960.3080296107133, 427.11532869919694, 137.0], "191" : [960.3080296107133, 427.11532869919694, 137.0], "193" : [1018.1914863939605, 430.69947137984354, 188.0], "195" : [1018.1914863939605, 430.69947137984354, 188.0], "197" : [750.215853726486, 453.45488080596647, 164.0], "199" : [882.9999978282876, 456.0765631148425, 64.0], "201" : [882.9999978282876, 456.0765631148425, 64.0], "203" : [986.2506334822251, 449.22151937121, 79.0], "205" : [986.2506334822251, 449.22151937121, 79.0], "207" : [896.6269233683632, 458.5615373120303, 52.0], "209" : [896.6269233683632, 458.5615373120303, 52.0], "211" : [896.6269233683632, 458.5615373120303, 52.0], "213" : [1036.8359665201824, 453.81929759037183, 114.0], "215" : [1084.206665682022, 462.3096951655696, 165.0], "217" : [745.1068957978988, 489.6750011074597, 348.0], "219" : [745.1068957978988, 489.6750011074597, 348.0], "221" : [847.0321433276442, 493.40152958531525, 196.0], "223" : [847.0321433276442, 493.40152958531525, 196.0], "225" : [955.4828742665684, 497.1939195495659, 181.0], "227" : [955.4828742665684, 497.1939195495659, 181.0], "229" : [998.2335224388667, 496.08976964463807, 176.0], "231" : [998.2335224388667, 496.08976964463807, 176.0], "233" : [829.2734592269304, 556.2018973539448, 211.0], "235" : [914.3402191139253, 554.3268166169042, 179.0], "237" : [683.3883747106372, 593.840701955941, 172.0], "239" : [683.3883747106372, 593.840701955941, 172.0], "241" : [661.7246712307785, 589.9713338964498, 150.0], "243" : [661.7246712307785, 589.9713338964498, 150.0], "245" : [807.3455954556989, 587.6626967367345, 193.0], "247" : [807.3455954556989, 587.6626967367345, 193.0], "249" : [944.4585944528606, 588.6408602344333, 186.0], "251" : [944.4585944528606, 588.6408602344333, 186.0], "253" : [1050.449682332357, 586.2547469191013, 316.0], "255" : [643.7822080776676, 622.4694929192655, 118.0], "257" : [643.7822080776676, 622.4694929192655, 118.0], "259" : [647.4046790581505, 618.2869161999051, 107.0], "261" : [604.7270807315248, 622.3572931002798, 192.0], "263" : [706.4191258564597, 623.0344288836803, 183.0], "265" : [706.4191258564597, 623.0344288836803, 183.0], "267" : [706.4191258564597, 623.0344288836803, 183.0], "269" : [595.8545049124975, 628.6481972986338, 222.0], "271" : [685.0381291609215, 635.3604334057934, 139.0], "273" : [758.1921875079215, 623.2765626206742, 64.0], "275" : [758.1921875079215, 623.2765626206742, 64.0], "277" : [758.1921875079215, 623.2765626206742, 64.0], "279" : [727.5544565503078, 614.8237641439066, 101.0], "281" : [818.0010931503388, 614.4218592018939, 183.0], "283" : [915.8279998785979, 612.8925037049448, 200.0], "285" : [886.990096495906, 611.5643560875177, 101.0], "287" : [886.990096495906, 611.5643560875177, 101.0], "289" : [979.3552798333833, 611.5670815606464, 161.0], "291" : [979.3552798333833, 611.5670815606464, 161.0],