{"1" : [824.1769226522784, 158.90683662512564, 117.0], "3" : [824.1769226522784, 158.90683662512564, 117.0], "5" : [762.3560878531868, 6.795653083765845, 230.0], "7" : [755.0166677851668, 258.77569496318694, 144.0], "9" : [755.0166677851668, 258.77569496318694, 144.0], "11" : [785.5348467934714, 94.8893969543706, 66.0], "13" : [785.5348467934714, 94.8893969543706, 66.0], "15" : [785.5348467934714, 94.8893969543706, 66.0], "17" : [789.1454530334784, 75.05273040956115, 55.0], "19" : [789.1454530334784, 75.05273040956115, 55.0], "21" : [844.885107701984, 61.66028300049477, 141.0], "23" : [844.885107701984, 61.66028300049477, 141.0], "25" : [962.1493826276454, 71.63210043149046, 162.0], "27" : [1041.0417100313086, 74.11230304347191, 187.0], "29" : [1084.5554438897143, 77.81881664240659, 101.0], "31" : [831.4493428062058, 83.67697237778893, 152.0], "33" : [749.025594986351, 101.62142791045868, 168.0], "35" : [749.025594986351, 101.62142791045868, 168.0], "37" : [724.7663302805463, 103.8437164063046, 199.0], "39" : [724.7663302805463, 103.8437164063046, 199.0], "41" : [795.4930863557713, 96.8148959499091, 188.0], "43" : [795.4930863557713, 96.8148959499091, 188.0], "45" : [874.1239780590556, 96.51871479962615, 171.0], "47" : [874.1239780590556, 96.51871479962615, 171.0], "49" : [987.028986230196, 103.91207583959235, 207.0], "51" : [1016.2885233614577, 105.77048885329701, 61.0], "53" : [1018.8290905129502, 104.99817864091352, 55.0], "55" : [940.8825504803854, 95.75447020672124, 235.0], "57" : [940.8825504803854, 95.75447020672124, 235.0], "59" : [940.8825504803854, 95.75447020672124, 235.0], "61" : [960.0857162136258, 93.40535959926548, 56.0], "63" : [960.0857162136258, 93.40535959926548, 56.0], "65" : [819.2687870695668, 105.73179052205107, 173.0], "67" : [902.3849083906287, 108.00377738288876, 159.0], "69" : [980.94181845199, 110.85879138257388, 165.0], "71" : [771.8431367263831, 130.64509656325723, 51.0], "73" : [784.3589991374623, 129.1449991039235, 100.0], "75" : [784.3589991374623, 129.1449991039235, 100.0], "77" : [784.3589991374623, 129.1449991039235, 100.0], "79" : [753.2947816836436, 134.59130270650408, 115.0], "81" : [974.6734249580497, 139.07901753494286, 143.0], "83" : [934.2895531147209, 137.08581895121333, 134.0], "85" : [1043.0757311958928, 147.45941652517382, 239.0], "87" : [918.0910250251608, 262.9205118663359, 156.0], "89" : [918.0910250251608, 262.9205118663359, 156.0], "91" : [709.55255693423, 248.48175434880082, 137.0], "93" : [812.8767454496175, 196.34476856351415, 172.0], "95" : [884.9293453935504, 199.67554471024238, 184.0], "97" : [1009.5095518225296, 201.17359524928904, 178.0], "99" : [652.3038833984123, 228.32815565197546, 103.0], "101" : [665.5841450620046, 229.62926438279257, 82.0], "103" : [788.413368561487, 226.32209325661626, 172.0], "105" : [772.5979986251631, 227.48449890475047, 200.0], "107" : [920.127644307831, 235.82705780347098, 170.0], "109" : [900.4946318591091, 236.14630844775914, 149.0], "111" : [976.2436088270555, 232.0090237043325, 133.0], "113" : [1062.1811940815624, 235.80458570394842, 218.0], "115" : [1102.995211136384, 238.22712719480324, 188.0], "117" : [1050.9563105844165, 234.04951475690928, 103.0], "119" : [1050.9563105844165, 234.04951475690928, 103.0], "121" : [676.0991812697605, 257.41721516757246, 122.0], "123" : [676.0991812697605, 257.41721516757246, 122.0], "125" : [648.1797949657071, 260.6352335420972, 193.0], "127" : [648.1797949657071, 260.6352335420972, 193.0], "129" : [702.0414628318767, 258.3847565916679, 164.0], "131" : [702.0414628318767, 258.3847565916679, 164.0], "133" : [702.0414628318767, 258.3847565916679, 164.0], "135" : [806.4748636782381, 259.90929035392634, 183.0], "137" : [806.4748636782381, 259.90929035392634, 183.0], "139" : [780.4884119820081, 260.01097508363193, 164.0], "141" : [780.4884119820081, 260.01097508363193, 164.0], "143" : [857.7011954333781, 261.5065870064574, 167.0], "145" : [857.7011954333781, 261.5065870064574, 167.0], "147" : [977.9566658615076, 261.01611134648294, 180.0], "149" : [977.9566658615076, 261.01611134648294, 180.0], "151" : [949.8305691815866, 262.6955398137436, 157.0], "153" : [949.8305691815866, 262.6955398137436, 157.0], "155" : [1076.2113113241521, 267.3529761370359, 168.0], "157" : [1051.558954199391, 262.1507448243249, 268.0], "159" : [1051.558954199391, 262.1507448243249, 268.0], "161" : [1051.558954199391, 262.1507448243249, 268.0], "163" : [879.8860768969032, 288.7810093064171, 79.0], "165" : [740.5716855086868, 285.77650295793165, 166.0], "167" : [718.7378377482692, 290.721082333409, 185.0], "169" : [718.7378377482692, 290.721082333409, 185.0], "171" : [718.7378377482692, 290.721082333409, 185.0], "173" : [789.9652682851543, 287.4077813971456, 167.0], "175" : [888.1197180042891, 290.0633801984937, 71.0], "177" : [888.1197180042891, 290.0633801984937, 71.0], "179" : [888.372288972956, 289.4060208514297, 83.0], "181" : [827.4726424911156, 286.82452627760335, 106.0], "183" : [909.6315221035168, 290.3967369596365, 92.0], "185" : [909.6315221035168, 290.3967369596365, 92.0], "187" : [919.7129404041518, 296.2894139270973, 85.0], "189" : [919.7129404041518, 296.2894139270973, 85.0], "191" : [889.0886854594611, 289.59418994189053, 327.0], "193" : [889.0886854594611, 289.59418994189053, 327.0], "195" : [939.4666665888399, 287.75555337206583, 162.0], "197" : [1004.763593449734, 293.03225968478165, 217.0], "199" : [1004.763593449734, 293.03225968478165, 217.0], "201" : [1004.763593449734, 293.03225968478165, 217.0], "203" : [1032.9314102172045, 289.9628207581875, 156.0], "205" : [1032.9314102172045, 289.9628207581875, 156.0], "207" : [1032.9314102172045, 289.9628207581875, 156.0], "209" : [1079.2187742819203, 291.6142871436083, 245.0], "211" : [1079.2187742819203, 291.6142871436083, 245.0], "213" : [713.2637835218599, 347.67244013034025, 127.0], "215" : [675.7771437117442, 354.627999639265, 175.0], "217" : [659.7046021656139, 347.2558573585491, 478.0], "219" : [704.3320439881134, 349.8580968086325, 284.0], "221" : [704.3320439881134, 349.8580968086325, 284.0], "223" : [652.9342525878416, 353.2906067638787, 181.0], "225" : [821.3939397711064, 350.34727296843556, 165.0], "227" : [821.3939397711064, 350.34727296843556, 165.0], "229" : [798.975129182928, 351.6424835575652, 193.0], "231" : [911.9337338235899, 350.4967862816896, 249.0], "233" : [966.4269424720087, 352.8077840152599, 167.0], "235" : [1019.7057963432775, 353.41449295323895, 138.0], "237" : [1054.7103079856997, 353.97113485707644, 97.0], "239" : [1053.6680009585175, 348.8560011247458, 75.0], "241" : [706.2885727515807, 393.0885702641042, 70.0], "243" : [644.3263874880313, 404.0444434349543, 144.0], "245" : [644.3263874880313, 404.0444434349543, 144.0], "247" : [607.5691281964312, 409.9597291874025, 149.0], "249" : [786.2476177315006, 411.14897773845894, 147.0], "251" : [852.1914984606823, 412.81849837640436, 200.0], "253" : [987.8948716075457, 418.6169234733128, 195.0], "255" : [1039.4018168662337, 424.3672744854026, 165.0], "257" : [1039.4018168662337, 424.3672744854026, 165.0], "259" : [751.5900667228874, 452.27549613823817, 151.0], "261" : [711.0419772927614, 456.6555597461296, 162.0], "263" : [711.0419772927614, 456.6555597461296, 162.0], "265" : [711.0419772927614, 456.6555597461296, 162.0], "267" : [773.0947362917927, 452.28897327879685, 399.0], "269" : [855.970611439416, 451.95670056065296, 194.0], "271" : [921.8138716927665, 451.56936393761106, 173.0], "273" : [962.3343017498689, 455.83721512557935, 172.0], "275" : [962.3343017498689, 455.83721512557935, 172.0], "277" : [1041.883425837116, 459.6605716529236, 175.0], "279" : [1041.883425837116, 459.6605716529236, 175.0], "281" : [674.8128820638556, 518.2613500175519, 163.0], "283" : [655.9340420752662, 516.7877633763331, 188.0], "285" : [713.8903650700887, 450.8939756849858, 166.0], "287" : [783.4716994468929, 449.67106983955136, 159.0], "289" : [664.4772741616619, 525.5627264937142, 110.0],