{"1" : [726.3356252488989, 31.6193756170816, 160.0], "3" : [667.0828858419528, 10.703742960618994, 187.0], "5" : [667.0828858419528, 10.703742960618994, 187.0], "7" : [819.1537036996681, 9.618980962451563, 216.0], "9" : [945.6408161950419, 10.708979692825137, 245.0], "11" : [1013.6639813996131, 7.403763297338956, 186.0], "13" : [1053.646896625776, 10.645515567616101, 145.0], "15" : [678.147802176833, 91.47861746779132, 159.0], "17" : [606.9928908137481, 88.5834143393612, 211.0], "19" : [732.0765808242253, 96.83792417331334, 269.0], "21" : [732.0765808242253, 96.83792417331334, 269.0], "23" : [792.2047014642022, 100.32727200386068, 319.0], "25" : [792.2047014642022, 100.32727200386068, 319.0], "27" : [880.5893033114132, 101.75347603163287, 187.0], "29" : [880.5893033114132, 101.75347603163287, 187.0], "31" : [953.3581298650072, 94.26260207462519, 246.0], "33" : [953.3581298650072, 94.26260207462519, 246.0], "35" : [1016.0361079356028, 79.49861149272255, 72.0], "37" : [1021.7783342703381, 77.89167151602676, 120.0], "39" : [1100.7638651152954, 79.16134316308866, 119.0], "41" : [1102.7135577595761, 81.63220352218288, 59.0], "43" : [743.9817289371055, 122.73269480553955, 208.0], "45" : [739.7834157539293, 121.76487746635874, 205.0], "47" : [917.8567543984165, 133.33297288316757, 185.0], "49" : [838.13813904515, 133.4241850709511, 215.0], "51" : [944.4033074545894, 126.4669473898084, 121.0], "53" : [944.4033074545894, 126.4669473898084, 121.0], "55" : [944.4033074545894, 126.4669473898084, 121.0], "57" : [1015.7992375185531, 123.29137108786564, 394.0], "59" : [860.5261753927753, 149.89865952751344, 149.0], "61" : [860.5261753927753, 149.89865952751344, 149.0], "63" : [686.2896120763845, 147.29545631989757, 154.0], "65" : [617.4325195751616, 141.46941442101942, 206.0], "67" : [693.0395717514235, 142.00587983256514, 187.0], "69" : [746.1846596195425, 149.5533740584236, 163.0], "71" : [777.6150598590903, 158.46084522561625, 166.0], "73" : [777.6150598590903, 158.46084522561625, 166.0], "75" : [909.1129736929246, 169.1805410040654, 185.0], "77" : [996.5749988867257, 157.86022806054626, 88.0], "79" : [996.5749988867257, 157.86022806054626, 88.0], "81" : [998.976327565507, 157.6415468056304, 207.0], "83" : [998.976327565507, 157.6415468056304, 207.0], "85" : [1109.8563758706794, 150.54362487653447, 149.0], "87" : [1070.723960655211, 157.41751248630868, 217.0], "89" : [1070.723960655211, 157.41751248630868, 217.0], "91" : [836.0968157593607, 196.21974808667338, 157.0], "93" : [836.0968157593607, 196.21974808667338, 157.0], "95" : [729.4813081648238, 182.037829885641, 230.0], "97" : [845.6881064018957, 198.12379126766058, 227.0], "99" : [930.0327368770897, 200.01547659564173, 168.0], "101" : [898.7604037979457, 198.3000008984428, 149.0], "103" : [1025.9834193500067, 187.61909552626543, 199.0], "105" : [1028.078604807313, 189.75851641875644, 229.0], "107" : [724.2067150882766, 225.0649261849024, 134.0], "109" : [630.9045996497523, 242.77471310858368, 174.0], "111" : [599.7966958097436, 247.34876085995097, 121.0], "113" : [728.106821352407, 254.4757587224875, 132.0], "115" : [732.3881579408628, 251.58684616277458, 76.0], "117" : [690.0865601221979, 253.94516235682875, 186.0], "119" : [816.7952829368281, 258.24103734324007, 212.0], "121" : [816.7952829368281, 258.24103734324007, 212.0], "123" : [816.7952829368281, 258.24103734324007, 212.0], "125" : [850.1454547693992, 261.8912714053523, 275.0], "127" : [850.1454547693992, 261.8912714053523, 275.0], "129" : [986.8012595713982, 256.42264400027653, 159.0], "131" : [986.8012595713982, 256.42264400027653, 159.0], "133" : [950.3206330660262, 263.71983978563964, 252.0], "135" : [950.3206330660262, 263.71983978563964, 252.0], "137" : [1048.4406993409473, 267.3301892457476, 371.0], "139" : [1124.6993748669702, 266.50843954461374, 640.0], "141" : [677.0550023604221, 277.4677784890603, 180.0], "143" : [795.4916654688662, 283.5525636192672, 312.0], "145" : [904.1376700513595, 278.81061720385713, 292.0], "147" : [1008.4268197790732, 286.628635507857, 220.0], "149" : [1008.4268197790732, 286.628635507857, 220.0], "151" : [1076.077001824315, 288.0554982313383, 200.0], "153" : [765.8825847868962, 307.2638716344628, 155.0], "155" : [665.0604048715943, 305.0517772023447, 197.0], "157" : [606.8228050932563, 300.6228069770295, 171.0], "159" : [606.8228050932563, 300.6228069770295, 171.0], "161" : [740.788551800571, 301.76870253670916, 131.0], "163" : [816.7562819703553, 316.1532641445649, 199.0], "165" : [927.8481169248729, 323.1527199038313, 239.0], "167" : [927.8481169248729, 323.1527199038313, 239.0], "169" : [979.236843086262, 322.77607813471656, 209.0], "171" : [979.236843086262, 322.77607813471656, 209.0], "173" : [1079.6616834934678, 328.66359806248533, 261.0], "175" : [1045.1250020046923, 321.99471951911147, 284.0], "177" : [829.6397263075722, 337.33629957485243, 146.0], "179" : [709.4083618200619, 340.5885472700005, 323.0], "181" : [803.8076080575445, 349.2057993393669, 276.0], "183" : [931.0686994588681, 360.2532534746586, 246.0], "185" : [931.7277316588871, 355.8063029644188, 238.0], "187" : [997.4445781517375, 361.0554207246116, 249.0], "189" : [1055.2963541712297, 364.63854318233524, 192.0], "191" : [730.4273306375192, 397.31453582210725, 172.0], "193" : [672.3742183906146, 411.57604037893367, 384.0], "195" : [772.7747731138907, 412.3632871261545, 444.0], "197" : [849.4060466385129, 418.4248847272969, 430.0], "199" : [936.9953034294072, 421.7100677656399, 149.0], "201" : [936.9953034294072, 421.7100677656399, 149.0], "203" : [1035.9681159465922, 428.23671712509304, 207.0], "205" : [1035.9681159465922, 428.23671712509304, 207.0], "207" : [1076.7080672533898, 426.0866985412503, 248.0], "209" : [736.356609979145, 439.06855302531835, 159.0], "211" : [736.356609979145, 439.06855302531835, 159.0], "213" : [686.5196771358757, 443.7202084305611, 183.0], "215" : [748.0668321435267, 444.81361111938094, 404.0], "217" : [850.8152931654134, 446.4652917848978, 170.0], "219" : [973.1940258393771, 451.9411953471352, 318.0], "221" : [1035.9944981031779, 453.23430269508526, 309.0], "223" : [693.9922557621661, 464.0393532305009, 155.0], "225" : [693.9922557621661, 464.0393532305009, 155.0], "227" : [607.8518517600027, 489.0160507107553, 81.0], "229" : [608.4288095575541, 486.85514492966234, 243.0], "231" : [608.4288095575541, 486.85514492966234, 243.0], "233" : [720.9517650213642, 482.56940869471487, 170.0], "235" : [704.0628234460441, 480.9974355019301, 156.0], "237" : [857.678394485031, 474.76869955984245, 361.0], "239" : [984.9610164072096, 475.7457659839307, 59.0], "241" : [989.7249136714571, 480.8515358494997, 293.0], "243" : [980.1944673803232, 511.66723250955704, 235.0], "245" : [980.1944673803232, 511.66723250955704, 235.0], "247" : [739.184834151739, 508.9673014070616, 211.0], "249" : [828.4336303844233, 504.7796461668666, 339.0], "251" : [933.9127337726404, 513.1782747035355, 267.0], "253" : [749.5628297914831, 554.7902681192033, 113.0], "255" : [749.5628297914831, 554.7902681192033, 113.0], "257" : [680.1198308148747, 570.6991550393661, 237.0], "259" : [643.6095889670563, 569.2931488967954, 146.0], "261" : [816.6387284118952, 585.7028883960018, 173.0], "263" : [800.3618870770728, 580.8504871609898, 307.0], "265" : [790.5971089401531, 573.3575119213455, 346.0], "267" : [895.5260742535875, 577.7328223447149, 326.0], "269" : [895.5260742535875, 577.7328223447149, 326.0], "271" : [979.7647764986071, 573.8208017321015, 423.0], "273" : [1052.4108982924997, 576.7724349669963, 156.0], "275" : [711.51875228487, 605.6593746784018, 160.0], "277" : [653.5205405773609, 608.9254066269563, 185.0], "279" : [751.7562237449646, 619.1915676522435, 249.0], "281" : [811.1805415858321, 618.3459475736681, 185.0], "283" : [919.5128773883791, 617.2249977695983, 132.0], "285" : [921.4629620790564, 616.4527779714884, 108.0], "287" : [971.5195530511788, 612.6804458860478, 271.0], "289" : [1052.9611131938245, 619.9944467727084, 90.0],