{"1" : [727.4139254636095, 117.32531684402274, 158.0], "3" : [625.8333354164038, 75.0521787528008, 69.0], "5" : [633.3976188404835, 68.65476468922982, 168.0], "7" : [912.3625912289572, 27.886282636198736, 401.0], "9" : [916.9186936912392, 29.830839876551952, 107.0], "11" : [955.7570120862249, 33.37756936372035, 107.0], "13" : [959.9808091200348, 33.887876540890296, 99.0], "15" : [753.4970769096213, 84.93274956985302, 171.0], "17" : [687.1792571771705, 92.8569156969577, 188.0], "19" : [687.1792571771705, 92.8569156969577, 188.0], "21" : [733.5150340570599, 93.67647124995025, 153.0], "23" : [733.5150340570599, 93.67647124995025, 153.0], "25" : [839.946616115896, 78.19022720542833, 399.0], "27" : [848.2815076296382, 75.34842092471256, 411.0], "29" : [848.2815076296382, 75.34842092471256, 411.0], "31" : [927.9072288937462, 87.28132778732346, 166.0], "33" : [972.9156648635172, 98.13871112435123, 217.0], "35" : [972.9156648635172, 98.13871112435123, 217.0], "37" : [983.7153376912432, 93.63374425779296, 163.0], "39" : [983.7153376912432, 93.63374425779296, 163.0], "41" : [1005.7405287852852, 96.01684427040375, 190.0], "43" : [1005.7405287852852, 96.01684427040375, 190.0], "45" : [641.6715916573078, 130.95037709095868, 264.0], "47" : [600.6918979667812, 134.24248837944288, 506.0], "49" : [600.6918979667812, 134.24248837944288, 506.0], "51" : [716.7078436938389, 129.39656827986315, 204.0], "53" : [716.7078436938389, 129.39656827986315, 204.0], "55" : [716.7078436938389, 129.39656827986315, 204.0], "57" : [780.8356024949578, 126.06963477219524, 191.0], "59" : [780.8356024949578, 126.06963477219524, 191.0], "61" : [820.8482960435107, 116.32146327713662, 205.0], "63" : [952.7258779856504, 124.80798840984238, 313.0], "65" : [952.7258779856504, 124.80798840984238, 313.0], "67" : [1020.8793587499166, 130.9495969358996, 373.0], "69" : [1020.8793587499166, 130.9495969358996, 373.0], "71" : [970.8013991603875, 125.96164997193608, 571.0], "73" : [970.8013991603875, 125.96164997193608, 571.0], "75" : [1058.228972427229, 131.69579250409353, 214.0], "77" : [1077.736918731441, 132.78720837433295, 344.0], "79" : [775.4608235065997, 161.04398517012288, 291.0], "81" : [775.4608235065997, 161.04398517012288, 291.0], "83" : [727.5651440622837, 168.7828552608887, 175.0], "85" : [727.5651440622837, 168.7828552608887, 175.0], "87" : [727.5651440622837, 168.7828552608887, 175.0], "89" : [728.1122250414313, 161.39111192899088, 90.0], "91" : [728.1122250414313, 161.39111192899088, 90.0], "93" : [728.1122250414313, 161.39111192899088, 90.0], "95" : [872.7970408024134, 132.3911233733065, 169.0], "97" : [879.8366265748912, 127.86901397471335, 71.0], "99" : [879.8366265748912, 127.86901397471335, 71.0], "101" : [927.9237678153171, 135.80358642862166, 223.0], "103" : [977.0052411131626, 141.3951938306974, 229.0], "105" : [997.3137182680179, 145.47836287901268, 379.0], "107" : [1012.1564218218239, 162.66077900877139, 436.0], "109" : [1012.1564218218239, 162.66077900877139, 436.0], "111" : [1012.1564218218239, 162.66077900877139, 436.0], "113" : [1034.3497973459407, 166.08387045674516, 496.0], "115" : [1034.3497973459407, 166.08387045674516, 496.0], "117" : [949.8398983208616, 158.27536881632872, 203.0], "119" : [949.8398983208616, 158.27536881632872, 203.0], "121" : [618.5659616492542, 232.62280583537898, 285.0], "123" : [702.8999983332185, 224.84210481154201, 57.0], "125" : [702.8999983332185, 224.84210481154201, 57.0], "127" : [700.3804343401075, 229.6260877369957, 92.0], "129" : [700.3804343401075, 229.6260877369957, 92.0], "131" : [642.7761928653152, 242.65454632848227, 462.0], "133" : [642.7761928653152, 242.65454632848227, 462.0], "135" : [691.80490253912, 234.0735279084813, 102.0], "137" : [1089.0183622627396, 228.41327898276788, 256.0], "139" : [706.8165650718149, 269.2073605735643, 163.0], "141" : [658.0274412987922, 272.4618620275142, 215.0], "143" : [737.1387613748734, 263.9906969154425, 258.0], "145" : [737.1387613748734, 263.9906969154425, 258.0], "147" : [761.4180781402775, 264.1342296295214, 260.0], "149" : [761.4180781402775, 264.1342296295214, 260.0], "151" : [761.4180781402775, 264.1342296295214, 260.0], "153" : [774.3407139629794, 264.58357491696574, 140.0], "155" : [774.3407139629794, 264.58357491696574, 140.0], "157" : [700.6640220969405, 271.81375462531264, 189.0], "159" : [735.1278719276157, 270.30491684229196, 122.0], "161" : [737.6480884643345, 265.869227433702, 52.0], "163" : [737.6480884643345, 265.869227433702, 52.0], "165" : [904.7468721491849, 255.47708308259604, 96.0], "167" : [909.8331064864988, 247.49181115962296, 293.0], "169" : [919.4396808874884, 239.10582129575235, 189.0], "171" : [1039.5851057177892, 247.34000181045613, 235.0], "173" : [1013.3367735368146, 247.76580901981058, 155.0], "175" : [1013.3367735368146, 247.76580901981058, 155.0], "177" : [1069.5335913942538, 257.9628904771892, 256.0], "179" : [1069.5335913942538, 257.9628904771892, 256.0], "181" : [700.0144723001897, 301.82894939486584, 152.0], "183" : [645.7588806429046, 306.3130819065817, 214.0], "185" : [607.2091533513309, 315.1183062662815, 437.0], "187" : [658.8821057868385, 319.53263615028123, 95.0], "189" : [753.3560145633892, 318.21065329695153, 291.0], "191" : [753.3560145633892, 318.21065329695153, 291.0], "193" : [775.9233772879919, 317.1038958709856, 77.0], "195" : [775.9233772879919, 317.1038958709856, 77.0], "197" : [776.4056273980989, 318.63419820916465, 231.0], "199" : [776.4056273980989, 318.63419820916465, 231.0], "201" : [739.1725493990773, 319.91176702929846, 51.0], "203" : [736.9786927554879, 318.432240841201, 183.0], "205" : [854.1764945938793, 314.53686873155397, 217.0], "207" : [854.1764945938793, 314.53686873155397, 217.0], "209" : [895.9364670747776, 311.77857033674684, 266.0], "211" : [895.9364670747776, 311.77857033674684, 266.0], "213" : [929.9495146242473, 309.91650504537665, 103.0], "215" : [1047.0868662280639, 309.0121204943281, 198.0], "217" : [1049.8964923419403, 304.6649113341806, 57.0], "219" : [1008.4530456877424, 307.9986932013233, 230.0], "221" : [1008.9777159077422, 314.60228459020414, 175.0], "223" : [1067.2438330220664, 319.86095992983206, 146.0], "225" : [1068.153491911547, 319.0761431451664, 415.0], "227" : [763.22622245576, 347.3875563562124, 225.0], "229" : [692.97147393181, 346.4479745784981, 617.0], "231" : [742.9438093644269, 348.4466658498328, 105.0], "233" : [746.3830347716645, 344.7071421766943, 112.0], "235" : [871.9209462954832, 337.85081881206526, 549.0], "237" : [853.8617544186706, 335.85017512467164, 285.0], "239" : [946.1683009781694, 343.53104414587705, 306.0], "241" : [989.4840990513486, 346.212970554075, 239.0], "243" : [959.2511118220632, 342.40555569216554, 180.0], "245" : [961.033993830719, 335.43300391103304, 303.0], "247" : [1001.3918252344482, 341.0591420688947, 257.0], "249" : [1036.1782626448473, 344.84710202341813, 138.0], "251" : [926.2846153432657, 335.37628425051463, 156.0], "253" : [701.0217782770568, 417.45288952752423, 225.0], "255" : [676.8880732516322, 411.5600914946526, 218.0], "257" : [649.8190478917418, 408.16300278715386, 273.0], "259" : [649.8190478917418, 408.16300278715386, 273.0], "261" : [633.4414354128979, 402.28366457152003, 251.0], "263" : [631.4953957528368, 405.9730251590431, 152.0], "265" : [649.661050686444, 411.0131552467759, 380.0], "267" : [649.661050686444, 411.0131552467759, 380.0], "269" : [639.6669611001477, 414.3182827551095, 454.0], "271" : [689.8257321456797, 415.71696004495794, 171.0], "273" : [801.6375487547914, 412.11061224493363, 245.0], "275" : [885.3772914725495, 406.8480337995514, 229.0], "277" : [886.1911754504365, 405.2647039906794, 68.0], "279" : [947.791606099545, 400.61818303138944, 143.0], "281" : [951.6181377750914, 396.23674569901834, 215.0], "283" : [974.7212725890823, 396.7703782801987, 503.0], "285" : [1014.6857138389695, 402.79585177789824, 217.0], "287" : [918.0826595227227, 409.1762082273044, 248.0], "289" : [684.050396784965, 455.010715501082, 252.0],