{"1" : [763.6685188672822, 25.0685185920405, 54.0], "3" : [699.4073771697175, 3.5565589650682696, 122.0], "5" : [939.355970025917, 2.061191624358644, 134.0], "7" : [944.5427575786426, 1.3668944854729332, 145.0], "9" : [664.6261154804448, 88.58407664154474, 157.0], "11" : [664.6261154804448, 88.58407664154474, 157.0], "13" : [636.2698943062803, 78.91613068426885, 186.0], "15" : [730.7585666979235, 71.37845570019546, 181.0], "17" : [810.6581382962311, 71.52558256367729, 301.0], "19" : [909.0680754238846, 69.91032953601312, 213.0], "21" : [995.907233207148, 67.21915658240685, 235.0], "23" : [1045.998181668469, 66.4290959275646, 165.0], "25" : [1105.3872994286985, 67.401064993073, 189.0], "27" : [725.3916241826856, 103.97684603956604, 203.0], "29" : [725.3916241826856, 103.97684603956604, 203.0], "31" : [802.4946697642014, 106.64221954380818, 225.0], "33" : [888.8825731040708, 104.29211572873152, 241.0], "35" : [1005.2409475424818, 100.69888558057099, 359.0], "37" : [1005.2409475424818, 100.69888558057099, 359.0], "39" : [631.1240349218546, 139.42488978981999, 233.0], "41" : [711.8346172188706, 142.68516054074215, 182.0], "43" : [805.4025514986722, 139.13826329144612, 196.0], "45" : [868.1451614996978, 137.31741691600809, 155.0], "47" : [868.1451614996978, 137.31741691600809, 155.0], "49" : [970.6420436095825, 134.65113440072065, 176.0], "51" : [975.0811121832093, 132.42444174131552, 180.0], "53" : [1096.3933780244158, 133.87019893108845, 151.0], "55" : [1097.6655491079491, 128.9197471938314, 238.0], "57" : [764.0280266552755, 163.64968221599713, 314.0], "59" : [764.0280266552755, 163.64968221599713, 314.0], "61" : [910.9511812918131, 163.09448569631152, 127.0], "63" : [910.9511812918131, 163.09448569631152, 127.0], "65" : [916.7103744610233, 163.34716482329475, 212.0], "67" : [916.7103744610233, 163.34716482329475, 212.0], "69" : [1019.4066541442966, 168.23346025454765, 541.0], "71" : [1019.4066541442966, 168.23346025454765, 541.0], "73" : [1019.4066541442966, 168.23346025454765, 541.0], "75" : [639.0108603672068, 239.43438915509628, 221.0], "77" : [639.0108603672068, 239.43438915509628, 221.0], "79" : [605.2146332252055, 241.87134453694424, 164.0], "81" : [605.2146332252055, 241.87134453694424, 164.0], "83" : [714.2702157749615, 243.65798084157342, 188.0], "85" : [780.2688409635326, 241.71394712462993, 337.0], "87" : [847.4316849523644, 243.88761987869836, 202.0], "89" : [994.2712472754544, 241.5025004064108, 160.0], "91" : [999.6219158989232, 234.51369559588156, 73.0], "93" : [1068.7511636873958, 233.89302353230292, 86.0], "95" : [1070.4913333325721, 231.93307255183177, 127.0], "97" : [1121.175328657124, 231.49074842839704, 227.0], "99" : [1062.4903042901512, 231.52848409005384, 165.0], "101" : [743.9204678824327, 279.1900580422896, 171.0], "103" : [674.9219058766691, 272.5885728316448, 210.0], "105" : [749.2931442823975, 271.7731458669555, 175.0], "107" : [900.2543881070463, 281.5026292604792, 114.0], "109" : [884.6243360079101, 283.0079335394161, 189.0], "111" : [873.4842098676171, 277.636843040764, 95.0], "113" : [1042.0886042536583, 279.17341524770904, 158.0], "115" : [1048.7879284534383, 273.2034457442552, 58.0], "117" : [1029.644827992347, 269.6847311601198, 203.0], "119" : [636.8281251472778, 308.2968736815895, 192.0], "121" : [636.8281251472778, 308.2968736815895, 192.0], "123" : [614.0978082583853, 305.3267528498248, 228.0], "125" : [614.0978082583853, 305.3267528498248, 228.0], "127" : [670.3723964815813, 309.8692295997581, 221.0], "129" : [765.0738822402909, 315.60447730538016, 268.0], "131" : [834.3535710575965, 311.83705396479183, 224.0], "133" : [938.334810657124, 309.31898509605, 158.0], "135" : [933.9293525727563, 304.0641796079354, 201.0], "137" : [1031.7822676657986, 299.6162608205216, 203.0], "139" : [1031.7822676657986, 299.6162608205216, 203.0], "141" : [1107.5105460001084, 292.7464208304467, 237.0], "143" : [738.5056968488553, 343.32911434155614, 158.0], "145" : [702.967999833938, 342.44457275551855, 175.0], "147" : [702.967999833938, 342.44457275551855, 175.0], "149" : [825.5674008934134, 345.7237553393524, 181.0], "151" : [906.0221281111696, 347.53319230332227, 235.0], "153" : [960.0834053951669, 347.37063810256893, 235.0], "155" : [1023.4484845832341, 351.45151315097235, 99.0], "157" : [1025.5323543861944, 349.82353021841914, 102.0], "159" : [720.3576374393894, 410.9020803367727, 144.0], "161" : [720.3576374393894, 410.9020803367727, 144.0], "163" : [662.182660818581, 405.73874565021333, 271.0], "165" : [647.2065510636011, 402.2547622257684, 168.0], "167" : [647.2065510636011, 402.2547622257684, 168.0], "169" : [799.8479569040494, 403.529591168011, 98.0], "171" : [765.5884382653971, 408.382658678587, 173.0], "173" : [896.3387246354883, 413.7557449374632, 235.0], "175" : [950.7708985428688, 409.63385964497763, 189.0], "177" : [1025.7949013263571, 407.1489803427312, 196.0], "179" : [735.486222802577, 441.74840708188856, 283.0], "181" : [735.486222802577, 441.74840708188856, 283.0], "183" : [802.6346302285334, 443.2972647771918, 257.0], "185" : [917.0084922193995, 447.2016451372898, 365.0], "187" : [917.0084922193995, 447.2016451372898, 365.0], "189" : [1013.895277639595, 445.52480119019737, 254.0], "191" : [637.2124245520614, 482.31614377500773, 161.0], "193" : [637.2124245520614, 482.31614377500773, 161.0], "195" : [618.3801082582062, 471.6226504222345, 181.0], "197" : [618.3801082582062, 471.6226504222345, 181.0], "199" : [671.8862045200924, 471.1522163902077, 203.0], "201" : [848.9533605504624, 479.365968107508, 238.0], "203" : [1008.1965727404058, 481.95314107385235, 175.0], "205" : [995.358563191834, 478.5762441864007, 181.0], "207" : [1061.2729765202912, 481.65765594628544, 111.0], "209" : [1062.678692214141, 478.58524950550947, 61.0], "211" : [762.7575365463355, 509.0243179214894, 292.0], "213" : [837.683196113387, 509.78565668276667, 244.0], "215" : [919.1291484717265, 509.03643880918315, 247.0], "217" : [690.7494284007049, 566.2402310673109, 87.0], "219" : [658.0117379258809, 578.4333349814341, 213.0], "221" : [658.0117379258809, 578.4333349814341, 213.0], "223" : [756.5704437494385, 583.883747415144, 203.0], "225" : [809.3686037012172, 584.6343027272094, 172.0], "227" : [881.7765728230754, 586.0411457281806, 175.0], "229" : [951.4784291581343, 584.8676487109641, 204.0], "231" : [1034.7228404196255, 587.0870375161395, 162.0], "233" : [1034.7228404196255, 587.0870375161395, 162.0], "235" : [1084.3092524665453, 592.8154223481115, 227.0], "237" : [678.8384954422611, 612.8543957830302, 239.0], "239" : [810.065766928783, 612.186038747895, 222.0], "241" : [778.1563372385377, 610.1007042033273, 142.0], "243" : [965.96227948097, 608.3214918688603, 228.0], "245" : [1060.4191378827634, 608.7718574079656, 533.0], "247" : [626.1049887505833, 648.4417240324705, 441.0], "249" : [626.1049887505833, 648.4417240324705, 441.0], "251" : [688.3177652012295, 645.0460485304023, 152.0], "253" : [752.793192518816, 646.29106190381, 235.0], "255" : [752.793192518816, 646.29106190381, 235.0], "257" : [847.9209765208584, 640.1243917304355, 205.0], "259" : [912.7378986700195, 643.2350794945925, 248.0], "261" : [976.3907778933823, 643.8349488230994, 206.0], "263" : [1096.722582182888, 649.8604852458818, 124.0], "265" : [1097.7186900652282, 644.6511499000956, 305.0], "267" : [749.3899618829741, 689.4630513928614, 249.0], "269" : [861.6116153835893, 675.4383850947416, 198.0], "271" : [942.7918575445176, 687.1496134819511, 258.0], "273" : [942.7918575445176, 687.1496134819511, 258.0], "275" : [1013.6958687987124, 689.3425611726001, 242.0], "277" : [637.2135966036058, 760.5258775245098, 228.0], "279" : [637.2135966036058, 760.5258775245098, 228.0], "281" : [604.5813317280165, 757.5213343757392, 225.0], "283" : [604.5813317280165, 757.5213343757392, 225.0], "285" : [682.8756481989105, 754.3383439818348, 193.0], "287" : [682.8756481989105, 754.3383439818348, 193.0], "289" : [749.4693729540021, 751.5243728373789, 160.0],