{"1" : [980.1, 493.5, 21.350130957866917], "3" : [967.1, 550.0, 234.35013095786692], "5" : [963.8, 558.2, 28.350130957866917], "7" : [977.4, 483.2, 391.3501309578669], "9" : [977.7, 479.0, 18.350130957866917], "11" : [917.1, 508.0, 245.35013095786692], "13" : [915.1, 515.1, 21.350130957866917], "15" : [949.0, 576.4, 186.35013095786692], "17" : [955.7, 551.0, 193.35013095786692], "19" : [953.6, 554.6, 22.350130957866917], "21" : [869.4, 521.1, 333.3501309578669], "23" : [869.0, 518.6, 25.350130957866917], "25" : [784.1, 417.0, 531.3501309578669], "27" : [768.0, 419.6, 27.350130957866917], "29" : [883.9, 419.6, 163.35013095786692], "31" : [881.6, 418.8, 20.350130957866917], "33" : [959.4, 409.4, 483.3501309578669], "35" : [944.7, 409.6, 33.35013095786692], "37" : [1074.0, 389.8, 155.35013095786692], "39" : [1073.8, 388.6, 16.350130957866917], "41" : [1124.2, 390.8, 235.35013095786692], "43" : [1120.8, 389.8, 32.35013095786692], "45" : [946.9, 460.0, 356.3501309578669], "47" : [946.7, 458.5, 18.350130957866917], "49" : [925.0, 492.7, 248.35013095786692], "51" : [928.0, 489.4, 31.350130957866913]}