{"1" : [948.3, 554.6, 594.3501309578669], "3" : [939.4, 572.5, 56.35013095786692], "5" : [630.4, 543.0, 119.35013095786692], "7" : [628.3, 543.4, 28.350130957866917], "9" : [505.8, 549.7, 235.35013095786692], "11" : [507.3, 549.7, 33.35013095786692], "13" : [660.2, 546.6, 173.35013095786692], "15" : [666.4, 546.4, 57.35013095786692], "17" : [729.3, 630.7, 202.35013095786692], "19" : [735.0, 540.4, 35.35013095786692], "21" : [847.3, 538.6, 298.3501309578669], "23" : [848.5, 534.7, 25.350130957866917], "25" : [971.8, 526.6, 197.35013095786692], "27" : [969.2, 526.5, 20.350130957866917], "29" : [1043.7, 520.6, 204.35013095786692], "31" : [1042.2, 526.5, 226.35013095786692], "33" : [1176.9, 530.5, 30.350130957866917], "35" : [1177.5, 530.9, 22.350130957866917], "37" : [1174.6, 530.4, 105.35013095786692], "39" : [1178.9, 530.5, 26.350130957866917], "41" : [1310.8, 507.4, 241.35013095786692], "43" : [1304.2, 523.6, 172.35013095786692], "45" : [597.8, 646.9, 214.35013095786692], "47" : [599.7, 573.0, 24.350130957866917], "49" : [719.2, 562.8, 280.3501309578669], "51" : [716.9, 554.5, 21.350130957866917], "53" : [823.1, 546.1, 274.3501309578669], "55" : [830.8, 547.0, 33.35013095786692], "57" : [950.2, 551.8, 237.35013095786692], "59" : [949.5, 555.9, 20.350130957866917], "61" : [1051.6, 559.9, 238.35013095786692], "63" : [1058.4, 563.2, 44.35013095786692], "65" : [1178.6, 527.3, 196.35013095786692], "67" : [1178.9, 521.2, 28.350130957866917], "69" : [1284.1, 527.9, 52.35013095786692], "71" : [1293.5, 521.9, 11.350130957866917]}