{"1": [384.3637288895682, 382.93984055338234, 144.0], "2": [66.17056894465584, 382.3931169108653, 282.0], "3": [128.49706419159745, 383.4865641958994, 353.0], "4": [145.5, 385.0, 313.0], "5": [201.6, 385.0, 283.0], "6": [203.2, 385.0, 135.0], "7": [266.4, 385.0, 232.0], "8": [314.6, 385.0, 236.0], "9": [350.1, 385.0, 429.0], "10": [424.0, 385.0, 319.0], "11": [383.27028160453415, 381.29966962583126, 307.0], "12": [425.3, 385.0, 255.0], "13": [452.6, 385.0, 322.0], "14": [515.5774030936558, 385.12673512345043, 250.0], "15": [552.754610784814, 385.6734587659675, 488.0], "16": [606.7, 385.0, 190.0], "17": [663.6, 385.0, 318.0], "18": [675.9, 385.0, 240.0], "19": [579.9, 385.0, 250.0], "20": [554.394781712365, 385.6734587659675, 203.0], "21": [265.4, 385.0, 234.0], "22": [295.2477751592921, 382.3931169108653, 150.0], "23": [177.7, 385.0, 183.0], "24": [100.61415842322883, 381.84639326834827, 376.0], "25": [66.2, 385.0, 234.0], "26": [182.07598115826656, 381.29966962583126, 156.0], "27": [232.7, 385.0, 311.0], "28": [337.7, 385.0, 337.0], "29": [441.8, 385.0, 325.0], "30": [441.0, 385.0, 388.0], "31": [516.6708503786898, 385.12673512345043, 114.0], "32": [633.5, 385.0, 168.0], "33": [612.2, 385.0, 111.0]}