{"1": [35.6, 385.0, 154.0], "2": [68.5, 385.0, 119.0], "3": [147.0, 385.0, 269.0], "4": [254.5607540836851, 384.0568935428076, 223.0], "5": [284.2, 385.0, 147.0], "6": [377.53266856649327, 384.9956104472565, 234.0], "7": [520.6869964949531, 385.9343273517055, 239.0], "8": [492.99484781370995, 384.52625199503217, 187.0], "9": [495.81099852705677, 384.9956104472566, 335.0], "10": [571.8470677874191, 383.58753509058323, 571.0]}