{"1" : [491.6, 538.0, 18.971007359842737], "3" : [565.7, 543.6, 419.97100735984276], "5" : [562.9, 547.6, 14.971007359842737], "7" : [619.4, 542.3, 255.97100735984273], "9" : [624.2, 545.0, 12.971007359842737], "11" : [655.8, 539.9, 439.97100735984276], "13" : [657.4, 537.8, 13.971007359842737], "15" : [718.3, 540.9, 279.97100735984276], "17" : [725.9, 541.3, 14.971007359842737], "19" : [783.1, 536.2, 267.97100735984276], "21" : [785.7, 532.8, 20.971007359842737], "23" : [882.3, 535.9, 333.97100735984276], "25" : [891.6, 538.0, 6.971007359842736], "27" : [908.2, 534.8, 182.97100735984273], "29" : [905.2, 537.1, 13.971007359842737], "31" : [865.8, 534.8, 178.97100735984273], "33" : [865.7, 536.2, 27.971007359842737], "35" : [1006.5, 538.0, 792.9710073598427], "37" : [1016.9, 537.8, 20.971007359842737], "39" : [1114.5, 522.4, 411.97100735984276], "41" : [1119.9, 517.2, 17.971007359842737], "43" : [1186.4, 511.4, 384.97100735984276], "45" : [1186.5, 511.7, 18.971007359842737], "47" : [1260.7, 518.4, 434.97100735984276], "49" : [1261.8, 522.2, 11.971007359842737], "51" : [1294.7, 517.1, 121.97100735984273], "53" : [1293.6, 520.6, 13.971007359842737], "55" : [1339.9, 519.2, 369.97100735984276], "57" : [1341.1, 518.7, 25.971007359842737], "59" : [1448.1, 521.8, 1103.9710073598428], "61" : [1450.9, 529.3, 12.971007359842737], "63" : [1501.3, 526.7, 249.97100735984273], "65" : [1505.2, 529.4, 9.971007359842737], "67" : [1529.4, 532.6, 1352.9710073598428], "69" : [1544.0, 534.5, 16.971007359842737], "71" : [1595.4, 535.7, 462.97100735984276], "73" : [1588.6, 537.3, 16.971007359842737], "75" : [1532.1, 518.7, 176.97100735984273], "77" : [1530.3, 496.5, 20.971007359842737], "79" : [1450.8, 454.3, 784.9710073598427], "81" : [1438.1, 436.9, 9.971007359842737], "83" : [1421.4, 451.2, 960.9710073598427], "85" : [948.8, 545.5, 250.97100735984273], "87" : [951.5, 542.9, 27.971007359842737], "89" : [817.4, 534.2, 219.97100735984273], "91" : [816.3, 539.6, 22.971007359842737], "93" : [880.7, 538.0, 75.97100735984273], "95" : [876.2, 531.5, 56.97100735984274], "97" : [449.0, 529.9, 155.97100735984273], "99" : [447.7, 515.9, 22.971007359842737], "101" : [324.2, 501.2, 481.97100735984276], "103" : [311.3, 486.9, 6.971007359842736]}