{"1" : [1168.2, 508.8, 25.22277349484854], "3" : [1022.1, 519.0, 310.2227734948485], "5" : [1033.2, 513.1, 15.222773494848537], "7" : [1087.9, 517.8, 263.2227734948485], "9" : [1087.3, 517.4, 20.22277349484854], "11" : [987.0, 531.8, 165.22277349484852], "13" : [984.1, 533.8, 23.22277349484854], "15" : [868.0, 527.2, 168.22277349484852], "17" : [871.8, 531.2, 14.222773494848537], "19" : [909.6, 532.1, 200.22277349484852], "21" : [952.5, 553.3, 553.2227734948485], "23" : [947.9, 556.0, 28.22277349484854], "25" : [739.5, 547.7, 560.2227734948485], "27" : [715.9, 545.9, 23.22277349484854], "29" : [847.0, 538.1, 184.22277349484852], "31" : [848.7, 538.3, 22.22277349484854], "33" : [956.9, 526.7, 205.22277349484852], "35" : [962.2, 510.7, 164.22277349484852], "37" : [1055.6, 520.5, 213.22277349484852], "39" : [1053.7, 513.7, 18.22277349484854]}