{"1": [552.0, 481.0, 144.0], "2": [320.2, 481.0, 268.0], "3": [401.0, 481.0, 285.0], "4": [503.4, 481.0, 690.0], "5": [549.8, 481.0, 304.0], "6": [668.3, 481.0, 696.0], "7": [721.6, 481.0, 241.0], "8": [689.7, 481.0, 159.0], "9": [792.0, 481.0, 270.0], "10": [772.9, 481.0, 172.0], "11": [880.8560360763126, 481.7043413064804, 315.0], "12": [985.3, 481.0, 299.0], "13": [1095.7, 481.0, 167.0], "14": [1172.3, 481.0, 361.0], "15": [1130.2, 481.0, 155.0], "16": [1259.0, 481.0, 314.0], "17": [1362.2546808255156, 480.08890961269105, 340.0], "18": [1437.8, 481.0, 311.0], "19": [1508.6, 481.0, 192.0], "20": [1583.9, 481.0, 154.0], "21": [1668.9, 481.0, 167.0], "22": [1526.0, 481.0, 199.0], "23": [1656.3, 481.0, 709.0], "24": [1670.8021343392666, 483.3197730002696, 136.0], "25": [721.1, 566.0, 147.0], "26": [676.2, 566.0, 287.0], "27": [755.3, 566.0, 290.0], "28": [678.7, 566.0, 191.0], "29": [795.7, 566.0, 254.0], "30": [870.2, 566.0, 293.0], "31": [895.3, 566.0, 196.0], "32": [927.2, 566.0, 141.0], "33": [982.6282327850367, 568.937652771101, 249.0], "34": [1098.9, 566.0, 473.0], "35": [1217.6, 566.0, 494.0], "36": [1216.6, 566.0, 318.0], "37": [1275.5, 566.0, 127.0], "38": [915.3, 566.0, 194.0], "39": [822.9, 566.0, 212.0], "40": [418.8425716525809, 484.93520469405894, 209.0], "41": [310.6086481686997, 483.3197730002696, 378.0], "42": [612.6943749072935, 481.7043413064804, 137.0]}