{"1": [650.4, 504.0, 132.0], "2": [361.7, 504.0, 116.0], "3": [314.4271823159179, 502.01959270248767, 473.0], "4": [385.9, 504.0, 266.0], "5": [382.7, 504.0, 155.0], "6": [436.8, 504.0, 231.0], "7": [323.1, 504.0, 259.0], "8": [436.2, 504.0, 315.0], "9": [577.4, 504.0, 221.0], "10": [635.2, 504.0, 102.0], "11": [340.9, 504.0, 232.0], "12": [323.3, 504.0, 161.0], "13": [812.6928061720478, 504.18126569101753, 212.0], "14": [729.0, 504.0, 391.0], "15": [812.6928061720478, 503.10042919675254, 186.0], "16": [908.1, 504.0, 229.0], "17": [881.9, 504.0, 237.0], "18": [959.0, 504.0, 239.0], "19": [1068.2, 504.0, 259.0], "20": [1067.0, 504.0, 163.0], "21": [1116.9, 504.0, 203.0], "22": [1235.3, 504.0, 305.0], "23": [1297.0, 504.0, 200.0], "24": [1432.7, 504.0, 174.0], "25": [1537.8, 504.0, 435.0], "26": [1490.7, 504.0, 180.0], "27": [1560.3, 504.0, 129.0], "28": [845.4, 553.0, 231.0], "29": [907.6, 553.0, 214.0], "30": [969.6, 553.0, 223.0], "31": [1010.5, 553.0, 279.0], "32": [1048.6, 553.0, 259.0]}