{"1" : [942.9, 537.8, 50.03750462040892], "3" : [937.1, 534.5, 174.03750462040892], "5" : [950.3, 516.3, 322.0375046204089], "7" : [946.7, 535.3, 23.037504620408914], "9" : [806.4, 540.3, 269.0375046204089], "11" : [798.5, 549.5, 21.037504620408914], "13" : [897.0, 553.4, 200.03750462040892], "15" : [894.6, 555.8, 32.03750462040892], "17" : [1059.1, 563.9, 211.03750462040892], "19" : [1047.9, 558.5, 8.037504620408914], "21" : [1018.0, 563.4, 172.03750462040892], "23" : [1016.8, 566.7, 33.03750462040892], "25" : [797.0, 546.4, 313.0375046204089], "27" : [805.8, 548.3, 16.037504620408914], "29" : [871.2, 545.1, 248.03750462040892], "31" : [878.9, 549.7, 27.037504620408914], "33" : [1026.2, 548.3, 231.03750462040892], "35" : [1029.9, 549.0, 16.037504620408914], "37" : [1086.0, 548.1, 177.03750462040892], "39" : [1091.5, 547.1, 11.037504620408914], "41" : [1127.4, 541.1, 168.03750462040892], "43" : [1127.2, 541.6, 38.03750462040892], "45" : [804.7, 534.8, 246.03750462040892]}