{"1": [66.4, 385.0, 129.0], "2": [124.41848292995194, 384.86827319836254, 153.0], "3": [131.0, 385.0, 127.0], "4": [204.2, 385.0, 224.0], "5": [268.4, 385.0, 537.0], "6": [341.2, 385.0, 323.0], "7": [450.5, 385.0, 218.0], "8": [483.2, 385.0, 173.0], "9": [506.1, 385.0, 373.0], "10": [576.9, 385.0, 249.0], "11": [563.8, 385.0, 170.0], "12": [656.4, 385.0, 272.0], "13": [734.7, 385.0, 193.0], "14": [839.4, 385.0, 258.0], "15": [907.0, 385.0, 303.0], "16": [565.2, 385.0, 308.0], "17": [564.4, 385.0, 277.0], "18": [362.8, 385.0, 104.0], "19": [208.5, 385.0, 257.0], "20": [189.7, 385.0, 447.0], "21": [257.6, 385.0, 295.0], "22": [202.1, 385.0, 301.0], "23": [269.5, 385.0, 202.0], "24": [75.4097498598467, 384.04459701231065, 208.0]}