{"1": [78.2926165110293, 385.6919493844151, 203.0], "2": [127.71318767416064, 385.28011129138906, 189.0], "3": [177.13375883729196, 385.6919493844151, 167.0], "4": [253.1, 385.0, 207.0], "5": [339.1, 385.0, 235.0], "6": [443.9, 385.0, 289.0], "7": [492.1899000022543, 385.28011129138895, 311.0], "8": [434.3, 385.0, 240.0], "9": [546.5, 385.0, 258.0], "10": [533.2, 385.0, 287.0], "11": [567.5562710260297, 385.28011129138895, 252.0], "12": [641.3, 385.0, 217.0], "13": [708.5, 385.0, 197.0], "14": [760.9, 385.0, 267.0], "15": [864.6, 385.0, 275.0], "16": [912.6, 385.0, 449.0], "17": [707.5, 385.0, 272.0], "18": [656.9251372126921, 384.86827319836294, 856.0]}