{"1" : [1685.8, 537.1, 328.97100735984276], "3" : [492.3, 572.0, 362.97100735984276], "5" : [489.0, 578.0, 68.97100735984273], "7" : [958.2, 543.6, 645.9710073598427], "9" : [963.2, 539.6, 47.97100735984274], "11" : [527.9, 550.7, 123.97100735984273], "13" : [526.8, 551.3, 20.971007359842737], "15" : [439.8, 550.8, 249.97100735984273], "17" : [437.7, 552.2, 21.971007359842737], "19" : [558.2, 548.7, 214.97100735984273], "21" : [557.8, 548.6, 20.971007359842737], "23" : [665.7, 545.5, 248.97100735984273], "25" : [667.0, 539.9, 30.971007359842737], "27" : [732.3, 532.7, 215.97100735984273], "29" : [737.4, 542.7, 18.971007359842737], "31" : [801.4, 542.5, 280.97100735984276], "33" : [799.1, 543.2, 31.971007359842734], "35" : [972.1, 539.1, 343.97100735984276], "37" : [970.0, 536.0, 35.97100735984274], "39" : [1151.9, 529.2, 232.97100735984273], "41" : [1149.2, 531.5, 10.971007359842737], "43" : [1123.1, 530.0, 248.97100735984273], "45" : [1124.8, 528.2, 21.971007359842737], "47" : [1239.7, 530.6, 227.97100735984273], "49" : [1243.3, 530.9, 12.971007359842737], "51" : [1286.5, 533.3, 218.97100735984273], "53" : [1286.6, 536.9, 21.971007359842737], "55" : [1381.3, 537.3, 870.9710073598427], "57" : [1377.0, 543.8, 18.971007359842737], "59" : [1445.6, 546.5, 244.97100735984273], "61" : [1443.5, 530.6, 41.97100735984274], "63" : [1355.0, 603.6, 44.97100735984274], "65" : [1274.1, 571.6, 47.97100735984274], "67" : [945.9, 536.7, 203.97100735984273], "69" : [940.1, 535.6, 49.97100735984274], "71" : [554.6, 544.9, 217.97100735984273], "73" : [555.8, 548.0, 20.971007359842737], "75" : [446.0, 555.6, 239.97100735984273], "77" : [444.8, 556.7, 41.97100735984274], "79" : [681.1, 536.0, 197.97100735984273], "81" : [678.3, 540.7, 40.97100735984274]}