{"1" : [758.1, 553.2, 26.128087937511108], "3" : [937.5, 551.8, 236.1280879375111], "5" : [935.2, 554.9, 29.128087937511108], "7" : [1101.8, 549.4, 361.1280879375111], "9" : [955.3, 547.6, 566.128087937511], "11" : [954.9, 542.1, 19.128087937511108], "13" : [872.0, 540.9, 169.1280879375111], "15" : [870.4, 542.5, 15.128087937511108], "17" : [817.9, 545.5, 307.1280879375111], "19" : [818.9, 546.8, 35.12808793751111]}