{"1" : [1387.4, 517.0, 15.294122545214751], "3" : [1328.6, 518.3, 66.29412254521475], "5" : [968.1, 528.6, 562.2941225452148], "7" : [971.1, 525.6, 32.294122545214755], "9" : [780.2, 494.8, 117.29412254521475], "11" : [779.0, 494.7, 18.29412254521475], "13" : [737.1, 490.8, 322.29412254521475], "15" : [741.7, 490.0, 18.29412254521475], "17" : [807.3, 490.3, 521.2941225452148], "19" : [790.9, 491.4, 10.294122545214751], "21" : [768.3, 494.3, 222.29412254521475], "23" : [765.6, 497.3, 16.29412254521475], "25" : [727.5, 494.8, 230.29412254521475], "27" : [730.2, 495.5, 27.29412254521475], "29" : [943.6, 499.3, 522.2941225452148], "31" : [944.0, 505.5, 27.29412254521475]}