{"1" : [833.7, 527.7, 11.812449970694521], "3" : [868.2, 528.0, 351.8124499706945], "5" : [867.6, 523.1, 14.812449970694521], "7" : [828.4, 523.6, 275.8124499706945], "9" : [830.8, 525.3, 23.812449970694523], "11" : [1007.9, 527.0, 246.81244997069453], "13" : [1010.9, 526.9, 29.812449970694523], "15" : [1193.9, 514.8, 201.81244997069453], "17" : [1195.4, 516.0, 15.812449970694521], "19" : [1138.0, 515.3, 134.81244997069453], "21" : [965.3, 542.6, 495.8124499706945], "23" : [964.3, 549.3, 99.81244997069452], "25" : [736.3, 572.1, 58.81244997069452], "27" : [738.4, 520.9, 43.81244997069452], "29" : [551.5, 515.4, 226.81244997069453], "31" : [551.1, 519.2, 16.812449970694523], "33" : [602.6, 526.6, 156.81244997069453], "35" : [602.0, 526.6, 20.812449970694523], "37" : [717.7, 525.6, 225.81244997069453], "39" : [717.9, 522.3, 39.81244997069452], "41" : [871.8, 522.6, 225.81244997069453], "43" : [874.7, 523.3, 20.812449970694523], "45" : [976.3, 519.5, 184.81244997069453], "47" : [981.3, 521.5, 22.812449970694523], "49" : [1100.0, 520.2, 279.8124499706945], "51" : [1104.4, 520.6, 18.812449970694523], "53" : [1193.2, 519.9, 215.81244997069453], "55" : [1198.0, 519.6, 21.812449970694523], "57" : [1301.6, 514.2, 123.81244997069452], "59" : [1303.7, 511.9, 38.81244997069452], "61" : [982.5, 515.4, 228.81244997069453], "63" : [984.7, 515.5, 15.812449970694521], "65" : [1050.9, 522.6, 200.81244997069453], "67" : [1052.9, 526.3, 23.812449970694523]}