{"1" : [1029.8, 627.1, 197.22277349484852], "3" : [911.3, 702.6, 165.22277349484852], "5" : [908.5, 626.4, 10.222773494848537], "7" : [934.2, 615.2, 180.22277349484852], "9" : [933.5, 616.3, 20.22277349484854], "11" : [867.7, 559.9, 463.2227734948485], "13" : [870.4, 559.9, 136.22277349484852], "15" : [914.1, 593.3, 79.22277349484854], "17" : [955.1, 538.6, 540.2227734948485], "19" : [954.2, 531.6, 26.22277349484854], "21" : [893.4, 401.2, 196.22277349484852], "23" : [893.9, 402.1, 25.22277349484854], "25" : [1062.5, 395.6, 291.2227734948485], "27" : [1061.4, 402.0, 29.22277349484854], "29" : [830.7, 411.0, 245.22277349484852], "31" : [828.3, 409.7, 23.22277349484854], "33" : [954.6, 408.4, 159.22277349484852], "35" : [953.2, 412.2, 20.22277349484854], "37" : [958.7, 505.7, 171.22277349484852], "39" : [960.6, 502.8, 13.222773494848537], "41" : [954.4, 463.7, 160.22277349484852], "43" : [951.0, 462.4, 8.222773494848537], "45" : [928.6, 459.8, 201.22277349484852], "47" : [929.9, 454.4, 31.22277349484854], "49" : [996.6, 664.1, 194.22277349484852], "51" : [995.0, 666.0, 21.22277349484854]}