{"1": [795.8787879, 66.0, 132.0], "2": [802.0965714, 68.46171429, 140.0], "3": [834.225721000382, 65.34238124777175, 164.0], "4": [720.9127936819239, 65.34238124777175, 192.0], "5": [643.5480263, 70.05842105, 304.0], "6": [638.7727027000001, 62.75837838, 148.0], "7": [789.2912843051315, 63.38871008710862, 224.0], "8": [720.9142029, 106.54768119999999, 276.0], "9": [737.183, 147.8826667, 120.0], "10": [807.2861111000001, 150.0, 144.0], "11": [716.2843636, 155.6490909, 220.0], "12": [771.7638889, 152.10462959999998, 216.0], "13": [729.6846939, 144.4669388, 196.0], "14": [775.792093, 144.9327907, 172.0], "15": [946.3313462000001, 150.0, 208.0], "16": [869.6944828, 151.7782759, 116.0], "17": [730.1376087, 150.0, 184.0], "18": [809.5160465, 211.0206977, 172.0], "19": [719.1235065000001, 214.0, 308.0], "20": [837.7630435, 216.4827536, 276.0], "21": [750.4386139, 214.0, 404.0], "22": [818.386383, 213.4204255, 188.0], "23": [1149.099753, 214.0, 324.0], "24": [999.97, 214.0572727, 308.0], "25": [1003.219722, 221.2208333, 144.0], "26": [1117.491059, 213.3601176, 340.0], "27": [1147.445, 216.3041667, 144.0], "28": [770.6063333, 214.0, 240.0], "29": [802.1833929, 294.2051786, 224.0], "30": [890.0782142999999, 256.0, 112.0], "31": [827.9285714, 298.0, 224.0], "32": [1130.627143, 221.747619, 168.0], "33": [932.7747367999999, 383.0, 152.0], "34": [847.7026087000002, 488.0, 184.0], "35": [883.3944156, 488.0, 308.0], "36": [822.9725, 488.0, 112.0], "37": [816.7594737000001, 488.0, 456.0], "38": [694.2218667000001, 488.0, 300.0], "39": [991.1082692, 488.0, 208.0], "40": [990.9095652000001, 488.0, 184.0], "41": [993.996383, 488.0, 188.0], "42": [985.1047059, 488.0, 204.0], "43": [812.7353382330882, 485.3816807903323, 248.0], "44": [770.192973, 531.0, 148.0], "45": [949.1827273, 531.0, 220.0], "46": [878.1189999999999, 531.0, 120.0], "47": [812.3713888999999, 531.0, 144.0], "48": [816.8148936000001, 531.0, 188.0], "49": [908.4652251055788, 532.2697886462461, 176.0], "50": [1040.871944, 533.7202778, 144.0], "51": [1090.814815, 532.6844444, 216.0], "52": [1055.206296, 531.0, 108.0], "53": [1058.8979044766354, 530.3161174855829, 268.0], "54": [1204.447447, 531.0, 188.0], "55": [1149.878605, 531.0, 172.0], "56": [903.5766667000001, 573.0, 120.0], "57": [1105.3597300000001, 573.0, 148.0], "58": [945.1274194, 658.0, 248.0], "59": [811.7194118, 615.957451, 204.0], "60": [950.2875, 738.4570455, 176.0], "61": [827.2544642999999, 742.0, 224.0], "62": [823.1212902999999, 739.9412903, 124.0], "63": [926.2176667000001, 742.0, 120.0], "64": [820.9796774, 488.0, 124.0], "65": [890.33575, 488.91475, 160.0], "66": [838.8830588, 532.9122353, 340.0], "67": [874.3659091, 536.4747727, 176.0], "68": [1003.958302, 538.9945283, 212.0], "69": [1062.822927, 533.9641463, 164.0], "70": [1064.042958, 522.5785915, 284.0], "71": [923.0446875, 530.80875, 128.0], "72": [922.6258140000001, 524.572093, 172.0], "73": [1228.8672954543226, 532.2697886462461, 164.0], "74": [1205.1682050000002, 527.2661538, 156.0], "75": [870.0342308, 573.0, 104.0], "76": [1114.9165380000002, 531.0, 104.0], "77": [1117.454667, 531.0, 240.0], "78": [951.2576923, 531.0, 104.0], "79": [939.9423256000001, 531.0, 172.0], "80": [940.4787805, 531.0, 164.0], "81": [861.0621428999999, 573.0, 224.0], "82": [876.6711765000001, 573.0, 136.0], "83": [1117.599167, 531.0, 144.0], "84": [1035.4538505486785, 530.3161174855829, 216.0], "85": [1039.3611928700047, 528.3624463249199, 252.0], "86": [883.6980488, 573.0, 164.0], "87": [929.8682143, 573.0, 224.0], "88": [1178.976667, 531.0, 108.0], "89": [938.7136585000001, 658.0, 164.0], "90": [830.8606452, 583.3916128999999, 124.0], "91": [913.5239999999999, 490.25366669999994, 120.0], "92": [968.7263414999999, 658.0, 164.0], "93": [1111.225208, 658.0, 192.0], "94": [1111.246786, 658.0, 112.0], "95": [1158.357857, 658.0, 112.0], "96": [1132.5839999999998, 658.0, 160.0], "97": [1053.87525, 658.0, 160.0], "98": [1146.068519, 658.0, 108.0], "99": [1004.754915, 488.0, 236.0], "100": [1106.404516, 658.0, 372.0], "101": [1104.493875, 658.0, 320.0], "102": [1144.368667, 658.0, 120.0], "103": [848.9463793, 658.0, 232.0], "104": [1147.876667, 658.0, 108.0], "105": [1039.8804, 658.0, 200.0], "106": [1118.431042, 658.0, 192.0], "107": [951.9872917000001, 573.0, 192.0], "108": [957.64625, 573.0, 128.0], "109": [1114.83069, 573.0, 116.0], "110": [1047.0270269999999, 573.0, 148.0], "111": [1225.144595, 531.0, 148.0], "112": [1008.9557140000001, 531.0, 140.0], "113": [882.878, 531.0, 120.0], "114": [884.2719355, 531.0, 124.0], "115": [960.8726667000001, 531.0, 120.0], "116": [893.9491176000001, 531.0, 136.0], "117": [1185.167143, 531.0, 140.0], "118": [1188.920645, 531.0, 124.0], "119": [1197.123226, 531.0, 124.0], "120": [1213.54641, 531.0, 156.0], "121": [1215.105517, 531.0, 116.0], "122": [956.8276189999999, 531.0, 168.0], "123": [957.8508107999999, 488.0, 148.0], "124": [808.8216129, 488.0, 124.0], "125": [752.6692592999999, 484.4351852, 108.0], "126": [958.0193023, 742.0, 344.0], "127": [924.6642105000001, 658.0, 152.0], "128": [922.5764865, 743.8951351, 148.0], "129": [828.457541, 738.2440984, 244.0], "130": [1142.748485, 848.0, 132.0], "131": [1059.997027, 211.15351349999997, 148.0], "132": [849.8868889, 889.5, 180.0], "133": [892.2821875, 889.5, 128.0], "134": [970.0889655, 573.0, 116.0], "135": [703.7028125, 856.034375, 128.0], "136": [793.1986266264576, 932.7723765821759, 116.0]}