{"1": [697.4497778, 67.56777778, 180.0], "2": [687.482973, 108.0, 148.0], "3": [787.9021429, 69.34428571, 224.0], "4": [685.0589655, 68.42563218, 348.0], "5": [777.0776316, 70.48736842, 152.0], "6": [806.874324751099, 108.32314678235934, 248.0], "7": [890.8821846596111, 112.2304891036855, 244.0], "8": [914.326238587568, 108.32314678235934, 192.0], "9": [816.6426805544145, 106.36947562169621, 240.0], "10": [914.326238587568, 110.27681794302248, 128.0], "11": [914.326238587568, 112.2304891036855, 280.0], "12": [881.1138288562959, 106.36947562169621, 112.0], "13": [779.5229285018161, 108.32314678235934, 164.0], "14": [902.6042116235897, 149.3502411562838, 104.0], "15": [946.5769564999999, 216.5186957, 184.0], "16": [1076.0790769999999, 215.91153849999998, 260.0], "17": [1141.629636, 218.7772727, 220.0], "18": [1148.853333, 210.8702381, 168.0], "19": [1169.1875, 217.05833330000002, 240.0], "20": [814.6890093937513, 219.68240294015447, 112.0], "21": [738.5979070000001, 219.634186, 172.0], "22": [791.2449554657944, 295.8755782060142, 136.0], "23": [810.7816670724253, 299.78292052734037, 172.0], "24": [808.8279959117622, 336.9026725799388, 148.0], "25": [728.7274783245762, 481.47433846900617, 152.0], "26": [1008.1024542993955, 485.3816807903323, 396.0], "27": [1177.868852, 528.5436066000001, 244.0], "28": [1143.536667, 529.5505128000001, 156.0], "29": [1206.709744, 531.5515385, 156.0], "30": [1147.66825, 536.4730000000001, 160.0], "31": [844.6923729, 573.0, 236.0], "32": [896.8688571, 575.5745714, 140.0], "33": [1059.560202, 574.5487879, 396.0], "34": [776.3589188999999, 490.5170269999999, 148.0], "35": [800.6889286, 537.4303571, 112.0], "36": [801.7445946, 490.48459460000004, 148.0], "37": [784.7211111, 617.9203704, 108.0], "38": [864.8564706000001, 656.6182352999999, 136.0], "39": [952.01, 658.0, 108.0], "40": [1081.702174, 653.7063042999999, 184.0], "41": [1150.297073, 658.0, 164.0], "42": [1255.8724140000002, 658.0, 116.0], "43": [1259.2905, 658.0, 160.0], "44": [1244.667742, 658.0, 124.0], "45": [875.2528153743067, 573.2968830201705, 416.0], "46": [854.5251613, 570.2732258, 124.0], "47": [1074.52727376194, 567.4358695381814, 192.0], "48": [1029.5928370666893, 563.5285272168552, 184.0], "49": [837.8409524, 535.1328571, 252.0], "50": [904.5578827842526, 534.2234598069091, 208.0], "51": [1056.5721210000002, 535.8148485, 132.0], "52": [1208.781111, 533.3247475, 396.0], "53": [1137.03814, 527.5683721, 172.0], "54": [863.0447457999999, 570.5091525, 236.0], "55": [865.4685714, 576.9964286000001, 112.0], "56": [996.128125, 573.0, 128.0], "57": [1060.19175, 573.0, 160.0], "58": [902.5487952, 578.5860241, 332.0], "59": [963.1732353, 574.6502941000001, 136.0], "60": [1077.296979, 573.7944792000001, 384.0], "61": [1057.055429, 570.8828571, 140.0], "62": [1042.012143, 573.0, 112.0], "63": [1043.977692, 573.0, 104.0], "64": [1019.839167, 575.8563889, 144.0], "65": [865.2872973, 580.7643243, 148.0], "66": [1095.69375, 576.14375, 320.0], "67": [932.9435417000001, 538.0977082999999, 192.0], "68": [1075.258, 533.1878, 200.0], "69": [1194.116875, 525.5084375, 128.0], "70": [879.0961110999999, 573.0, 144.0], "71": [1054.854521, 576.8261643999999, 292.0], "72": [1077.878286, 532.3942857, 140.0], "73": [1185.143, 531.0, 160.0], "74": [1147.8344439999998, 531.0, 144.0], "75": [829.6397618999999, 536.3283333, 168.0], "76": [891.5364706, 539.6243137, 204.0], "77": [996.8185, 535.5595, 160.0], "78": [1056.362059, 531.0, 136.0], "79": [1169.981343, 534.7455223999999, 268.0], "80": [880.7211667000001, 570.8233333, 240.0], "81": [882.2289655, 566.4544827999999, 116.0], "82": [1054.9905621553091, 579.1578965021598, 108.0], "83": [1061.777931, 579.5282758999999, 116.0], "84": [839.43475, 658.1135, 160.0], "85": [785.4812195000001, 617.684878, 164.0], "86": [854.788125, 661.105, 192.0], "87": [936.9033332999999, 654.7605882, 204.0], "88": [1047.025167, 662.8973333, 240.0], "89": [1134.774474, 659.7838158, 304.0], "90": [1181.035926, 662.7174074, 108.0], "91": [801.0195238, 738.8288094999999, 168.0], "92": [879.3981428999999, 742.0, 280.0], "93": [795.6466197000001, 848.0, 284.0], "94": [886.3662712000001, 848.0, 236.0], "95": [860.3248214, 848.0, 224.0], "96": [1022.623125, 848.0, 256.0], "97": [1035.4538505486785, 846.8108455130007, 168.0], "98": [1117.196735, 848.0, 196.0], "99": [799.8462069, 889.5, 116.0], "100": [794.5558824, 889.5, 136.0], "101": [899.9886441, 889.5, 236.0], "102": [973.9378947, 889.5, 152.0], "103": [1063.43087, 889.5, 184.0], "104": [1161.033269, 889.5, 208.0], "105": [1231.751538, 889.5, 156.0], "106": [770.3867925, 932.5, 212.0], "107": [768.6568627, 926.3492157, 204.0], "108": [905.9157575999999, 932.5, 132.0], "109": [887.5075, 932.5, 144.0]}