{"1": [691.6376566083333, 15.037037759863997, 162.0], "2": [909.3978133541073, 21.21530165102514, 183.0], "3": [743.8000009324885, 59.05454302879769, 77.0], "4": [635.0414637830627, 68.36926858160841, 205.0], "5": [635.0414637830627, 68.36926858160841, 205.0], "6": [792.445770577808, 87.7054743025443, 201.0], "7": [941.3202574152474, 93.14510067448845, 153.0], "8": [941.3202574152474, 93.14510067448845, 153.0], "9": [1069.5043102025334, 97.74310707428539, 116.0], "10": [825.0106789271582, 146.47808938650616, 178.0], "11": [966.6304610176884, 144.94238140685638, 151.0], "12": [966.6304610176884, 144.94238140685638, 151.0], "13": [1072.9463422519152, 155.349999424823, 82.0], "14": [623.2822917703727, 196.21458701733758, 96.0], "15": [629.1963160598698, 194.80920593218954, 163.0], "16": [670.3589280775002, 240.60714046477378, 56.0], "17": [686.478184556342, 239.15212110425665, 165.0], "18": [909.0215786564976, 257.1978948334655, 190.0], "19": [909.0215786564976, 257.1978948334655, 190.0], "20": [1014.3387386608866, 254.21081061509264, 111.0], "21": [658.7438202936638, 279.0157305414373, 89.0], "22": [668.7539673482032, 279.3119034969477, 126.0], "23": [827.2425386956153, 289.13358009902277, 134.0], "24": [1003.0557024677047, 289.2610722758546, 149.0], "25": [742.2564995436275, 318.3034996020238, 200.0], "26": [742.2564995436275, 318.3034996020238, 200.0], "27": [894.6264169107523, 322.52515806157953, 159.0], "28": [894.6264169107523, 322.52515806157953, 159.0], "29": [894.6264169107523, 322.52515806157953, 159.0], "30": [1007.4250003287721, 326.4570021876379, 100.0], "31": [1007.4250003287721, 326.4570021876379, 100.0], "32": [642.5035380360249, 390.70884848902597, 113.0], "33": [779.2196960133189, 393.57070676921654, 198.0], "34": [926.2660817864556, 396.1017554494512, 171.0], "35": [926.2660817864556, 396.1017554494512, 171.0], "36": [1055.4977626147584, 391.1082065446586, 134.0], "37": [660.1285712672354, 423.6857157906964, 91.0], "38": [660.1285712672354, 423.6857157906964, 91.0], "39": [660.1285712672354, 423.6857157906964, 91.0], "40": [665.4224513316744, 422.155782334197, 147.0], "41": [665.4224513316744, 422.155782334197, 147.0], "42": [861.747264196401, 426.30647412254024, 201.0], "43": [861.747264196401, 426.30647412254024, 201.0], "44": [861.747264196401, 426.30647412254024, 201.0], "45": [1006.4296065762238, 425.39211111796504, 152.0], "46": [1006.4296065762238, 425.39211111796504, 152.0], "47": [630.4901102232872, 454.9648393078832, 91.0], "48": [630.4901102232872, 454.9648393078832, 91.0], "49": [630.4901102232872, 454.9648393078832, 91.0], "50": [639.450618529313, 452.07283931774896, 162.0], "51": [858.0934889886952, 458.87721042563874, 215.0], "52": [858.0934889886952, 458.87721042563874, 215.0], "53": [858.0934889886952, 458.87721042563874, 215.0], "54": [985.7748307243085, 455.99796147438576, 147.0], "55": [985.7748307243085, 455.99796147438576, 147.0], "56": [1068.21293834898, 453.7776488088095, 85.0], "57": [689.2890010051284, 481.9604980162251, 200.0], "58": [850.6571441090274, 470.95933972715653, 182.0], "59": [1020.5731229019805, 484.47874738509364, 160.0], "60": [956.6229519622754, 556.2516399076111, 122.0], "61": [1079.7521758523974, 555.4818860549177, 138.0], "62": [662.2137167264658, 586.7668173341616, 226.0], "63": [662.2137167264658, 586.7668173341616, 226.0], "64": [662.2137167264658, 586.7668173341616, 226.0], "65": [866.6038891517658, 580.2716661203897, 180.0], "66": [990.0402164774291, 595.2510899814832, 184.0], "67": [990.0402164774291, 595.2510899814832, 184.0], "68": [990.0402164774291, 595.2510899814832, 184.0], "69": [601.2376960114347, 639.1633507468409, 191.0], "70": [751.3050570291473, 620.5713477331257, 178.0], "71": [751.3050570291473, 620.5713477331257, 178.0], "72": [868.8751424291835, 618.3406825070549, 177.0], "73": [979.1239129629287, 628.0470999332299, 138.0], "74": [979.1239129629287, 628.0470999332299, 138.0], "75": [658.5064485870785, 656.6435456589336, 186.0], "76": [658.5064485870785, 656.6435456589336, 186.0], "77": [658.5064485870785, 656.6435456589336, 186.0], "78": [891.3787893218432, 645.9434317809089, 198.0], "79": [1036.77480114838, 654.8488216830712, 127.0], "80": [1036.77480114838, 654.8488216830712, 127.0], "81": [1036.77480114838, 654.8488216830712, 127.0], "82": [583.7229728882705, 725.428378578184, 148.0], "83": [681.9011244690772, 750.4016840485126, 178.0], "84": [883.0647426355132, 746.5865428379101, 156.0], "85": [998.1797884491581, 759.0925555062919, 94.0], "86": [998.1797884491581, 759.0925555062919, 94.0], "87": [562.3947364045993, 805.6280743023162, 57.0], "88": [573.23562724506, 805.7831264742395, 160.0], "89": [797.593367731064, 776.0520401841533, 196.0], "90": [984.678170167547, 790.9112666058171, 142.0], "91": [984.678170167547, 790.9112666058171, 142.0], "92": [1142.6416643684502, 795.1343756458263, 96.0], "93": [711.5833350164492, 814.1703692980124, 54.0], "94": [725.145651879658, 810.0833328190828, 138.0], "95": [725.145651879658, 810.0833328190828, 138.0], "96": [967.7177738597006, 808.8349974079297, 180.0], "97": [1088.2962544793484, 818.4174973971045, 80.0], "98": [527.8392156425874, 888.372548887966, 51.0], "99": [542.2167545526858, 888.4136112119412, 191.0], "100": [695.8317999364571, 902.3815911886724, 239.0], "101": [853.2581623043291, 900.9428560887126, 196.0], "102": [1022.4991472175531, 921.674360045322, 117.0], "103": [1022.4991472175531, 921.674360045322, 117.0], "104": [594.1743772367637, 952.0918761311556, 160.0], "105": [733.93600182841, 951.5491433933297, 175.0], "106": [733.93600182841, 951.5491433933297, 175.0], "107": [895.9915350343109, 941.8206380600267, 189.0], "108": [1052.718184199089, 956.3595969634564, 99.0], "109": [1052.718184199089, 956.3595969634564, 99.0], "110": [668.0954546496205, 982.5926133617326, 176.0], "111": [668.0954546496205, 982.5926133617326, 176.0], "112": [861.6983790380903, 956.1324318797521, 185.0], "113": [861.6983790380903, 956.1324318797521, 185.0], "114": [978.2060620639463, 972.3404060232898, 99.0], "115": [754.7870216067626, 76.79084183919434, 131.0], "116": [798.2295683505237, 61.40698825759718, 186.0], "117": [936.0098151541391, 60.53558099411877, 163.0], "118": [1057.4349659065683, 62.44825183358669, 143.0], "119": [748.2941935093872, 95.73226008446959, 155.0], "120": [748.2941935093872, 95.73226008446959, 155.0], "121": [756.7103108823928, 89.079382942474, 97.0], "122": [872.328975618265, 87.34375012422971, 176.0], "123": [872.328975618265, 87.34375012422971, 176.0], "124": [985.0891561915133, 85.59819609773085, 166.0], "125": [648.8168830620506, 101.23246660152955, 77.0], "126": [655.2430913442827, 98.72707200088364, 181.0], "127": [794.9647905046041, 119.38122073678834, 213.0], "128": [938.9487948632827, 125.12349840255533, 166.0], "129": [938.9487948632827, 125.12349840255533, 166.0], "130": [634.2017489024971, 133.15489363090438, 286.0], "131": [776.78693601091, 147.56801900874413, 222.0], "132": [929.6713567763204, 158.7683435372828, 199.0], "133": [929.6713567763204, 158.7683435372828, 199.0], "134": [1044.7628751162708, 157.17305420415818, 167.0], "135": [598.3333336805729, 196.5219424786642, 237.0], "136": [913.3375732779508, 224.1478763555726, 165.0], "137": [683.8373830497178, 239.3205606244211, 107.0], "138": [693.4221175920413, 237.28172996385473, 104.0], "139": [885.5974741228669, 246.72676774028992, 198.0], "140": [885.5974741228669, 246.72676774028992, 198.0], "141": [1010.2841176999231, 245.3305901006404, 170.0], "142": [629.5773314519846, 265.2600004261848, 75.0], "143": [629.5773314519846, 265.2600004261848, 75.0], "144": [640.4858706910393, 264.91847742879696, 184.0], "145": [640.4858706910393, 264.91847742879696, 184.0], "146": [810.2994944734243, 281.8222198648207, 198.0], "147": [994.9081379602069, 284.7569759715535, 172.0], "148": [720.9447374951197, 310.7447360048354, 114.0], "149": [726.3058323809173, 307.4049988526305, 120.0], "150": [852.981875654497, 304.6118768158082, 160.0],