{"1": [673.9009993898504, 17.47163423031901, 162.0], "2": [909.3978133541073, 21.0, 183.0], "3": [635.0414637830627, 87.0, 205.0], "4": [635.0414637830627, 87.0, 205.0], "5": [792.445770577808, 87.0, 201.0], "6": [941.3202574152474, 87.0, 153.0], "7": [941.3202574152474, 87.0, 153.0], "8": [1069.5043102025334, 87.0, 116.0], "9": [835.1983593160517, 116.60230335163021, 178.0], "10": [957.2914998157457, 153.56628166805135, 151.0], "11": [960.0918012033533, 150.76598028044367, 151.0], "12": [629.1963160598698, 186.0, 163.0], "13": [686.478184556342, 186.0, 165.0], "14": [909.0215786564976, 186.0, 190.0], "15": [909.0215786564976, 186.0, 190.0], "16": [1014.3387386608866, 186.0, 111.0], "17": [668.7539673482032, 252.0, 126.0], "18": [827.2425386956153, 252.0, 134.0], "19": [1003.0557024677047, 252.0, 149.0], "20": [742.2564995436275, 285.0, 200.0], "21": [742.2564995436275, 285.0, 200.0], "22": [894.6264169107523, 285.0, 159.0], "23": [894.6264169107523, 285.0, 159.0], "24": [894.6264169107523, 285.0, 159.0], "25": [642.5035380360249, 318.0, 113.0], "26": [779.2196960133189, 318.0, 198.0], "27": [915.2869790016307, 318.2240032593818, 171.0], "28": [915.2869790016307, 317.10388270433873, 171.0], "29": [1055.4977626147584, 318.0, 134.0], "30": [665.4224513316744, 351.0, 147.0], "31": [665.4224513316744, 351.0, 147.0], "32": [861.747264196401, 351.0, 201.0], "33": [861.747264196401, 351.0, 201.0], "34": [861.747264196401, 351.0, 201.0], "35": [1006.4296065762238, 351.0, 152.0], "36": [1006.4296065762238, 351.0, 152.0], "37": [639.450618529313, 417.0, 162.0], "38": [858.0934889886952, 417.0, 215.0], "39": [858.0934889886952, 417.0, 215.0], "40": [858.0934889886952, 417.0, 215.0], "41": [985.7748307243085, 417.0, 147.0], "42": [985.7748307243085, 417.0, 147.0], "43": [689.2890010051284, 417.0, 200.0], "44": [850.6571441090274, 417.0, 182.0], "45": [1020.5731229019805, 417.0, 160.0], "46": [956.6229519622754, 417.0, 122.0], "47": [1079.7521758523974, 417.0, 138.0], "48": [651.4985882889891, 449.8381684769417, 226.0], "49": [646.4580457912953, 448.1579876443771, 226.0], "50": [653.7388293990753, 447.03786708933404, 226.0], "51": [890.0842665131618, 448.71804792189863, 180.0], "52": [990.0402164774291, 450.0, 184.0], "53": [990.0402164774291, 450.0, 184.0], "54": [990.0402164774291, 450.0, 184.0], "55": [623.4955744129124, 448.1579876443771, 191.0], "56": [751.3050570291473, 450.0, 178.0], "57": [751.3050570291473, 450.0, 178.0], "58": [874.402578742559, 448.71804792189863, 177.0], "59": [979.1239129629287, 450.0, 138.0], "60": [979.1239129629287, 450.0, 138.0], "61": [646.4580457912953, 446.4778068118125, 186.0], "62": [647.5781663463384, 448.71804792189863, 186.0], "63": [642.5376238486447, 449.27810819942016, 186.0], "64": [891.3787893218432, 450.0, 198.0], "65": [1036.77480114838, 450.0, 127.0], "66": [1036.77480114838, 450.0, 127.0], "67": [1036.77480114838, 450.0, 127.0], "68": [634.1367196858216, 449.27810819942016, 148.0], "69": [681.9011244690772, 450.0, 178.0], "70": [883.0647426355132, 450.0, 156.0], "71": [632.456538853257, 448.1579876443771, 160.0], "72": [793.7538987794583, 449.8381684769417, 196.0], "73": [984.678170167547, 450.0, 142.0], "74": [984.678170167547, 450.0, 142.0], "75": [725.145651879658, 450.0, 138.0], "76": [725.145651879658, 450.0, 138.0], "77": [967.7177738597006, 450.0, 180.0], "78": [625.7358155229987, 452.07840958702786, 191.0], "79": [695.8317999364571, 450.0, 239.0], "80": [853.2581623043291, 450.0, 196.0], "81": [1022.4991472175531, 450.0, 117.0], "82": [1022.4991472175531, 450.0, 117.0], "83": [621.2553333028263, 449.27810819942016, 160.0], "84": [733.93600182841, 450.0, 175.0], "85": [733.93600182841, 450.0, 175.0], "86": [895.9915350343109, 450.0, 189.0], "87": [678.9415418875442, 447.03786708933404, 176.0], "88": [683.982084385238, 452.07840958702786, 176.0], "89": [846.9596251440039, 448.1579876443771, 185.0], "90": [843.0392032013531, 450.9582890319848, 185.0], "91": [754.7870216067626, 450.0, 131.0], "92": [794.8740193345013, 449.27810819942016, 186.0], "93": [936.0098151541391, 450.0, 163.0], "94": [1057.4349659065683, 450.0, 143.0], "95": [748.2941935093872, 450.0, 155.0], "96": [748.2941935093872, 450.0, 155.0], "97": [880.0031815177742, 448.1579876443771, 176.0], "98": [872.328975618265, 450.0, 176.0], "99": [985.0891561915133, 450.0, 166.0], "100": [655.2430913442827, 450.0, 181.0], "101": [794.9647905046041, 450.0, 213.0], "102": [938.9487948632827, 450.0, 166.0], "103": [938.9487948632827, 450.0, 166.0], "104": [634.2017489024971, 450.0, 286.0], "105": [765.1908246258602, 446.4778068118125, 222.0], "106": [929.6713567763204, 450.0, 199.0], "107": [929.6713567763204, 450.0, 199.0], "108": [1044.7628751162708, 450.0, 167.0], "109": [623.4955744129124, 448.71804792189863, 237.0], "110": [913.3375732779508, 450.0, 165.0], "111": [683.8373830497178, 450.0, 107.0], "112": [693.4221175920413, 450.0, 104.0], "113": [885.5974741228669, 450.0, 198.0], "114": [885.5974741228669, 450.0, 198.0], "115": [1014.417648122942, 449.27810819942016, 170.0], "116": [640.4858706910393, 450.0, 184.0], "117": [640.4858706910393, 450.0, 184.0], "118": [822.3169729330564, 448.71804792189863, 198.0], "119": [994.9081379602069, 450.0, 172.0], "120": [720.9447374951197, 450.0, 114.0], "121": [726.3058323809173, 450.0, 120.0], "122": [852.981875654497, 450.0, 160.0], "123": [1014.1928592306068, 450.0, 168.0], "124": [1014.1928592306068, 450.0, 168.0], "125": [765.9255513284272, 450.0, 227.0], "126": [997.4530475271813, 450.0, 164.0], "127": [800.5799974961013, 450.0, 215.0], "128": [1062.1023535682632, 450.0, 170.0], "129": [638.8333345074977, 450.0, 282.0], "130": [822.3169729330564, 449.27810819942016, 192.0], "131": [820.6367921004919, 449.27810819942016, 192.0], "132": [981.1296046057299, 450.0, 152.0], "133": [981.1296046057299, 450.0, 152.0], "134": [710.0571443266091, 483.0, 105.0], "135": [710.0571443266091, 483.0, 105.0], "136": [717.7477424195292, 483.0, 155.0], "137": [717.7477424195292, 483.0, 155.0], "138": [877.4476439120577, 483.0, 191.0], "139": [1034.550359656222, 483.0, 139.0], "140": [639.1772621835154, 515.365220946961, 164.0], "141": [652.4615850593727, 516.0, 164.0], "142": [758.8964103539728, 516.0, 167.0], "143": [758.8964103539728, 516.0, 167.0], "144": [928.9105278659794, 516.0, 190.0], "145": [1021.1383714532004, 515.365220946961, 124.0], "146": [1022.818552285765, 515.9252812244825, 124.0], "147": [644.7778649587308, 514.8051606694395, 200.0], "148": [747.3654448908409, 516.0, 191.0], "149": [747.3654448908409, 516.0, 191.0], "150": [852.111041645057, 516.0, 163.0], "151": [852.111041645057, 516.0, 163.0], "152": [1011.6965300516877, 516.0, 144.0], "153": [1011.6965300516877, 516.0, 144.0], "154": [687.0914665815015, 516.0, 164.0], "155": [905.9339166409461, 516.0, 171.0], "156": [643.0976841261661, 513.1249798368749, 134.0], "157": [749.0255312972369, 516.0, 188.0], "158": [974.0933081413916, 512.5649195593533, 148.0], "159": [644.2178046812091, 512.5649195593533, 197.0], "160": [784.7929343391138, 512.0048592818318, 220.0], "161": [780.7363642347474, 516.0, 220.0], "162": [1021.7101947251809, 516.0, 157.0], "163": [1021.7101947251809, 516.0, 157.0], "164": [678.9248049142387, 516.0, 129.0], "165": [815.6885715137113, 516.0, 175.0], "166": [948.0662224312082, 516.0, 151.0], "167": [639.1772621835154, 512.5649195593533, 156.0], "168": [636.9370210734293, 512.0048592818318, 156.0], "169": [714.4798096101835, 516.0, 208.0], "170": [1019.4581906206358, 519.8457031671333, 142.0], "171": [687.4788185796309, 516.0, 203.0], "172": [687.4788185796309, 516.0, 203.0], "173": [915.3288203711911, 516.0, 170.0], "174": [1014.9777084004635, 514.245100391918, 113.0], "175": [1019.4581906206358, 517.6054620570471, 113.0], "176": [644.7778649587308, 515.365220946961, 255.0], "177": [650.1447039026206, 516.0, 255.0], "178": [791.1916663229374, 516.0, 192.0], "179": [791.1916663229374, 516.0, 192.0],