{"1" : [534.2, 868.6, 44.509309144541824], "3" : [842.6, 881.6, 161.50930914454182], "5" : [843.0, 882.3, 26.50930914454182], "7" : [1058.8, 887.8, 203.50930914454182], "9" : [1060.6, 893.4, 25.50930914454182], "11" : [1226.1, 875.3, 244.50930914454182], "13" : [1223.9, 872.3, 26.50930914454182], "15" : [1401.4, 864.6, 215.50930914454182], "17" : [1398.2, 869.1, 21.50930914454182], "19" : [1506.5, 855.0, 292.5093091445418], "21" : [962.0, 538.2, 589.5093091445418], "23" : [955.3, 539.0, 24.50930914454182], "25" : [881.8, 453.6, 127.50930914454182], "27" : [878.7, 455.4, 26.50930914454182], "29" : [715.3, 443.9, 268.5093091445418], "31" : [715.1, 441.6, 22.50930914454182], "33" : [831.7, 437.7, 108.50930914454182], "35" : [830.2, 437.2, 28.50930914454182], "37" : [1032.5, 447.7, 165.50930914454182], "39" : [1030.1, 450.3, 24.50930914454182]}