{"1" : [1051.5, 632.5, 15.638914200371191], "3" : [1103.6, 628.7, 249.6389142003712], "5" : [1108.4, 625.8, 39.6389142003712], "7" : [777.6, 566.4, 247.6389142003712], "9" : [776.9, 566.2, 136.6389142003712], "11" : [392.9, 1829.4, 352.6389142003712], "13" : [1282.9, 633.2, 201.6389142003712], "15" : [1066.1, 426.6, 120.63891420037119], "17" : [1063.3, 431.5, 19.638914200371193], "19" : [1093.9, 372.5, 230.6389142003712], "21" : [1094.4, 371.3, 25.638914200371193], "23" : [943.2, 367.1, 208.6389142003712], "25" : [962.5, 552.2, 649.6389142003712], "27" : [965.9, 560.4, 22.638914200371193], "29" : [938.8, 471.0, 149.6389142003712], "31" : [941.8, 470.1, 33.6389142003712], "33" : [774.6, 383.8, 160.6389142003712], "35" : [775.2, 381.2, 21.638914200371193], "37" : [869.5, 388.2, 126.63891420037119], "39" : [867.4, 392.0, 159.6389142003712], "41" : [953.1, 371.9, 282.6389142003712], "43" : [957.3, 377.8, 22.638914200371193], "45" : [1066.0, 372.6, 372.6389142003712], "47" : [1062.6, 362.8, 32.6389142003712], "49" : [1229.0, 350.4, 106.63891420037119], "51" : [1226.8, 346.5, 18.638914200371193], "53" : [1168.0, 350.7, 171.6389142003712], "55" : [1171.5, 351.1, 18.638914200371193], "57" : [1119.2, 356.3, 210.6389142003712], "59" : [1121.3, 359.0, 25.638914200371193], "61" : [989.4, 462.0, 428.6389142003712], "63" : [983.1, 470.3, 10.638914200371193], "65" : [985.7, 503.7, 179.6389142003712], "67" : [990.2, 502.9, 20.638914200371193], "69" : [990.2, 577.3, 561.6389142003712], "71" : [988.8, 581.0, 181.6389142003712], "73" : [1014.0, 468.1, 187.6389142003712], "75" : [1020.7, 474.6, 29.638914200371193], "77" : [997.9, 630.9, 976.6389142003712], "79" : [1003.6, 639.6, 17.638914200371193], "81" : [941.0, 652.1, 162.6389142003712], "83" : [936.6, 650.1, 749.6389142003712], "85" : [904.1, 538.0, 222.6389142003712], "87" : [896.5, 539.7, 22.638914200371193], "89" : [974.7, 499.6, 509.63891420037123], "91" : [981.5, 508.4, 16.638914200371193]}