{"1" : [823.8, 518.6, 45.12890406279675], "3" : [1113.8, 528.1, 180.12890406279675], "5" : [1114.0, 534.2, 21.12890406279675], "7" : [1072.1, 540.6, 284.1289040627968], "9" : [1069.4, 538.7, 24.12890406279675], "11" : [1160.7, 541.1, 385.1289040627968], "13" : [1161.9, 541.5, 51.12890406279675], "15" : [813.1, 539.4, 371.1289040627968], "17" : [950.7, 547.5, 539.1289040627968], "19" : [943.9, 550.3, 35.12890406279675], "21" : [666.2, 514.6, 137.12890406279675], "23" : [664.6, 513.5, 20.12890406279675], "25" : [605.1, 516.1, 176.12890406279675], "27" : [606.9, 517.8, 38.12890406279675], "29" : [774.9, 524.4, 154.12890406279675], "31" : [778.1, 523.6, 24.12890406279675], "33" : [714.4, 517.0, 62.12890406279675], "35" : [715.5, 512.8, 249.12890406279675], "37" : [874.6, 518.8, 184.12890406279675], "39" : [871.8, 491.1, 12.12890406279675], "41" : [840.5, 500.8, 192.12890406279675], "43" : [833.5, 516.8, 10.12890406279675], "45" : [811.1, 528.5, 260.1289040627968], "47" : [812.7, 536.5, 23.12890406279675], "49" : [706.5, 530.5, 194.12890406279675], "51" : [705.5, 530.9, 26.12890406279675], "53" : [843.4, 534.2, 261.1289040627968], "55" : [842.0, 530.1, 41.12890406279675], "57" : [1021.8, 530.1, 191.12890406279675], "59" : [1021.8, 530.7, 14.12890406279675], "61" : [989.5, 526.4, 80.12890406279675], "63" : [989.6, 526.5, 29.12890406279675], "65" : [1159.9, 524.8, 180.12890406279675], "67" : [1158.2, 522.9, 41.12890406279675]}