{"1" : [1061.7, 515.0, 195.03750462040892], "3" : [1059.4, 523.1, 18.037504620408914], "5" : [1003.3, 518.1, 124.03750462040891], "7" : [1000.7, 511.5, 238.03750462040892], "9" : [1090.9, 494.8, 109.03750462040891], "11" : [1103.6, 508.3, 18.037504620408914], "13" : [1178.1, 516.7, 193.03750462040892], "15" : [1176.6, 521.1, 16.037504620408914], "17" : [1227.1, 516.2, 195.03750462040892], "19" : [1225.6, 515.1, 28.037504620408914], "21" : [1011.4, 506.6, 191.03750462040892], "23" : [1007.2, 506.1, 21.037504620408914], "25" : [915.5, 501.1, 209.03750462040892], "27" : [906.2, 488.3, 27.037504620408914], "29" : [1055.0, 469.1, 306.0375046204089], "31" : [1055.0, 490.2, 24.037504620408914], "33" : [915.1, 486.5, 194.03750462040892], "35" : [911.0, 479.2, 52.03750462040892], "37" : [952.7, 556.0, 285.0375046204089], "39" : [949.0, 550.1, 15.037504620408914], "41" : [913.3, 537.0, 186.03750462040892], "43" : [924.2, 535.1, 10.037504620408914], "45" : [949.3, 544.7, 57.03750462040892], "47" : [949.1, 543.0, 26.037504620408914]}