{"1" : [957.9, 537.3, 34.12890406279675], "3" : [790.0, 442.7, 130.12890406279675], "5" : [790.1, 443.3, 35.12890406279675], "7" : [676.5, 432.9, 208.12890406279675], "9" : [673.2, 431.2, 26.12890406279675], "11" : [824.2, 429.5, 339.1289040627968], "13" : [820.1, 406.7, 134.12890406279675], "15" : [1053.1, 515.7, 105.12890406279675], "17" : [1050.8, 445.7, 15.12890406279675], "19" : [988.3, 432.4, 196.12890406279675], "21" : [982.7, 437.7, 253.12890406279675], "23" : [1119.7, 463.8, 152.12890406279675], "25" : [1123.6, 407.7, 36.12890406279675], "27" : [1229.2, 428.2, 135.12890406279675], "29" : [1226.0, 437.2, 22.12890406279675], "31" : [1182.9, 440.5, 138.12890406279675], "33" : [1180.1, 442.6, 41.12890406279675], "35" : [957.3, 535.5, 145.12890406279675], "37" : [954.5, 523.9, 732.1289040627968], "39" : [959.6, 544.8, 565.1289040627968], "41" : [959.3, 544.1, 33.12890406279675], "43" : [717.3, 435.9, 135.12890406279675], "45" : [715.3, 433.8, 20.12890406279675], "47" : [604.4, 439.7, 171.12890406279675], "49" : [603.4, 436.9, 18.12890406279675], "51" : [556.7, 437.0, 74.12890406279675], "53" : [554.6, 434.9, 41.12890406279675], "55" : [755.6, 432.5, 157.12890406279675], "57" : [757.1, 434.5, 36.12890406279675], "59" : [907.1, 436.1, 203.12890406279675], "61" : [906.1, 436.6, 28.12890406279675], "63" : [1063.9, 435.0, 140.12890406279675], "65" : [1063.0, 436.5, 23.12890406279675], "67" : [967.9, 437.3, 174.12890406279675], "69" : [965.0, 436.9, 58.12890406279675], "71" : [1218.0, 442.4, 176.12890406279675], "73" : [1213.3, 446.5, 23.12890406279675], "75" : [1160.0, 437.8, 129.12890406279675], "77" : [1161.4, 430.6, 222.12890406279675], "79" : [1375.0, 436.9, 174.12890406279675], "81" : [1368.8, 419.2, 64.12890406279675], "83" : [926.6, 506.7, 179.12890406279675], "85" : [922.3, 509.3, 22.12890406279675]}