{"1" : [706.8, 461.2, 124.35013095786692], "3" : [700.7, 466.9, 41.35013095786692], "5" : [906.4, 448.0, 211.35013095786692], "7" : [902.3, 459.3, 24.350130957866917], "9" : [1015.7, 455.9, 456.3501309578669], "11" : [1007.0, 460.3, 23.350130957866917], "13" : [1107.0, 451.8, 36.35013095786692], "15" : [950.6, 536.6, 448.3501309578669], "17" : [943.5, 535.0, 27.350130957866917], "19" : [809.9, 484.2, 153.35013095786692], "21" : [806.5, 483.0, 32.35013095786692], "23" : [639.7, 456.7, 290.3501309578669], "25" : [638.6, 455.4, 19.350130957866917], "27" : [560.9, 449.7, 280.3501309578669], "29" : [560.5, 447.2, 41.35013095786692], "31" : [841.4, 424.9, 183.35013095786692], "33" : [843.7, 426.9, 23.350130957866917], "35" : [970.4, 418.2, 217.35013095786692], "37" : [973.9, 416.7, 21.350130957866917], "39" : [1069.9, 411.7, 210.35013095786692], "41" : [1068.2, 413.4, 31.350130957866913], "43" : [1194.1, 412.1, 312.3501309578669], "45" : [1194.5, 417.3, 35.35013095786692], "47" : [975.5, 527.1, 238.35013095786692], "49" : [972.8, 533.5, 18.350130957866917], "51" : [925.9, 527.8, 156.35013095786692], "53" : [934.4, 491.4, 683.3501309578669]}