{"1" : [740.8753558017713, 17.991002134725587, 211.0], "3" : [847.0336811381162, 18.564645897995522, 478.0], "5" : [876.7903814202804, 8.61991087219394, 447.0], "7" : [818.9317088143471, 12.255692486733977, 246.0], "9" : [961.539999823166, 2.161424614855842, 70.0], "11" : [622.6525550692645, 72.16604730532917, 215.0], "13" : [681.5534394806878, 73.85449970479459, 189.0], "15" : [681.5534394806878, 73.85449970479459, 189.0], "17" : [622.7068527398753, 74.3419396809656, 248.0], "19" : [605.0052591710033, 73.42851269935201, 228.0], "21" : [730.9524204047974, 72.40371980763487, 269.0], "23" : [703.551585757642, 73.17886115642186, 473.0], "25" : [703.551585757642, 73.17886115642186, 473.0], "27" : [793.3481934387171, 70.7833734097691, 415.0], "29" : [793.3481934387171, 70.7833734097691, 415.0], "31" : [762.2737356843319, 70.90000331611148, 217.0], "33" : [866.2468902858323, 71.39043202227789, 209.0], "35" : [933.1811234732561, 65.37194206621277, 196.0], "37" : [933.1811234732561, 65.37194206621277, 196.0], "39" : [1019.0573931852759, 59.74235491649336, 399.0], "41" : [687.3797559882037, 87.67239418974023, 163.0], "43" : [687.3797559882037, 87.67239418974023, 163.0], "45" : [665.0666700066428, 105.87026968790343, 111.0], "47" : [665.0666700066428, 105.87026968790343, 111.0], "49" : [710.2076931772617, 113.08022076567737, 91.0], "51" : [767.0818175611594, 117.43999852919123, 110.0], "53" : [837.4067550352842, 118.99054179588217, 74.0], "55" : [844.7176459460868, 116.79705964021518, 68.0], "57" : [904.9859371485059, 106.30937407595201, 64.0], "59" : [909.1486014013203, 110.42990425612659, 107.0], "61" : [964.9872721927612, 135.48363626930262, 55.0], "63" : [964.9872721927612, 135.48363626930262, 55.0], "65" : [965.6323928485597, 364.0999983517358, 71.0], "67" : [1055.4397030948141, 160.47793961415945, 68.0], "69" : [1079.9825575981024, 93.68168821141012, 344.0], "71" : [1079.9825575981024, 93.68168821141012, 344.0], "73" : [697.4505271005404, 123.12211151510769, 95.0], "75" : [710.2390810853914, 124.57011517363327, 87.0], "77" : [710.2390810853914, 124.57011517363327, 87.0], "79" : [623.304195422564, 128.980417114158, 143.0], "81" : [623.304195422564, 128.980417114158, 143.0], "83" : [556.8235649190771, 126.7859906894565, 157.0], "85" : [558.8151554183816, 125.04848752423149, 66.0], "87" : [636.227324891503, 122.17732704469115, 172.0], "89" : [734.4169586015136, 124.62514857271243, 171.0], "91" : [734.4169586015136, 124.62514857271243, 171.0], "93" : [734.4169586015136, 124.62514857271243, 171.0], "95" : [740.4054944832905, 123.02143010974712, 182.0], "97" : [740.4054944832905, 123.02143010974712, 182.0], "99" : [814.6449204766069, 117.36577897757475, 187.0], "101" : [738.7859736439678, 158.18778238030353, 221.0], "103" : [738.7859736439678, 158.18778238030353, 221.0], "105" : [738.7859736439678, 158.18778238030353, 221.0], "107" : [920.9395058828893, 112.77623669346316, 324.0], "109" : [1019.5253582246382, 119.9589269764792, 280.0], "111" : [763.9289471726837, 149.81157993104307, 190.0], "113" : [803.7546396509489, 153.83402067251004, 194.0], "115" : [773.0711541228673, 154.9743586642565, 156.0], "117" : [749.5689998655411, 160.96799876086845, 100.0], "119" : [749.5689998655411, 160.96799876086845, 100.0], "121" : [839.7000013694662, 179.76901504167196, 71.0], "123" : [840.6802464258811, 188.68642018938098, 81.0], "125" : [816.7033896345423, 182.67796692510882, 59.0], "127" : [811.559054787287, 160.39685128798908, 127.0], "129" : [811.559054787287, 160.39685128798908, 127.0], "131" : [809.695271693267, 148.66968702129782, 254.0], "133" : [851.5221671976104, 157.53842509551797, 203.0], "135" : [851.5221671976104, 157.53842509551797, 203.0], "137" : [901.853260830741, 160.20869658815374, 184.0], "139" : [901.853260830741, 160.20869658815374, 184.0], "141" : [958.1197981775878, 153.9776631809336, 197.0], "143" : [965.2780408858436, 150.24735708228536, 378.0], "145" : [941.2858790936037, 154.37352954232406, 170.0], "147" : [941.2858790936037, 154.37352954232406, 170.0], "149" : [937.8826102539851, 337.9623147567045, 69.0], "151" : [937.8826102539851, 337.9623147567045, 69.0], "153" : [871.1500013442447, 192.98205566268857, 78.0], "155" : [827.6690496640714, 304.2726184255085, 84.0], "157" : [673.0242421987657, 288.60605800288164, 66.0], "159" : [657.1661522119674, 414.5076935224588, 65.0], "161" : [656.7602718131783, 401.5191800197576, 73.0], "163" : [636.3807158271436, 398.4645745949264, 223.0], "165" : [755.7700485580726, 398.63526552370377, 207.0], "167" : [724.2393739791809, 407.0418739423364, 160.0], "169" : [724.2393739791809, 407.0418739423364, 160.0], "171" : [851.0802895815938, 399.56971437044945, 208.0], "173" : [931.7528304432774, 398.3353770528543, 212.0], "175" : [938.7710953019827, 396.22265596725475, 128.0], "177" : [990.5090425741479, 390.6675519589999, 188.0], "179" : [956.5739513484926, 402.09663823575664, 119.0], "181" : [954.9299989213271, 402.9089487145651, 190.0], "183" : [1092.6941842265098, 408.2337214811046, 258.0], "185" : [1060.1492186292455, 408.46175476274834, 319.0], "187" : [649.7656698412726, 420.66119384811236, 67.0], "189" : [668.4830765027937, 419.98461543542396, 195.0], "191" : [742.48048847835, 434.35226515601073, 287.0], "193" : [795.8638431644853, 435.7762711319866, 177.0], "195" : [799.337499497782, 440.45138912971373, 72.0], "197" : [873.2682055734556, 442.88512316042744, 195.0], "199" : [848.0592416077775, 454.5246456624855, 211.0], "201" : [848.0592416077775, 454.5246456624855, 211.0], "203" : [887.4305544332898, 452.211112129158, 216.0], "205" : [968.099998388752, 452.26910282402474, 178.0], "207" : [1032.0703090881243, 452.70937231891196, 64.0], "209" : [1053.2222213736427, 454.92727322497973, 99.0], "211" : [1053.2222213736427, 454.92727322497973, 99.0], "213" : [1054.7385789730213, 447.3716538640517, 127.0], "215" : [956.9659445349205, 446.6185766334765, 323.0], "217" : [1071.0111913494322, 448.64817500893645, 411.0], "219" : [1069.4798983849769, 463.6778872232289, 199.0], "221" : [1069.4798983849769, 463.6778872232289, 199.0], "223" : [1019.5599974717974, 478.23176558066405, 85.0], "225" : [1017.0852935403224, 476.9529425316553, 102.0], "227" : [1076.1562057912265, 473.7302927689905, 274.0], "229" : [1076.1562057912265, 473.7302927689905, 274.0], "231" : [1073.9909130930769, 468.1036400390373, 55.0], "233" : [1073.9909130930769, 468.1036400390373, 55.0], "235" : [691.9838718144719, 510.4548390434422, 93.0], "237" : [699.129824130125, 504.78070077950895, 57.0], "239" : [643.814906759751, 498.86832393874465, 161.0], "241" : [643.814906759751, 498.86832393874465, 161.0], "243" : [653.7333308939254, 504.1628220754065, 156.0], "245" : [713.9344109243478, 510.9784948015633, 93.0], "247" : [713.9344109243478, 510.9784948015633, 93.0], "249" : [718.2094596365525, 520.1310783045734, 74.0], "251" : [787.9929786459109, 512.2614027870166, 57.0], "253" : [825.2005043059038, 508.10100918631747, 198.0], "255" : [925.0080446550406, 510.4235625225484, 174.0], "257" : [959.7826927527249, 555.4596128656417, 52.0], "259" : [1016.6109059870774, 507.0454562740189, 55.0], "261" : [1012.8850015684714, 495.9350008227342, 80.0], "263" : [1012.8850015684714, 495.9350008227342, 80.0], "265" : [1017.2348233889155, 478.45714447102944, 112.0], "267" : [1028.3213739382554, 471.3641223666794, 131.0], "269" : [972.7999979198787, 491.88698908434384, 392.0], "271" : [972.7999979198787, 491.88698908434384, 392.0], "273" : [972.7999979198787, 491.88698908434384, 392.0], "275" : [973.6744163010951, 497.2465083183909, 86.0], "277" : [973.6744163010951, 497.2465083183909, 86.0], "279" : [973.6744163010951, 497.2465083183909, 86.0], "281" : [1061.4656621000518, 498.91169576147513, 265.0], "283" : [1061.4656621000518, 498.91169576147513, 265.0], "285" : [662.1493509611292, 564.5948062748264, 77.0], "287" : [673.2265424026476, 559.387037031389, 162.0], "289" : [764.7500009442803, 568.6107157530014, 56.0],