{"1" : [724.6378361405363, 112.86283685343038, 148.0], "3" : [585.3138280510262, 88.38085701290896, 94.0], "5" : [585.3138280510262, 88.38085701290896, 94.0], "7" : [595.9484071900557, 81.46496539293994, 157.0], "9" : [967.4888904257771, 73.02888899324202, 90.0], "11" : [960.8586197511158, 66.5982770473447, 174.0], "13" : [985.0634995165912, 59.38149797034679, 200.0], "15" : [1113.2596346770094, 61.11192435769552, 218.0], "17" : [582.3040827112627, 83.80510219721519, 98.0], "19" : [582.3040827112627, 83.80510219721519, 98.0], "21" : [591.1533283553532, 84.90333646670486, 60.0], "23" : [664.9065935780554, 71.82381152964598, 273.0], "25" : [766.752125807051, 75.48610327986725, 259.0], "27" : [901.066667346499, 81.61785691446784, 252.0], "29" : [1008.8298259745887, 80.74701756406166, 285.0], "31" : [1059.6505407588695, 83.35053973749545, 463.0], "33" : [1075.578401898791, 84.39119943586435, 125.0], "35" : [532.1870358074406, 133.61851648424218, 54.0], "37" : [557.0382027422766, 133.78932437449453, 178.0], "39" : [637.4331843085379, 126.79148266699262, 223.0], "41" : [637.4331843085379, 126.79148266699262, 223.0], "43" : [960.2693876588285, 134.58571465668746, 147.0], "45" : [960.2693876588285, 134.58571465668746, 147.0], "47" : [960.2693876588285, 134.58571465668746, 147.0], "49" : [950.5811998248773, 134.87894786427674, 133.0], "51" : [950.5811998248773, 134.87894786427674, 133.0], "53" : [1099.1133767525478, 140.31074250665316, 456.0], "55" : [1099.1133767525478, 140.31074250665316, 456.0], "57" : [715.9704352847072, 184.36260674932083, 115.0], "59" : [715.9704352847072, 184.36260674932083, 115.0], "61" : [721.1868035555887, 183.39794882709046, 341.0], "63" : [726.8441556364521, 173.93376214969686, 77.0], "65" : [972.6380124056325, 167.38766946500414, 292.0], "67" : [972.6380124056325, 167.38766946500414, 292.0], "69" : [965.6642813831983, 171.40624878705424, 112.0], "71" : [1005.9868204551744, 169.88909033287902, 220.0], "73" : [642.0957252999754, 238.7154611948449, 304.0], "75" : [725.6711557796914, 233.36345886246363, 52.0], "77" : [888.9078871255695, 242.0198735223154, 317.0], "79" : [888.9078871255695, 242.0198735223154, 317.0], "81" : [986.3127764657347, 245.72422846843722, 227.0], "83" : [986.3127764657347, 245.72422846843722, 227.0], "85" : [603.3048420288866, 289.57580248456907, 62.0], "87" : [603.3048420288866, 289.57580248456907, 62.0], "89" : [619.3492634354056, 283.17352762515543, 136.0], "91" : [665.2068273243392, 258.4602409612279, 249.0], "93" : [665.2068273243392, 258.4602409612279, 249.0], "95" : [1023.4249981423749, 259.6129626269531, 108.0], "97" : [1023.4249981423749, 259.6129626269531, 108.0], "99" : [1007.7086032882252, 259.8145164386241, 186.0], "101" : [1007.7086032882252, 259.8145164386241, 186.0], "103" : [1070.2627432177965, 264.5284289948343, 306.0], "105" : [1070.2627432177965, 264.5284289948343, 306.0], "107" : [581.1156873797256, 306.00392251648424, 51.0], "109" : [601.4015793119804, 304.961575844636, 380.0], "111" : [846.5450551362661, 301.71721686969306, 273.0], "113" : [846.5450551362661, 301.71721686969306, 273.0], "115" : [1080.1032172169992, 302.3573744140131, 373.0], "117" : [687.1735751276861, 332.2930932379808, 333.0], "119" : [687.1735751276861, 332.2930932379808, 333.0], "121" : [788.6522709424632, 322.85577126200343, 572.0], "123" : [788.6522709424632, 322.85577126200343, 572.0], "125" : [969.7195068247062, 330.150717440196, 487.0], "127" : [969.7195068247062, 330.150717440196, 487.0], "129" : [968.0530444674943, 333.58853146554486, 279.0], "131" : [968.0530444674943, 333.58853146554486, 279.0], "133" : [1070.3819422473084, 345.47847172204297, 144.0], "135" : [619.822057018901, 395.81911852027736, 68.0], "137" : [638.6645162940519, 393.7393547084683, 155.0], "139" : [583.4159998467693, 404.88599949688785, 150.0], "141" : [756.7781914962711, 390.82819186691495, 188.0], "143" : [963.850875879545, 410.72982049789385, 285.0], "145" : [1061.9358909217772, 394.02637925907993, 326.0], "147" : [616.0874967492152, 433.6029752693064, 168.0], "149" : [618.2183637091292, 428.39490152091855, 98.0], "151" : [618.2183637091292, 428.39490152091855, 98.0], "153" : [737.6070429193156, 428.59765359234024, 213.0], "155" : [737.6070429193156, 428.59765359234024, 213.0], "157" : [808.5754274322776, 420.1902862492275, 175.0], "159" : [805.7955246205778, 428.64776266704297, 67.0], "161" : [805.7955246205778, 428.64776266704297, 67.0], "163" : [1027.5287733829111, 436.64841969280235, 285.0], "165" : [539.9129497879845, 489.9064785289983, 139.0], "167" : [539.9129497879845, 489.9064785289983, 139.0], "169" : [546.7247204374872, 489.52472360527213, 89.0], "171" : [546.7247204374872, 489.52472360527213, 89.0], "173" : [626.3948979293075, 474.13062075717323, 98.0], "175" : [868.4841555661773, 479.837677729434, 284.0], "177" : [1010.569711384059, 470.3701930312887, 208.0], "179" : [1127.4820641505958, 467.31657427372613, 368.0], "181" : [675.1284648784838, 503.5880169787279, 267.0], "183" : [751.0426226030534, 507.6240428945688, 183.0], "185" : [1000.6675317203844, 507.58181564964707, 231.0], "187" : [1000.6675317203844, 507.58181564964707, 231.0], "189" : [989.1235288363031, 506.8344538475734, 119.0], "191" : [1065.1617006149338, 498.34893606323095, 141.0], "193" : [1065.1617006149338, 498.34893606323095, 141.0], "195" : [582.9651767590362, 580.5749970013828, 224.0], "197" : [773.2887937594845, 574.9866409064707, 232.0], "199" : [1056.436816641388, 561.5039807175922, 201.0], "201" : [1056.436816641388, 561.5039807175922, 201.0], "203" : [1053.3600018262389, 570.5331030823327, 145.0], "205" : [1053.3600018262389, 570.5331030823327, 145.0], "207" : [1119.6051277483757, 581.7230751176785, 156.0], "209" : [709.7589774722983, 616.383590350745, 195.0], "211" : [637.2079495903262, 628.3787167733185, 390.0], "213" : [637.2079495903262, 628.3787167733185, 390.0], "215" : [717.3984718192598, 623.5724507882996, 392.0], "217" : [717.3984718192598, 623.5724507882996, 392.0], "219" : [936.8255124013999, 624.8778403453831, 537.0], "221" : [936.8255124013999, 624.8778403453831, 537.0], "223" : [1032.2882754704096, 609.4055183595101, 290.0], "225" : [582.614286555424, 645.6128548268488, 70.0], "227" : [600.4407991882152, 639.7698663626425, 375.0], "229" : [690.123529891848, 643.4745078218201, 255.0], "231" : [690.123529891848, 643.4745078218201, 255.0], "233" : [874.3453219484709, 642.300000873215, 203.0], "235" : [874.3453219484709, 642.300000873215, 203.0], "237" : [870.63662049661, 644.9788669937524, 71.0], "239" : [870.63662049661, 644.9788669937524, 71.0], "241" : [1013.2338976565821, 652.2291538336508, 295.0], "243" : [1054.8264697505215, 650.4670604089854, 170.0], "245" : [632.5476752114346, 694.4790688627197, 86.0], "247" : [647.3687801622198, 688.3760175770664, 221.0], "249" : [756.774712970964, 674.6590056517991, 261.0], "251" : [907.0605266521682, 672.7743411755982, 152.0], "253" : [905.9988879467492, 669.6833345661721, 90.0], "255" : [1046.6659212012762, 655.5480438034998, 179.0], "257" : [1046.6659212012762, 655.5480438034998, 179.0], "259" : [601.7106237712474, 729.1212463683071, 160.0], "261" : [601.7106237712474, 729.1212463683071, 160.0], "263" : [608.1812529806292, 727.8449989481277, 160.0], "265" : [637.6403858337352, 747.1495218727943, 208.0], "267" : [864.4052430772502, 755.3059935690377, 267.0], "269" : [864.4052430772502, 755.3059935690377, 267.0], "271" : [1039.5282684420622, 748.5342751901742, 283.0], "273" : [1106.5669954054938, 736.6897685559825, 303.0], "275" : [739.2491785131418, 756.6967219764581, 122.0], "277" : [739.2491785131418, 756.6967219764581, 122.0], "279" : [744.0771627598186, 751.499213136896, 127.0], "281" : [704.1970358984545, 769.3958453760525, 337.0], "283" : [707.4226675198715, 769.2320018865341, 300.0], "285" : [947.7535552371464, 771.0340835548054, 267.0], "287" : [1020.6528740339274, 774.8571006149887, 331.0], "289" : [620.8720596980922, 804.0955894605925, 68.0],