{"1" : [737.3797599551039, 258.5761915399281, 168.0], "3" : [765.1462601003553, 101.42448915249764, 147.0], "5" : [765.1462601003553, 101.42448915249764, 147.0], "7" : [794.8354520740412, 27.108994154357948, 189.0], "9" : [661.9532209793757, 73.43051110055195, 295.0], "11" : [774.4802312286969, 85.56395277669799, 172.0], "13" : [900.6400012823759, 99.92100084477356, 100.0], "15" : [900.6400012823759, 99.92100084477356, 100.0], "17" : [901.6318465382525, 103.48088974258116, 157.0], "19" : [1030.3194530997168, 109.02833064469628, 293.0], "21" : [1076.2521730839692, 108.64203276535805, 69.0], "23" : [743.3943915800947, 132.62710172181121, 107.0], "25" : [743.3943915800947, 132.62710172181121, 107.0], "27" : [743.3943915800947, 132.62710172181121, 107.0], "29" : [743.3943915800947, 132.62710172181121, 107.0], "31" : [750.5038457645525, 133.04038028297634, 52.0], "33" : [750.5038457645525, 133.04038028297634, 52.0], "35" : [694.2112335404194, 135.89494345884336, 178.0], "37" : [694.2112335404194, 135.89494345884336, 178.0], "39" : [870.8771947131387, 126.46535170230702, 228.0], "41" : [870.8771947131387, 126.46535170230702, 228.0], "43" : [1015.1059583138214, 138.86084864361092, 235.0], "45" : [668.9499980358495, 177.03788085038664, 66.0], "47" : [777.3984274458141, 164.48376648264843, 191.0], "49" : [777.3984274458141, 164.48376648264843, 191.0], "51" : [853.3799005665434, 165.76911616395148, 204.0], "53" : [853.3799005665434, 165.76911616395148, 204.0], "55" : [973.2057453315813, 171.6735617357139, 87.0], "57" : [971.0105242778131, 174.56052810214103, 152.0], "59" : [829.8033228663883, 170.73953423022752, 301.0], "61" : [829.8033228663883, 170.73953423022752, 301.0], "63" : [970.3797494308991, 177.63801846151898, 242.0], "65" : [703.4219780882821, 286.6153816500725, 91.0], "67" : [720.6803929145402, 282.61470402233044, 306.0], "69" : [970.7452121291802, 287.29893471295986, 188.0], "71" : [1056.376042196584, 299.28958812965203, 192.0], "73" : [1056.376042196584, 299.28958812965203, 192.0], "75" : [748.3782368118754, 307.33989498662953, 193.0], "77" : [961.3295344070856, 313.3787576807873, 193.0], "79" : [1072.8446432631958, 325.801786210952, 112.0], "81" : [1072.8446432631958, 325.801786210952, 112.0], "83" : [677.1288202680664, 345.5227059156724, 229.0], "85" : [960.3435892684423, 340.49230797516907, 78.0], "87" : [1117.6455548987024, 319.78222208814014, 90.0], "89" : [941.5490564722079, 311.9773564830163, 53.0], "91" : [951.8927988405082, 329.8288008614052, 125.0], "93" : [951.8927988405082, 329.8288008614052, 125.0], "95" : [951.8927988405082, 329.8288008614052, 125.0], "97" : [752.614180316362, 417.3723881395937, 134.0], "99" : [687.4400012480224, 418.07166965010947, 60.0], "101" : [688.6502507366658, 418.8009950709859, 201.0], "103" : [918.2469820914521, 425.4008648304349, 232.0], "105" : [918.2469820914521, 425.4008648304349, 232.0], "107" : [1058.4400852271892, 433.45206591753083, 242.0], "109" : [765.8521566064015, 460.6913788816754, 232.0], "111" : [765.8521566064015, 460.6913788816754, 232.0], "113" : [699.2978573618549, 457.5371434791718, 140.0], "115" : [699.2978573618549, 457.5371434791718, 140.0], "117" : [960.4269746577456, 454.9230286878891, 152.0], "119" : [960.4269746577456, 454.9230286878891, 152.0], "121" : [1050.1845167464915, 455.67871372511263, 155.0], "123" : [1050.1845167464915, 455.67871372511263, 155.0], "125" : [699.303885125067, 482.6475687957234, 103.0], "127" : [645.404243167597, 476.49333393739226, 165.0], "129" : [787.536774136965, 481.7264451059566, 242.0], "131" : [963.6502453879506, 489.64285801950354, 203.0], "133" : [963.6502453879506, 489.64285801950354, 203.0], "135" : [1076.7227071091368, 496.65989779064057, 207.0], "137" : [1076.7227071091368, 496.65989779064057, 207.0], "139" : [1076.7227071091368, 496.65989779064057, 207.0], "141" : [810.3379688287209, 529.3577533980297, 187.0], "143" : [986.0307702334272, 520.6272175055791, 169.0], "145" : [744.6631553473809, 518.7006578073497, 304.0], "147" : [700.8814091131434, 568.5519232512626, 156.0], "149" : [658.8656137139044, 575.461659846968, 253.0], "151" : [824.6226150330755, 577.9286455068045, 199.0], "153" : [1021.6292328082494, 590.4769218665285, 65.0], "155" : [1021.6292328082494, 590.4769218665285, 65.0], "157" : [1017.8532318232684, 585.1955224561741, 201.0], "159" : [1113.211310135241, 583.350000704308, 168.0], "161" : [753.5840343526581, 602.1689080381533, 119.0], "163" : [711.1290366653345, 582.7887081075274, 62.0], "165" : [711.1290366653345, 582.7887081075274, 62.0], "167" : [720.2679688517989, 578.6960925942217, 128.0], "169" : [932.1780350623558, 589.5566468356401, 173.0], "171" : [932.1780350623558, 589.5566468356401, 173.0], "173" : [932.1780350623558, 589.5566468356401, 173.0], "175" : [732.6147979074022, 632.617041503203, 223.0], "177" : [865.705453483832, 629.9763609900463, 165.0], "179" : [865.705453483832, 629.9763609900463, 165.0], "181" : [1019.0682822236209, 639.4235091165468, 268.0], "183" : [731.043637384188, 651.9345454679393, 55.0], "185" : [744.3086122960776, 655.6569399963138, 209.0], "187" : [744.3086122960776, 655.6569399963138, 209.0], "189" : [948.6240174623688, 657.374509504458, 204.0], "191" : [948.6240174623688, 657.374509504458, 204.0], "193" : [1054.6950825747329, 655.4180329864112, 61.0], "195" : [1054.6950825747329, 655.4180329864112, 61.0], "197" : [1052.2684224833843, 662.8539448837109, 76.0], "199" : [1052.2684224833843, 662.8539448837109, 76.0], "201" : [663.930091028003, 724.5199064177168, 216.0], "203" : [694.9736864779763, 755.2894755873086, 57.0], "205" : [694.9736864779763, 755.2894755873086, 57.0], "207" : [707.1803427002369, 753.4692299026822, 117.0], "209" : [707.1803427002369, 753.4692299026822, 117.0], "211" : [726.0053330019505, 750.126667443115, 150.0], "213" : [920.8823155167523, 750.4932941347716, 164.0], "215" : [1028.0477433866845, 749.2619376119411, 155.0], "217" : [695.5784307262703, 779.3313739898509, 204.0], "219" : [874.8161855394621, 771.2213882308745, 173.0], "221" : [746.0541654732062, 801.6385416865575, 96.0], "223" : [692.8131319811209, 793.9030316901592, 99.0], "225" : [692.8131319811209, 793.9030316901592, 99.0], "227" : [700.0361901606716, 809.5771430594882, 105.0], "229" : [953.2782618174042, 812.032171476414, 115.0], "231" : [952.4371240892896, 813.9844308022588, 167.0], "233" : [673.6734377978861, 892.5828116898342, 64.0], "235" : [682.4246580223763, 911.2547933399013, 73.0], "237" : [873.4628578501578, 897.567142278031, 140.0], "239" : [793.8932201385319, 916.45875827287, 177.0], "241" : [949.1528551472699, 932.5661908129521, 210.0], "243" : [949.1528551472699, 932.5661908129521, 210.0], "245" : [748.2779202951791, 986.3155806712751, 77.0], "247" : [748.2779202951791, 986.3155806712751, 77.0], "249" : [754.8557659108542, 984.528846188971, 52.0], "251" : [754.8557659108542, 984.528846188971, 52.0], "253" : [682.2062500655213, 981.6874986412388, 64.0], "255" : [688.5453352411421, 981.3366647768631, 150.0], "257" : [694.678786007673, 1000.6121221085958, 99.0], "259" : [698.626314296807, 1015.5013161707217, 76.0], "261" : [890.9586674994604, 1007.5506635096458, 75.0], "263" : [892.7915515582528, 1019.4802785381635, 71.0], "265" : [781.7323744418339, 1022.5676274279102, 139.0], "267" : [781.7323744418339, 1022.5676274279102, 139.0], "269" : [785.7230748161139, 1024.265387627542, 52.0], "271" : [838.974999874856, 143.99270508989935, 96.0], "273" : [775.2739488814245, 76.91764905713853, 119.0], "275" : [983.7466681776681, 13.312381888618724, 210.0], "277" : [678.157378156904, 85.2262285476819, 61.0], "279" : [687.0567771621211, 82.6916122394699, 155.0], "281" : [687.0567771621211, 82.6916122394699, 155.0], "283" : [666.8249993991489, 94.06434448286153, 244.0], "285" : [666.8249993991489, 94.06434448286153, 244.0], "287" : [666.8249993991489, 94.06434448286153, 244.0], "289" : [792.6650236775894, 83.66950644705923, 223.0], "291" : [792.6650236775894, 83.66950644705923, 223.0],