{"1" : [953.0, 532.2, 583.1024552088829], "3" : [949.8, 538.9, 55.10245520888296], "5" : [567.0, 418.0, 79.10245520888296], "7" : [562.9, 414.0, 38.10245520888296], "9" : [371.5, 421.2, 89.10245520888296], "11" : [373.9, 420.7, 22.102455208882954], "13" : [292.5, 419.4, 214.10245520888296], "15" : [291.4, 419.7, 8.102455208882956], "17" : [307.8, 417.1, 123.10245520888296], "19" : [305.6, 415.1, 17.102455208882954], "21" : [249.1, 416.6, 227.10245520888296], "23" : [251.3, 416.4, 22.102455208882954], "25" : [378.9, 412.4, 206.10245520888296], "27" : [376.8, 416.1, 20.102455208882954], "29" : [457.0, 413.4, 141.10245520888296], "31" : [457.7, 408.6, 20.102455208882954], "33" : [533.8, 416.7, 42.10245520888296], "35" : [457.7, 408.6, 70.10245520888296], "37" : [543.0, 420.2, 49.10245520888296], "39" : [538.8, 422.4, 37.10245520888296], "41" : [788.8, 404.2, 134.10245520888296], "43" : [791.2, 406.6, 28.102455208882954], "45" : [971.7, 406.2, 257.10245520888293], "47" : [967.1, 402.9, 21.102455208882954], "49" : [1060.8, 414.6, 115.10245520888296], "51" : [1062.2, 417.7, 23.102455208882954], "53" : [1167.0, 419.4, 173.10245520888296], "55" : [1164.3, 416.8, 24.102455208882954], "57" : [1294.4, 421.3, 209.10245520888296], "59" : [1292.5, 422.4, 25.102455208882954], "61" : [1410.6, 411.5, 209.10245520888296], "63" : [1404.1, 412.9, 26.102455208882954], "65" : [1501.8, 405.3, 152.10245520888296], "67" : [1497.9, 405.6, 22.102455208882954], "69" : [1572.8, 399.6, 137.10245520888296], "71" : [1570.0, 401.2, 21.102455208882954], "73" : [1647.0, 394.0, 198.10245520888296], "75" : [1647.2, 388.3, 62.10245520888296], "77" : [988.9, 546.4, 310.10245520888293], "79" : [973.0, 549.1, 15.102455208882956], "81" : [949.9, 528.7, 276.10245520888293], "83" : [954.4, 538.5, 25.102455208882954], "85" : [986.4, 666.6, 215.10245520888296], "87" : [994.5, 693.6, 20.102455208882954], "89" : [976.4, 622.2, 202.10245520888296], "91" : [970.3, 618.4, 17.102455208882954]}