{"1": [385.6225245111701, 380.68362341921727, 144.0], "2": [74.5, 384.5, 282.0], "3": [124.8297929891638, 381.51417351960583, 353.0], "4": [144.34772034829484, 382.7599986701887, 313.0], "5": [201.65567727510518, 384.0058238207715, 283.0], "6": [203.2, 388.0, 135.0], "7": [266.4, 388.5, 232.0], "8": [314.6, 385.6, 236.0], "9": [424.0, 386.5, 319.0], "10": [378.9, 389.2, 307.0], "11": [425.3, 386.7, 255.0], "12": [452.6, 382.7, 322.0], "13": [513.942515021202, 381.9294485698001, 250.0], "14": [606.7, 383.1, 190.0], "15": [662.6109829907533, 382.7599986701887, 318.0], "16": [677.9761598479415, 383.17527372038296, 240.0], "17": [580.8017981024806, 382.7599986701887, 250.0], "18": [564.5, 384.9, 203.0], "19": [266.4385851054124, 386.49747412193716, 234.0], "20": [280.5579368120179, 383.59054877057724, 150.0], "21": [176.7391742634485, 379.4377982686344, 183.0], "22": [109.46461613197552, 384.0058238207715, 376.0], "23": [64.61491071099356, 383.59054877057724, 234.0], "24": [164.28092275762015, 384.83637392116003, 156.0], "25": [232.3860309894817, 382.3447236199944, 311.0], "26": [337.86589373882816, 380.68362341921727, 337.0], "27": [440.854106187009, 382.3447236199944, 325.0], "28": [442.5152063877861, 383.17527372038296, 388.0], "29": [513.1119649208134, 384.4210988709658, 114.0], "30": [633.5417294771539, 381.9294485698001, 168.0], "31": [612.3627019172458, 384.4210988709658, 111.0]}