{"1": [747.2917391, 232.5, 184.0], "2": [749.3798305, 232.5, 236.0], "3": [781.6772222, 269.5, 144.0], "4": [820.6636, 269.5, 200.0], "5": [880.6922857000001, 269.5, 140.0], "6": [864.9554545, 269.5, 132.0], "7": [847.8970968, 269.5, 124.0], "8": [831.055, 269.5, 112.0], "9": [883.2847059000001, 269.5, 204.0], "10": [876.5051612999999, 269.5, 124.0], "11": [766.498, 305.5, 200.0], "12": [835.7326922999999, 305.5, 104.0], "13": [873.9640299, 305.5, 268.0], "14": [855.3482353, 269.5, 136.0], "15": [898.3107692, 305.5, 104.0], "16": [897.1484847999999, 305.5, 132.0], "17": [935.1033332999999, 305.5, 156.0], "18": [945.0942308, 305.5, 104.0], "19": [977.69, 305.5, 128.0], "20": [1036.185455, 305.5, 132.0], "21": [1037.027308, 305.5, 104.0], "22": [1026.395278, 305.5, 144.0], "23": [1055.344533, 305.5, 300.0], "24": [1055.344533, 305.5, 300.0], "25": [1137.4770352007224, 305.0545934677174, 124.0], "26": [760.6774286, 340.5, 140.0], "27": [783.1415385, 340.5, 104.0], "28": [785.4817391, 340.5, 184.0], "29": [822.7546154, 340.5, 208.0], "30": [792.868125, 340.5, 128.0], "31": [775.5535484000001, 340.5, 124.0], "32": [827.7307317000001, 340.5, 164.0], "33": [776.5002174, 340.5, 184.0], "34": [820.7852632, 340.5, 152.0], "35": [824.9602941, 340.5, 136.0], "36": [752.9061538, 377.5, 104.0], "37": [777.0488462000001, 377.5, 104.0], "38": [811.1433333, 413.5, 168.0], "39": [790.2325641, 413.5, 156.0], "40": [833.2139473999999, 413.5, 152.0], "41": [831.284041904896, 414.5774718389168, 112.0], "42": [786.378125, 413.5, 128.0], "43": [768.8836364, 413.5, 176.0], "44": [794.7912121, 450.5, 132.0], "45": [782.0738709999999, 269.5, 124.0], "46": [843.7739024, 305.5, 164.0], "47": [843.7739024, 305.5, 164.0], "48": [764.6273529, 522.5, 136.0], "49": [927.7625455, 522.5, 220.0], "50": [967.8932235291877, 524.1003502101162, 208.0], "51": [981.237931, 522.5, 116.0], "52": [1014.9998378823918, 522.922684851286, 288.0], "53": [1080.9490979768775, 518.2120234159656, 180.0], "54": [1106.695714, 522.5, 112.0], "55": [1112.6028210000002, 522.5, 156.0], "56": [1018.915926, 522.5, 108.0], "57": [1089.479286, 522.5, 112.0], "58": [1111.5683973064602, 520.5673541336259, 220.0], "59": [683.0392857, 522.5, 112.0], "60": [727.1526667, 522.5, 120.0], "61": [764.3751852, 559.5, 108.0], "62": [811.1048387, 559.5, 124.0], "63": [868.8667391000001, 559.5, 184.0], "64": [926.5844827999999, 522.5, 116.0], "65": [978.5565217, 522.5, 184.0], "66": [1097.165, 522.5, 104.0], "67": [861.9925926000001, 559.5, 108.0], "68": [722.300625, 595.5, 128.0], "69": [953.0352564, 559.5, 312.0], "70": [1026.905926, 559.5, 108.0], "71": [1003.158235, 595.5, 136.0], "72": [1161.0303423773244, 557.074980257359, 192.0], "73": [1164.144074, 595.5, 108.0], "74": [1210.1484619999999, 595.5, 156.0], "75": [1148.0760234301933, 561.7856416926794, 224.0], "76": [1068.531489, 559.5, 188.0], "77": [990.5307692, 559.5, 104.0], "78": [1059.739444, 559.5, 144.0], "79": [1217.883438, 595.5, 128.0], "80": [895.4496154, 559.5, 104.0], "81": [815.8782051, 595.5, 156.0], "82": [1021.243125, 595.5, 128.0], "83": [1062.7611539999998, 631.5, 104.0], "84": [809.67875, 668.0, 128.0], "85": [849.36, 631.5, 200.0], "86": [928.2551724, 631.5, 116.0], "87": [1001.7896300000001, 631.5, 108.0], "88": [1107.907627, 668.0, 236.0], "89": [1150.045333, 668.0, 120.0], "90": [1181.196154, 668.0, 156.0], "91": [854.0721428999999, 704.5, 168.0], "92": [972.3023076999999, 704.5, 104.0], "93": [972.8093421, 704.5, 304.0], "94": [1019.070541, 704.5, 148.0], "95": [991.2410000000001, 704.5, 200.0], "96": [981.3220587999999, 704.5, 136.0], "97": [1011.4668418059016, 701.9278193934615, 144.0], "98": [1008.832778, 704.5, 144.0], "99": [1006.014074, 704.5, 108.0], "100": [968.8086667000001, 704.5, 120.0], "101": [1008.083056, 704.5, 144.0], "102": [779.5428571, 741.0, 140.0], "103": [937.9477419, 704.5, 124.0], "104": [936.19, 741.0, 124.0], "105": [994.554359, 741.0, 156.0], "106": [1058.061613, 741.0, 124.0], "107": [1117.927742, 741.0, 124.0], "108": [1118.251628, 741.0, 172.0], "109": [814.5546835, 776.5, 316.0], "110": [848.8164286, 776.5, 112.0], "111": [893.1595652000001, 776.5, 184.0], "112": [985.6819752999999, 776.5, 324.0], "113": [980.9141379, 776.5, 116.0], "114": [1022.915385, 776.5, 104.0], "115": [986.5605882000001, 704.5, 204.0], "116": [1013.420769, 704.5, 208.0], "117": [997.6536537999999, 668.0, 208.0], "118": [891.4277778, 668.0, 108.0], "119": [820.5, 668.0, 116.0], "120": [790.3711429, 668.0, 140.0], "121": [985.0140625, 522.5, 128.0], "122": [734.78, 559.5, 144.0], "123": [680.2595349, 305.5, 172.0], "124": [773.134898, 305.5, 196.0], "125": [711.0611537999999, 269.5, 104.0], "126": [703.4810256, 232.5, 156.0], "127": [723.4950649, 269.5, 308.0], "128": [752.8235294, 269.5, 136.0], "129": [778.7859258999999, 232.5, 108.0], "130": [786.8807692, 269.5, 104.0], "131": [780.4336957, 269.5, 184.0], "132": [837.6402899, 269.5, 276.0], "133": [840.2105405, 269.5, 148.0], "134": [915.3921429, 269.5, 168.0], "135": [693.01625, 305.5, 128.0], "136": [878.1165625, 305.5, 128.0], "137": [942.1251162999998, 269.5, 172.0], "138": [1043.7550880000001, 305.5, 228.0], "139": [1117.233571, 305.5, 168.0], "140": [765.2086538, 305.5, 208.0], "141": [799.8506667, 340.5, 120.0], "142": [799.8506667, 340.5, 120.0], "143": [811.0135713999999, 340.5, 112.0], "144": [832.0989582999999, 340.5, 192.0], "145": [828.9525806, 413.5, 124.0], "146": [794.2538889, 413.5, 144.0], "147": [1090.3704208475183, 520.5673541336259, 212.0], "148": [761.6310344999999, 522.5, 116.0], "149": [839.6108332999999, 559.5, 144.0], "150": [1020.8881646765424, 524.1003502101162, 268.0], "151": [895.3503125, 305.5, 128.0], "152": [832.422619, 305.5, 168.0], "153": [890.7815625, 269.5, 128.0], "154": [889.1642424, 269.5, 132.0], "155": [836.8134615, 340.5, 104.0], "156": [830.8521875, 340.5, 256.0], "157": [826.7417073, 377.5, 164.0], "158": [831.1809804, 413.5, 204.0], "159": [776.2432075, 377.5, 212.0], "160": [833.1232203, 413.5, 236.0], "161": [832.3461765, 413.5, 136.0], "162": [1113.6585189999998, 522.5, 108.0], "163": [1123.336842, 522.5, 152.0], "164": [994.0496774000001, 522.5, 124.0], "165": [827.4060562999999, 377.5, 284.0], "166": [832.9069999999999, 377.5, 160.0], "167": [823.3837037000001, 377.5, 108.0], "168": [822.1951852000001, 413.5, 108.0], "169": [830.3736667000001, 413.5, 120.0], "170": [834.5956667, 340.5, 240.0], "171": [830.4746667000001, 340.5, 120.0], "172": [826.6706061000001, 377.5, 132.0], "173": [1089.243235, 559.5, 136.0], "174": [1111.0490320000001, 559.5, 124.0], "175": [958.268125, 522.5, 128.0], "176": [1026.320175, 522.5, 228.0], "177": [839.3281967, 340.5, 244.0], "178": [829.7871428999999, 377.5, 112.0], "179": [838.0551351, 413.5, 148.0], "180": [827.7131111000001, 413.5, 180.0], "181": [827.908, 377.5, 260.0], "182": [1159.8526770184942, 562.9633070515094, 104.0], "183": [1125.277358, 559.5, 212.0], "184": [831.6514894, 559.5, 188.0], "185": [785.1290196, 559.5, 204.0], "186": [729.9388372000001, 559.5, 172.0], "187": [729.9388372000001, 559.5, 172.0], "188": [791.052, 559.5, 140.0], "189": [828.3, 595.5, 132.0], "190": [1001.6629630000001, 595.5, 108.0], "191": [1051.4102699999999, 595.5, 148.0], "192": [1057.783077, 559.5, 104.0], "193": [1164.547353, 595.5, 136.0], "194": [1213.7696, 595.5, 200.0], "195": [1037.796774, 631.5, 124.0], "196": [771.0845652, 631.5, 184.0], "197": [712.3616667, 595.5, 144.0], "198": [836.8458333, 595.5, 144.0], "199": [880.7459869757602, 631.2678978636554, 184.0], "200": [937.0642308, 631.5, 104.0], "201": [945.898, 631.5, 140.0], "202": [974.5953332999999, 631.5, 120.0], "203": [976.3896667000001, 631.5, 240.0], "204": [956.6965713999999, 631.5, 140.0], "205": [1042.278108, 595.5, 148.0], "206": [1037.405625, 595.5, 128.0], "207": [774.2364407, 631.5, 236.0], "208": [793.4603030000001, 631.5, 132.0], "209": [864.6880645, 631.5, 124.0], "210": [954.9947917000002, 631.5, 192.0], "211": [1159.1652, 668.0, 200.0],