{"1": [675.1128916, 232.5, 332.0], "2": [719.6280488, 232.5, 164.0], "3": [679.69775, 232.5, 160.0], "4": [764.1957143, 232.5, 112.0], "5": [1113.2190778568777, 741.0, 300.0], "6": [1050.161154, 704.5, 104.0], "7": [745.0178947, 269.5, 152.0], "8": [645.6196296, 232.5, 324.0], "9": [712.8114286, 232.5, 112.0], "10": [666.4351063999999, 232.5, 188.0], "11": [780.7676087, 269.5, 184.0], "12": [678.33, 269.5, 108.0], "13": [773.4445, 269.5, 160.0], "14": [775.5168132, 269.5, 364.0], "15": [775.5168132, 269.5, 364.0], "16": [708.0284375, 305.5, 128.0], "17": [786.7586111, 305.5, 144.0], "18": [784.5189655, 305.5, 116.0], "19": [877.1934286000001, 305.5, 140.0], "20": [955.9547222000001, 305.5, 144.0], "21": [958.3134482999999, 305.5, 232.0], "22": [1082.032, 305.5, 120.0], "23": [772.5244231, 340.5, 208.0], "24": [754.5771875, 340.5, 128.0], "25": [792.7664815, 340.5, 216.0], "26": [669.711875, 305.5, 128.0], "27": [713.4048147999999, 305.5, 108.0], "28": [763.0929412, 269.5, 204.0], "29": [795.4274, 305.5, 200.0], "30": [899.4829507999999, 305.5, 244.0], "31": [898.42, 305.5, 320.0], "32": [953.5332558, 269.5, 172.0], "33": [726.4766667, 269.5, 132.0], "34": [776.0163462, 269.5, 208.0], "35": [776.0163462, 269.5, 208.0], "36": [737.0781481, 232.5, 108.0], "37": [750.1735, 232.5, 160.0], "38": [804.8727273, 269.5, 132.0], "39": [754.23, 305.5, 224.0], "40": [707.5214286, 305.5, 168.0], "41": [970.6501818, 305.5, 220.0], "42": [977.0469697000001, 305.5, 132.0], "43": [1098.762414, 305.5, 116.0], "44": [803.7611111, 377.5, 180.0], "45": [764.8781395, 413.5, 172.0], "46": [811.8362162000001, 450.5, 148.0], "47": [689.5540351, 522.5, 228.0], "48": [754.5973585, 522.5, 212.0], "49": [738.6892, 522.5, 200.0], "50": [778.6372307999999, 522.5, 260.0], "51": [807.2745946, 522.5, 148.0], "52": [807.0103703999999, 522.5, 108.0], "53": [953.0329412000001, 522.5, 136.0], "54": [1062.10814, 522.5, 172.0], "55": [1069.112, 522.5, 280.0], "56": [796.8835713999999, 559.5, 168.0], "57": [745.041, 559.5, 120.0], "58": [682.4261364, 559.5, 176.0], "59": [746.6976471, 595.5, 136.0], "60": [810.3818605, 595.5, 172.0], "61": [744.8070455, 595.5, 176.0], "62": [822.9565385, 595.5, 104.0], "63": [947.7385714, 595.5, 140.0], "64": [1081.113103, 595.5, 116.0], "65": [1223.5142859999999, 595.5, 112.0], "66": [854.9185185, 631.5, 108.0], "67": [849.6827082999998, 631.5, 192.0], "68": [820.7607576, 631.5, 264.0], "69": [860.38925, 631.5, 160.0], "70": [863.15, 631.5, 172.0], "71": [976.2838710000001, 631.5, 124.0], "72": [973.9981818, 704.5, 220.0], "73": [878.9478125, 704.5, 128.0], "74": [918.227619, 704.5, 168.0], "75": [1039.873421, 704.5, 152.0], "76": [861.72375, 704.5, 224.0], "77": [872.771087, 704.5, 184.0], "78": [822.9560465, 340.5, 172.0], "79": [1001.233793, 305.5, 116.0], "80": [1098.4825, 668.0, 192.0], "81": [831.1260000000001, 741.0, 120.0], "82": [767.6091379, 741.0, 232.0], "83": [851.3535294, 741.0, 136.0], "84": [968.4075, 741.0, 192.0], "85": [961.8341537999999, 741.0, 260.0], "86": [1029.837273, 741.0, 132.0], "87": [1031.321842, 741.0, 152.0], "88": [851.3522535, 741.0, 284.0], "89": [877.5907894999999, 741.0, 152.0], "90": [879.8561537999999, 741.0, 104.0], "91": [862.0348276000001, 776.5, 116.0], "92": [1011.9911539999999, 776.5, 104.0], "93": [988.84775, 776.5, 160.0], "94": [929.8891892000001, 776.5, 148.0], "95": [745.2227451, 450.5, 204.0], "96": [789.3955556, 305.5, 288.0], "97": [797.7637736, 305.5, 212.0]}