{"0": [697.0324444, 269.5, 180.0], "1": [817.2896552, 269.5, 116.0], "2": [771.946129, 305.5, 124.0], "3": [927.8644828, 305.5, 116.0], "4": [739.3978, 269.5, 200.0], "5": [739.3978, 269.5, 200.0], "6": [708.5326922999999, 232.5, 104.0], "7": [725.4880488, 305.5, 164.0], "8": [890.2233332999999, 305.5, 192.0], "9": [1077.571282, 305.5, 156.0], "10": [1175.3325, 305.5, 112.0], "11": [1135.270667, 305.5, 180.0], "12": [764.1778787999999, 340.5, 132.0], "13": [849.0465882000001, 340.5, 340.0], "14": [925.8844117999998, 522.5, 136.0], "15": [1016.283214, 522.5, 112.0], "16": [989.4503447999999, 522.5, 116.0], "17": [1090.591486, 522.5, 296.0], "18": [1031.263171, 559.5, 164.0], "19": [769.7704348, 559.5, 184.0], "20": [754.2336842, 559.5, 152.0], "21": [822.7196667000001, 559.5, 120.0], "22": [799.9416129, 522.5, 124.0], "23": [940.8069231000001, 559.5, 156.0], "24": [1003.2239289999999, 559.5, 112.0], "25": [1033.275897, 559.5, 156.0], "26": [705.8888462, 595.5, 104.0], "27": [933.9882051000001, 595.5, 156.0], "28": [1146.903077, 595.5, 104.0], "29": [1174.256552, 595.5, 116.0], "30": [1226.227241, 595.5, 116.0], "31": [954.9007895, 595.5, 152.0], "32": [1021.523171, 595.5, 164.0], "33": [1023.2120689999999, 595.5, 116.0], "34": [729.5793547999999, 595.5, 124.0], "35": [729.5793547999999, 595.5, 124.0], "36": [825.0135, 595.5, 240.0], "37": [1005.0237210000001, 595.5, 172.0], "38": [1085.634688, 595.5, 128.0], "39": [1037.443684, 595.5, 152.0], "40": [1086.310882, 595.5, 136.0], "41": [910.7189189, 595.5, 148.0], "42": [761.4448147999999, 631.5, 108.0], "43": [944.2356522, 631.5, 184.0], "44": [1062.730313, 668.0, 128.0], "45": [785.472973, 668.0, 148.0], "46": [852.1620832999998, 668.0, 192.0], "47": [995.0035897, 668.0, 156.0], "48": [1156.5868970000001, 668.0, 116.0], "49": [1102.072432, 704.5, 148.0], "50": [1073.405161, 704.5, 124.0], "51": [988.9730952, 704.5, 168.0], "52": [971.1457447, 704.5, 188.0], "53": [1011.3825, 704.5, 112.0], "54": [1018.3643900000001, 704.5, 164.0], "55": [1008.8288460000001, 704.5, 104.0], "56": [1096.650714, 704.5, 112.0], "57": [1022.898286, 631.5, 140.0], "58": [1079.842826, 704.5, 184.0], "59": [1021.3223529999999, 704.5, 136.0], "60": [1002.5809967662703, 560.7850544532805, 160.0], "61": [927.6697222000001, 559.5, 144.0], "62": [810.9378049, 559.5, 164.0], "63": [940.2233332999999, 595.5, 144.0], "64": [981.3475, 595.5, 128.0], "65": [950.6744444, 595.5, 108.0], "66": [1010.502609, 595.5, 184.0], "67": [1055.35766, 595.5, 188.0], "68": [1198.660741, 595.5, 108.0], "69": [1080.324318, 704.5, 176.0], "70": [965.9774074, 704.5, 108.0], "71": [1029.2310710000002, 704.5, 112.0], "72": [773.9675, 741.0, 112.0], "73": [1024.64925, 741.0, 160.0], "74": [1105.734, 741.0, 140.0], "75": [1105.734, 741.0, 140.0], "76": [1153.3044439999999, 741.0, 144.0], "77": [1177.092609208156, 739.8590619916861, 160.0], "78": [1212.348205, 741.0, 156.0], "79": [890.5133332999999, 776.5, 120.0], "80": [1021.026774, 776.5, 124.0], "81": [987.9057377, 704.5, 244.0], "82": [1090.6261539999998, 704.5, 208.0], "83": [813.0231579, 340.5, 152.0], "84": [851.6732353, 269.5, 136.0], "85": [792.5764706, 305.5, 136.0], "86": [803.3482716, 305.5, 324.0], "87": [1033.775833, 595.5, 192.0], "88": [817.4862962999999, 377.5, 108.0], "89": [817.4862962999999, 377.5, 108.0], "90": [816.6368966, 340.5, 116.0], "91": [816.6368966, 340.5, 116.0], "92": [786.6557692000001, 340.5, 208.0], "93": [1088.4945710000002, 305.5, 140.0], "94": [1108.716296, 595.5, 108.0], "95": [924.8934375, 559.5, 128.0], "96": [699.2637837999999, 522.5, 148.0], "97": [773.7252941, 522.5, 136.0], "98": [769.707037, 559.5, 108.0], "99": [797.5695556, 559.5, 180.0], "100": [814.7128125, 559.5, 128.0], "101": [875.1067742, 631.5, 124.0], "102": [1004.19, 668.0, 128.0], "103": [1106.873607, 668.0, 244.0], "104": [1169.858182, 668.0, 132.0], "105": [1126.19451, 668.0, 204.0], "106": [1178.43623, 668.0, 244.0], "107": [1102.714237, 741.0, 236.0], "108": [1087.6421619999999, 741.0, 148.0], "109": [1154.9403849999999, 741.0, 312.0], "110": [1163.710128, 741.0, 312.0], "111": [1197.672368, 741.0, 152.0], "112": [963.3618421, 704.5, 152.0], "113": [958.3033332999998, 704.5, 132.0], "114": [799.932, 704.5, 200.0], "115": [882.8549123, 704.5, 228.0], "116": [980.4178332999999, 704.5, 240.0], "117": [979.2581818, 668.0, 176.0]}