{"1": [691.4403774, 232.5, 212.0], "2": [913.2840625, 269.5, 128.0], "3": [744.6727272999999, 269.5, 132.0], "4": [811.0586957, 269.5, 184.0], "5": [706.5485714, 305.5, 112.0], "6": [806.7542857000001, 305.5, 168.0], "7": [944.4148649, 305.5, 148.0], "8": [886.1588234999999, 305.5, 136.0], "9": [812.0293333, 340.5, 120.0], "10": [822.3773077000001, 340.5, 104.0], "11": [844.0186667000002, 413.5, 120.0], "12": [801.9954544999999, 450.5, 176.0], "13": [697.93825, 559.5, 160.0], "14": [753.1217241, 559.5, 116.0], "15": [770.7267742, 559.5, 124.0], "16": [827.9647058999999, 559.5, 136.0], "17": [1023.408889, 522.5, 108.0], "18": [1020.8723259999999, 522.5, 172.0], "19": [1126.162121, 522.5, 132.0], "20": [1083.793548, 522.5, 124.0], "21": [801.9602702999999, 559.5, 148.0], "22": [738.8096667, 595.5, 120.0], "23": [949.7967857000001, 559.5, 112.0], "24": [1027.654286, 595.5, 112.0], "25": [1155.711053, 595.5, 152.0], "26": [1117.614667, 595.5, 120.0], "27": [683.9328571000001, 631.5, 140.0], "28": [785.5795455, 631.5, 176.0], "29": [1058.433714, 631.5, 140.0], "30": [1036.041176, 631.5, 136.0], "31": [1261.0434289999998, 595.5, 140.0], "32": [1182.067857, 595.5, 112.0], "33": [836.0984091, 631.5, 176.0], "34": [693.5146341, 631.5, 164.0], "35": [896.8452777999998, 668.0, 144.0], "36": [873.7867441999999, 668.0, 172.0], "37": [873.7867441999999, 668.0, 172.0], "38": [1066.454643, 668.0, 112.0], "39": [758.0431915, 704.5, 188.0], "40": [878.5035088, 704.5, 228.0], "41": [1013.050976, 704.5, 164.0], "42": [963.8133332999998, 704.5, 108.0], "43": [1095.392432, 704.5, 148.0], "44": [783.2642553, 704.5, 188.0], "45": [855.6032142999999, 704.5, 112.0], "46": [764.6178571, 741.0, 112.0], "47": [969.54, 741.0, 196.0], "48": [1057.52125, 741.0, 128.0], "49": [760.8848387, 776.5, 124.0], "50": [746.304359, 776.5, 156.0], "51": [867.9068085000001, 776.5, 188.0], "52": [1006.0027930886604, 777.4988215379751, 144.0], "53": [985.3763332999998, 776.5, 120.0], "54": [978.3265625, 776.5, 128.0], "55": [990.3331034, 776.5, 116.0], "56": [810.655, 776.5, 112.0], "57": [715.39, 232.5, 148.0], "58": [706.1965385, 232.5, 104.0], "59": [706.1965385, 232.5, 104.0], "60": [798.9722222, 232.5, 108.0], "61": [800.1907894999999, 232.5, 152.0], "62": [802.7165385, 232.5, 104.0], "63": [918.6885185000001, 269.5, 108.0], "64": [699.8303448, 269.5, 116.0], "65": [793.9694444, 305.5, 216.0], "66": [850.1371429, 269.5, 112.0], "67": [914.3245161, 305.5, 124.0], "68": [792.7386667000001, 305.5, 120.0], "69": [801.158, 340.5, 140.0], "70": [770.7176923, 340.5, 156.0], "71": [803.5725926, 340.5, 108.0], "72": [869.7576667000002, 305.5, 120.0], "73": [826.7679545, 413.5, 176.0], "74": [822.5162857, 413.5, 140.0], "75": [828.2862857000001, 413.5, 140.0], "76": [726.8658065000001, 269.5, 124.0], "77": [748.7143332999999, 522.5, 120.0], "78": [741.8217949, 522.5, 156.0], "79": [844.3389831000001, 522.5, 236.0], "80": [764.3766667, 559.5, 144.0], "81": [767.1256097999999, 559.5, 164.0], "82": [767.1256097999999, 559.5, 164.0], "83": [691.8102941000001, 559.5, 136.0], "84": [804.5985185, 559.5, 108.0], "85": [1010.4979490000001, 559.5, 156.0], "86": [1111.019189, 559.5, 148.0], "87": [934.4903447999999, 522.5, 116.0], "88": [1124.496875, 522.5, 128.0], "89": [1103.576, 559.5, 140.0], "90": [941.5388462000001, 522.5, 104.0], "91": [757.2196875, 595.5, 128.0], "92": [805.1706061000001, 595.5, 132.0], "93": [760.3496154000001, 595.5, 208.0], "94": [860.3426923000001, 559.5, 104.0], "95": [860.0661765000001, 559.5, 136.0], "96": [690.452963, 595.5, 108.0], "97": [684.8289286, 595.5, 112.0], "98": [783.7766667000001, 631.5, 168.0], "99": [781.9908824, 631.5, 136.0], "100": [762.2711111000001, 631.5, 108.0], "101": [700.0484615, 631.5, 104.0], "102": [799.2466667, 631.5, 132.0], "103": [843.4820455, 631.5, 176.0], "104": [843.4820455, 631.5, 176.0], "105": [954.5534482999999, 595.5, 232.0], "106": [1015.1275832817003, 519.7234985846014, 260.0], "107": [934.6772727, 522.5, 132.0], "108": [832.6075, 522.5, 192.0], "109": [835.5859375, 595.5, 128.0], "110": [1028.4881480000001, 631.5, 108.0], "111": [957.6692857, 668.0, 168.0], "112": [980.0962162000001, 741.0, 148.0], "113": [990.2994286, 741.0, 140.0], "114": [741.3173333, 741.0, 120.0], "115": [893.2136364, 741.0, 132.0], "116": [893.2136364, 741.0, 132.0], "117": [890.5113953, 741.0, 172.0], "118": [889.1655172000001, 741.0, 116.0]}