{"1": [744.2435714, 269.5, 168.0], "2": [621.2377778, 232.5, 144.0], "3": [673.4482979, 232.5, 188.0], "4": [677.982439, 232.5, 164.0], "5": [756.7069565, 269.5, 184.0], "6": [753.0577777999999, 269.5, 252.0], "7": [727.4519231, 269.5, 104.0], "8": [748.4474194000001, 269.5, 124.0], "9": [749.1576271, 232.5, 236.0], "10": [755.6771591, 269.5, 352.0], "11": [804.6184783, 269.5, 184.0], "12": [772.5256410000001, 269.5, 156.0], "13": [775.4061404, 269.5, 228.0], "14": [775.5194915, 305.5, 236.0], "15": [833.5571212, 305.5, 264.0], "16": [784.6645455, 305.5, 264.0], "17": [798.1340426, 269.5, 188.0], "18": [832.5847143, 269.5, 280.0], "19": [868.8396774, 269.5, 124.0], "20": [905.5635714, 269.5, 168.0], "21": [902.15, 269.5, 140.0], "22": [909.9151019999999, 269.5, 196.0], "23": [765.1481012999999, 305.5, 316.0], "24": [878.1151471000001, 305.5, 272.0], "25": [964.2285714, 305.5, 140.0], "26": [776.4385714, 340.5, 280.0], "27": [821.8061667000001, 340.5, 240.0], "28": [756.3577778, 377.5, 216.0], "29": [761.7661905, 522.5, 168.0], "30": [787.4382609, 522.5, 184.0], "31": [755.2667742000001, 522.5, 124.0], "32": [794.09, 522.5, 448.0], "33": [953.68, 522.5, 148.0], "34": [986.7865385, 522.5, 104.0], "35": [986.0563635999999, 522.5, 176.0], "36": [1082.741373, 522.5, 204.0], "37": [857.7335714, 559.5, 112.0], "38": [787.8834, 559.5, 400.0], "39": [968.3686667000002, 595.5, 120.0], "40": [784.865, 559.5, 296.0], "41": [951.1892857, 559.5, 168.0], "42": [993.8201695, 559.5, 236.0], "43": [995.6978947, 559.5, 228.0], "44": [766.9726829, 595.5, 164.0], "45": [774.6666038, 595.5, 212.0], "46": [773.0575758, 595.5, 132.0], "47": [774.7781818, 595.5, 220.0], "48": [766.1311764999999, 595.5, 136.0], "49": [923.9441892000001, 595.5, 296.0], "50": [998.8363462000001, 595.5, 208.0], "51": [807.4387879, 595.5, 264.0], "52": [815.3803333, 595.5, 120.0], "53": [903.929, 595.5, 120.0], "54": [980.9039024, 595.5, 164.0], "55": [1028.201964, 595.5, 224.0], "56": [1149.172, 595.5, 180.0], "57": [1206.246889, 595.5, 180.0], "58": [1257.3537210000002, 595.5, 172.0], "59": [873.8904762, 595.5, 168.0], "60": [763.2587805, 595.5, 164.0], "61": [719.8164865, 595.5, 148.0], "62": [715.6202083, 595.5, 192.0], "63": [710.5366667000001, 595.5, 120.0], "64": [757.751087, 595.5, 184.0], "65": [817.6082222, 595.5, 180.0], "66": [768.6857692000001, 595.5, 104.0], "67": [762.2425714, 595.5, 140.0], "68": [803.9191304, 631.5, 184.0], "69": [932.2075438999999, 595.5, 228.0], "70": [987.0663636, 595.5, 176.0], "71": [992.2794937000001, 595.5, 316.0], "72": [994.6432609, 595.5, 184.0], "73": [1021.8548390000001, 595.5, 124.0], "74": [1022.692174, 595.5, 184.0], "75": [1096.821071, 595.5, 112.0], "76": [816.5125, 595.5, 256.0], "77": [812.5313235, 595.5, 272.0], "78": [770.8475, 631.5, 192.0], "79": [829.9537037, 668.0, 108.0], "80": [923.7448649, 704.5, 148.0], "81": [921.1505127999999, 704.5, 156.0], "82": [896.1131579, 668.0, 152.0], "83": [809.3848437999999, 704.5, 256.0], "84": [969.9735714, 704.5, 112.0], "85": [939.301791, 704.5, 268.0], "86": [931.9348387, 704.5, 124.0], "87": [840.4503846000001, 704.5, 104.0], "88": [799.1332143, 704.5, 224.0], "89": [886.0727082999998, 704.5, 192.0], "90": [976.5660713999999, 704.5, 112.0], "91": [949.0851351, 704.5, 296.0], "92": [1003.3439060000001, 704.5, 256.0], "93": [994.5021429, 704.5, 224.0], "94": [969.6294286, 704.5, 140.0], "95": [966.096, 704.5, 380.0], "96": [982.5959322000001, 704.5, 236.0], "97": [1055.0256669999999, 668.0, 120.0], "98": [984.1635484, 704.5, 124.0], "99": [986.7283332999999, 704.5, 120.0], "100": [1025.1605880000002, 631.5, 136.0], "101": [865.6696429, 305.5, 112.0], "102": [897.0004082, 305.5, 196.0], "103": [958.706, 305.5, 140.0], "104": [1097.1220976148302, 702.0056731939328, 192.0], "105": [908.5160714, 269.5, 112.0], "106": [870.8338462000002, 305.5, 104.0], "107": [1156.15825, 741.0, 160.0], "108": [1095.8803900310486, 710.6976262804039, 216.0], "109": [993.661875, 305.5, 128.0], "110": [957.9678049, 305.5, 164.0], "111": [1106.397838, 741.0, 148.0], "112": [1193.9752891497938, 740.4986082911621, 132.0], "113": [1181.240294, 741.0, 136.0], "114": [1018.2742109999999, 704.5, 228.0], "115": [947.4895652, 741.0, 276.0], "116": [980.8188889, 741.0, 144.0], "117": [805.5753571, 741.0, 112.0], "118": [788.8867647000001, 741.0, 136.0], "119": [947.9539189, 741.0, 296.0], "120": [997.225, 741.0, 112.0], "121": [780.0996552, 522.5, 116.0], "122": [789.961, 522.5, 120.0], "123": [1050.286567, 595.5, 268.0], "124": [1070.941429, 741.0, 168.0], "125": [961.5218518999999, 741.0, 108.0], "126": [707.1545455, 559.5, 132.0], "127": [806.8688525, 559.5, 244.0], "128": [789.2183332999999, 559.5, 216.0], "129": [1005.07939, 559.5, 328.0], "130": [817.7354, 522.5, 200.0], "131": [790.7308571000001, 522.5, 140.0], "132": [980.8822917000001, 668.0, 192.0], "133": [946.6005970000001, 704.5, 268.0], "134": [952.1765517000001, 741.0, 116.0], "135": [853.5013332999998, 741.0, 120.0], "136": [853.7826316, 741.0, 152.0], "137": [955.9352273, 741.0, 176.0], "138": [946.6123403999999, 631.5, 188.0], "139": [1003.713333, 631.5, 168.0], "140": [1113.404314, 559.5, 204.0], "141": [1185.513103, 595.5, 116.0], "142": [831.9348147999999, 776.5, 108.0], "143": [952.398, 741.0, 140.0], "144": [782.6950877, 741.0, 228.0], "145": [940.3221569, 741.0, 204.0], "146": [744.2296667, 741.0, 240.0], "147": [869.0648980000001, 741.0, 196.0], "148": [868.28375, 776.5, 128.0], "149": [1062.226949, 741.0, 236.0], "150": [1064.277941, 704.5, 136.0], "151": [1062.8680650000001, 741.0, 124.0], "152": [1067.043333, 741.0, 108.0], "153": [1073.3088890000001, 776.5, 108.0], "154": [1102.0064519999999, 776.5, 124.0], "155": [1090.305385, 741.0, 156.0], "156": [1098.6682349999999, 741.0, 204.0], "157": [1094.065517, 741.0, 116.0], "158": [1142.549143, 741.0, 140.0], "159": [998.9076923, 776.5, 104.0], "160": [1001.732941, 776.5, 136.0], "161": [944.3758065, 776.5, 124.0], "162": [943.8379545, 776.5, 176.0], "163": [801.2477083, 595.5, 192.0], "164": [831.6465517000001, 704.5, 116.0], "165": [818.9795988477547, 523.1997811293843, 164.0], "166": [803.4965333, 595.5, 300.0], "167": [840.1311111, 631.5, 180.0], "168": [839.3051852, 631.5, 108.0], "169": [791.7233332999999, 522.5, 180.0], "170": [795.074386, 377.5, 228.0], "171": [829.5736667, 413.5, 120.0], "172": [780.9619512, 340.5, 164.0], "173": [749.8982979, 269.5, 376.0]}