{"1": [61.2, 385.0, 110.0], "2": [115.9, 385.0, 157.0], "3": [176.3, 385.0, 273.0], "4": [239.7, 385.0, 191.0], "5": [308.1800834144395, 385.14042696892017, 161.0], "6": [370.0, 385.0, 202.0], "7": [480.9, 385.0, 361.0], "8": [608.4, 385.0, 192.0], "9": [670.6, 385.0, 188.0], "10": [710.4, 385.0, 215.0], "11": [765.4, 385.0, 152.0], "12": [879.4, 385.0, 248.0], "13": [874.8, 385.0, 282.0], "14": [683.8850265729718, 384.8241770167664, 113.0], "15": [113.05386293563889, 385.14042696891994, 201.0], "16": [52.8, 385.0, 181.0], "17": [196.54385030420175, 385.14042696891994, 206.0], "18": [234.7, 385.0, 181.0], "19": [374.4, 385.0, 207.0], "20": [501.1, 385.0, 251.0], "21": [683.8850265729719, 385.7729268732272, 181.0], "22": [863.2, 385.0, 278.0], "23": [890.712495281457, 384.5079270646127, 596.0], "24": [889.1312455206887, 384.5079270646124, 696.0]}