{"1" : [1164.3, 529.7, 46.8621901263193], "3" : [854.2, 526.6, 414.8621901263193], "5" : [863.5, 529.4, 17.8621901263193], "7" : [926.6, 522.7, 213.8621901263193], "9" : [922.7, 528.1, 38.8621901263193], "11" : [1124.1, 528.7, 191.8621901263193], "13" : [967.8, 524.2, 569.8621901263193], "15" : [971.1, 507.8, 38.8621901263193], "17" : [733.0, 514.0, 140.8621901263193], "19" : [726.9, 518.6, 20.8621901263193], "21" : [627.0, 523.7, 256.8621901263193], "23" : [630.7, 526.3, 23.8621901263193], "25" : [785.9, 517.9, 173.8621901263193], "27" : [794.9, 519.8, 23.8621901263193], "29" : [912.0, 525.1, 270.8621901263193], "31" : [907.2, 533.4, 23.8621901263193], "33" : [1091.8, 524.6, 221.8621901263193], "35" : [1095.3, 525.2, 26.8621901263193], "37" : [1289.9, 513.9, 164.8621901263193], "39" : [1293.6, 512.5, 65.8621901263193], "41" : [610.1, 528.5, 731.8621901263193], "43" : [598.4, 533.0, 22.8621901263193], "45" : [718.8, 525.2, 215.8621901263193], "47" : [717.7, 526.0, 13.862190126319302], "49" : [674.5, 525.9, 302.8621901263193], "51" : [682.1, 532.1, 21.8621901263193], "53" : [830.8, 525.2, 245.8621901263193], "55" : [836.5, 532.3, 16.8621901263193], "57" : [932.0, 526.2, 208.8621901263193], "59" : [937.1, 526.6, 18.8621901263193], "61" : [1026.4, 525.7, 254.86219012631926], "63" : [1036.1, 525.0, 10.862190126319302], "65" : [1065.9, 527.8, 222.8621901263193], "67" : [1064.0, 532.8, 25.8621901263193], "69" : [1218.6, 518.0, 308.8621901263193], "71" : [1219.5, 519.1, 27.8621901263193], "73" : [1006.5, 528.9, 227.8621901263193], "75" : [1003.9, 532.2, 16.8621901263193], "77" : [935.4, 537.7, 282.8621901263193], "79" : [931.4, 541.4, 6.862190126319302], "81" : [916.7, 538.2, 131.8621901263193], "83" : [917.7, 539.8, 47.8621901263193]}