{"1" : [734.3, 522.7, 39.03750462040892], "3" : [993.1, 530.7, 128.03750462040892], "5" : [985.8, 534.8, 7.037504620408914], "7" : [967.1, 532.0, 84.03750462040891], "9" : [968.3, 533.7, 38.03750462040892], "11" : [701.6, 502.8, 285.0375046204089], "13" : [692.9, 507.6, 32.03750462040892], "15" : [903.4, 526.3, 216.03750462040892], "17" : [898.2, 530.2, 26.037504620408914], "19" : [1029.9, 533.6, 200.03750462040892], "21" : [1030.5, 537.0, 24.037504620408914], "23" : [1150.3, 530.1, 169.03750462040892], "25" : [1148.1, 531.9, 22.037504620408914], "27" : [1246.7, 533.6, 191.03750462040892], "29" : [1249.2, 533.0, 27.037504620408914], "31" : [1064.1, 523.6, 245.03750462040892], "33" : [1061.7, 519.1, 234.03750462040892], "35" : [1170.1, 512.3, 273.0375046204089], "37" : [1157.6, 524.3, 16.037504620408914], "39" : [1113.6, 518.0, 166.03750462040892], "41" : [1116.6, 514.8, 60.03750462040892], "43" : [960.4, 546.5, 614.0375046204089], "45" : [955.1, 538.3, 37.03750462040892], "47" : [693.7, 516.4, 156.03750462040892], "49" : [688.4, 514.7, 7.037504620408914], "51" : [653.5, 521.5, 127.03750462040891], "53" : [648.0, 498.8, 184.03750462040892], "55" : [664.2, 471.4, 196.03750462040892], "57" : [670.6, 490.7, 17.037504620408914], "59" : [636.3, 504.5, 644.0375046204089], "61" : [633.8, 508.5, 8.037504620408914], "63" : [610.5, 511.2, 308.0375046204089], "65" : [613.1, 511.9, 182.03750462040892], "67" : [651.5, 501.6, 217.03750462040892], "69" : [648.0, 518.6, 11.037504620408914], "71" : [611.1, 514.7, 218.03750462040892], "73" : [603.4, 486.4, 145.03750462040892]}