{"1" : [1086.2, 632.5, 15.8601335406402], "3" : [1024.0, 622.3, 249.8601335406402], "5" : [1036.4, 605.0, 316.8601335406402], "7" : [952.6, 657.5, 112.8601335406402], "11" : [956.4, 535.7, 229.8601335406402], "13" : [950.1, 513.0, 223.8601335406402], "15" : [879.9, 469.6, 292.8601335406402], "17" : [880.1, 473.3, 18.860133540640202], "19" : [956.0, 477.5, 79.8601335406402], "21" : [960.2, 480.4, 20.860133540640202], "23" : [1035.4, 482.4, 232.8601335406402], "25" : [1035.4, 489.9, 10.860133540640202], "27" : [1073.4, 485.9, 101.8601335406402], "29" : [1073.4, 487.2, 34.860133540640206], "31" : [831.7, 484.0, 425.8601335406402], "33" : [828.3, 482.4, 22.860133540640202], "35" : [939.1, 564.5, 209.8601335406402], "37" : [939.3, 569.3, 9.860133540640202], "39" : [935.1, 590.6, 50.860133540640206], "41" : [934.3, 580.5, 273.8601335406402]}