{"1" : [725.0, 554.6, 33.6389142003712], "3" : [655.7, 540.0, 70.63891420037119], "5" : [655.6, 533.1, 316.6389142003712], "7" : [650.8, 507.0, 55.6389142003712], "9" : [655.6, 533.1, 51.6389142003712], "11" : [647.8, 505.1, 38.6389142003712], "13" : [646.5, 504.7, 20.638914200371193], "15" : [742.2, 516.8, 438.6389142003712], "17" : [740.4, 513.4, 18.638914200371193], "19" : [676.2, 505.8, 49.6389142003712], "21" : [677.9, 506.1, 120.63891420037119], "23" : [682.8, 500.7, 90.63891420037119], "25" : [683.0, 496.2, 32.6389142003712], "27" : [880.5, 504.2, 389.6389142003712], "29" : [880.1, 527.7, 26.638914200371193], "31" : [1021.4, 513.5, 88.63891420037119], "33" : [1020.8, 526.5, 69.63891420037119], "35" : [1008.3, 537.7, 112.63891420037119], "37" : [1005.2, 544.3, 226.6389142003712], "39" : [963.8, 552.7, 582.6389142003712], "41" : [964.0, 561.1, 46.6389142003712], "43" : [810.2, 473.2, 161.6389142003712], "45" : [809.1, 467.0, 21.638914200371193]}