{"1": [64.6, 385.0, 106.0], "2": [127.6, 385.0, 162.0], "3": [151.3, 385.0, 224.0], "4": [251.3, 385.0, 217.0], "5": [328.7487174010862, 384.7293080431236, 199.0], "6": [372.8, 385.0, 162.0], "7": [446.4, 385.0, 284.0], "8": [540.0052739644887, 383.2257026583307, 194.0], "9": [607.9, 385.0, 143.0], "10": [709.9126824460865, 383.97750535072714, 213.0], "11": [781.4, 385.0, 164.0], "12": [902.3741716995777, 384.7293080431236, 212.0], "13": [841.7, 385.0, 204.0], "14": [904.7, 385.0, 202.0], "15": [945.3, 385.0, 858.0], "16": [940.8, 385.0, 338.0]}