{"1": [73.13580198629316, 386.2329134279165, 203.0], "2": [120.49937160726952, 383.2257026583307, 189.0], "3": [153.57869007271333, 385.48111073552, 167.0], "4": [253.1, 385.0, 207.0], "5": [339.1, 385.0, 235.0], "6": [443.9, 385.0, 289.0], "7": [494.89711242070166, 381.72209727353777, 311.0], "8": [434.3, 385.0, 240.0], "9": [566.3183681983644, 386.98471612031295, 258.0], "10": [533.2, 385.0, 287.0], "11": [565.566565505968, 385.48111073552, 252.0], "12": [641.3, 385.0, 217.0], "13": [718.1825120624474, 383.2257026583307, 197.0], "14": [760.9, 385.0, 267.0], "15": [864.6, 385.0, 275.0], "16": [912.6, 385.0, 449.0], "17": [712.9198932156722, 383.97750535072714, 272.0], "18": [650.9, 385.0, 856.0]}