{"1": [32.0, 385.0, 186.0], "2": [62.7, 385.0, 162.0], "3": [112.8, 385.0, 158.0], "4": [183.2, 385.0, 224.0], "5": [221.0, 385.0, 208.0], "6": [282.3276100270681, 384.93946759483754, 283.0], "7": [316.6, 385.0, 175.0], "8": [372.5, 385.0, 313.0], "9": [421.2753931970641, 384.56494526823377, 181.0], "10": [466.5, 385.0, 289.0], "11": [452.3607463051764, 385.6885122480451, 194.0], "12": [530.6, 385.0, 223.0], "13": [578.2002480440408, 384.93946759483754, 220.0], "14": [643.4, 385.0, 375.0], "15": [153.3, 385.0, 315.0], "16": [139.3, 385.0, 167.0], "17": [207.79766703291938, 384.19042294163, 169.0]}