{"1" : [1034.9, 533.2, 23.8621901263193], "3" : [1161.2, 530.5, 208.8621901263193], "5" : [1162.9, 534.2, 47.8621901263193], "7" : [815.5, 536.4, 309.8621901263193], "9" : [816.5, 536.4, 22.8621901263193], "11" : [992.2, 534.3, 341.8621901263193], "13" : [992.2, 542.8, 22.8621901263193], "15" : [1121.8, 539.6, 258.8621901263193], "17" : [974.3, 541.1, 530.8621901263193], "19" : [976.2, 541.0, 41.8621901263193], "21" : [747.3, 530.6, 214.8621901263193], "23" : [749.4, 530.3, 17.8621901263193], "25" : [680.3, 527.1, 197.8621901263193], "27" : [682.4, 527.6, 38.8621901263193], "29" : [931.6, 518.5, 220.8621901263193], "31" : [931.7, 521.4, 38.8621901263193]}