{"1" : [423.1, 432.0, 241.90445061740334], "3" : [418.6, 519.6, 233.90445061740334], "5" : [412.8, 420.8, 26.904450617403327], "7" : [570.3, 437.9, 277.9044506174033], "9" : [574.9, 445.7, 14.904450617403329], "11" : [623.1, 444.0, 220.90445061740334], "13" : [623.1, 441.3, 20.904450617403327], "15" : [713.2, 443.9, 115.90445061740333], "17" : [715.9, 445.7, 22.904450617403327], "19" : [817.5, 444.0, 465.9044506174033], "21" : [792.1, 451.0, 322.9044506174033], "23" : [948.9, 541.7, 92.90445061740333], "25" : [944.0, 499.8, 344.9044506174033], "27" : [1081.2, 470.8, 516.9044506174033], "29" : [1086.6, 455.3, 31.90445061740333], "31" : [1273.8, 436.6, 95.90445061740333], "33" : [1272.8, 433.9, 24.904450617403327], "35" : [1115.0, 435.4, 119.90445061740333], "37" : [1113.6, 433.2, 191.90445061740334], "39" : [1066.0, 473.1, 72.90445061740333], "41" : [1059.1, 443.7, 50.90445061740333], "43" : [1381.1, 444.5, 265.9044506174033], "45" : [1377.8, 443.8, 52.90445061740333], "47" : [980.4, 548.5, 132.90445061740334], "49" : [976.7, 545.7, 686.9044506174033], "53" : [964.6, 531.9, 69.90445061740333], "55" : [963.4, 528.1, 548.9044506174033], "57" : [886.7, 642.0, 54.90445061740333], "59" : [879.0, 551.0, 20.904450617403327], "61" : [906.6, 412.1, 255.90445061740337], "63" : [913.6, 417.2, 15.90445061740333]}