{"1" : [770.3358195580985, 1.2910399653695726, 67.0], "3" : [601.3607336828911, 67.65759128421041, 191.0], "5" : [722.9469158589168, 68.75719354826093, 292.0], "7" : [883.5275844425296, 68.13379576508439, 290.0], "9" : [624.9435690858169, 64.5580925814221, 241.0], "11" : [720.5868860290487, 67.55519688268353, 183.0], "13" : [883.8986770247926, 73.64890423812537, 227.0], "15" : [1018.4353393550587, 84.3285148460088, 249.0], "17" : [1079.3672948082617, 85.76352343750806, 159.0], "19" : [676.5046824828715, 105.08327573006751, 299.0], "21" : [831.563234694649, 105.61065987060401, 272.0], "23" : [946.2467062000387, 108.65449547426277, 167.0], "25" : [1032.183998651005, 115.80559884336833, 250.0], "27" : [594.4964593961906, 129.47167934156076, 226.0], "29" : [594.4964593961906, 129.47167934156076, 226.0], "31" : [737.5552035315503, 132.06359751132783, 250.0], "33" : [737.5552035315503, 132.06359751132783, 250.0], "35" : [737.5552035315503, 132.06359751132783, 250.0], "37" : [831.9133883829163, 136.18284559101212, 239.0], "39" : [1000.7203814431714, 141.8719720853176, 157.0], "41" : [1004.7798508806472, 145.10895196980883, 134.0], "43" : [1122.6419352819516, 152.6032263009738, 93.0], "45" : [1122.7702897990284, 156.10869472356526, 138.0], "47" : [724.8440675486609, 174.26327833333377, 177.0], "49" : [785.4757758044324, 174.28695584010455, 161.0], "51" : [917.7186120336777, 171.68284614960535, 274.0], "53" : [917.7186120336777, 171.68284614960535, 274.0], "55" : [655.4281069512324, 249.79405512370855, 185.0], "57" : [781.8333311955394, 258.79009080804553, 111.0], "59" : [781.8333311955394, 258.79009080804553, 111.0], "61" : [783.1950496974011, 261.2910901156311, 101.0], "63" : [783.1950496974011, 261.2910901156311, 101.0], "65" : [907.3369557432724, 252.8056537166659, 230.0], "67" : [890.752083234656, 253.72291705756754, 144.0], "69" : [890.752083234656, 253.72291705756754, 144.0], "71" : [1001.8641985825124, 244.44863665713166, 257.0], "73" : [681.4831048604772, 292.45023116635525, 219.0], "75" : [681.4831048604772, 292.45023116635525, 219.0], "77" : [807.0223537254293, 287.88313724735326, 255.0], "79" : [928.6668254203076, 278.94834100157914, 211.0], "81" : [1084.4736351715321, 275.1590955047004, 220.0], "83" : [642.0525669519703, 324.41474586690845, 156.0], "85" : [642.0525669519703, 324.41474586690845, 156.0], "87" : [571.4013825688997, 323.06137987715493, 145.0], "89" : [678.5733901062803, 322.1685499387375, 248.0], "91" : [768.7129510056229, 318.69568338504735, 139.0], "93" : [881.6361493365179, 312.95070213011866, 213.0], "95" : [1014.6797105470182, 308.7913033167896, 69.0], "97" : [1016.3140436978669, 304.7741559585533, 178.0], "99" : [1127.7261396060892, 306.78045535262453, 394.0], "101" : [698.2962969428056, 355.07685186948976, 216.0], "103" : [796.3902780186227, 351.4152783527726, 72.0], "105" : [799.0735078946966, 353.9112591485261, 151.0], "107" : [919.434120860693, 350.9947825834324, 211.0], "109" : [1032.5121943776173, 345.37951158508343, 205.0], "111" : [977.8335997803377, 348.09119971450326, 125.0], "113" : [650.5469707222107, 414.0272722219202, 66.0], "115" : [649.9572362715038, 420.7513172428827, 152.0], "117" : [779.2158486090273, 420.31547186426764, 265.0], "119" : [931.4198563108764, 423.887726862357, 277.0], "121" : [931.4198563108764, 423.887726862357, 277.0], "123" : [1072.9758738528442, 419.0723789307686, 286.0], "125" : [677.6276872046368, 453.7169504061552, 177.0], "127" : [781.8712210352694, 453.21073290301797, 205.0], "129" : [893.1760676795425, 455.5260685501515, 188.0], "131" : [893.1760676795425, 455.5260685501515, 188.0], "133" : [988.4730573522728, 459.3481873833676, 193.0], "135" : [988.4730573522728, 459.3481873833676, 193.0], "137" : [988.4730573522728, 459.3481873833676, 193.0], "139" : [988.4730573522728, 459.3481873833676, 193.0], "141" : [1075.2805979579232, 451.1109454960638, 201.0], "143" : [591.2478244369058, 492.8760867842514, 230.0], "145" : [718.611189421875, 482.33006601892066, 286.0], "147" : [718.611189421875, 482.33006601892066, 286.0], "149" : [657.3834197762624, 485.50000038064843, 187.0], "151" : [949.956815637256, 479.5113652588781, 88.0], "153" : [948.0116639356596, 482.56666173715445, 60.0], "155" : [909.3434801511648, 484.4144906881452, 69.0], "157" : [1079.2594485262355, 480.3590558117783, 254.0], "159" : [1079.2594485262355, 480.3590558117783, 254.0], "161" : [1160.4866133179053, 478.3259854851129, 127.0], "163" : [694.5344978961429, 510.84449952148293, 200.0], "165" : [804.6725147882398, 514.2198815852441, 171.0], "167" : [927.7447006783128, 518.309677014508, 217.0], "169" : [1060.4178741764295, 519.4370170918276, 235.0], "171" : [660.8828331210384, 587.6433752460817, 332.0], "173" : [660.8828331210384, 587.6433752460817, 332.0], "175" : [819.2929578631012, 582.1079807912085, 213.0], "177" : [766.6237598631224, 583.8187843648805, 181.0], "179" : [960.985163500661, 581.9884606624765, 182.0], "181" : [929.7118658423967, 583.9101715092708, 59.0], "183" : [929.7118658423967, 583.9101715092708, 59.0], "185" : [928.9461545747639, 584.5747262539636, 91.0], "187" : [928.9461545747639, 584.5747262539636, 91.0], "189" : [1003.4270094743578, 585.9580451405084, 174.0], "191" : [1115.6316115937034, 585.3341935115701, 155.0], "193" : [683.0317979253466, 616.5751165762628, 217.0], "195" : [794.7346542462651, 617.8757422017819, 202.0], "197" : [907.8344265199918, 615.0114768484256, 183.0], "199" : [1034.534506292759, 616.0809872988393, 142.0], "201" : [991.0709068803563, 616.9939381528654, 165.0], "203" : [646.1165921060455, 648.0825111177382, 223.0], "205" : [775.9959988247296, 650.4444002942681, 250.0], "207" : [931.9654973881557, 644.4222194710894, 342.0], "209" : [1061.4947611324058, 652.0331887617294, 229.0], "211" : [680.6544984626684, 686.7576728799551, 189.0], "213" : [751.2075669459074, 683.0972967688044, 185.0], "215" : [868.8134129807773, 682.4902448104856, 82.0], "217" : [873.0436898248246, 683.7941727626387, 103.0], "219" : [979.2148841025183, 683.6995332245477, 215.0], "221" : [1070.3790868039703, 687.1608365412754, 263.0], "223" : [614.9132618523167, 759.2530412416826, 181.0], "225" : [653.1179626642381, 755.2089823921581, 167.0], "227" : [653.1179626642381, 755.2089823921581, 167.0], "229" : [779.445682837847, 746.360408492531, 197.0], "231" : [957.1023193421267, 746.9152323483345, 302.0], "233" : [823.5376950219069, 743.8396165717704, 260.0], "235" : [999.2891186400217, 746.2896384519343, 193.0], "237" : [1109.8243386047254, 748.6216940583947, 189.0], "239" : [714.5692025242508, 787.8495954945458, 250.0], "241" : [714.5692025242508, 787.8495954945458, 250.0], "243" : [869.6752768861487, 775.8383784823861, 271.0], "245" : [1009.7381213971923, 776.8270728964784, 181.0], "247" : [972.4458332872065, 777.4499973884723, 168.0], "249" : [972.4458332872065, 777.4499973884723, 168.0], "251" : [598.9053463935694, 812.990908578856, 187.0], "253" : [688.9759833778626, 813.3358066030207, 229.0], "255" : [822.573366552531, 813.634497796101, 229.0], "257" : [981.7914107909701, 815.9392593753848, 326.0], "259" : [958.8064527906542, 819.128494993828, 186.0], "261" : [958.8064527906542, 819.128494993828, 186.0], "263" : [958.8064527906542, 819.128494993828, 186.0], "265" : [1108.1022991176615, 817.6534456156085, 174.0], "267" : [693.0538449215937, 852.8870462032705, 247.0], "269" : [732.1427946480468, 856.3371131080384, 229.0], "271" : [878.5640383464801, 849.1684206759456, 228.0], "273" : [937.1268058439081, 851.3000028333724, 194.0], "275" : [1046.5217864369029, 850.1162020146505, 179.0], "277" : [632.8695824599398, 926.8223751662506, 286.0], "279" : [739.9273299767073, 918.062732403734, 322.0], "281" : [739.9273299767073, 918.062732403734, 322.0], "283" : [904.1901189871602, 910.8743104980232, 253.0], "285" : [980.197541003717, 912.7155737091393, 122.0], "287" : [1089.6785721493554, 906.2128530750005, 210.0], "289" : [723.2151223909051, 942.1209753661304, 205.0],