{"1" : [610.015038614365, 128.07518723204956, 133.0], "3" : [651.9135240974555, 70.5478267764882, 207.0], "5" : [651.9135240974555, 70.5478267764882, 207.0], "7" : [774.057435717891, 71.7000018088173, 195.0], "9" : [657.0428047404426, 65.88057827960186, 278.0], "11" : [770.9911394395612, 69.95569950624194, 316.0], "13" : [896.174235817306, 76.71790699945032, 229.0], "15" : [857.9753622272865, 79.73913074330059, 138.0], "17" : [1051.3898166940012, 73.14583517678976, 216.0], "19" : [1051.3898166940012, 73.14583517678976, 216.0], "21" : [1055.8579605604468, 64.57261431615858, 157.0], "23" : [1022.0621305501253, 59.48893607404454, 235.0], "25" : [821.7946802301973, 99.05425691119501, 94.0], "27" : [821.7946802301973, 99.05425691119501, 94.0], "29" : [819.2721309409906, 104.121309986669, 61.0], "31" : [690.6325906239869, 105.13760360578834, 359.0], "33" : [917.5045449339104, 103.69408879760663, 220.0], "35" : [1034.5808756405486, 105.48007953182969, 251.0], "37" : [1070.2023221119837, 106.63837116841569, 86.0], "39" : [685.6064549256137, 137.3395139202713, 124.0], "41" : [602.1067877502545, 136.3611101048753, 162.0], "43" : [777.3544738251871, 137.63462949987726, 257.0], "45" : [713.0513659313172, 138.14363256024188, 220.0], "47" : [643.5507690857175, 134.57846392541455, 65.0], "49" : [643.5507690857175, 134.57846392541455, 65.0], "51" : [643.5507690857175, 134.57846392541455, 65.0], "53" : [579.4168031924974, 135.44467206765646, 244.0], "55" : [999.054348075103, 140.89782126381462, 92.0], "57" : [1011.3018993910283, 134.4417730127649, 158.0], "59" : [1011.3018993910283, 134.4417730127649, 158.0], "61" : [1125.6925272431467, 133.46609037451145, 174.0], "63" : [834.6164821303904, 172.57747160397216, 182.0], "65" : [795.5396364517983, 168.49451480624222, 164.0], "67" : [795.5396364517983, 168.49451480624222, 164.0], "69" : [972.1162689542778, 166.7038267985725, 209.0], "71" : [972.1162689542778, 166.7038267985725, 209.0], "73" : [908.7077466017159, 174.1498307654279, 297.0], "75" : [693.2990940809169, 226.59547549359883, 221.0], "77" : [717.8094340241814, 231.62735725142926, 212.0], "79" : [793.4872356998904, 230.942551608755, 188.0], "81" : [675.3322804671191, 229.66067802832782, 412.0], "83" : [675.3322804671191, 229.66067802832782, 412.0], "85" : [804.2196257662217, 233.30560910853586, 107.0], "87" : [807.081317961983, 233.93955895795247, 91.0], "89" : [862.4168343504649, 233.47346912856005, 196.0], "91" : [976.6311878368894, 229.59559126453073, 295.0], "93" : [869.506108028496, 224.84618167865133, 262.0], "95" : [728.6644077657253, 246.11440860371368, 236.0], "97" : [937.3378784265113, 248.62121616324458, 66.0], "99" : [942.5592882406212, 250.3230124065602, 113.0], "101" : [1028.4120618832055, 248.7296505858332, 199.0], "103" : [720.1661018663148, 281.9361566534726, 177.0], "105" : [654.1476515430718, 283.03422640374714, 149.0], "107" : [923.4443893778306, 248.98146533897312, 205.0], "109" : [838.014565750074, 254.215747998574, 254.0], "111" : [742.7590367936049, 253.67289310218115, 166.0], "113" : [670.313590449488, 262.4038814926025, 206.0], "115" : [670.313590449488, 262.4038814926025, 206.0], "117" : [617.1477592958843, 280.88109172735955, 201.0], "119" : [736.7726924200456, 280.56554326035507, 238.0], "121" : [890.4827372861918, 279.0496407092116, 139.0], "123" : [618.2008371758793, 286.18907126370505, 119.0], "125" : [614.6044131023981, 287.38455801016283, 136.0], "127" : [697.4124091644206, 286.15182281583554, 137.0], "129" : [927.9947367722868, 277.98789496413485, 190.0], "131" : [1050.390003409299, 277.93272795145106, 110.0], "133" : [1051.9276074706872, 279.79635286158367, 192.0], "135" : [982.2391599125165, 278.120281071231, 143.0], "137" : [922.2650532237483, 284.2349454198483, 186.0], "139" : [876.3215049626455, 281.5150501224378, 186.0], "141" : [918.684089463512, 279.6556804561145, 176.0], "143" : [1019.01946527177, 283.185876029373, 262.0], "145" : [946.623205334111, 282.13204196633507, 181.0], "147" : [714.7832537769052, 311.2054164049246, 203.0], "149" : [714.7832537769052, 311.2054164049246, 203.0], "151" : [824.3632133155567, 317.7377358160682, 106.0], "153" : [726.3517065483019, 319.43805011978026, 205.0], "155" : [700.165874429186, 321.6857175772367, 126.0], "157" : [769.3187492412476, 355.06953225930226, 128.0], "159" : [799.265049251946, 331.7381726200312, 186.0], "161" : [799.265049251946, 331.7381726200312, 186.0], "163" : [730.4752098407263, 322.80000128473904, 242.0], "165" : [730.4752098407263, 322.80000128473904, 242.0], "167" : [920.4863624596816, 320.60170756290546, 176.0], "169" : [1035.885998457446, 323.0755013719872, 200.0], "171" : [1035.885998457446, 323.0755013719872, 200.0], "173" : [1007.4111124019956, 323.7555566436421, 162.0], "175" : [1007.4111124019956, 323.7555566436421, 162.0], "177" : [702.5439796588221, 389.75648036868097, 216.0], "179" : [681.1114161154625, 394.30000137093054, 219.0], "181" : [746.5366997575501, 392.8202123707477, 188.0], "183" : [669.9101066150712, 396.3526583880603, 188.0], "185" : [801.1831471300425, 389.3808991273257, 89.0], "187" : [824.4956044943134, 411.5415070883607, 159.0], "189" : [727.1262509392784, 415.2633349022059, 240.0], "191" : [727.1262509392784, 415.2633349022059, 240.0], "193" : [895.7379558665089, 413.4784673529127, 274.0], "195" : [875.5620700152159, 415.1965521129101, 87.0], "197" : [1028.2733335343223, 415.78533459132007, 225.0], "199" : [1074.2321428593496, 419.36249965471626, 112.0], "201" : [980.1532017750689, 413.8630549608201, 203.0], "203" : [980.1532017750689, 413.8630549608201, 203.0], "205" : [887.2779515147676, 416.90078831243056, 254.0], "207" : [887.2779515147676, 416.90078831243056, 254.0], "209" : [671.8899988767723, 446.6681244475621, 160.0], "211" : [596.0880639400019, 456.4179116596146, 67.0], "213" : [596.0014426598774, 458.3336550868664, 208.0], "215" : [717.3438880901931, 453.16999904846386, 180.0], "217" : [804.433727623345, 448.2781076441771, 169.0], "219" : [961.3219996553606, 440.23799919123616, 250.0], "221" : [972.0851042966017, 439.76382889558454, 141.0], "223" : [1007.5466349432778, 442.77667640878195, 193.0], "225" : [1007.5466349432778, 442.77667640878195, 193.0], "227" : [949.3693307424354, 440.06666652104485, 75.0], "229" : [948.3007093644612, 439.9857154892517, 140.0], "231" : [679.4898151304428, 490.732871324794, 216.0], "233" : [679.4898151304428, 490.732871324794, 216.0], "235" : [679.4898151304428, 490.732871324794, 216.0], "237" : [805.208333285463, 482.6515578964013, 192.0], "239" : [890.7938936608763, 472.25267079165457, 131.0], "241" : [1073.9197887125415, 478.05722142509853, 187.0], "243" : [1073.9197887125415, 478.05722142509853, 187.0], "245" : [739.2861720082357, 560.6670227595221, 94.0], "247" : [734.8774996371349, 560.3800019617557, 80.0], "249" : [633.4134458110696, 556.7159664225816, 476.0], "251" : [633.4134458110696, 556.7159664225816, 476.0], "253" : [731.2000003658943, 556.9225698986834, 195.0], "255" : [638.2590138789219, 560.0270366242805, 344.0], "257" : [617.0411410442603, 555.7920003422281, 175.0], "259" : [725.1132069239819, 558.2578644071314, 159.0], "261" : [836.59894657141, 554.9168410647835, 285.0], "263" : [775.4547481453639, 577.2251395231445, 179.0], "265" : [733.7676926364908, 582.5330777999773, 130.0], "267" : [734.8849054343514, 578.5264134817583, 53.0], "269" : [902.9671724878733, 574.7792936409284, 198.0], "271" : [952.3956928190055, 570.1358841131492, 209.0], "273" : [841.1144288931235, 577.672137334791, 201.0], "275" : [725.016601571621, 587.9188671056911, 265.0], "277" : [725.016601571621, 587.9188671056911, 265.0], "279" : [1039.1504840451514, 582.1870552054687, 309.0], "281" : [687.2179857504292, 636.7122809283463, 228.0], "283" : [687.2179857504292, 636.7122809283463, 228.0], "285" : [815.7355005030574, 626.1770024386834, 200.0], "287" : [815.7355005030574, 626.1770024386834, 200.0], "289" : [965.4706147761043, 624.8521329733038, 211.0],