{"1" : [782.387361697271, 19.59121180186996, 182.0], "3" : [772.4263157221399, 26.884960941785387, 133.0], "5" : [701.2224142237259, 25.518964089677514, 232.0], "7" : [682.2948720332563, 17.089458677812537, 351.0], "9" : [759.7478772664412, 33.810809670422756, 259.0], "11" : [1007.0776053415631, 67.0489623726901, 192.0], "13" : [1007.0776053415631, 67.0489623726901, 192.0], "15" : [996.3447843441157, 62.33190150796687, 163.0], "17" : [1099.3656273602994, 61.26249914730228, 64.0], "19" : [1101.5887567630825, 59.692305753679086, 169.0], "21" : [637.8496520826424, 69.87272846357824, 143.0], "23" : [599.9913498295373, 70.71442459914556, 104.0], "25" : [674.8977386449482, 76.86214790824077, 177.0], "27" : [801.8076913916958, 101.34117495812396, 221.0], "29" : [801.8076913916958, 101.34117495812396, 221.0], "31" : [756.9787618900921, 102.99645790661334, 226.0], "33" : [724.4008315794716, 98.01833565793508, 120.0], "35" : [724.4008315794716, 98.01833565793508, 120.0], "37" : [637.6801474326305, 95.05661860777072, 136.0], "39" : [637.6801474326305, 95.05661860777072, 136.0], "41" : [639.3755569932089, 91.36888988967658, 90.0], "43" : [830.5772734662946, 117.02500070169087, 88.0], "45" : [829.5741960609132, 106.18171834217696, 93.0], "47" : [797.7584754647476, 86.90720419109866, 236.0], "49" : [920.9865976792088, 82.37371095623769, 194.0], "51" : [926.4324334774662, 77.83649102301347, 74.0], "53" : [892.8211678687635, 74.30370819127783, 189.0], "55" : [1013.2148418116179, 82.95900989312808, 283.0], "57" : [1074.5416686208277, 86.1532405668423, 216.0], "59" : [613.0388738836758, 123.43323811978736, 337.0], "61" : [544.8287179939095, 134.05384618043314, 195.0], "63" : [544.8287179939095, 134.05384618043314, 195.0], "65" : [681.4598371118294, 130.6364742248786, 244.0], "67" : [681.4598371118294, 130.6364742248786, 244.0], "69" : [800.7192278714373, 137.90384344395832, 182.0], "71" : [769.7292933298505, 142.30151162802173, 198.0], "73" : [844.9614980510239, 150.55240832032953, 187.0], "75" : [956.8764234684883, 143.37642050874766, 246.0], "77" : [920.6058802173583, 144.1367625602473, 136.0], "79" : [1081.538964664458, 135.109390752058, 213.0], "81" : [1081.538964664458, 135.109390752058, 213.0], "83" : [1054.8574450610308, 131.5333307214213, 141.0], "85" : [1054.8574450610308, 131.5333307214213, 141.0], "87" : [1121.0657009633005, 133.359419228338, 207.0], "89" : [701.9098751651109, 173.28024507221411, 81.0], "91" : [710.9411782747744, 174.2334850236566, 221.0], "93" : [710.9411782747744, 174.2334850236566, 221.0], "95" : [699.6914105383842, 150.8742324906904, 163.0], "97" : [681.3125011710823, 146.29799979293662, 200.0], "99" : [870.2495212380838, 150.50000187949118, 313.0], "101" : [973.4728898176116, 154.75022225397717, 225.0], "103" : [919.2022979958489, 160.74636009549243, 261.0], "105" : [919.2022979958489, 160.74636009549243, 261.0], "107" : [919.2022979958489, 160.74636009549243, 261.0], "109" : [926.0478571245416, 157.18857193609972, 140.0], "111" : [961.7833338065215, 164.8338055203945, 210.0], "113" : [961.7833338065215, 164.8338055203945, 210.0], "115" : [902.4465537316019, 170.38965446263788, 232.0], "117" : [954.020351044404, 143.4031567594629, 285.0], "119" : [962.1620692890702, 137.267237738797, 58.0], "121" : [1001.4581227981113, 139.43999597801383, 160.0], "123" : [723.420985073, 142.13909135015984, 243.0], "125" : [834.3529409488691, 227.68705919781044, 170.0], "127" : [936.6931727467417, 229.23291751858744, 161.0], "129" : [930.4375005113762, 229.4429652657648, 128.0], "131" : [1016.3973588896461, 229.90339382097372, 265.0], "133" : [1025.6925380370462, 228.22835668248217, 67.0], "135" : [621.7216490109355, 258.2613404461851, 194.0], "137" : [621.7216490109355, 258.2613404461851, 194.0], "139" : [627.3000004055662, 258.23400086956826, 100.0], "141" : [627.3000004055662, 258.23400086956826, 100.0], "143" : [627.3000004055662, 258.23400086956826, 100.0], "145" : [730.5846476075234, 251.31693128725814, 254.0], "147" : [674.6353726958615, 264.47482953548297, 147.0], "149" : [674.6353726958615, 264.47482953548297, 147.0], "151" : [622.6691997841251, 265.1026605059378, 263.0], "153" : [622.6691997841251, 265.1026605059378, 263.0], "155" : [710.0873572581327, 255.81379263024695, 174.0], "157" : [714.9580033563001, 255.47466493576718, 150.0], "159" : [797.585334573913, 256.814668451718, 225.0], "161" : [797.585334573913, 256.814668451718, 225.0], "163" : [896.9072461194058, 267.15217546754064, 138.0], "165" : [896.9072461194058, 267.15217546754064, 138.0], "167" : [898.0437493779519, 267.5281264158499, 64.0], "169" : [898.0437493779519, 267.5281264158499, 64.0], "171" : [853.011599925208, 268.189197173073, 250.0], "173" : [1025.416259207052, 256.70640332857334, 203.0], "175" : [1025.416259207052, 256.70640332857334, 203.0], "177" : [1014.469005665515, 250.38947629619275, 171.0], "179" : [1014.9532923752591, 239.81377219782942, 167.0], "181" : [533.9398600739806, 289.595453610795, 286.0], "183" : [637.5147339301731, 241.8040186308455, 224.0], "185" : [719.515228161567, 238.18984677799108, 197.0], "187" : [727.0797468688938, 237.3037970991713, 79.0], "189" : [776.1348645764749, 237.5919529440197, 261.0], "191" : [882.3983165412054, 246.60707103908902, 297.0], "193" : [859.6125879696223, 246.12657439774597, 143.0], "195" : [1034.550616667424, 228.22469069264113, 162.0], "197" : [970.2144408150263, 225.73073989633812, 270.0], "199" : [926.1066657764848, 231.52333178002868, 180.0], "201" : [922.5257133352527, 237.72285549036235, 70.0], "203" : [985.9891904993971, 243.4091895936345, 185.0], "205" : [985.9891904993971, 243.4091895936345, 185.0], "207" : [1042.930555096364, 237.7981478666032, 108.0], "209" : [766.4622123911201, 233.3232572106412, 172.0], "211" : [813.7093994882166, 233.22010367954863, 383.0], "213" : [813.7093994882166, 233.22010367954863, 383.0], "215" : [970.9174980391132, 231.0012486928771, 80.0], "217" : [962.0897585355048, 233.32289090247247, 166.0], "219" : [938.2372372065118, 243.03263620999275, 239.0], "221" : [1023.818301754998, 241.91111181577546, 153.0], "223" : [1013.1642878201635, 247.87500013481116, 84.0], "225" : [1090.7074619229818, 256.9228849360773, 201.0], "227" : [1051.7954039009467, 265.50229953679786, 261.0], "229" : [1051.7954039009467, 265.50229953679786, 261.0], "231" : [647.5923075070547, 346.1352556334273, 156.0], "233" : [631.188549134135, 344.77061017293954, 262.0], "235" : [788.5634979430399, 338.41939112639596, 263.0], "237" : [732.377929376623, 331.73873773825187, 222.0], "239" : [732.377929376623, 331.73873773825187, 222.0], "241" : [932.1680880139529, 320.8329802897991, 188.0], "243" : [913.9768808806652, 329.4561320826437, 212.0], "245" : [913.9768808806652, 329.4561320826437, 212.0], "247" : [1045.2206892328518, 345.34525848035986, 232.0], "249" : [953.7972731022691, 338.3863641305194, 110.0], "251" : [955.6639301773295, 328.81464351858506, 280.0], "253" : [955.6639301773295, 328.81464351858506, 280.0], "255" : [955.6639301773295, 328.81464351858506, 280.0], "257" : [1069.9350861936607, 339.8131574003143, 114.0], "259" : [1069.0308790775523, 335.93823698325514, 68.0], "261" : [991.9604532711008, 340.1863616893097, 220.0], "263" : [967.9748455470138, 344.2515148280407, 330.0], "265" : [1043.8963535676035, 339.52551913937094, 192.0], "267" : [577.7155864844063, 396.94935147648494, 77.0], "269" : [591.2351377711492, 396.80810922803573, 111.0], "271" : [859.5044771522528, 401.3253738294552, 134.0], "273" : [863.7932450559296, 407.3391902116825, 74.0], "275" : [1071.842790811006, 410.0390680333491, 215.0], "277" : [1024.6704701689719, 404.0348991494207, 149.0], "279" : [614.2750017346619, 409.71388766861566, 72.0], "281" : [629.8651353156137, 417.6834874451754, 109.0], "283" : [591.077259936231, 413.1855286470805, 387.0], "285" : [668.5168797990837, 409.43568336387176, 468.0], "287" : [719.0788303756597, 405.91810499670277, 359.0], "289" : [802.2775311864089, 410.196914282399, 227.0],