{"1" : [787.2785271287622, 10.685889670445613, 163.0], "3" : [852.461535383019, 12.31474488389409, 156.0], "5" : [804.672481857627, 11.31476713772783, 149.0], "7" : [748.638793668854, 12.055175647434549, 116.0], "9" : [748.638793668854, 12.055175647434549, 116.0], "11" : [693.1257313292218, 13.483626983256192, 171.0], "13" : [737.9505628975929, 12.528088902109298, 89.0], "15" : [778.9868834796165, 13.083605356471203, 122.0], "17" : [856.9212878629899, 11.520790001167503, 202.0], "19" : [864.7567886804179, 10.374075316171288, 81.0], "21" : [963.1953113485395, 9.323958044320419, 192.0], "23" : [668.6058048753662, 82.62193595022157, 155.0], "25" : [636.8309373395683, 77.45467995764332, 139.0], "27" : [775.4539596523271, 81.86089129533671, 202.0], "29" : [862.2669021447399, 90.1739465335948, 142.0], "31" : [943.2947580900914, 89.61308708594134, 191.0], "33" : [1037.2130048267088, 90.35284860147931, 123.0], "35" : [583.336363399544, 125.44727326293228, 55.0], "37" : [583.336363399544, 125.44727326293228, 55.0], "39" : [587.4752306973302, 122.89816906536684, 109.0], "41" : [625.9746284369147, 112.6014918357334, 134.0], "43" : [705.162500992825, 110.45178969001644, 112.0], "45" : [709.1464825877747, 111.68450961283818, 71.0], "47" : [773.6061611196124, 111.74218369109938, 211.0], "49" : [835.755739575228, 115.80764982772641, 183.0], "51" : [912.9061398946249, 114.524581975654, 179.0], "53" : [1017.6291547212644, 118.30435935856643, 367.0], "55" : [1085.6151157907952, 118.85813868535678, 86.0], "57" : [604.1328627068428, 144.66901190642238, 213.0], "59" : [688.958646407485, 139.9526285587446, 133.0], "61" : [692.4462949967948, 143.6629625314268, 54.0], "63" : [793.567320752687, 145.88292440964764, 205.0], "65" : [854.911106021541, 149.05238387405922, 63.0], "67" : [858.3200000374794, 149.3515814717167, 95.0], "69" : [952.6751082291672, 153.34628789106637, 229.0], "71" : [996.2460545014312, 157.5249988877525, 76.0], "73" : [996.2460545014312, 157.5249988877525, 76.0], "75" : [1060.4301480209115, 158.09926429439483, 136.0], "77" : [1036.3116870804754, 155.32013000346615, 154.0], "79" : [1036.3116870804754, 155.32013000346615, 154.0], "81" : [1123.9755568490302, 156.47111007056594, 90.0], "83" : [717.8738317882073, 179.78691412316536, 214.0], "85" : [792.7721097524332, 183.89999929553153, 147.0], "87" : [886.4379315681626, 186.96827673249638, 290.0], "89" : [886.4379315681626, 186.96827673249638, 290.0], "91" : [965.5828924155117, 184.31644731534666, 152.0], "93" : [991.3141278561508, 182.60543664490626, 92.0], "95" : [632.0518342789584, 240.95706878147405, 191.0], "97" : [632.0518342789584, 240.95706878147405, 191.0], "99" : [730.3057498994702, 243.02298686917362, 174.0], "101" : [734.3910708536358, 245.29642880270256, 56.0], "103" : [823.3638933297639, 246.07315047100343, 108.0], "105" : [810.131163331735, 248.34744352718408, 215.0], "107" : [884.8497695185769, 248.08249109495605, 217.0], "109" : [951.9005180423347, 249.18394027022964, 193.0], "111" : [1022.4798511521938, 245.80895362252315, 134.0], "113" : [1078.5544031163272, 245.17564411784826, 193.0], "115" : [1057.857630595369, 245.46440741863637, 118.0], "117" : [686.2451532946501, 272.6324259614774, 330.0], "119" : [795.5265465353235, 278.08395277324945, 162.0], "121" : [798.6709387970183, 278.17350364056614, 117.0], "123" : [864.8671578989258, 281.7808084140453, 271.0], "125" : [864.8671578989258, 281.7808084140453, 271.0], "127" : [979.3286146376881, 285.1512030955676, 332.0], "129" : [1038.341620858365, 282.05216119565443, 370.0], "131" : [642.7540336596957, 303.47419373656595, 124.0], "133" : [599.4673083069773, 315.06217925128936, 156.0], "135" : [695.3711218591441, 307.57325992160787, 187.0], "137" : [793.1177992258336, 305.4415241822131, 236.0], "139" : [869.4797461819595, 309.82594516871296, 158.0], "141" : [960.013044479804, 311.2521724224983, 69.0], "143" : [953.5826081944007, 306.1686946972559, 115.0], "145" : [953.5826081944007, 306.1686946972559, 115.0], "147" : [1011.1458911073884, 314.5191784861719, 146.0], "149" : [1069.048832398969, 314.1319776603346, 172.0], "151" : [1047.408842442397, 310.9619025682294, 147.0], "153" : [1100.4763881661179, 310.53055439049433, 72.0], "155" : [688.0476518435028, 343.3583890380808, 149.0], "157" : [751.8257151401431, 341.67841125269416, 315.0], "159" : [840.6593623514551, 339.6175292673664, 251.0], "161" : [926.8162163200691, 342.9140560740663, 185.0], "163" : [995.9329222209933, 341.64646195791335, 325.0], "165" : [934.2700826036702, 337.1622963427299, 244.0], "167" : [934.2700826036702, 337.1622963427299, 244.0], "169" : [978.2021449091234, 341.6167855190532, 280.0], "171" : [1029.6935487409364, 344.3408598410174, 93.0], "173" : [631.4186052948925, 409.46821409347984, 129.0], "175" : [598.3693178319413, 423.6148148876712, 189.0], "177" : [706.0887759491737, 423.6137759722016, 196.0], "179" : [706.0887759491737, 423.6137759722016, 196.0], "181" : [706.0887759491737, 423.6137759722016, 196.0], "183" : [814.0759824980737, 422.86323606678184, 204.0], "185" : [814.0759824980737, 422.86323606678184, 204.0], "187" : [840.6523811548967, 417.6698424499448, 63.0], "189" : [840.6523811548967, 417.6698424499448, 63.0], "191" : [956.0519701751906, 411.19684578257994, 127.0], "193" : [937.3097219501581, 413.0458320900478, 144.0], "195" : [1029.3982644538487, 409.11502882862527, 173.0], "197" : [1097.1354715424395, 413.1970086431602, 234.0], "199" : [1090.5623188788245, 409.1282604442811, 138.0], "201" : [704.9263167312114, 453.7736849575512, 76.0], "203" : [708.3574098483698, 454.7697560100702, 162.0], "205" : [708.3574098483698, 454.7697560100702, 162.0], "207" : [774.6643084304661, 447.8437723584809, 297.0], "209" : [712.8710987628359, 444.97051763603304, 173.0], "211" : [869.5498351627856, 442.1528202109107, 301.0], "213" : [975.3073167031994, 445.28373751475687, 123.0], "215" : [957.6750005519135, 444.5490504041732, 212.0], "217" : [1008.2364684496282, 442.60683554154934, 351.0], "219" : [1008.2364684496282, 442.60683554154934, 351.0], "221" : [1044.8983163907496, 450.6808991015911, 178.0], "223" : [657.356288500708, 480.27284798203925, 151.0], "225" : [647.1010612599543, 489.08095263653263, 189.0], "227" : [647.1010612599543, 489.08095263653263, 189.0], "229" : [698.7389488978035, 484.09438408939127, 285.0], "231" : [732.4333321808523, 483.2970964069048, 69.0], "233" : [737.2629106484627, 483.7258027164222, 62.0], "235" : [829.0620455526426, 484.48481665557404, 303.0], "237" : [829.0620455526426, 484.48481665557404, 303.0], "239" : [957.2478625508683, 480.8555551388727, 117.0], "241" : [937.4918231788419, 484.34276452285826, 159.0], "243" : [1017.9055166288455, 479.96932691973683, 163.0], "245" : [1095.8408508640161, 477.8417033311251, 235.0], "247" : [675.6563325116551, 518.3959978853318, 300.0], "249" : [678.387883493342, 516.4201990525478, 99.0], "251" : [761.6967426526788, 513.7809753193998, 184.0], "253" : [806.8405888658046, 516.7752925135372, 170.0], "255" : [891.5409754394038, 518.6836641295451, 349.0], "257" : [992.7113419277042, 513.0756317092693, 238.0], "259" : [1071.7536207089468, 511.0768124895624, 207.0], "261" : [640.0154608494456, 597.9657019079299, 207.0], "263" : [640.0154608494456, 597.9657019079299, 207.0], "265" : [710.7968766830286, 591.5583357170273, 192.0], "267" : [710.7968766830286, 591.5583357170273, 192.0], "269" : [710.7968766830286, 591.5583357170273, 192.0], "271" : [768.3068196149383, 594.0540941353424, 220.0], "273" : [768.3068196149383, 594.0540941353424, 220.0], "275" : [880.0840950807433, 587.5778429489158, 176.0], "277" : [880.0840950807433, 587.5778429489158, 176.0], "279" : [880.0840950807433, 587.5778429489158, 176.0], "281" : [926.90828401782, 595.8159782218648, 169.0], "283" : [926.90828401782, 595.8159782218648, 169.0], "285" : [926.90828401782, 595.8159782218648, 169.0], "287" : [1030.3185869653723, 588.4796465809289, 113.0], "289" : [1030.3185869653723, 588.4796465809289, 113.0],