{"1" : [1427.2, 481.0, 7.452040584492712], "3" : [1416.7, 484.6, 168.45204058449272], "5" : [1416.8, 483.6, 20.452040584492714], "7" : [1499.5, 495.6, 54.452040584492714], "9" : [1500.0, 494.9, 55.452040584492714], "11" : [971.8, 549.9, 158.45204058449272], "13" : [971.6, 550.1, 697.4520405844927], "15" : [954.3, 537.9, 166.45204058449272], "17" : [951.9, 543.8, 13.452040584492712], "19" : [928.0, 513.8, 396.4520405844927], "21" : [927.3, 511.6, 22.452040584492714], "23" : [902.3, 416.0, 109.4520405844927], "25" : [904.0, 419.8, 18.452040584492714], "27" : [967.1, 404.8, 173.45204058449272], "29" : [968.4, 409.1, 21.452040584492714], "31" : [887.6, 413.7, 148.45204058449272], "33" : [885.7, 418.7, 16.452040584492714], "35" : [865.3, 472.7, 332.4520405844927], "37" : [859.7, 466.7, 22.452040584492714], "39" : [830.2, 539.7, 266.4520405844927], "41" : [828.2, 536.2, 188.45204058449272], "43" : [840.2, 600.8, 159.45204058449272], "45" : [846.3, 587.4, 16.452040584492714], "47" : [847.2, 530.0, 145.45204058449272], "49" : [843.4, 530.8, 17.452040584492714]}