{"1" : [165.5, 1882.6, 84.63891420037119], "3" : [1383.0, 989.5, 274.6389142003712], "5" : [1345.2, 786.7, 104.63891420037119], "7" : [1341.5, 796.3, 35.6389142003712], "9" : [1538.3, 638.3, 177.6389142003712], "11" : [1533.9, 637.9, 18.638914200371193], "13" : [1615.8, 627.2, 216.6389142003712], "15" : [1613.7, 625.1, 17.638914200371193], "17" : [1697.6, 617.9, 160.6389142003712], "19" : [1698.8, 614.2, 57.6389142003712], "21" : [875.8, 692.2, 162.6389142003712], "23" : [879.5, 694.1, 23.638914200371193], "25" : [780.4, 697.9, 164.6389142003712], "27" : [784.3, 698.7, 41.6389142003712], "29" : [1192.4, 702.3, 299.6389142003712], "31" : [970.0, 557.0, 577.6389142003712], "33" : [968.6, 565.7, 32.6389142003712], "35" : [716.2, 466.5, 182.6389142003712], "37" : [713.7, 467.3, 268.6389142003712], "39" : [900.2, 488.5, 189.6389142003712], "41" : [903.5, 495.2, 19.638914200371193], "43" : [985.8, 487.8, 320.6389142003712], "45" : [987.6, 491.8, 31.638914200371197], "47" : [1193.8, 476.7, 342.6389142003712], "49" : [1192.8, 483.1, 15.638914200371191], "51" : [1122.3, 490.2, 201.6389142003712], "53" : [1119.2, 495.3, 21.638914200371193], "55" : [1218.2, 491.8, 121.63891420037119], "57" : [1215.9, 494.3, 35.6389142003712], "59" : [941.3, 582.8, 258.6389142003712], "61" : [943.8, 587.1, 97.63891420037119], "63" : [525.5, 1533.1, 133.6389142003712], "65" : [1012.9, 828.1, 247.6389142003712], "67" : [959.4, 343.0, 129.6389142003712]}