{"1" : [1107.7, 578.8, 15.971007359842737], "3" : [1050.0, 574.3, 41.97100735984274], "5" : [968.3, 531.0, 388.97100735984276], "7" : [962.7, 526.6, 10.971007359842737], "9" : [945.4, 511.9, 198.97100735984273], "11" : [949.4, 515.4, 21.971007359842737], "13" : [843.3, 456.7, 64.97100735984273], "15" : [840.8, 455.9, 49.97100735984274], "17" : [421.2, 473.3, 90.97100735984273], "19" : [421.6, 473.3, 23.971007359842737], "21" : [284.9, 469.1, 289.97100735984276], "23" : [283.4, 469.8, 21.971007359842737], "25" : [429.4, 465.1, 152.97100735984273], "27" : [433.2, 466.3, 23.971007359842737], "29" : [605.3, 465.1, 214.97100735984273], "31" : [607.5, 466.8, 21.971007359842737], "33" : [720.7, 457.9, 235.97100735984273], "35" : [722.8, 461.6, 43.97100735984274], "37" : [1043.4, 465.0, 329.97100735984276], "39" : [1034.5, 458.3, 14.971007359842737], "41" : [984.5, 462.0, 281.97100735984276], "43" : [985.7, 470.6, 26.971007359842737], "45" : [1174.5, 463.9, 99.97100735984273], "47" : [1175.7, 464.7, 27.971007359842737], "49" : [1310.8, 468.3, 256.97100735984276], "51" : [1308.8, 467.9, 26.971007359842737], "53" : [1454.8, 469.6, 318.97100735984276], "55" : [1456.7, 471.6, 22.971007359842737], "57" : [1584.8, 477.2, 179.97100735984273], "59" : [1584.8, 478.0, 19.971007359842737], "61" : [1680.3, 481.4, 131.97100735984273], "63" : [1679.7, 482.8, 58.97100735984274], "65" : [922.4, 564.0, 132.97100735984273], "67" : [918.8, 566.2, 24.971007359842737], "69" : [774.4, 566.6, 210.97100735984273], "71" : [775.5, 568.5, 22.971007359842737], "73" : [721.3, 560.1, 215.97100735984273], "75" : [721.1, 557.1, 45.97100735984274], "77" : [1066.4, 549.2, 307.97100735984276], "79" : [1063.1, 552.5, 10.971007359842737]}