{"0": [816.5156045289817, 21.0, 282.0], "1": [929.9128920969521, 21.0, 256.0], "2": [982.3432281070145, 21.0, 192.0], "3": [982.2641852004474, 21.0, 147.0], "4": [981.6175887046886, 21.0, 147.0], "5": [608.452055723856, 86.0, 219.0], "6": [697.7617270666078, 86.5, 242.0], "7": [698.4083235623666, 86.5, 242.0], "8": [808.3297278413501, 86.5, 253.0], "9": [865.9691762427623, 86.0, 146.0], "10": [923.7712565162036, 86.0, 167.0], "11": [992.1305432507927, 86.0, 275.0], "12": [1043.3393616074395, 86.0, 188.0], "13": [1043.3393616074395, 86.0, 188.0], "14": [600.1256562070403, 120.0, 146.0], "15": [621.988357829064, 120.0, 189.0], "16": [621.988357829064, 120.0, 189.0], "17": [684.8297971514334, 120.0, 170.0], "18": [684.8297971514334, 120.0, 170.0], "19": [684.8297971514334, 120.0, 170.0], "20": [740.4370957866838, 120.0, 158.0], "21": [762.4278410903568, 119.98731907027269, 158.0], "22": [769.2794961861077, 116.5614915223972, 158.0], "23": [810.8437081542762, 120.0, 151.0], "24": [872.655263595059, 120.0, 190.0], "25": [953.3719749624458, 120.0, 157.0], "26": [953.3719749624458, 120.0, 157.0], "27": [925.8075349824447, 120.0, 146.0], "28": [925.8075349824447, 120.0, 146.0], "29": [1010.9513769285255, 120.0, 109.0], "30": [1072.4775127206742, 120.0, 587.0], "31": [733.8044207193979, 153.0, 181.0], "32": [704.739738802729, 153.0, 229.0], "33": [889.1097169909578, 153.0, 247.0], "34": [928.6246430019117, 153.0, 280.0], "35": [974.9893185208732, 153.0, 103.0], "36": [974.9893185208732, 153.0, 103.0], "37": [686.1229901429508, 183.0, 197.0], "38": [776.5928558098304, 183.0, 196.0], "39": [702.9344990326776, 183.0, 307.0], "40": [699.7015165538841, 183.0, 307.0], "41": [647.3272003974272, 252.0, 217.0], "42": [646.0340074059097, 252.0, 217.0], "43": [724.2721833927156, 252.0, 125.0], "44": [791.9247426709412, 252.0, 194.0], "45": [884.5695850259826, 252.0, 194.0], "46": [855.274380935547, 285.0, 203.0], "47": [1011.7442062329538, 285.0, 233.0], "48": [1049.5400010847961, 285.0, 130.0], "49": [556.5136644791379, 318.0, 161.0], "50": [644.4927386317908, 318.0, 179.0], "51": [710.0470604860236, 318.0, 277.0], "52": [711.3402534775412, 318.0, 277.0], "53": [868.8031999724918, 318.0, 125.0], "54": [828.9074468959911, 318.0, 470.0], "55": [885.4808144391022, 318.0, 245.0], "56": [947.5540907723765, 318.0, 220.0], "57": [1013.807747896624, 318.0, 142.0], "58": [1044.3374487932851, 307.8747770369999, 237.0], "59": [654.4397618507733, 351.0, 173.0], "60": [635.5153331033133, 351.0, 150.0], "61": [799.6173464331391, 351.0, 196.0], "62": [862.4045206834722, 351.0, 177.0], "63": [862.4045206834722, 351.0, 177.0], "64": [954.8496421089106, 351.0, 139.0], "65": [954.8496421089106, 351.0, 139.0], "66": [954.8496421089106, 351.0, 139.0], "67": [954.2055067049288, 351.0, 109.0], "68": [954.2055067049288, 351.0, 109.0], "69": [1001.5194547798313, 351.0, 221.0], "70": [1033.3453083653867, 351.0, 312.0], "71": [650.3692306334694, 417.0, 143.0], "72": [659.16723851058, 417.0, 116.0], "73": [703.9614042903017, 417.0, 228.0], "74": [703.9614042903017, 417.0, 228.0], "75": [772.2944075472453, 417.0, 161.0], "76": [832.4908311882449, 417.0, 349.0], "77": [863.756932824933, 417.0, 137.0], "78": [935.8833350686732, 417.0, 180.0], "79": [935.8833350686732, 417.0, 180.0], "80": [1002.7557730226496, 417.0, 303.0], "81": [624.6963230458718, 451.41919909543714, 162.0], "82": [627.7851056997346, 450.0, 188.0], "83": [700.9947095454015, 450.0, 249.0], "84": [769.4508766226005, 450.0, 285.0], "85": [769.4508766226005, 450.0, 285.0], "86": [871.5015165646569, 450.0, 132.0], "87": [871.5015165646569, 450.0, 132.0], "88": [984.2502846720199, 450.0, 175.0], "89": [670.6046742447414, 483.0, 151.0], "90": [669.9580777489828, 483.0, 151.0], "91": [637.4178790154778, 483.0, 151.0], "92": [715.1912176088878, 483.0, 148.0], "93": [820.2848632124045, 483.0, 218.0], "94": [867.9612501302295, 483.0, 160.0], "95": [983.8505335127526, 483.0, 281.0], "96": [1047.7316159385157, 483.0, 136.0], "97": [1047.7316159385157, 483.0, 136.0], "98": [704.9562090968666, 516.0, 153.0], "99": [644.1396136413388, 516.0, 207.0], "100": [702.2593112370893, 516.0, 204.0], "101": [679.6570251853636, 516.0, 204.0], "102": [736.7125755519116, 516.0, 175.0], "103": [787.3037263853913, 516.0, 161.0], "104": [857.4710615190133, 516.0, 219.0], "105": [947.448744899273, 516.0, 199.0], "106": [989.5908403041349, 516.0, 262.0], "107": [646.6659432548474, 582.0, 276.0], "108": [690.4821427598254, 582.0, 168.0], "109": [690.4821427598254, 582.0, 168.0], "110": [690.4821427598254, 582.0, 168.0], "111": [704.874288519954, 582.0, 240.0], "112": [738.4973062994077, 582.0, 240.0], "113": [734.6177273248553, 582.0, 240.0], "114": [737.2041133078902, 582.0, 240.0], "115": [851.86134145578, 582.0, 238.0], "116": [851.86134145578, 582.0, 238.0], "117": [851.86134145578, 582.0, 238.0], "118": [838.3529014652518, 615.0, 155.0], "119": [838.3529014652518, 615.0, 155.0], "120": [900.783919618547, 615.0, 143.0], "121": [970.8110053936259, 615.0, 218.0], "122": [1017.1313196704391, 615.0, 431.0], "123": [621.4633405670783, 647.5, 185.0], "124": [622.7565335585957, 647.5, 185.0], "125": [755.1077869804117, 647.0, 244.0], "126": [755.1077869804117, 647.0, 244.0], "127": [755.1077869804117, 647.0, 244.0], "128": [818.028675277731, 647.5, 173.0], "129": [887.2145003239148, 647.5, 210.0], "130": [957.8381971598093, 647.0, 144.0], "131": [957.8381971598093, 647.0, 144.0], "132": [1021.3408713207369, 647.0, 230.0], "133": [728.0862951810159, 681.0, 197.0], "134": [802.5186825097746, 681.0, 182.0], "135": [829.9025005593168, 681.0, 120.0], "136": [689.8224143733236, 681.0, 174.0], "137": [816.9892018760173, 681.0, 213.0], "138": [879.3325491924753, 681.0, 169.0], "139": [879.3325491924753, 681.0, 169.0], "140": [953.7791665956472, 681.0, 192.0], "141": [918.9033859988749, 681.0, 236.0], "142": [1000.7694431050691, 681.0, 180.0], "143": [616.2905686010085, 747.0, 110.0], "144": [617.583761592526, 747.0, 110.0], "145": [731.8165274601456, 747.0, 115.0], "146": [785.3737845044578, 747.0, 103.0], "147": [785.3737845044578, 747.0, 103.0], "148": [935.4564939212042, 747.0, 154.0], "149": [935.4564939212042, 747.0, 154.0], "150": [901.1305349819951, 747.0, 131.0], "151": [901.1305349819951, 747.0, 131.0], "152": [876.8689563917751, 747.0, 186.0], "153": [1010.0678345180727, 747.0, 245.0], "154": [666.0784987744305, 780.0, 171.0], "155": [668.0182882617066, 780.0, 171.0], "156": [753.1768664172016, 780.0, 268.0], "157": [753.1768664172016, 780.0, 268.0], "158": [862.6057145262317, 780.0, 105.0], "159": [862.6057145262317, 780.0, 105.0], "160": [862.6057145262317, 780.0, 105.0], "161": [812.4342695259292, 780.0, 321.0], "162": [812.4342695259292, 780.0, 321.0], "163": [902.0000007566762, 780.0, 231.0], "164": [902.0000007566762, 780.0, 231.0], "165": [983.537582761191, 780.0, 149.0], "166": [983.537582761191, 780.0, 149.0], "167": [630.445600234556, 813.0, 125.0], "168": [608.5314106519038, 811.5734472330475, 211.0], "169": [710.6936569817825, 813.0, 278.0], "170": [830.7665298424121, 813.0, 242.0], "171": [878.1621493832926, 813.0, 138.0], "172": [956.5058257342363, 813.0, 206.0], "173": [1026.0660791638031, 813.0, 227.0], "174": [1094.1063841237365, 813.0, 141.0], "175": [674.2446601319641, 846.0, 103.0], "176": [674.2446601319641, 846.0, 103.0], "177": [681.3907414188752, 846.0, 108.0], "178": [681.3907414188752, 846.0, 108.0], "179": [739.573822410965, 846.0, 191.0], "180": [832.123171302486, 846.0, 164.0], "181": [809.3131973888078, 846.0, 197.0], "182": [861.9972369893244, 845.84306150826, 184.0], "183": [972.3499983499972, 846.0, 220.0], "184": [972.3499983499972, 846.0, 220.0], "185": [632.4554809949766, 844.5498685167427, 164.0], "186": [632.4554809949766, 846.0, 164.0], "187": [675.0878784276332, 846.0, 198.0], "188": [790.1066406115006, 846.0, 256.0], "189": [790.1066406115006, 846.0, 256.0], "190": [790.1066406115006, 846.0, 256.0],