{"0": [700.3201127402394, 21.0, 203.0], "1": [779.1847440098265, 21.0, 177.0], "2": [647.1867485235442, 86.5, 264.0], "3": [647.1867485235442, 86.5, 264.0], "4": [700.9526527904383, 86.5, 299.0], "5": [699.6875726900407, 86.5, 299.0], "6": [678.1812109832831, 86.5, 170.0], "7": [676.9161308828857, 86.5, 170.0], "8": [817.8100810694577, 86.0, 248.0], "9": [865.2140165019681, 86.0, 214.0], "10": [919.1789701090083, 86.5, 370.0], "11": [1031.4042073400485, 86.0, 309.0], "12": [1084.0067621746832, 86.0, 207.0], "13": [1084.0067621746832, 86.0, 207.0], "14": [604.3614085709555, 120.0, 241.0], "15": [604.3614085709555, 120.0, 241.0], "16": [605.4391052104264, 120.0, 299.0], "17": [602.9089450096315, 120.0, 248.0], "18": [603.5414850598302, 120.0, 248.0], "19": [601.0113248590352, 120.0, 124.0], "20": [619.0550876198192, 120.0, 167.0], "21": [619.0550876198192, 120.0, 167.0], "22": [703.8630955593818, 120.0, 168.0], "23": [689.8558338076521, 120.0, 120.0], "24": [689.8558338076521, 120.0, 120.0], "25": [785.7130195170712, 120.0, 117.0], "26": [785.0804794668725, 120.0, 117.0], "27": [790.7676919483143, 153.0, 130.0], "28": [790.7676919483143, 153.0, 130.0], "29": [873.2552242860918, 153.0, 134.0], "30": [886.9042430427988, 153.0, 259.0], "31": [993.9781928130155, 153.0, 266.0], "32": [993.9781928130155, 153.0, 266.0], "33": [974.7561540650452, 153.0, 130.0], "34": [974.7561540650452, 153.0, 130.0], "35": [1089.6652381221938, 153.0, 233.0], "36": [1089.6652381221938, 153.0, 233.0], "37": [1164.6045095861248, 153.0, 185.0], "38": [804.2032984886348, 183.0, 182.0], "39": [764.1106528526259, 183.0, 338.0], "40": [764.1106528526259, 183.0, 338.0], "41": [905.2630890046357, 183.0, 173.0], "42": [986.6783158629939, 183.0, 558.0], "43": [986.6783158629939, 183.0, 558.0], "44": [670.0832663585462, 252.0, 251.0], "45": [670.0832663585462, 252.0, 251.0], "46": [645.289128372948, 252.0, 187.0], "47": [644.6565883227491, 252.0, 187.0], "48": [695.5733653646939, 252.0, 199.0], "49": [766.8967357860076, 252.0, 153.0], "50": [830.683333796086, 252.0, 150.0], "51": [906.5281691050333, 252.0, 213.0], "52": [1004.5718768858401, 252.0, 231.0], "53": [975.8560856649, 252.0, 230.0], "54": [1083.6393831606842, 250.73852367707738, 332.0], "55": [696.9938572825755, 285.0, 293.0], "56": [689.1797318203298, 285.0, 148.0], "57": [792.0259640013298, 285.0, 104.0], "58": [793.137134235765, 285.0, 272.0], "59": [843.9067041353567, 283.63060628741255, 171.0], "60": [920.7639403635193, 285.0, 208.0], "61": [981.2054714239725, 285.0, 201.0], "62": [981.2054714239725, 285.0, 201.0], "63": [1072.8862023073057, 285.0, 257.0], "64": [608.4060627645018, 318.0, 198.0], "65": [608.4060627645018, 318.0, 198.0], "66": [578.7906730653162, 318.0, 193.0], "67": [629.4756271179791, 318.0, 107.0], "68": [630.7407072183767, 318.0, 204.0], "69": [631.3732472685754, 318.42030904834405, 204.0], "70": [696.6901729327301, 318.0, 173.0], "71": [749.7598484505482, 318.0, 264.0], "72": [838.2138436835678, 317.7877689981453, 221.0], "73": [839.4789237839653, 316.5226888977478, 221.0], "74": [966.9897947971019, 318.0, 196.0], "75": [935.9891912181855, 318.0, 407.0], "76": [935.9891912181855, 318.0, 407.0], "77": [988.135375587283, 318.0, 212.0], "78": [988.135375587283, 318.0, 212.0], "79": [1015.3250577392189, 318.0, 431.0], "80": [1012.1623574882251, 318.0, 431.0], "81": [1012.7948975384239, 318.0, 431.0], "82": [1025.9273606079553, 318.0, 106.0], "83": [1025.9273606079553, 318.0, 106.0], "84": [1044.4219000483617, 308.9322082953627, 161.0], "85": [1133.6100471263858, 312.72744859655523, 306.0], "86": [697.3310880095798, 351.0, 193.0], "87": [671.2232704310968, 351.0, 199.0], "88": [709.2020445575797, 351.0, 343.0], "89": [802.8409463995591, 351.0, 127.0], "90": [805.1718520498888, 351.0, 135.0], "91": [909.0786102426375, 351.0, 388.0], "92": [1063.714750019351, 351.0, 217.0], "93": [1063.714750019351, 351.0, 217.0], "94": [1005.8369569862376, 351.0, 299.0], "95": [1005.2044169360388, 351.0, 299.0], "96": [1005.8369569862376, 351.0, 299.0], "97": [672.2143848297387, 417.0, 146.0], "98": [672.2143848297387, 417.0, 146.0], "99": [654.6149496932968, 417.0, 428.0], "100": [756.6948040677049, 417.0, 231.0], "101": [811.6338373102035, 417.0, 396.0], "102": [930.4597022899912, 417.0, 134.0], "103": [674.3859706820906, 450.0, 275.0], "104": [672.4883505314943, 450.0, 275.0], "105": [752.9086134528866, 450.0, 209.0], "106": [805.3217610732327, 450.0, 262.0], "107": [885.7214997245064, 450.0, 293.0], "108": [979.27027487789, 450.0, 325.0], "109": [1076.681442608498, 450.0, 228.0], "110": [1066.289995644815, 450.0, 140.0], "111": [646.5257865313433, 483.0, 159.0], "112": [576.8262632106131, 483.0, 198.0], "113": [632.6383273689728, 483.0, 148.0], "114": [749.3591396290414, 483.0, 279.0], "115": [706.088391335209, 483.0, 112.0], "116": [822.8043518648395, 483.0, 299.0], "117": [948.5820409347762, 483.0, 284.0], "118": [981.8004350786849, 483.0, 212.0], "119": [980.5353549782875, 483.0, 212.0], "120": [1065.9282617551194, 483.0, 323.0], "121": [654.7772291259292, 516.0, 207.0], "122": [654.7772291259292, 516.0, 207.0], "123": [728.1518749489846, 516.0, 169.0], "124": [789.3935477876638, 516.0, 217.0], "125": [902.316805404776, 516.0, 244.0], "126": [945.8944880254518, 516.0, 254.0], "127": [1072.43434412828, 516.0, 428.0], "128": [623.8710887125238, 582.0, 294.0], "129": [704.115353041432, 582.0, 248.0], "130": [703.4828129912332, 582.0, 248.0], "131": [802.0055544075462, 582.0, 288.0], "132": [862.2503655911205, 582.0, 344.0], "133": [860.985285490723, 580.9244298808271, 344.0], "134": [971.2072621925456, 582.0, 289.0], "135": [1009.5961099283351, 582.0, 257.0], "136": [947.0107323177535, 582.0, 254.0], "137": [1083.5455192428417, 582.0, 279.0], "138": [736.854266196639, 615.0, 164.0], "139": [685.6769249699252, 615.0, 351.0], "140": [762.3090376597174, 615.0, 170.0], "141": [836.9487635831704, 616.3466726919573, 412.0], "142": [871.0200028080973, 615.0, 190.0], "143": [999.51155648425, 615.0, 222.0], "144": [1000.1440965344489, 615.0, 222.0], "145": [1058.983334544455, 615.0, 204.0], "146": [1058.983334544455, 615.0, 204.0], "147": [1021.8933673746559, 615.0, 196.0], "148": [683.7953403643613, 647.0, 236.0], "149": [683.7953403643613, 647.0, 236.0], "150": [681.3439112342769, 647.5, 138.0], "151": [680.7113711840782, 647.5, 138.0], "152": [623.4027285578771, 647.0, 183.0], "153": [667.868179713134, 647.0, 176.0], "154": [732.579655300376, 647.5, 215.0], "155": [730.6820351497797, 647.5, 215.0], "156": [840.7440038843629, 647.9736752018949, 249.0], "157": [951.4385126691448, 647.5, 249.0], "158": [948.9083524683498, 647.5, 249.0], "159": [1075.0804440812872, 647.0, 271.0], "160": [684.7929823770837, 681.0, 285.0], "161": [689.8302030909624, 681.0, 149.0], "162": [689.8302030909624, 681.0, 149.0], "163": [780.4320929026976, 681.0, 215.0], "164": [867.9432260429093, 681.0, 397.0], "165": [985.6881145119675, 681.0, 286.0], "166": [1057.1600029297779, 681.0, 355.0], "167": [671.3310323319064, 747.0, 290.0], "168": [631.8840262140304, 747.0, 169.0], "169": [796.6906972200936, 747.0, 215.0], "170": [852.618946816218, 747.0, 190.0], "171": [965.9869338237161, 747.0, 237.0], "172": [964.0893136731198, 747.0, 237.0], "173": [1083.9489481609305, 747.0, 380.0], "174": [756.1738367711075, 780.0, 172.0], "175": [756.1738367711075, 780.0, 172.0], "176": [723.1847602325753, 780.0, 210.0], "177": [723.1847602325753, 780.0, 210.0], "178": [723.1847602325753, 780.0, 210.0], "179": [927.4019907615921, 780.0, 328.0], "180": [1024.1806184420016, 780.0, 455.0], "181": [1022.2829982914052, 780.0, 455.0], "182": [681.5050682284868, 813.0, 296.0], "183": [681.5050682284868, 813.0, 296.0], "184": [627.2990271780627, 813.0, 103.0], "185": [599.7462447586375, 813.0, 481.0], "186": [599.7462447586375, 812.434088253571, 481.0], "187": [682.0522863037014, 813.0, 350.0], "188": [682.0522863037014, 813.0, 350.0], "189": [735.7423555513697, 813.0, 194.0],