{"1": [849.4518240108634, 21.0, 274.0], "2": [876.5549588253746, 21.0, 247.0], "3": [876.5549588253746, 21.0, 247.0], "4": [986.2306578063442, 21.0, 137.0], "5": [651.6865369676863, 86.0, 104.0], "6": [651.6865369676863, 86.0, 104.0], "7": [608.5778642522318, 86.0, 131.0], "8": [743.1649127317398, 86.0, 228.0], "9": [823.3474924543445, 86.0, 259.0], "10": [907.1515718685932, 86.0, 159.0], "11": [996.2705846740508, 86.0, 238.0], "12": [1064.7145390911637, 85.0391638000408, 307.0], "13": [1074.1523821785815, 86.0, 126.0], "14": [598.5184656491222, 120.0, 202.0], "15": [599.165062144881, 120.0, 202.0], "16": [665.7645012080297, 120.0, 171.0], "17": [665.117904712271, 120.0, 171.0], "18": [663.8247117207536, 120.0, 171.0], "19": [643.018180537566, 120.0, 132.0], "20": [643.018180537566, 120.0, 132.0], "21": [643.018180537566, 120.0, 132.0], "22": [720.804442487878, 120.0, 135.0], "23": [720.804442487878, 120.0, 135.0], "24": [805.8664188309692, 120.0, 268.0], "25": [805.8664188309692, 120.0, 268.0], "26": [758.9500003203724, 120.0, 230.0], "27": [803.7114893270124, 120.0, 148.0], "28": [803.7114893270124, 120.0, 148.0], "29": [944.6599970244503, 120.0, 205.0], "30": [1010.952634108981, 120.0, 171.0], "31": [1099.031903282616, 120.0, 163.0], "32": [1060.134248871579, 120.0, 219.0], "33": [729.5075030373424, 153.0, 120.0], "34": [729.5075030373424, 153.0, 120.0], "35": [708.7298507260945, 153.0, 258.0], "36": [708.7298507260945, 153.0, 258.0], "37": [708.7298507260945, 153.0, 258.0], "38": [897.6089808316657, 153.0, 245.0], "39": [897.6089808316657, 153.0, 245.0], "40": [974.7708344938553, 153.0, 288.0], "41": [930.5578370708538, 153.0, 185.0], "42": [880.1269528592286, 183.0, 167.0], "43": [622.5605248655884, 252.0, 114.0], "44": [622.5605248655884, 252.0, 114.0], "45": [704.5602909535532, 252.0, 187.0], "46": [702.6205014662771, 252.0, 187.0], "47": [700.680711979001, 252.0, 187.0], "48": [771.1227893606476, 252.0, 215.0], "49": [771.1227893606476, 252.0, 215.0], "50": [871.3200009360974, 252.0, 170.0], "51": [871.3200009360974, 252.0, 170.0], "52": [871.3200009360974, 252.0, 170.0], "53": [847.2831044189728, 285.0, 219.0], "54": [847.2831044189728, 285.0, 219.0], "55": [1008.4606439601546, 285.0, 174.0], "56": [1009.7538369516722, 285.0, 174.0], "57": [1052.0063012143569, 285.0, 254.0], "58": [557.7828864163225, 318.0, 239.0], "59": [556.489693424805, 318.0, 239.0], "60": [552.0850908507874, 318.0, 114.0], "61": [642.2034185596481, 318.0, 117.0], "62": [642.2034185596481, 318.0, 117.0], "63": [637.75631144369, 318.0, 103.0], "64": [637.75631144369, 318.0, 103.0], "65": [704.2706344202056, 318.0, 126.0], "66": [704.2706344202056, 318.0, 126.0], "67": [704.2706344202056, 318.0, 126.0], "68": [735.6067907801402, 318.0, 162.0], "69": [735.6067907801402, 318.0, 162.0], "70": [832.2063109139825, 318.0, 206.0], "71": [832.2063109139825, 318.0, 206.0], "72": [832.2063109139825, 318.0, 206.0], "73": [921.1701170327267, 318.0, 197.0], "74": [920.5235205369679, 318.0, 197.0], "75": [966.2772491461897, 318.0, 233.0], "76": [966.2772491461897, 318.0, 233.0], "77": [985.9985611618959, 318.0, 278.0], "78": [1087.9247537487481, 318.0, 303.0], "79": [1109.1820157413695, 318.0, 228.0], "80": [711.4626775411595, 351.0, 142.0], "81": [711.4626775411595, 351.0, 142.0], "82": [651.9458537249402, 351.0, 205.0], "83": [706.6670467679082, 351.0, 176.0], "84": [706.6670467679082, 351.0, 176.0], "85": [768.1992580254722, 351.0, 269.0], "86": [768.1992580254722, 351.0, 269.0], "87": [872.6453238459842, 351.0, 278.0], "88": [998.9638376522663, 351.0, 224.0], "89": [969.9196597091199, 351.0, 295.0], "90": [1013.9905205983226, 351.0, 327.0], "91": [1013.9905205983226, 351.0, 327.0], "92": [639.4177002885993, 417.0, 113.0], "93": [602.8816729190903, 417.0, 191.0], "94": [704.0992959262694, 417.0, 284.0], "95": [704.0992959262694, 417.0, 284.0], "96": [775.8242556422189, 417.0, 235.0], "97": [814.7575218587468, 417.0, 113.0], "98": [873.0386484578145, 417.0, 163.0], "99": [663.3899081530185, 450.0, 109.0], "100": [632.215277058833, 450.0, 144.0], "101": [745.9323074691875, 450.0, 195.0], "102": [714.4725497958169, 450.0, 255.0], "103": [714.4725497958169, 450.0, 255.0], "104": [836.0434257602865, 450.0, 251.0], "105": [836.0434257602865, 450.0, 251.0], "106": [836.0434257602865, 450.0, 251.0], "107": [931.3044685167852, 450.0, 179.0], "108": [1031.09152131171, 450.36618390372115, 206.0], "109": [1033.0313107989864, 449.7195874079624, 206.0], "110": [1003.6789988343165, 450.0, 200.0], "111": [1003.6789988343165, 450.0, 200.0], "112": [527.4905639993382, 483.0, 106.0], "113": [655.3228063660683, 483.0, 171.0], "114": [738.1833087330072, 483.0, 214.0], "115": [739.4765017245247, 483.0, 214.0], "116": [740.7696947160421, 483.0, 214.0], "117": [707.6064212389402, 483.0, 109.0], "118": [707.6064212389402, 483.0, 109.0], "119": [784.5824384610448, 483.0, 205.0], "120": [784.5824384610448, 483.0, 205.0], "121": [784.5824384610448, 483.0, 205.0], "122": [879.6683180160917, 483.0, 101.0], "123": [879.6683180160917, 483.0, 101.0], "124": [879.6683180160917, 483.0, 101.0], "125": [877.6185470875648, 483.0, 124.0], "126": [877.6185470875648, 483.0, 124.0], "127": [921.8161282020718, 483.0, 155.0], "128": [921.8161282020718, 483.0, 155.0], "129": [1033.028759473251, 483.0, 226.0], "130": [1125.752533396914, 483.0, 276.0], "131": [1068.834830050084, 483.0, 178.0], "132": [1068.834830050084, 483.0, 178.0], "133": [660.3690060214107, 516.0, 171.0], "134": [660.3690060214107, 516.0, 171.0], "135": [736.0661229099035, 516.0, 183.0], "136": [838.4057655756098, 516.0, 205.0], "137": [836.4659760883336, 516.0, 205.0], "138": [897.0908585680172, 516.0, 186.0], "139": [1016.1857152313441, 516.0, 168.0], "140": [997.5338348030728, 516.0, 133.0], "141": [591.2357488455932, 582.0, 193.0], "142": [671.720498427687, 582.0, 200.0], "143": [771.8504052333042, 582.0, 123.0], "144": [732.175001049304, 582.0, 136.0], "145": [889.9555568343452, 582.0, 153.0], "146": [943.8009943842821, 582.0, 214.0], "147": [991.2139012521142, 582.0, 187.0], "148": [1092.250586998658, 582.0, 170.0], "149": [650.7595076206571, 615.0, 163.0], "150": [650.7595076206571, 615.0, 163.0], "151": [766.2961549773241, 615.0, 130.0], "152": [766.2961549773241, 615.0, 130.0], "153": [852.6308884823018, 615.0, 117.0], "154": [851.984291986543, 615.0, 117.0], "155": [850.6910989950256, 615.0, 117.0], "156": [849.3979060035081, 615.0, 251.0], "157": [847.4581165162319, 615.0, 251.0], "158": [846.1649235247145, 615.0, 251.0], "159": [914.5396195581872, 615.0, 106.0], "160": [914.5396195581872, 615.0, 106.0], "161": [1005.093285108512, 615.0, 134.0], "162": [975.2649420447194, 615.0, 174.0], "163": [598.0736582923703, 647.0, 205.0], "164": [684.2615822360214, 647.0, 177.0], "165": [684.2615822360214, 647.0, 177.0], "166": [684.2615822360214, 647.0, 177.0], "167": [753.5119562517073, 647.0, 184.0], "168": [753.5119562517073, 647.0, 184.0], "169": [820.8347312919243, 647.0, 167.0], "170": [820.8347312919243, 647.0, 167.0], "171": [820.8347312919243, 647.0, 167.0], "172": [893.7877129065719, 647.0, 236.0], "173": [893.7877129065719, 647.0, 236.0], "174": [862.3298359186826, 647.5, 248.0], "175": [864.9162219017176, 647.5, 248.0], "176": [860.3900464314065, 647.5, 248.0], "177": [946.0827840630571, 647.0, 122.0], "178": [946.0827840630571, 647.0, 122.0], "179": [946.0827840630571, 647.0, 122.0], "180": [1015.7268924879819, 647.0, 264.0], "181": [1015.7268924879819, 647.0, 264.0], "182": [1079.4186542125626, 647.0, 134.0], "183": [652.7985709745018, 681.0, 140.0], "184": [729.4572060197918, 681.0, 236.0], "185": [796.2605777914082, 681.0, 208.0], "186": [873.321976346581, 684.43411536838, 210.0], "187": [939.7219498871647, 681.0, 123.0], "188": [1036.673614830133, 681.0, 235.0], "189": [596.4655467041504, 747.0, 119.0], "190": [569.8562121801538, 747.0, 169.0], "191": [636.3536928820247, 747.0, 149.0], "192": [589.5014817984019, 747.0, 135.0],