{"1" : [668.8175652330517, 184.12162312723987, 74.0], "3" : [670.3852755410607, 81.9521474441031, 163.0], "5" : [791.5742127732585, 2.618865501531514, 159.0], "7" : [600.6770749046817, 61.53478045262126, 253.0], "9" : [634.5080624388847, 73.70161315469437, 124.0], "11" : [680.6394430916483, 68.13444694695288, 180.0], "13" : [743.966805423574, 70.02983386564134, 238.0], "15" : [812.2678367005451, 73.48479605922043, 171.0], "17" : [871.7624995918646, 78.08906540186966, 320.0], "19" : [831.8536136729424, 70.9731947755046, 332.0], "21" : [938.5279174597445, 68.15736411472052, 197.0], "23" : [938.5279174597445, 68.15736411472052, 197.0], "25" : [971.951350213253, 72.67477784638292, 222.0], "27" : [996.6550762520937, 76.19180020377897, 256.0], "29" : [1106.4170437344526, 89.13977567207472, 88.0], "31" : [686.4181834016066, 93.9256205026026, 121.0], "33" : [686.4181834016066, 93.9256205026026, 121.0], "35" : [687.7301750387796, 92.13534660272437, 116.0], "37" : [687.7301750387796, 92.13534660272437, 116.0], "39" : [719.2418506594726, 87.38238112497024, 227.0], "41" : [830.6095713197667, 86.57821901994541, 303.0], "43" : [924.8330839701505, 100.19548886486712, 133.0], "45" : [924.8330839701505, 100.19548886486712, 133.0], "47" : [976.7247706036932, 96.96055434516384, 218.0], "49" : [976.7247706036932, 96.96055434516384, 218.0], "51" : [1013.7617491973658, 101.20201263743827, 149.0], "53" : [1013.7617491973658, 101.20201263743827, 149.0], "55" : [655.8622797418033, 126.45482560186522, 228.0], "57" : [655.8622797418033, 126.45482560186522, 228.0], "59" : [738.8149555067934, 146.65794223497952, 107.0], "61" : [806.7057821582588, 155.49826568043608, 173.0], "63" : [918.8377100396536, 171.53940596420233, 236.0], "65" : [896.0992127307441, 171.1322819752191, 127.0], "67" : [896.0992127307441, 171.1322819752191, 127.0], "69" : [1039.3101060796616, 162.3351034268422, 188.0], "71" : [1039.3101060796616, 162.3351034268422, 188.0], "73" : [1087.3025137486572, 161.979898306865, 199.0], "75" : [701.3385567226491, 185.75861992820597, 319.0], "77" : [701.3385567226491, 185.75861992820597, 319.0], "79" : [848.063736132081, 173.28516478213905, 182.0], "81" : [929.8119048523668, 163.3107120068863, 84.0], "83" : [929.8119048523668, 163.3107120068863, 84.0], "85" : [937.4736583129474, 170.5165847256266, 205.0], "87" : [982.9905105713613, 178.34416155227785, 274.0], "89" : [1028.5317596533641, 182.91959632324378, 148.0], "91" : [724.1313341401656, 237.50266588156273, 150.0], "93" : [724.1313341401656, 237.50266588156273, 150.0], "95" : [688.8604276286891, 240.23191665851158, 235.0], "97" : [697.3291978636072, 243.50146037460232, 137.0], "99" : [792.357336274401, 239.62133215196482, 75.0], "101" : [792.357336274401, 239.62133215196482, 75.0], "103" : [791.9011396215608, 241.6173795805746, 351.0], "105" : [791.9011396215608, 241.6173795805746, 351.0], "107" : [743.4782046891787, 243.07906223896242, 234.0], "109" : [807.1181814044074, 239.17272643531652, 55.0], "111" : [811.2851332935469, 238.92027162707635, 74.0], "113" : [894.7004528640733, 239.24253333431574, 221.0], "115" : [939.7356151060469, 238.03493178915707, 146.0], "117" : [1027.1062802163892, 247.4322183139694, 239.0], "119" : [1027.1062802163892, 247.4322183139694, 239.0], "121" : [1070.1272737834945, 255.70279872189468, 143.0], "123" : [661.5008563808569, 323.3119681224203, 234.0], "125" : [661.5008563808569, 323.3119681224203, 234.0], "127" : [656.8263157214617, 313.0357881619372, 95.0], "129" : [659.128789654074, 319.6818235790737, 66.0], "131" : [755.4251151933653, 332.95296856147695, 219.0], "133" : [755.4251151933653, 332.95296856147695, 219.0], "135" : [755.4251151933653, 332.95296856147695, 219.0], "137" : [755.4251151933653, 332.95296856147695, 219.0], "139" : [819.0628565093728, 323.0942851989797, 70.0], "141" : [819.0628565093728, 323.0942851989797, 70.0], "143" : [893.1224195673359, 318.66034749130455, 58.0], "145" : [893.1224195673359, 318.66034749130455, 58.0], "147" : [983.4932964042122, 323.1754189284731, 179.0], "149" : [983.4932964042122, 323.1754189284731, 179.0], "151" : [1033.8924723524033, 330.59032523069754, 93.0], "153" : [1033.8924723524033, 330.59032523069754, 93.0], "155" : [1033.8924723524033, 330.59032523069754, 93.0], "157" : [775.1792442735467, 338.41006145648373, 159.0], "159" : [736.6056635835577, 353.22892913515835, 159.0], "161" : [851.5180320251889, 392.59562835184306, 183.0], "163" : [749.9285692958106, 401.82380878384583, 63.0], "165" : [759.186956746221, 402.4310553955684, 161.0], "167" : [695.7622958084736, 401.60901641608916, 122.0], "169" : [818.6820501982384, 390.8628176707156, 78.0], "171" : [863.7548388419307, 407.7741917400292, 217.0], "173" : [952.6248543829654, 419.9647394148555, 173.0], "175" : [960.5288144946782, 417.5372901054529, 59.0], "177" : [987.669403675855, 411.19477166495636, 134.0], "179" : [1064.6479410575762, 410.92921336845023, 267.0], "181" : [1083.0011138468753, 409.3016754176872, 179.0], "183" : [767.6161908651673, 410.22047318858677, 210.0], "185" : [773.2191185232743, 405.86911608967125, 68.0], "187" : [840.4826656949276, 406.539555212584, 225.0], "189" : [853.7097781624117, 414.2699233433232, 133.0], "191" : [1009.1334880200117, 406.4784396840918, 218.0], "193" : [1026.729498586946, 404.54316424638034, 139.0], "195" : [653.7274524027215, 430.25293979618334, 51.0], "197" : [653.7274524027215, 430.25293979618334, 51.0], "199" : [653.7274524027215, 430.25293979618334, 51.0], "201" : [667.8334485081507, 430.84390283881226, 287.0], "203" : [667.8334485081507, 430.84390283881226, 287.0], "205" : [805.2026601398387, 447.8122320955248, 188.0], "207" : [883.9892837190783, 450.3367352914209, 196.0], "209" : [1027.9227988632715, 423.9295356012021, 193.0], "211" : [1027.9227988632715, 423.9295356012021, 193.0], "213" : [1083.9672719532448, 411.1236358394151, 55.0], "215" : [1091.3788133828266, 411.93135398541915, 118.0], "217" : [752.9706468057816, 488.2124393613311, 201.0], "219" : [752.9706468057816, 488.2124393613311, 201.0], "221" : [792.2066025880364, 492.04339422382645, 106.0], "223" : [792.2066025880364, 492.04339422382645, 106.0], "225" : [792.2066025880364, 492.04339422382645, 106.0], "227" : [885.4379030496598, 492.50866493317426, 277.0], "229" : [885.4379030496598, 492.50866493317426, 277.0], "231" : [916.485656515808, 480.3243022414326, 251.0], "233" : [991.1110229115841, 474.3952793705242, 127.0], "235" : [991.1110229115841, 474.3952793705242, 127.0], "237" : [690.0370979374522, 557.2827961940421, 186.0], "239" : [636.3405416721165, 557.6770305311522, 74.0], "241" : [767.3973353812397, 590.0359990118211, 75.0], "243" : [767.3973353812397, 590.0359990118211, 75.0], "245" : [774.1115077180887, 595.5246052959941, 252.0], "247" : [774.1115077180887, 595.5246052959941, 252.0], "249" : [889.5709241785349, 598.0297884805788, 141.0], "251" : [1034.9543849520928, 596.9899134615807, 228.0], "253" : [1034.9543849520928, 596.9899134615807, 228.0], "255" : [1091.3906604326896, 601.4989021887118, 182.0], "257" : [659.5782043340698, 628.8320497642733, 78.0], "259" : [659.5782043340698, 628.8320497642733, 78.0], "261" : [664.5465682020936, 625.9828451794216, 204.0], "263" : [664.5465682020936, 625.9828451794216, 204.0], "265" : [642.7382001012016, 623.6764051616153, 89.0], "267" : [642.7382001012016, 623.6764051616153, 89.0], "269" : [861.9893797159192, 612.9053095547806, 113.0], "271" : [865.3537291352086, 622.6895535542052, 67.0], "273" : [865.3537291352086, 622.6895535542052, 67.0], "275" : [927.1719979440205, 624.8255999039604, 125.0], "277" : [927.1719979440205, 624.8255999039604, 125.0], "279" : [1018.3994924882434, 605.8451789922668, 197.0], "281" : [1018.3994924882434, 605.8451789922668, 197.0], "283" : [1099.2896559405935, 616.0211216940946, 232.0], "285" : [659.5800014528002, 634.2933367600148, 90.0], "287" : [670.2303953731753, 635.7083703284474, 227.0], "289" : [739.1553414883366, 642.8932049735558, 103.0],