{"1" : [676.5056130553812, 105.57091734443996, 196.0], "3" : [676.5056130553812, 105.57091734443996, 196.0], "5" : [813.3938485513381, 10.704618027624903, 260.0], "7" : [846.2713486386291, 8.729213054522521, 178.0], "9" : [877.2999983134328, 2.710524578142058, 247.0], "11" : [584.5768200046545, 69.00662252598498, 151.0], "13" : [617.6346822084078, 72.98423633340238, 222.0], "15" : [617.6346822084078, 72.98423633340238, 222.0], "17" : [633.5476682097154, 76.91036628189222, 193.0], "19" : [652.5075559122283, 74.46395608390249, 172.0], "21" : [753.3982677113322, 66.29221140622163, 231.0], "23" : [782.9020686754145, 66.77035079120311, 145.0], "25" : [946.2428583823751, 65.85294604054893, 238.0], "27" : [946.2428583823751, 65.85294604054893, 238.0], "29" : [1021.6340667859852, 73.29231071693768, 182.0], "31" : [1091.5015357794491, 76.16923593099696, 195.0], "33" : [701.0902435857197, 104.08000027434773, 205.0], "35" : [686.781460015482, 116.00927183641359, 151.0], "37" : [863.9021264450919, 104.66212516631629, 235.0], "39" : [844.0379304287603, 105.42896353717025, 145.0], "41" : [844.0379304287603, 105.42896353717025, 145.0], "43" : [968.4559613429781, 103.3944945984292, 218.0], "45" : [968.4559613429781, 103.3944945984292, 218.0], "47" : [954.0250008989665, 103.13555484113564, 180.0], "49" : [978.3938470145899, 106.23768809434236, 130.0], "51" : [640.3000000445221, 151.9810085358646, 258.0], "53" : [731.2000014051563, 146.29622482617046, 212.0], "55" : [807.3000008661148, 133.2827202793947, 191.0], "57" : [807.3000008661148, 133.2827202793947, 191.0], "59" : [912.8851974673903, 133.6803993367608, 250.0], "61" : [912.8851974673903, 133.6803993367608, 250.0], "63" : [897.0801934177671, 131.5985485735629, 207.0], "65" : [897.0801934177671, 131.5985485735629, 207.0], "67" : [1044.8882345433067, 136.96606294439619, 221.0], "69" : [1044.8882345433067, 136.96606294439619, 221.0], "71" : [1032.7556436877426, 135.9653222494531, 124.0], "73" : [709.5407241630858, 190.9855675374242, 194.0], "75" : [687.8299082586744, 189.2242977186031, 214.0], "77" : [818.4931178077051, 169.36356437833916, 247.0], "79" : [957.4682365816197, 170.57294172258426, 255.0], "81" : [944.3447747241496, 172.3268654425906, 67.0], "83" : [1011.172160605305, 182.32954556213232, 176.0], "85" : [628.6263647637298, 249.59850902300917, 201.0], "87" : [605.7591089010184, 262.95546481250926, 247.0], "89" : [605.7591089010184, 262.95546481250926, 247.0], "91" : [637.6826102305693, 265.2057966317275, 207.0], "93" : [637.6826102305693, 265.2057966317275, 207.0], "95" : [762.4068606577296, 259.1689533141768, 277.0], "97" : [762.4068606577296, 259.1689533141768, 277.0], "99" : [769.7669938663634, 257.8423668810918, 203.0], "101" : [769.7669938663634, 257.8423668810918, 203.0], "103" : [769.7669938663634, 257.8423668810918, 203.0], "105" : [841.5855329643579, 249.83830042473105, 235.0], "107" : [951.374343555385, 245.8816736863398, 191.0], "109" : [1062.9659717877644, 248.46073361599423, 191.0], "111" : [973.1553111900804, 247.9858427258148, 226.0], "113" : [973.1553111900804, 247.9858427258148, 226.0], "115" : [959.5936520234404, 246.15158869586688, 126.0], "117" : [1034.903572083289, 246.1470247467111, 168.0], "119" : [1070.2873206429276, 248.65070689568913, 142.0], "121" : [696.3494203416326, 294.60116504890607, 172.0], "123" : [696.3494203416326, 294.60116504890607, 172.0], "125" : [668.3403048857481, 296.060715237321, 196.0], "127" : [668.3403048857481, 296.060715237321, 196.0], "129" : [668.3403048857481, 296.060715237321, 196.0], "131" : [751.8285692709856, 290.80827064264025, 133.0], "133" : [751.8285692709856, 290.80827064264025, 133.0], "135" : [834.1905012562255, 290.66250245996457, 200.0], "137" : [834.1905012562255, 290.66250245996457, 200.0], "139" : [953.7962967524683, 287.54629503914583, 108.0], "141" : [953.7962967524683, 287.54629503914583, 108.0], "143" : [1026.0601691488803, 281.2790934500905, 354.0], "145" : [643.9522077248646, 321.615444105271, 136.0], "147" : [643.9522077248646, 321.615444105271, 136.0], "149" : [598.7623848967002, 330.9904748907356, 210.0], "151" : [598.7623848967002, 330.9904748907356, 210.0], "153" : [672.6927072568827, 332.64322910904167, 192.0], "155" : [672.6927072568827, 332.64322910904167, 192.0], "157" : [836.3032766047575, 328.6639357354218, 61.0], "159" : [836.3032766047575, 328.6639357354218, 61.0], "161" : [961.0090912753616, 332.5066998550114, 209.0], "163" : [961.0090912753616, 332.5066998550114, 209.0], "165" : [1073.2189476107528, 329.72526220079396, 285.0], "167" : [1014.3764734384497, 325.8034334188497, 204.0], "169" : [1014.3764734384497, 325.8034334188497, 204.0], "171" : [1014.3764734384497, 325.8034334188497, 204.0], "173" : [704.6927363006611, 361.6944467913154, 234.0], "175" : [808.0175861733487, 362.51155880258005, 199.0], "177" : [808.0175861733487, 362.51155880258005, 199.0], "179" : [896.9500009698843, 364.439316734213, 234.0], "181" : [694.3316029983405, 363.98443434778426, 212.0], "183" : [694.3316029983405, 363.98443434778426, 212.0], "185" : [760.9515017492057, 363.55050073333183, 200.0], "187" : [652.6587660304037, 429.31706169902316, 211.0], "189" : [652.6587660304037, 429.31706169902316, 211.0], "191" : [652.6587660304037, 429.31706169902316, 211.0], "193" : [720.6885710128887, 424.46428772107726, 210.0], "195" : [720.6885710128887, 424.46428772107726, 210.0], "197" : [810.0216661359248, 422.4366673773475, 180.0], "199" : [810.0216661359248, 422.4366673773475, 180.0], "201" : [927.6447359053175, 423.19868590474465, 76.0], "203" : [927.6447359053175, 423.19868590474465, 76.0], "205" : [927.6447359053175, 423.19868590474465, 76.0], "207" : [932.0306904623875, 423.49629834788755, 189.0], "209" : [932.0306904623875, 423.49629834788755, 189.0], "211" : [1046.6155272260141, 427.30559434596506, 161.0], "213" : [1012.5759449712434, 427.24198612972685, 212.0], "215" : [1012.5759449712434, 427.24198612972685, 212.0], "217" : [1089.227925981005, 426.5155896967414, 154.0], "219" : [729.48400326623, 448.42285586867445, 175.0], "221" : [702.9633332492023, 449.51166800164054, 240.0], "223" : [815.8570004023297, 448.67433437923756, 300.0], "225" : [967.063840483, 458.0248572671412, 177.0], "227" : [967.063840483, 458.0248572671412, 177.0], "229" : [1010.2726473124928, 460.8307157776453, 446.0], "231" : [601.9709392596453, 471.3085448366907, 117.0], "233" : [605.2666641050641, 472.87777789139085, 81.0], "235" : [651.3005590452419, 476.0848327727317, 178.0], "237" : [762.3204736654441, 482.61692629234943, 254.0], "239" : [833.6114028664747, 487.6912269960156, 228.0], "241" : [833.6114028664747, 487.6912269960156, 228.0], "243" : [833.6114028664747, 487.6912269960156, 228.0], "245" : [875.176249630261, 489.48125289659606, 80.0], "247" : [875.176249630261, 489.48125289659606, 80.0], "249" : [967.2685173138306, 494.2652773041659, 216.0], "251" : [967.2685173138306, 494.2652773041659, 216.0], "253" : [967.2685173138306, 494.2652773041659, 216.0], "255" : [1079.0193401161891, 494.00094271849053, 212.0], "257" : [1109.2701854255406, 497.0658353617306, 161.0], "259" : [678.7194683458317, 506.98702222595256, 262.0], "261" : [678.7194683458317, 506.98702222595256, 262.0], "263" : [705.2136583376898, 510.6824409452106, 205.0], "265" : [705.2136583376898, 510.6824409452106, 205.0], "267" : [877.2323230158637, 520.4464634844908, 198.0], "269" : [855.5682734687994, 518.0698925945733, 186.0], "271" : [990.0423419155533, 520.9531504652241, 333.0], "273" : [1047.3424581118957, 519.138884736788, 252.0], "275" : [722.5693202012482, 566.0929208819637, 339.0], "277" : [761.2574184011818, 565.8296652327956, 209.0], "279" : [867.580487308576, 570.36544519094, 246.0], "281" : [950.4801494790748, 573.6687004402604, 131.0], "283" : [1042.8629440312216, 580.232994715953, 197.0], "285" : [1095.1449709489586, 578.9579873011128, 169.0], "287" : [601.9146002073946, 587.5508872042222, 226.0], "289" : [601.9146002073946, 587.5508872042222, 226.0],