{"1" : [691.116667703815, 100.10303029191864, 132.0], "3" : [691.116667703815, 100.10303029191864, 132.0], "5" : [650.1882918901302, 62.67170531701836, 205.0], "7" : [832.09843668066, 25.16874924538209, 64.0], "9" : [839.4973543133547, 16.751851918333635, 189.0], "11" : [872.7498193306513, 25.501082226220024, 277.0], "13" : [767.8184445344559, 84.12663950897252, 244.0], "15" : [700.3362632136614, 83.0664835030428, 182.0], "17" : [857.48289490587, 81.89999923180117, 152.0], "19" : [937.2917202895559, 79.39299370737766, 157.0], "21" : [1005.1137332272783, 63.103168280369886, 284.0], "23" : [1035.0549618438085, 67.58702897127382, 131.0], "25" : [681.0966307358842, 118.58764172522397, 178.0], "27" : [681.0966307358842, 118.58764172522397, 178.0], "29" : [680.803846307316, 125.46795028467066, 78.0], "31" : [680.803846307316, 125.46795028467066, 78.0], "33" : [680.803846307316, 125.46795028467066, 78.0], "35" : [793.5102404390196, 127.8322870266818, 127.0], "37" : [793.5102404390196, 127.8322870266818, 127.0], "39" : [869.4674166109604, 110.34213700745359, 178.0], "41" : [986.0768010019334, 102.67279851502234, 125.0], "43" : [986.0768010019334, 102.67279851502234, 125.0], "45" : [981.920914367006, 111.54575385880054, 153.0], "47" : [753.6806441280122, 157.0109193148289, 403.0], "49" : [873.4625982124909, 159.85118284220124, 254.0], "51" : [873.4625982124909, 159.85118284220124, 254.0], "53" : [873.4625982124909, 159.85118284220124, 254.0], "55" : [849.8169383299777, 160.1038248477618, 183.0], "57" : [849.8169383299777, 160.1038248477618, 183.0], "59" : [1000.4435896937881, 147.31966065932963, 234.0], "61" : [969.514060344607, 156.37343621665056, 192.0], "63" : [969.514060344607, 156.37343621665056, 192.0], "65" : [968.9560965578515, 157.1804884276211, 82.0], "67" : [968.9560965578515, 157.1804884276211, 82.0], "69" : [654.3884049330047, 232.91884100692806, 69.0], "71" : [827.2805227184647, 224.99523807157155, 231.0], "73" : [1048.657894504551, 224.49342314720295, 228.0], "75" : [1048.657894504551, 224.49342314720295, 228.0], "77" : [962.816831071697, 225.67326672930974, 101.0], "79" : [739.9828736827994, 252.55303920344272, 181.0], "81" : [684.3552163838608, 255.45276294317605, 163.0], "83" : [749.4971264982197, 252.3103463212349, 174.0], "85" : [836.0751900474676, 255.52404636261062, 262.0], "87" : [899.2488236329177, 259.9017673972098, 170.0], "89" : [899.2488236329177, 259.9017673972098, 170.0], "91" : [1036.5308341642142, 254.77958460588704, 240.0], "93" : [726.9732390155413, 290.72253743423477, 71.0], "95" : [726.9732390155413, 290.72253743423477, 71.0], "97" : [639.8080767521116, 277.98136716370584, 161.0], "99" : [734.5450466754411, 282.4090068269589, 222.0], "101" : [734.5450466754411, 282.4090068269589, 222.0], "103" : [863.1985641889249, 285.9296619327381, 209.0], "105" : [1027.056605444593, 298.24151402442715, 159.0], "107" : [1027.056605444593, 298.24151402442715, 159.0], "109" : [973.554018299871, 300.50000069817963, 224.0], "111" : [973.554018299871, 300.50000069817963, 224.0], "113" : [1002.8121337576011, 297.83006073049614, 173.0], "115" : [1002.8121337576011, 297.83006073049614, 173.0], "117" : [1049.5743762100265, 296.0637508492218, 160.0], "119" : [1049.5743762100265, 296.0637508492218, 160.0], "121" : [1095.161588982903, 303.06291263993245, 151.0], "123" : [775.5598946601054, 326.4380208349352, 192.0], "125" : [775.5598946601054, 326.4380208349352, 192.0], "127" : [775.5598946601054, 326.4380208349352, 192.0], "129" : [728.4682959739536, 331.33024544964803, 205.0], "131" : [728.4682959739536, 331.33024544964803, 205.0], "133" : [784.7321590509451, 327.50954674682447, 199.0], "135" : [784.7321590509451, 327.50954674682447, 199.0], "137" : [835.1871937120758, 329.6827524701676, 203.0], "139" : [835.1871937120758, 329.6827524701676, 203.0], "141" : [867.4999995997765, 332.45797971807934, 188.0], "143" : [867.4999995997765, 332.45797971807934, 188.0], "145" : [973.8845748997984, 332.86808526453683, 188.0], "147" : [973.8845748997984, 332.86808526453683, 188.0], "149" : [1027.5384616871725, 335.5572652955413, 117.0], "151" : [659.3575589164965, 390.0953774634944, 238.0], "153" : [797.7072942090774, 389.2982839251429, 233.0], "155" : [933.5048996184337, 392.5126536769866, 245.0], "157" : [957.0056700946751, 395.56680243836047, 247.0], "159" : [1061.1660279388414, 402.357691982119, 312.0], "161" : [832.0683781195546, 421.54017269463156, 117.0], "163" : [832.0683781195546, 421.54017269463156, 117.0], "165" : [829.9071438862686, 423.36606995527046, 56.0], "167" : [829.9071438862686, 423.36606995527046, 56.0], "169" : [729.7628797161469, 420.7752515716027, 299.0], "171" : [729.7628797161469, 420.7752515716027, 299.0], "173" : [749.4590082838189, 422.64596361449236, 161.0], "175" : [749.4590082838189, 422.64596361449236, 161.0], "177" : [990.448603703864, 427.4601605625817, 251.0], "179" : [990.448603703864, 427.4601605625817, 251.0], "181" : [1018.354791980268, 427.31164998703684, 146.0], "183" : [1018.354791980268, 427.31164998703684, 146.0], "185" : [697.0750009994846, 459.8216648156585, 180.0], "187" : [697.0750009994846, 459.8216648156585, 180.0], "189" : [697.0750009994846, 459.8216648156585, 180.0], "191" : [643.0260743523309, 463.61221079567184, 303.0], "193" : [771.458397389167, 457.972901973335, 262.0], "195" : [771.458397389167, 457.972901973335, 262.0], "197" : [903.3731834852374, 443.8149982260868, 220.0], "199" : [1039.4219758322295, 455.37912601788, 182.0], "201" : [1039.4219758322295, 455.37912601788, 182.0], "203" : [1090.5706313395353, 458.50297289564855, 269.0], "205" : [736.2155553761697, 486.7496291233383, 135.0], "207" : [731.2482530952299, 491.7391603225284, 143.0], "209" : [731.2482530952299, 491.7391603225284, 143.0], "211" : [808.0112499756673, 493.13500094664414, 160.0], "213" : [808.0112499756673, 493.13500094664414, 160.0], "215" : [926.0942868445853, 490.53821698688876, 280.0], "217" : [926.0942868445853, 490.53821698688876, 280.0], "219" : [926.0942868445853, 490.53821698688876, 280.0], "221" : [1002.117813082028, 490.6448292596195, 174.0], "223" : [1002.117813082028, 490.6448292596195, 174.0], "225" : [1036.3095226286168, 493.2467537784578, 231.0], "227" : [1036.3095226286168, 493.2467537784578, 231.0], "229" : [1051.7753765814762, 493.9517582147473, 199.0], "231" : [700.2269020808893, 562.5824564001593, 171.0], "233" : [654.7862620397436, 567.5280213766117, 182.0], "235" : [759.6562922307355, 556.6920541510572, 151.0], "237" : [912.8596076301654, 555.5537620412241, 359.0], "239" : [676.0106287991418, 576.2280215885418, 207.0], "241" : [646.0534732559939, 591.1187487232768, 144.0], "243" : [646.0534732559939, 591.1187487232768, 144.0], "245" : [796.172357624139, 585.045528299568, 246.0], "247" : [796.172357624139, 585.045528299568, 246.0], "249" : [864.0361581534521, 591.6186432066847, 177.0], "251" : [864.0361581534521, 591.6186432066847, 177.0], "253" : [973.6758623863655, 599.5068970905785, 203.0], "255" : [1061.8310820990484, 587.6594577924508, 74.0], "257" : [1061.8310820990484, 587.6594577924508, 74.0], "259" : [1064.2217962905227, 599.0012810160384, 78.0], "261" : [1094.5358271059229, 605.0376938171984, 321.0], "263" : [1102.5777767794532, 601.928571704022, 63.0], "265" : [716.7688184221806, 618.3118315651718, 186.0], "267" : [661.864776056428, 630.0227234251845, 176.0], "269" : [661.864776056428, 630.0227234251845, 176.0], "271" : [620.9306908074072, 630.6485149631997, 202.0], "273" : [620.9306908074072, 630.6485149631997, 202.0], "275" : [811.5310814246649, 628.6835906081171, 518.0], "277" : [811.5310814246649, 628.6835906081171, 518.0], "279" : [976.9555554559576, 632.2408587355532, 279.0], "281" : [1097.4181828315977, 629.9599141075817, 242.0], "283" : [1097.4181828315977, 629.9599141075817, 242.0], "285" : [776.7339498915437, 656.2481514719295, 162.0], "287" : [776.7339498915437, 656.2481514719295, 162.0], "289" : [776.7339498915437, 656.2481514719295, 162.0],