{"1" : [727.3785730979259, 298.4519504858138, 154.0], "3" : [792.4026742002775, 313.72352759890146, 187.0], "5" : [769.481674177286, 85.91309020702283, 191.0], "7" : [769.481674177286, 85.91309020702283, 191.0], "9" : [624.0753705208733, 91.59950437995322, 402.0], "11" : [671.1821214258741, 91.31788064908217, 179.0], "13" : [698.2071430085008, 85.11703319459487, 182.0], "15" : [653.0535828506383, 86.60226577540105, 265.0], "17" : [744.0152972138854, 78.14262398764043, 183.0], "19" : [722.9278665339453, 78.26311851974042, 122.0], "21" : [763.2061025515873, 82.7619716028462, 213.0], "23" : [788.6062899780744, 79.75785995262743, 159.0], "25" : [997.1629099946675, 60.61549387990196, 213.0], "27" : [737.0371271777874, 136.58562629276895, 167.0], "29" : [691.3639820987931, 139.33269894394846, 211.0], "31" : [681.4198994110831, 140.39950084952673, 201.0], "33" : [714.5650310361484, 133.5822058880393, 163.0], "35" : [714.5650310361484, 133.5822058880393, 163.0], "37" : [714.5650310361484, 133.5822058880393, 163.0], "39" : [809.7559202203979, 115.24605374834005, 152.0], "41" : [776.0027770881068, 123.05500227448191, 180.0], "43" : [845.4977025630735, 118.54482786858077, 87.0], "45" : [845.4977025630735, 118.54482786858077, 87.0], "47" : [849.1258359030866, 119.42775196060745, 209.0], "49" : [883.8793406376195, 109.09249331859567, 213.0], "51" : [837.742957127949, 126.02183225198739, 284.0], "53" : [837.742957127949, 126.02183225198739, 284.0], "55" : [837.742957127949, 126.02183225198739, 284.0], "57" : [878.5915543744156, 102.61619722275823, 142.0], "59" : [878.5915543744156, 102.61619722275823, 142.0], "61" : [951.0099720299359, 92.00000143006974, 411.0], "63" : [951.0099720299359, 92.00000143006974, 411.0], "65" : [664.5598047313719, 233.58431364426337, 204.0], "67" : [664.5598047313719, 233.58431364426337, 204.0], "69" : [783.5993120579225, 156.1303460287885, 145.0], "71" : [783.5993120579225, 156.1303460287885, 145.0], "73" : [773.066338947947, 195.0207943419692, 101.0], "75" : [773.066338947947, 195.0207943419692, 101.0], "77" : [817.526448573161, 198.8041331779811, 121.0], "79" : [907.7733749902699, 135.25858088443601, 169.0], "81" : [881.2132073567481, 162.48049905948426, 159.0], "83" : [881.2132073567481, 162.48049905948426, 159.0], "85" : [881.2132073567481, 162.48049905948426, 159.0], "87" : [981.0634343100925, 110.45374659040847, 227.0], "89" : [1007.8744190718961, 99.96511375238973, 86.0], "91" : [1007.8744190718961, 99.96511375238973, 86.0], "93" : [1063.0374434740525, 87.23653120114898, 219.0], "95" : [761.8253974927859, 249.33545313466092, 189.0], "97" : [709.8439429455642, 258.29772887407654, 132.0], "99" : [709.8439429455642, 258.29772887407654, 132.0], "101" : [804.8651517203697, 237.767674720165, 198.0], "103" : [826.0514168957907, 253.34898732071804, 247.0], "105" : [946.2955693668183, 184.0772153083987, 158.0], "107" : [995.3343733887571, 139.12811937495255, 96.0], "109" : [832.2994827076957, 11.580312889405652, 193.0], "111" : [684.1166691945484, 279.55757683095794, 66.0], "113" : [637.0336320304501, 311.6763899479044, 449.0], "115" : [668.2410847439326, 306.50115942375, 258.0], "117" : [744.2992898740674, 302.42766162633177, 141.0], "119" : [776.8488583898004, 305.7278535276683, 438.0], "121" : [776.8488583898004, 305.7278535276683, 438.0], "123" : [852.9172064048297, 309.84838604434617, 93.0], "125" : [907.3808060187267, 310.22043112697037, 323.0], "127" : [957.5987662872693, 304.9901218087976, 81.0], "129" : [957.5987662872693, 304.9901218087976, 81.0], "131" : [961.6175420615142, 293.1251479616333, 171.0], "133" : [961.6175420615142, 293.1251479616333, 171.0], "135" : [1024.228372754541, 228.7159550830779, 282.0], "137" : [1024.228372754541, 228.7159550830779, 282.0], "139" : [736.291062831092, 326.4798888790855, 179.0], "141" : [736.291062831092, 326.4798888790855, 179.0], "143" : [682.1160001658416, 329.71533306288353, 150.0], "145" : [682.1160001658416, 329.71533306288353, 150.0], "147" : [710.5288608759888, 333.1107391502538, 298.0], "149" : [710.5288608759888, 333.1107391502538, 298.0], "151" : [710.5288608759888, 333.1107391502538, 298.0], "153" : [798.7171538853187, 336.40000007074195, 274.0], "155" : [860.5775601678404, 338.60194839218167, 205.0], "157" : [884.2387680231176, 336.0949286869756, 276.0], "159" : [967.0686949573411, 331.2339121436033, 345.0], "161" : [967.0686949573411, 331.2339121436033, 345.0], "163" : [967.0686949573411, 331.2339121436033, 345.0], "165" : [680.5027794442068, 351.4874981884081, 72.0], "167" : [680.9285729078807, 348.9526317505892, 133.0], "169" : [633.3509564467979, 349.73562875176907, 261.0], "171" : [660.2409092060944, 345.7096597164845, 176.0], "173" : [738.8185544058607, 348.34639279593017, 194.0], "175" : [818.1785715559856, 355.2035710127864, 112.0], "177" : [801.2134306166281, 356.003730287509, 134.0], "179" : [801.2134306166281, 356.003730287509, 134.0], "181" : [768.7455902837927, 355.94191017559154, 136.0], "183" : [913.4499928555648, 364.76935564615724, 62.0], "185" : [909.9833340993023, 363.72559685696257, 336.0], "187" : [947.1417351252807, 363.71198359473647, 242.0], "189" : [947.1417351252807, 363.71198359473647, 242.0], "191" : [963.4518320362504, 365.3036601150795, 164.0], "193" : [963.4518320362504, 365.3036601150795, 164.0], "195" : [1022.4382489422464, 360.9027650314078, 217.0], "197" : [1041.1009516624915, 361.83333327857, 105.0], "199" : [1005.2883136325249, 362.50064946545774, 154.0], "201" : [946.8065927151664, 389.2153868402383, 273.0], "203" : [684.4128386478253, 432.20337921685103, 148.0], "205" : [684.4128386478253, 432.20337921685103, 148.0], "207" : [670.9937121396883, 438.02742804956523, 175.0], "209" : [729.6940785838946, 435.33259133212584, 270.0], "211" : [795.0337564489544, 438.17637084349246, 237.0], "213" : [897.6547082578189, 438.5295949634568, 223.0], "215" : [873.7894991845424, 436.27299783987866, 200.0], "217" : [873.7894991845424, 436.27299783987866, 200.0], "219" : [898.8391113329369, 437.384652021308, 202.0], "221" : [990.8114828108975, 447.2358853430564, 209.0], "223" : [1010.8585958244189, 450.4828147905096, 128.0], "225" : [993.8929735923464, 450.7848662190671, 185.0], "227" : [720.569563729124, 466.5768088931956, 138.0], "229" : [706.8877959682054, 469.11173324135666, 213.0], "231" : [735.3310854268856, 476.02297306562616, 74.0], "233" : [808.9940666169961, 481.82457444659707, 236.0], "235" : [822.3032764261641, 475.94699716198704, 183.0], "237" : [822.3032764261641, 475.94699716198704, 183.0], "239" : [943.7787125835654, 479.696501057273, 343.0], "241" : [653.1815067073352, 506.51301511558864, 292.0], "243" : [762.9433362161828, 580.2550017372796, 60.0], "245" : [749.5804118232121, 513.5896908027764, 194.0], "247" : [826.90553586327, 507.8579787305747, 307.0], "249" : [826.90553586327, 507.8579787305747, 307.0], "251" : [813.4426209243859, 502.7073784237438, 122.0], "253" : [873.1687089412691, 512.3564413584306, 163.0], "255" : [964.8696337964902, 511.89068846351483, 247.0], "257" : [964.8696337964902, 511.89068846351483, 247.0], "259" : [1015.4602264548305, 515.9613602337604, 264.0], "261" : [709.9554152283223, 518.4630555573684, 157.0], "263" : [764.377778677202, 527.1072239831382, 180.0], "265" : [819.2024101079098, 521.8975863464009, 83.0], "267" : [708.2837092286542, 586.7679770031602, 178.0], "269" : [708.2837092286542, 586.7679770031602, 178.0], "271" : [658.1630203843979, 598.7567712499867, 192.0], "273" : [743.6199997366776, 599.4883342109939, 60.0], "275" : [741.846298533467, 589.4407419470527, 162.0], "277" : [741.846298533467, 589.4407419470527, 162.0], "279" : [682.5380963228913, 596.2888884372525, 63.0], "281" : [682.5380963228913, 596.2888884372525, 63.0], "283" : [678.1320013007913, 592.1320015209873, 175.0], "285" : [678.1320013007913, 592.1320015209873, 175.0], "287" : [790.0874508135419, 593.1642616550662, 263.0], "289" : [790.0874508135419, 593.1642616550662, 263.0], "291" : [790.0874508135419, 593.1642616550662, 263.0],