{"1" : [678.1926847527311, 114.54268317411116, 82.0], "3" : [668.8465099991181, 92.43907077426759, 215.0], "5" : [668.8465099991181, 92.43907077426759, 215.0], "7" : [571.2496353193188, 93.63139037597912, 137.0], "9" : [574.4879991671532, 88.71699927137013, 100.0], "11" : [791.6708136828677, 4.6372998042250515, 185.0], "13" : [648.6851871592909, 62.040210539378954, 189.0], "15" : [590.7868303879969, 64.26913508642409, 243.0], "17" : [754.3036855395063, 67.75631666659743, 190.0], "19" : [830.1442572377957, 64.37574698820714, 235.0], "21" : [1007.4480141279878, 59.16258054469443, 302.0], "23" : [704.6149308284753, 93.79004529835939, 221.0], "25" : [704.6149308284753, 93.79004529835939, 221.0], "27" : [676.2382014467167, 86.19719400882536, 178.0], "29" : [851.6237275510221, 87.21483028065093, 236.0], "31" : [971.0320239072978, 88.868327072379, 281.0], "33" : [1013.184455933234, 89.04748183323663, 238.0], "35" : [646.7554660342028, 131.15630184554078, 238.0], "37" : [646.7554660342028, 131.15630184554078, 238.0], "39" : [634.0466678803953, 123.65600056671678, 150.0], "41" : [768.4778694889286, 125.26147904939307, 244.0], "43" : [768.4778694889286, 125.26147904939307, 244.0], "45" : [841.39115124548, 119.71238932126488, 113.0], "47" : [841.39115124548, 119.71238932126488, 113.0], "49" : [965.7031673798946, 129.3306323117691, 284.0], "51" : [965.7031673798946, 129.3306323117691, 284.0], "53" : [965.7031673798946, 129.3306323117691, 284.0], "55" : [965.7031673798946, 129.3306323117691, 284.0], "57" : [1067.0765821131642, 125.26732142160648, 205.0], "59" : [768.8928576363857, 141.28333048299947, 168.0], "61" : [698.0386767192301, 165.1637619845639, 287.0], "63" : [698.0386767192301, 165.1637619845639, 287.0], "65" : [698.0386767192301, 165.1637619845639, 287.0], "67" : [804.0145677354556, 159.35629862998647, 254.0], "69" : [804.0145677354556, 159.35629862998647, 254.0], "71" : [943.9566031411866, 170.25471545373077, 53.0], "73" : [976.7493594375915, 165.61089829886072, 156.0], "75" : [976.7493594375915, 165.61089829886072, 156.0], "77" : [1025.2025002737123, 167.03124808868142, 160.0], "79" : [1025.2025002737123, 167.03124808868142, 160.0], "81" : [939.228098442415, 164.22313747833107, 121.0], "83" : [939.228098442415, 164.22313747833107, 121.0], "85" : [609.572628537244, 239.03065586167148, 274.0], "87" : [703.2623553067057, 244.71176184482738, 85.0], "89" : [705.7059710981821, 242.74104649555835, 134.0], "91" : [979.4417085175604, 226.75999977252363, 410.0], "93" : [1079.1035007347793, 231.32650008859025, 200.0], "95" : [1107.564081274638, 231.17253493288473, 142.0], "97" : [706.8359994248167, 285.0923329043728, 300.0], "99" : [678.9518268027434, 281.70802639097644, 411.0], "101" : [822.5116832560219, 269.27383281371755, 214.0], "103" : [822.5116832560219, 269.27383281371755, 214.0], "105" : [886.2157428951596, 261.49370089419324, 127.0], "107" : [886.2157428951596, 261.49370089419324, 127.0], "109" : [886.268965047178, 254.82068939760876, 58.0], "111" : [1023.3743250624369, 258.7489872230885, 296.0], "113" : [1023.3743250624369, 258.7489872230885, 296.0], "115" : [1023.3743250624369, 258.7489872230885, 296.0], "117" : [1062.620182426346, 256.3045850375788, 109.0], "119" : [738.9364872690753, 253.49054026263235, 74.0], "121" : [596.762962754857, 301.99966378355975, 297.0], "123" : [698.1433332406633, 293.135001377746, 180.0], "125" : [698.1433332406633, 293.135001377746, 180.0], "127" : [829.1034995758854, 274.70550179568625, 200.0], "129" : [829.1034995758854, 274.70550179568625, 200.0], "131" : [959.4811551980637, 279.8930761895788, 260.0], "133" : [960.9461546611283, 281.08994186630173, 169.0], "135" : [1042.5013868840852, 285.2250000254991, 144.0], "137" : [931.5645568242918, 282.26961846214624, 79.0], "139" : [693.3437709135336, 335.91784562664907, 297.0], "141" : [693.3437709135336, 335.91784562664907, 297.0], "143" : [773.624997859779, 336.2805562560268, 180.0], "145" : [869.0887443729405, 331.2476202196739, 231.0], "147" : [869.0887443729405, 331.2476202196739, 231.0], "149" : [869.0887443729405, 331.2476202196739, 231.0], "151" : [927.9475142198529, 325.67900543308934, 181.0], "153" : [927.9475142198529, 325.67900543308934, 181.0], "155" : [1010.3827160739836, 312.6271583224349, 81.0], "157" : [1010.3827160739836, 312.6271583224349, 81.0], "159" : [1013.4913215605771, 318.4320760736754, 265.0], "161" : [1013.4913215605771, 318.4320760736754, 265.0], "163" : [647.3721818763372, 399.38157954020227, 266.0], "165" : [649.9660726221648, 401.21785690735373, 56.0], "167" : [761.0865123927266, 403.74511448210916, 215.0], "169" : [886.1049995666557, 401.79636635912914, 220.0], "171" : [951.4176160747289, 404.2694289963322, 193.0], "173" : [1069.801247408425, 391.7335001165237, 400.0], "175" : [1010.3816959751684, 404.832588430758, 224.0], "177" : [925.1528095870971, 410.66067236351694, 178.0], "179" : [1092.7958304722736, 398.56833226504574, 120.0], "181" : [716.0525012128238, 448.0280005584373, 200.0], "183" : [721.5943915976304, 447.94859903271816, 107.0], "185" : [781.7265994027683, 446.74581168518876, 203.0], "187" : [806.3657147555268, 441.5838049106026, 210.0], "189" : [708.0539495943957, 431.0771922707809, 228.0], "191" : [708.0539495943957, 431.0771922707809, 228.0], "193" : [818.0699588502041, 432.42345776966937, 243.0], "195" : [818.0699588502041, 432.42345776966937, 243.0], "197" : [979.132600405862, 427.2600768457186, 273.0], "199" : [979.132600405862, 427.2600768457186, 273.0], "201" : [979.132600405862, 427.2600768457186, 273.0], "203" : [623.1792063705673, 469.6485153531697, 303.0], "205" : [627.5217167505256, 473.45909124307366, 198.0], "207" : [766.291178624717, 478.4946095523147, 204.0], "209" : [866.9539214187702, 477.809806511804, 102.0], "211" : [867.177057165647, 472.1489160993889, 231.0], "213" : [1073.2022382319285, 461.88333217325135, 402.0], "215" : [752.7895250148623, 495.79619048931715, 105.0], "217" : [752.7895250148623, 495.79619048931715, 105.0], "219" : [673.9979686519841, 514.3050747164357, 197.0], "221" : [725.3786418829303, 510.8262128698998, 206.0], "223" : [890.7830454447087, 507.39515578088725, 289.0], "225" : [1000.9483626354943, 507.18202506244074, 306.0], "227" : [714.9611482511293, 502.8439517732903, 157.0], "229" : [741.7848883842317, 507.4564419344138, 225.0], "231" : [647.1422868675883, 566.5546668084438, 525.0], "233" : [733.3765574495031, 569.9299695014552, 337.0], "235" : [870.7593150435166, 577.5140683982842, 263.0], "237" : [998.92024513597, 575.1539889452249, 163.0], "239" : [1079.284898936507, 572.2510187629903, 245.0], "241" : [645.4893639814561, 607.2127686350955, 188.0], "243" : [592.1897337871519, 609.9629152861386, 302.0], "245" : [583.3607475698647, 611.4133966791953, 321.0], "247" : [676.1756764602954, 607.9789790609647, 333.0], "249" : [823.8375764187361, 603.1784535034569, 181.0], "251" : [886.0827720706678, 608.2357155830922, 238.0], "253" : [796.1840935544515, 603.8318187797289, 220.0], "255" : [796.1840935544515, 603.8318187797289, 220.0], "257" : [956.0893447371922, 608.4147357320578, 319.0], "259" : [922.2616820233267, 606.2439291426466, 107.0], "261" : [1073.7312333901534, 592.8249324672423, 365.0], "263" : [1073.7312333901534, 592.8249324672423, 365.0], "265" : [637.969047609779, 630.7980122354404, 252.0], "267" : [637.969047609779, 630.7980122354404, 252.0], "269" : [637.969047609779, 630.7980122354404, 252.0], "271" : [604.2295413188112, 633.0568180891262, 88.0], "273" : [606.7739126785939, 635.0086985914536, 92.0], "275" : [705.7308986062966, 637.8157311129056, 178.0], "277" : [807.8601634866843, 639.9243898986538, 246.0], "279" : [627.2425280005049, 631.657472414988, 174.0], "281" : [857.9813098935325, 642.2141441556881, 198.0], "283" : [816.672499631564, 636.7637534458672, 160.0], "285" : [948.4200693457557, 637.9096786002726, 279.0], "287" : [1090.5392352470249, 635.2718768713588, 288.0], "289" : [707.3781927331218, 669.1851074506609, 188.0],