{"1" : [691.9264052635006, 133.58482970662024, 178.0], "3" : [654.3062474936231, 100.10156288375215, 64.0], "5" : [654.3062474936231, 100.10156288375215, 64.0], "7" : [663.5339614396768, 96.73207939011888, 106.0], "9" : [663.5339614396768, 96.73207939011888, 106.0], "11" : [663.5339614396768, 96.73207939011888, 106.0], "13" : [645.0461552162775, 90.30659637979942, 91.0], "15" : [813.3242865382872, 15.161428838849943, 70.0], "17" : [820.0537723909632, 12.092453472426126, 106.0], "19" : [866.2222856283295, 20.305716296139806, 175.0], "21" : [785.0300365365518, 71.80830148742967, 253.0], "23" : [760.1552391382351, 74.0290499623139, 210.0], "25" : [900.0901985509091, 79.91568348071426, 51.0], "27" : [900.0901985509091, 79.91568348071426, 51.0], "29" : [904.1584282006073, 81.01629219252193, 178.0], "31" : [1001.3710362319914, 76.6923528459885, 183.0], "33" : [1037.288941493158, 74.18847328028811, 425.0], "35" : [683.1421545678272, 109.57982356391827, 223.0], "37" : [784.1040600860753, 119.42030574701164, 197.0], "39" : [873.7899991040691, 123.42000281814371, 200.0], "41" : [979.5775510257636, 112.25469567849129, 245.0], "43" : [764.1821314496893, 145.49965557541154, 291.0], "45" : [746.9870191523902, 151.1884620136614, 208.0], "47" : [879.1424793554188, 159.99292106305035, 226.0], "49" : [879.1424793554188, 159.99292106305035, 226.0], "51" : [879.1424793554188, 159.99292106305035, 226.0], "53" : [993.606729661276, 163.92115273079648, 208.0], "55" : [993.606729661276, 163.92115273079648, 208.0], "57" : [1024.440149552576, 161.44739686581875, 538.0], "59" : [1024.440149552576, 161.44739686581875, 538.0], "61" : [669.0722533571302, 238.1930625832292, 173.0], "63" : [654.1066172726788, 245.99632426006804, 136.0], "65" : [747.6140342621169, 250.5725163067452, 171.0], "67" : [837.3078119441614, 248.83281280041774, 64.0], "69" : [836.2769243515, 248.5814114624031, 156.0], "71" : [859.3736354204217, 236.3699986582634, 220.0], "73" : [1031.1225276353775, 234.49802290445743, 253.0], "75" : [1112.9426470275293, 226.71249953871103, 136.0], "77" : [740.4310130092455, 269.07468499799995, 158.0], "79" : [740.4310130092455, 269.07468499799995, 158.0], "81" : [740.46768295581, 273.6987818359704, 164.0], "83" : [740.46768295581, 273.6987818359704, 164.0], "85" : [870.8741709065736, 284.109223700131, 271.0], "87" : [922.3172100731954, 278.1604656616555, 215.0], "89" : [1063.4214296097248, 258.95143074341314, 70.0], "91" : [1063.4214296097248, 258.95143074341314, 70.0], "93" : [1060.206400750185, 261.2663992810122, 125.0], "95" : [1060.206400750185, 261.2663992810122, 125.0], "97" : [1078.700000664266, 263.14293661574374, 177.0], "99" : [690.9609624558001, 311.2711203761807, 187.0], "101" : [652.3757667296645, 308.9218411855498, 293.0], "103" : [652.3757667296645, 308.9218411855498, 293.0], "105" : [809.9742361634609, 308.60043498434686, 229.0], "107" : [805.7377362550453, 315.446225913577, 106.0], "109" : [879.6000027947584, 313.88153050343766, 222.0], "111" : [995.0131681673631, 297.67805152809336, 205.0], "113" : [995.0131681673631, 297.67805152809336, 205.0], "115" : [995.0131681673631, 297.67805152809336, 205.0], "117" : [1038.1399132501374, 303.5570808998573, 233.0], "119" : [1038.1399132501374, 303.5570808998573, 233.0], "121" : [1110.4495791388733, 300.8718508138741, 238.0], "123" : [735.9402503228384, 349.7497923867671, 241.0], "125" : [864.5236375095462, 343.73030415364155, 165.0], "127" : [841.7651981609877, 350.3766522158517, 227.0], "129" : [843.0655747960394, 356.1459013507753, 61.0], "131" : [902.2539030230815, 351.42765870588005, 141.0], "133" : [1005.8946910694965, 348.03539798912874, 226.0], "135" : [1046.5754198378236, 344.3195288086199, 297.0], "137" : [677.4156796181998, 431.88188225551903, 287.0], "139" : [677.4156796181998, 431.88188225551903, 287.0], "141" : [677.4156796181998, 431.88188225551903, 287.0], "143" : [682.2052645211259, 431.14105316625233, 95.0], "145" : [682.2052645211259, 431.14105316625233, 95.0], "147" : [793.6852963291543, 424.5662908571121, 442.0], "149" : [793.6852963291543, 424.5662908571121, 442.0], "151" : [888.220104731406, 423.89682653584833, 378.0], "153" : [888.220104731406, 423.89682653584833, 378.0], "155" : [962.5745835742558, 428.986251551531, 240.0], "157" : [962.5745835742558, 428.986251551531, 240.0], "159" : [1062.5104959850362, 419.6783955814692, 162.0], "161" : [1087.5917400809094, 416.93598856405004, 339.0], "163" : [1089.3825019740948, 411.9324982939717, 80.0], "165" : [1073.079806383072, 413.99134611536704, 104.0], "167" : [749.4320621928521, 463.6328228496222, 131.0], "169" : [753.1798979811645, 465.1587906365579, 199.0], "171" : [827.2308117168004, 462.49621373056306, 185.0], "173" : [827.2308117168004, 462.49621373056306, 185.0], "175" : [831.7522403139939, 467.33432466082, 67.0], "177" : [861.4793581933061, 466.3376111690991, 218.0], "179" : [1012.1705671361773, 458.3074484551613, 282.0], "181" : [1012.1705671361773, 458.3074484551613, 282.0], "183" : [677.9863649794147, 497.7301638321103, 484.0], "185" : [677.9863649794147, 497.7301638321103, 484.0], "187" : [677.9863649794147, 497.7301638321103, 484.0], "189" : [764.5126589137293, 498.49493589201643, 79.0], "191" : [764.5126589137293, 498.49493589201643, 79.0], "193" : [842.978992180509, 508.41176375964284, 119.0], "195" : [908.0970716211574, 495.7594117870123, 239.0], "197" : [908.0970716211574, 495.7594117870123, 239.0], "199" : [1060.401641153941, 468.153114130066, 305.0], "201" : [1094.487096107463, 463.82580344145777, 155.0], "203" : [1094.731960044972, 461.23814260165994, 97.0], "205" : [758.8828146689914, 519.1796838459446, 64.0], "207" : [763.4656570846628, 519.3890558050211, 329.0], "209" : [836.8143739769114, 521.6537457394625, 160.0], "211" : [878.6782881697334, 527.2439996105848, 350.0], "213" : [1007.2191185735036, 511.7911754960324, 68.0], "215" : [717.77499881936, 673.573436946537, 64.0], "217" : [757.9420313204295, 607.4681159659788, 69.0], "219" : [758.0148527109621, 592.589109000901, 101.0], "221" : [758.0148527109621, 592.589109000901, 101.0], "223" : [924.2558454431328, 586.5116899768187, 77.0], "225" : [924.2558454431328, 586.5116899768187, 77.0], "227" : [920.5840781075857, 595.8641809196807, 201.0], "229" : [920.5840781075857, 595.8641809196807, 201.0], "231" : [920.5840781075857, 595.8641809196807, 201.0], "233" : [1019.7447110877348, 581.9475963345498, 208.0], "235" : [1073.0872340082874, 577.6686162319477, 188.0], "237" : [658.5773594829976, 614.5301925993914, 53.0], "239" : [670.1339792544339, 613.980907623964, 309.0], "241" : [823.2451347554162, 604.7858406604701, 226.0], "243" : [752.1258058856464, 616.5258061268232, 124.0], "245" : [889.5880216505334, 614.7026047187223, 192.0], "247" : [891.0224048824517, 617.696175445037, 183.0], "249" : [1000.0044059648485, 614.6440690096279, 295.0], "251" : [1053.9256048790319, 608.4328510667112, 207.0], "253" : [1081.2232315495742, 608.9803022740668, 198.0], "255" : [714.9324521675524, 658.0357622617433, 151.0], "257" : [714.9324521675524, 658.0357622617433, 151.0], "259" : [665.0319718557467, 663.1666638464213, 294.0], "261" : [665.0319718557467, 663.1666638464213, 294.0], "263" : [808.6134133553539, 649.1378044389841, 82.0], "265" : [811.3430002025467, 649.8725003200014, 200.0], "267" : [915.0432195090449, 659.24491689559, 236.0], "269" : [915.0432195090449, 659.24491689559, 236.0], "271" : [845.4343286538125, 642.435077750578, 134.0], "273" : [845.4343286538125, 642.435077750578, 134.0], "275" : [973.3996239198923, 652.1913559186163, 266.0], "277" : [1069.821330978076, 641.7573339490218, 375.0], "279" : [728.5653355589264, 684.0733348930075, 75.0], "281" : [730.2898565712851, 685.1623177750275, 69.0], "283" : [696.278034866577, 684.4213866296606, 173.0], "285" : [696.278034866577, 684.4213866296606, 173.0], "287" : [782.5363610396039, 658.8393917664989, 66.0], "289" : [782.5363610396039, 658.8393917664989, 66.0], "291" : [896.471427877569, 677.7670333027329, 91.0],