{"1" : [714.6093742057938, 308.18515571826816, 128.0], "3" : [708.1988527173318, 75.1643715864517, 261.0], "5" : [610.0214939594492, 78.35526571938979, 228.0], "7" : [725.9041141898518, 70.35411309905244, 316.0], "9" : [725.9041141898518, 70.35411309905244, 316.0], "11" : [790.3106649862189, 71.8353339752297, 300.0], "13" : [790.3106649862189, 71.8353339752297, 300.0], "15" : [854.6026848533362, 18.402689831074657, 335.0], "17" : [797.4252216267685, 64.53672578976474, 226.0], "19" : [797.4252216267685, 64.53672578976474, 226.0], "21" : [811.685306306439, 68.00408475911844, 245.0], "23" : [766.9953106172565, 69.0425993405284, 277.0], "25" : [815.7607673085279, 66.18182432217489, 209.0], "27" : [852.1449737039651, 67.06508261354206, 189.0], "29" : [972.8695827794113, 66.23250632870253, 240.0], "31" : [1032.807383104494, 63.40909090016701, 176.0], "33" : [1080.7606148595087, 64.76815054609283, 292.0], "35" : [770.4951366558226, 95.8675694684458, 185.0], "37" : [770.4951366558226, 95.8675694684458, 185.0], "39" : [770.4951366558226, 95.8675694684458, 185.0], "41" : [714.4057464413082, 120.29282326858184, 209.0], "43" : [714.4057464413082, 120.29282326858184, 209.0], "45" : [765.4480281938178, 110.75789906892581, 152.0], "47" : [880.148183819035, 107.21848485048075, 330.0], "49" : [834.4866474763512, 112.7968737614482, 352.0], "51" : [793.4633146379059, 108.06094907793393, 169.0], "53" : [876.2277443186466, 104.91907484492982, 173.0], "55" : [974.6314742883261, 109.50518148945922, 251.0], "57" : [999.2174310154567, 112.23532010620855, 218.0], "59" : [693.2194439535655, 142.91944142597958, 252.0], "61" : [635.9472799359193, 139.9372362663351, 239.0], "63" : [735.6598341548302, 142.87070819276397, 239.0], "65" : [798.6360387697101, 132.26649559835107, 197.0], "67" : [798.6360387697101, 132.26649559835107, 197.0], "69" : [798.6360387697101, 132.26649559835107, 197.0], "71" : [900.0791136289323, 134.086709672868, 158.0], "73" : [900.0791136289323, 134.086709672868, 158.0], "75" : [900.0791136289323, 134.086709672868, 158.0], "77" : [898.9295922402184, 134.36428574996194, 98.0], "79" : [898.9295922402184, 134.36428574996194, 98.0], "81" : [955.4228608698232, 133.92214490635536, 140.0], "83" : [955.4228608698232, 133.92214490635536, 140.0], "85" : [1033.1122034937014, 136.35070239093133, 213.0], "87" : [1053.0737857797933, 136.87960930157243, 206.0], "89" : [733.2328570374536, 176.62048059970445, 210.0], "91" : [712.5274438321446, 172.40836977363583, 215.0], "93" : [845.8058595307688, 162.69960675005055, 256.0], "95" : [845.8058595307688, 162.69960675005055, 256.0], "97" : [937.0970245639401, 164.1886863376352, 168.0], "99" : [937.0970245639401, 164.1886863376352, 168.0], "101" : [927.4820895551672, 192.13880676493665, 67.0], "103" : [927.4820895551672, 192.13880676493665, 67.0], "105" : [633.4647057646362, 244.12198058853366, 323.0], "107" : [712.3724787700029, 232.9678890515451, 218.0], "109" : [827.0628138226691, 225.92906453965048, 320.0], "111" : [961.3421797788544, 233.11943159011196, 211.0], "113" : [1048.390026539103, 226.7880894142046, 361.0], "115" : [1048.390026539103, 226.7880894142046, 361.0], "117" : [1073.9626261717879, 230.88484643117522, 99.0], "119" : [674.954465458655, 277.95803638703546, 224.0], "121" : [720.8514874929155, 270.3944680721431, 235.0], "123" : [781.5016655864712, 269.45333193701236, 180.0], "125" : [878.2950691562341, 265.69342031651365, 304.0], "127" : [878.2950691562341, 265.69342031651365, 304.0], "129" : [904.2497382171678, 266.7607342667826, 191.0], "131" : [904.2497382171678, 266.7607342667826, 191.0], "133" : [904.2497382171678, 266.7607342667826, 191.0], "135" : [1019.0245600347372, 271.0517542871255, 228.0], "137" : [1042.4783384465672, 276.35852940586744, 217.0], "139" : [684.9092123378329, 304.9166680692944, 228.0], "141" : [606.6913636673139, 308.39226988902857, 220.0], "143" : [606.6913636673139, 308.39226988902857, 220.0], "145" : [701.1302857533208, 308.90114205862784, 175.0], "147" : [824.5616087192155, 309.47410689619477, 112.0], "149" : [873.1768701951831, 316.2897960278295, 147.0], "151" : [983.2608176073211, 316.5326503086625, 245.0], "153" : [1045.0720608464146, 316.29803802014567, 204.0], "155" : [1079.8754124839288, 316.7770460309665, 61.0], "157" : [1080.7325556417072, 317.716277106946, 86.0], "159" : [715.6324850303712, 354.3722923141894, 314.0], "161" : [715.6324850303712, 354.3722923141894, 314.0], "163" : [725.5352507524078, 351.1007179764568, 278.0], "165" : [788.7528084299673, 348.20842808515823, 178.0], "167" : [891.5342783170275, 345.0838532307461, 353.0], "169" : [975.4774054066093, 349.4146452622946, 239.0], "171" : [745.09455705463, 425.46530626349335, 147.0], "173" : [745.09455705463, 425.46530626349335, 147.0], "175" : [669.4151939249864, 420.9321562847515, 283.0], "177" : [755.9561189887555, 418.5535878344404, 237.0], "179" : [913.9347156088103, 418.1869440630065, 337.0], "181" : [992.8162136189808, 418.33567490761163, 185.0], "183" : [1043.5616817941896, 418.4093470751666, 214.0], "185" : [1069.764564992393, 416.98110205645895, 127.0], "187" : [776.2462763135001, 454.4117041562891, 188.0], "189" : [688.3373760075427, 450.14267723708963, 396.0], "191" : [804.8501950792917, 444.25563405927863, 257.0], "193" : [834.6279982984867, 446.3466665107132, 75.0], "195" : [837.1960252981816, 441.4172184113737, 151.0], "197" : [958.9566802707104, 442.49958891708354, 247.0], "199" : [996.0311667133518, 445.17947991804965, 385.0], "201" : [1024.7774716826757, 446.9390121952288, 182.0], "203" : [680.8955893461602, 478.9529422984973, 204.0], "205" : [629.5004000004889, 483.417128353933, 251.0], "207" : [764.8957295801074, 479.4222241250142, 117.0], "209" : [766.4644055170945, 475.8564034692139, 250.0], "211" : [888.0492330337676, 475.4995642194993, 457.0], "213" : [897.0410258553103, 481.2401685654245, 117.0], "215" : [1019.0515489816693, 477.0333345388954, 258.0], "217" : [1063.1930682180414, 482.0255470727298, 274.0], "219" : [775.9288125022094, 506.97796874657223, 177.0], "221" : [717.3863200357007, 519.1014110885618, 212.0], "223" : [685.0357164406647, 519.5259712419902, 154.0], "225" : [893.3194333821457, 518.2537884722465, 422.0], "227" : [983.3233352679997, 524.1449986534743, 120.0], "229" : [1035.3673245826383, 511.6920792132237, 303.0], "231" : [760.7055265141722, 579.3685070090751, 181.0], "233" : [648.9654497030289, 583.5853816064842, 301.0], "235" : [666.0581109905584, 582.0607666508056, 339.0], "237" : [768.6735771479986, 579.8560958248293, 246.0], "239" : [889.1677920445723, 575.5340492458859, 326.0], "241" : [896.8087086281944, 578.8384371214457, 333.0], "243" : [970.4489568692584, 578.6197905127752, 288.0], "245" : [1079.591990144375, 575.9548827160622, 512.0], "247" : [699.8264358433415, 618.4396557899789, 174.0], "249" : [630.8825013019288, 613.4545859491069, 240.0], "251" : [630.8825013019288, 613.4545859491069, 240.0], "253" : [684.9402707785792, 612.4181234496215, 298.0], "255" : [794.6563021383956, 614.3672296286953, 238.0], "257" : [794.6563021383956, 614.3672296286953, 238.0], "259" : [835.6689483556322, 616.2772628006693, 409.0], "261" : [917.0609195316126, 621.3536402883321, 261.0], "263" : [917.0609195316126, 621.3536402883321, 261.0], "265" : [917.0609195316126, 621.3536402883321, 261.0], "267" : [1015.7821515433325, 621.7220489875, 381.0], "269" : [1015.7821515433325, 621.7220489875, 381.0], "271" : [1078.9806308838704, 612.2477494545683, 222.0], "273" : [743.5159759981665, 653.9556211665789, 169.0], "275" : [743.5159759981665, 653.9556211665789, 169.0], "277" : [667.9086198255342, 651.9258653317295, 116.0], "279" : [616.7434773134249, 641.977174139058, 92.0], "281" : [616.7434773134249, 641.977174139058, 92.0], "283" : [614.1717019723471, 645.5320747471112, 53.0], "285" : [614.1717019723471, 645.5320747471112, 53.0], "287" : [780.9970147134618, 651.8697758583088, 268.0], "289" : [790.4743183426715, 654.4655720928557, 183.0],