{"1" : [751.8730006129899, 192.667335726431, 300.0], "3" : [615.8128804966788, 64.36881234159192, 295.0], "5" : [615.8128804966788, 64.36881234159192, 295.0], "7" : [788.0424342074028, 62.55588020684426, 238.0], "9" : [935.2684845363002, 74.33587435585089, 92.0], "11" : [936.2529875361766, 84.25373288883657, 134.0], "13" : [728.5723823045955, 110.53333644775014, 210.0], "15" : [690.8083890822757, 92.34838839636058, 310.0], "17" : [690.8083890822757, 92.34838839636058, 310.0], "19" : [741.9431840124696, 91.18750262796677, 176.0], "21" : [841.7040903871937, 95.47000423648076, 220.0], "23" : [841.7040903871937, 95.47000423648076, 220.0], "25" : [841.7040903871937, 95.47000423648076, 220.0], "27" : [947.9814120834886, 86.84502746069838, 382.0], "29" : [970.2386856146774, 88.76547808418037, 168.0], "31" : [874.0490560691155, 98.10943632759718, 212.0], "33" : [874.0490560691155, 98.10943632759718, 212.0], "35" : [841.9083350454423, 97.5053067320373, 132.0], "37" : [841.9083350454423, 97.5053067320373, 132.0], "39" : [841.9083350454423, 97.5053067320373, 132.0], "41" : [990.6517698544131, 105.62787517967087, 226.0], "43" : [640.8158946063177, 147.20364425731094, 302.0], "45" : [643.4084747736204, 139.64999642027652, 118.0], "47" : [734.2285707384772, 132.34285451086453, 126.0], "49" : [734.2285707384772, 132.34285451086453, 126.0], "51" : [734.3672143667392, 129.43688383775464, 122.0], "53" : [734.3672143667392, 129.43688383775464, 122.0], "55" : [800.9887622360598, 121.95026650903635, 187.0], "57" : [800.9887622360598, 121.95026650903635, 187.0], "59" : [879.9684240596719, 116.96470602575981, 323.0], "61" : [983.701946892704, 117.77354138129486, 257.0], "63" : [1012.7983727589348, 121.01630310542714, 184.0], "65" : [736.0456062397732, 173.09065739762036, 182.0], "67" : [692.2448171233523, 171.37621900490458, 328.0], "69" : [729.6966701235024, 168.57000363781975, 60.0], "71" : [729.6966701235024, 168.57000363781975, 60.0], "73" : [732.7710933011738, 168.22422216149386, 128.0], "75" : [732.7710933011738, 168.22422216149386, 128.0], "77" : [838.0749355286831, 168.17800600524077, 391.0], "79" : [838.0749355286831, 168.17800600524077, 391.0], "81" : [838.0749355286831, 168.17800600524077, 391.0], "83" : [822.0022070763963, 162.37352597970605, 136.0], "85" : [822.0022070763963, 162.37352597970605, 136.0], "87" : [933.0707192574529, 161.9933688150569, 181.0], "89" : [933.0707192574529, 161.9933688150569, 181.0], "91" : [985.6050200793579, 150.65212335801553, 259.0], "93" : [659.1226661561842, 256.1173357846867, 75.0], "95" : [659.1226661561842, 256.1173357846867, 75.0], "97" : [655.0402380609247, 249.90366190190747, 82.0], "99" : [621.0443782743947, 257.1161380479152, 347.0], "101" : [621.0443782743947, 257.1161380479152, 347.0], "103" : [621.0443782743947, 257.1161380479152, 347.0], "105" : [706.891176914033, 249.1476492890155, 170.0], "107" : [826.4226853466698, 247.44629717530435, 216.0], "109" : [794.1394735981269, 254.95263085886245, 76.0], "111" : [794.1394735981269, 254.95263085886245, 76.0], "113" : [945.8236037330723, 238.28368868050646, 233.0], "115" : [1033.155087881563, 232.60688743534232, 334.0], "117" : [951.6564181586812, 244.82179094798454, 257.0], "119" : [952.1237403303887, 249.53453500841835, 139.0], "121" : [975.1738369044235, 246.11220833136596, 172.0], "123" : [1079.7225509945772, 240.1466176406407, 133.0], "125" : [1080.2646220955853, 236.37958958461613, 147.0], "127" : [715.2008680605643, 291.03116990151887, 231.0], "129" : [715.2008680605643, 291.03116990151887, 231.0], "131" : [715.2008680605643, 291.03116990151887, 231.0], "133" : [666.6166649008162, 277.14593575452517, 246.0], "135" : [666.6166649008162, 277.14593575452517, 246.0], "137" : [812.9573420887605, 280.15454467741677, 143.0], "139" : [884.6555553489823, 272.7835736402532, 207.0], "141" : [813.223812014352, 266.9819069248601, 210.0], "143" : [813.223812014352, 266.9819069248601, 210.0], "145" : [989.7387094221908, 274.33041581335374, 217.0], "147" : [1042.8106124044627, 270.67765329709846, 179.0], "149" : [668.8029546887891, 316.5231513344332, 203.0], "151" : [614.5543721693862, 314.3844663502965, 206.0], "153" : [729.0804218384671, 315.40139804401275, 143.0], "155" : [831.8478253384138, 307.546374869681, 207.0], "157" : [958.3051816256126, 298.2171365407372, 251.0], "159" : [958.3051816256126, 298.2171365407372, 251.0], "161" : [958.3051816256126, 298.2171365407372, 251.0], "163" : [958.3051816256126, 298.2171365407372, 251.0], "165" : [1040.796360992576, 299.37637099386046, 55.0], "167" : [1040.796360992576, 299.37637099386046, 55.0], "169" : [1040.796360992576, 299.37637099386046, 55.0], "171" : [1040.3844215015622, 297.9713575680152, 398.0], "173" : [1040.3844215015622, 297.9713575680152, 398.0], "175" : [1040.3844215015622, 297.9713575680152, 398.0], "177" : [747.1276342569339, 357.10945509680215, 275.0], "179" : [699.3415107028799, 352.4889138193943, 424.0], "181" : [699.3415107028799, 352.4889138193943, 424.0], "183" : [749.2472830330263, 341.2902171673034, 184.0], "185" : [749.2472830330263, 341.2902171673034, 184.0], "187" : [849.541408805799, 333.9387676119213, 227.0], "189" : [849.541408805799, 333.9387676119213, 227.0], "191" : [908.6894750413264, 338.50701905019366, 57.0], "193" : [913.0893779896414, 338.14867011518396, 113.0], "195" : [986.1098447428508, 342.894300129488, 193.0], "197" : [1031.0522198112953, 335.33888801068576, 90.0], "199" : [1028.1183258824692, 342.4057589504472, 191.0], "201" : [675.9677582640354, 413.9322423070049, 183.0], "203" : [675.9677582640354, 413.9322423070049, 183.0], "205" : [670.3617008034834, 418.64610019731055, 141.0], "207" : [670.3617008034834, 418.64610019731055, 141.0], "209" : [630.2197060766838, 417.91871981555494, 203.0], "211" : [746.0932645440242, 416.1660636180585, 386.0], "213" : [751.8055546909476, 414.3583349851995, 180.0], "215" : [853.5448499451157, 416.6830902028903, 136.0], "217" : [857.6694404437193, 419.31944657743816, 72.0], "219" : [927.6800002790042, 413.1111993249091, 125.0], "221" : [927.6676842609735, 417.22270866574286, 229.0], "223" : [1007.7751329351433, 423.12407433547355, 378.0], "225" : [1007.7751329351433, 423.12407433547355, 378.0], "227" : [1007.7751329351433, 423.12407433547355, 378.0], "229" : [958.4011644067239, 412.4843022716096, 172.0], "231" : [900.6431484637731, 411.70152036474326, 197.0], "233" : [1013.0659603686983, 404.78936246449774, 94.0], "235" : [1011.5932932815093, 402.9103663113435, 164.0], "237" : [1044.8983115524145, 394.95907323067956, 237.0], "239" : [1021.1280024831555, 407.20545314835806, 275.0], "241" : [1023.1984629783598, 411.7799971829235, 65.0], "243" : [1066.1230269624045, 414.15696993311377, 165.0], "245" : [1065.4003533996463, 417.55851175348005, 282.0], "247" : [730.5437836460839, 451.55575952118335, 217.0], "249" : [702.2337873430029, 456.768952408612, 219.0], "251" : [702.2337873430029, 456.768952408612, 219.0], "253" : [807.1194454948576, 451.97333330150326, 180.0], "255" : [846.6623777029464, 449.9376244939881, 202.0], "257" : [936.651582674871, 456.9993002158037, 285.0], "259" : [936.651582674871, 456.9993002158037, 285.0], "261" : [1004.482775383622, 451.3837325410261, 209.0], "263" : [643.571890998561, 483.54402852407185, 402.0], "265" : [647.4297109773929, 495.8608675834038, 138.0], "267" : [647.4297109773929, 495.8608675834038, 138.0], "269" : [774.8815782095296, 494.89661492526045, 266.0], "271" : [774.8815782095296, 494.89661492526045, 266.0], "273" : [880.6099423901517, 488.261363139234, 352.0], "275" : [880.6099423901517, 488.261363139234, 352.0], "277" : [841.9452403780937, 493.82380751960216, 126.0], "279" : [841.9452403780937, 493.82380751960216, 126.0], "281" : [980.2208334340341, 498.42187621561357, 192.0], "283" : [980.2208334340341, 498.42187621561357, 192.0], "285" : [1045.4607467491903, 498.59579406024795, 214.0], "287" : [1045.4607467491903, 498.59579406024795, 214.0], "289" : [686.588464823425, 531.4014420042532, 208.0],