{"1" : [717.7092495935166, 154.43294718861432, 173.0], "3" : [883.2240848417466, 22.181021160767198, 137.0], "5" : [627.211039403717, 65.89091215810883, 154.0], "7" : [608.1617661012187, 66.14664165355, 238.0], "9" : [694.6220098132735, 66.92632013305969, 209.0], "11" : [746.8016105440645, 65.95646066018887, 62.0], "13" : [652.1905561449171, 71.03004594230731, 233.0], "15" : [676.8928582110576, 62.93035400104557, 112.0], "17" : [769.0239755490123, 71.03275141145576, 171.0], "19" : [769.0239755490123, 71.03275141145576, 171.0], "21" : [854.642412830252, 71.54827672075298, 290.0], "23" : [810.4834874890041, 79.76452788313622, 327.0], "25" : [964.817540942841, 74.16491472631132, 228.0], "27" : [1039.3795831279335, 78.33875126271268, 240.0], "29" : [1013.2927058366901, 77.38884425422064, 233.0], "31" : [1101.1766658768595, 73.45333683610694, 180.0], "33" : [698.3608191966714, 113.70292292290426, 171.0], "35" : [682.2587576954475, 105.9169490525227, 177.0], "37" : [756.0389382853178, 98.47964886418363, 226.0], "39" : [756.0389382853178, 98.47964886418363, 226.0], "41" : [875.1033119794969, 102.84238307348429, 151.0], "43" : [875.1033119794969, 102.84238307348429, 151.0], "45" : [850.7071818481571, 108.1165792404487, 362.0], "47" : [899.1976569936802, 107.11405951272964, 128.0], "49" : [899.1976569936802, 107.11405951272964, 128.0], "51" : [960.6818617385632, 109.65000213633803, 204.0], "53" : [960.6818617385632, 109.65000213633803, 204.0], "55" : [997.5658379068259, 109.04348371749232, 161.0], "57" : [977.9299993055522, 119.60874737087384, 80.0], "59" : [638.4868075255924, 133.86249838376423, 144.0], "61" : [638.4868075255924, 133.86249838376423, 144.0], "63" : [611.0467403435132, 137.74401801323654, 184.0], "65" : [765.1024881072326, 132.88308322877407, 201.0], "67" : [765.1024881072326, 132.88308322877407, 201.0], "69" : [821.2000037408127, 129.6886925497172, 115.0], "71" : [821.2000037408127, 129.6886925497172, 115.0], "73" : [729.1525254704584, 123.65133639678554, 337.0], "75" : [797.7514301382091, 123.21714385230467, 105.0], "77" : [797.7514301382091, 123.21714385230467, 105.0], "79" : [917.507033772476, 130.01557580947573, 199.0], "81" : [917.507033772476, 130.01557580947573, 199.0], "83" : [917.507033772476, 130.01557580947573, 199.0], "85" : [906.7239524508138, 131.577843351958, 167.0], "87" : [906.7239524508138, 131.577843351958, 167.0], "89" : [906.7239524508138, 131.577843351958, 167.0], "91" : [1021.8066677173438, 130.73999797128945, 150.0], "93" : [1021.8066677173438, 130.73999797128945, 150.0], "95" : [1082.5190092876862, 129.1045436021005, 242.0], "97" : [707.0608868587698, 169.810886031242, 248.0], "99" : [691.9500013083414, 163.84709911656967, 138.0], "101" : [691.9500013083414, 163.84709911656967, 138.0], "103" : [827.5598950771468, 164.2098924120201, 192.0], "105" : [827.5598950771468, 164.2098924120201, 192.0], "107" : [938.9756645760386, 157.64778764170703, 226.0], "109" : [938.9756645760386, 157.64778764170703, 226.0], "111" : [902.9189091059684, 159.42563177498295, 238.0], "113" : [902.9189091059684, 159.42563177498295, 238.0], "115" : [956.9458829434207, 156.7529416828851, 170.0], "117" : [1025.1820526701088, 152.90128101973582, 78.0], "119" : [871.0871291101748, 167.31633879152247, 202.0], "121" : [871.0871291101748, 167.31633879152247, 202.0], "123" : [871.0871291101748, 167.31633879152247, 202.0], "125" : [884.7432825978104, 165.5649247594208, 134.0], "127" : [884.7432825978104, 165.5649247594208, 134.0], "129" : [1002.8645174280596, 155.79032382411685, 62.0], "131" : [1006.1139351560975, 155.14999992623436, 122.0], "133" : [599.3005527653781, 228.01868165375728, 182.0], "135" : [686.3870900594397, 226.8149013181599, 302.0], "137" : [809.1638549637208, 233.31566348499308, 166.0], "139" : [808.1193171795663, 236.32158848889156, 88.0], "141" : [772.8011169737546, 235.10893794583882, 179.0], "143" : [772.8011169737546, 235.10893794583882, 179.0], "145" : [871.9004944921759, 235.51534479985276, 202.0], "147" : [970.1556115645019, 238.88823607718868, 187.0], "149" : [970.1556115645019, 238.88823607718868, 187.0], "151" : [1039.1540152711866, 234.9072981544894, 137.0], "153" : [633.675612888796, 271.16260385050384, 123.0], "155" : [635.1402617580304, 271.4597409188155, 77.0], "157" : [714.3674143190154, 267.37028996970196, 313.0], "159" : [714.3674143190154, 267.37028996970196, 313.0], "161" : [815.158619443038, 268.02758943804554, 58.0], "163" : [815.9018752971974, 267.57562548984214, 160.0], "165" : [815.9018752971974, 267.57562548984214, 160.0], "167" : [906.1769577575204, 264.72949241512896, 217.0], "169" : [906.1769577575204, 264.72949241512896, 217.0], "171" : [906.1769577575204, 264.72949241512896, 217.0], "173" : [1018.9715032022249, 252.7652851701906, 193.0], "175" : [904.1968427362599, 253.2631595843694, 190.0], "177" : [904.1968427362599, 253.2631595843694, 190.0], "179" : [943.116944297664, 249.12825104956283, 177.0], "181" : [1039.3080452585268, 249.6408069301838, 174.0], "183" : [655.7047911524846, 291.182037765948, 167.0], "185" : [655.7047911524846, 291.182037765948, 167.0], "187" : [591.9363625636463, 290.72485009877994, 165.0], "189" : [687.5910274697522, 285.31153665440104, 156.0], "191" : [811.5289944829077, 289.6869809158416, 169.0], "193" : [811.5289944829077, 289.6869809158416, 169.0], "195" : [765.4069711032348, 291.69385445579604, 244.0], "197" : [765.4069711032348, 291.69385445579604, 244.0], "199" : [966.9751578608536, 295.38280152140425, 157.0], "201" : [966.9751578608536, 295.38280152140425, 157.0], "203" : [948.631620266507, 297.98462241108746, 117.0], "205" : [948.631620266507, 297.98462241108746, 117.0], "207" : [948.631620266507, 297.98462241108746, 117.0], "209" : [703.3401456890207, 320.0854071118949, 137.0], "211" : [707.2185172599362, 321.1419784206124, 81.0], "213" : [806.9796417194955, 321.22395449792504, 167.0], "215" : [905.9844834375081, 322.27241222389546, 58.0], "217" : [903.6903068248248, 323.21683724232236, 196.0], "219" : [903.6903068248248, 323.21683724232236, 196.0], "221" : [859.4470869521169, 322.03689569938325, 206.0], "223" : [789.724998848727, 323.04357216394794, 140.0], "225" : [789.724998848727, 323.04357216394794, 140.0], "227" : [939.0990450720985, 327.46761650765495, 105.0], "229" : [939.0990450720985, 327.46761650765495, 105.0], "231" : [939.0990450720985, 327.46761650765495, 105.0], "233" : [942.6025949167202, 330.85714106646, 77.0], "235" : [942.6025949167202, 330.85714106646, 77.0], "237" : [942.6025949167202, 330.85714106646, 77.0], "239" : [1008.7427491916926, 330.161829388943, 131.0], "241" : [1008.7427491916926, 330.161829388943, 131.0], "243" : [1008.7427491916926, 330.161829388943, 131.0], "245" : [978.6807707327848, 319.7403871664943, 52.0], "247" : [978.1212394417289, 327.47345244190177, 113.0], "249" : [978.1212394417289, 327.47345244190177, 113.0], "251" : [644.005556179692, 406.61319423206663, 144.0], "253" : [647.5916234734638, 402.84502539166147, 191.0], "255" : [683.1697967807811, 391.44163332616193, 245.0], "257" : [786.6471691369392, 390.88113098328716, 159.0], "259" : [735.4698321470712, 389.53491500510796, 295.0], "261" : [676.450258999962, 414.61282209797065, 195.0], "263" : [676.450258999962, 414.61282209797065, 195.0], "265" : [734.155953500547, 415.82103186665273, 252.0], "267" : [713.7810027440079, 419.8980004623802, 200.0], "269" : [778.8999998729151, 417.3326749322018, 101.0], "271" : [778.0352916125589, 418.5470578913131, 68.0], "273" : [846.5745774040984, 410.67626976799994, 59.0], "275" : [846.5745774040984, 410.67626976799994, 59.0], "277" : [845.9855935062573, 420.55169555530637, 118.0], "279" : [845.9855935062573, 420.55169555530637, 118.0], "281" : [977.6310641258716, 427.2034065698965, 235.0], "283" : [977.6310641258716, 427.2034065698965, 235.0], "285" : [1006.3898202122568, 427.1215617364128, 167.0], "287" : [1006.3898202122568, 427.1215617364128, 167.0], "289" : [1006.3898202122568, 427.1215617364128, 167.0],