{"1" : [711.3769688255682, 243.10730320126683, 178.0], "3" : [734.0200004627637, 27.639024091046757, 205.0], "5" : [830.6849058523816, 1.1509400685781142, 53.0], "7" : [579.6673888888037, 61.53233546997015, 368.0], "9" : [676.7036737720235, 74.38135908020749, 354.0], "11" : [799.5112871105646, 77.20040489744993, 248.0], "13" : [736.8977573254718, 79.46572999615336, 178.0], "15" : [734.932209524136, 79.30899069622797, 267.0], "17" : [734.932209524136, 79.30899069622797, 267.0], "19" : [903.5225850975656, 69.9354858456812, 62.0], "21" : [910.3264268305255, 67.77047058522238, 193.0], "23" : [839.6654403649048, 65.58897310375991, 136.0], "25" : [845.8940600728765, 64.06831545756751, 101.0], "27" : [960.772502128225, 66.17750347553184, 80.0], "29" : [965.9344493499032, 64.02457868032135, 476.0], "31" : [632.5166679862318, 95.65000109225515, 90.0], "33" : [638.626517837518, 96.94166970675862, 132.0], "35" : [638.626517837518, 96.94166970675862, 132.0], "37" : [704.6533984002762, 99.5796115202339, 206.0], "39" : [704.6533984002762, 99.5796115202339, 206.0], "41" : [794.882844877528, 103.77352721179376, 204.0], "43" : [887.3791681234383, 104.47395641394053, 96.0], "45" : [887.0564102119961, 107.82136770272191, 117.0], "47" : [835.5578934580323, 113.74421017784957, 190.0], "49" : [840.5987355190383, 114.01772143152348, 158.0], "51" : [840.5987355190383, 114.01772143152348, 158.0], "53" : [954.5157907297502, 116.82397705490008, 342.0], "55" : [616.7111101794085, 150.09587540434617, 315.0], "57" : [686.563891981631, 145.63796202244095, 216.0], "59" : [771.4078605076038, 141.40417274582418, 407.0], "61" : [873.4090460067325, 146.71523949366957, 210.0], "63" : [873.4090460067325, 146.71523949366957, 210.0], "65" : [874.8546519417766, 142.78081110935148, 172.0], "67" : [874.8546519417766, 142.78081110935148, 172.0], "69" : [999.4985714882625, 131.7928548648068, 210.0], "71" : [999.4985714882625, 131.7928548648068, 210.0], "73" : [1046.9733744863006, 133.3058821419842, 323.0], "75" : [668.6109069523421, 163.08908751610232, 55.0], "77" : [668.6109069523421, 163.08908751610232, 55.0], "79" : [676.2058564110439, 163.6801778026142, 222.0], "81" : [676.2058564110439, 163.6801778026142, 222.0], "83" : [676.2058564110439, 163.6801778026142, 222.0], "85" : [654.9203574157315, 160.50718533621455, 167.0], "87" : [654.9203574157315, 160.50718533621455, 167.0], "89" : [658.0603019550782, 163.11450225667383, 131.0], "91" : [658.0603019550782, 163.11450225667383, 131.0], "93" : [744.6548074428188, 169.76922992165697, 208.0], "95" : [845.2013435495599, 171.05369000102797, 149.0], "97" : [848.7709764791258, 172.419252527394, 348.0], "99" : [932.6036270786786, 182.39124009767107, 331.0], "101" : [969.9242885960791, 181.15830038205755, 247.0], "103" : [969.9242885960791, 181.15830038205755, 247.0], "105" : [585.9534425055253, 226.28071661598804, 363.0], "107" : [646.5935935328757, 233.7512825875047, 78.0], "109" : [648.5761635634813, 235.9390714436633, 151.0], "111" : [750.8682538615549, 243.41131022114556, 504.0], "113" : [857.5121593002159, 243.16171304248604, 222.0], "115" : [935.1184235552698, 244.40789344346737, 114.0], "117" : [773.1426355186214, 245.30915240519997, 448.0], "119" : [773.1426355186214, 245.30915240519997, 448.0], "121" : [843.3035860927941, 242.4442237000633, 251.0], "123" : [942.9980085284359, 238.81890518213677, 402.0], "125" : [946.2703706406589, 243.10666810285886, 270.0], "127" : [1006.4050459864761, 241.43532285426372, 218.0], "129" : [1064.6827370213143, 235.67380801932222, 336.0], "131" : [656.6612150381646, 265.45209018288625, 263.0], "133" : [656.6612150381646, 265.45209018288625, 263.0], "135" : [656.6612150381646, 265.45209018288625, 263.0], "137" : [662.5365620091276, 266.56021569771684, 93.0], "139" : [662.5365620091276, 266.56021569771684, 93.0], "141" : [662.5365620091276, 266.56021569771684, 93.0], "143" : [662.5365620091276, 266.56021569771684, 93.0], "145" : [726.0107522288401, 267.2365608010327, 279.0], "147" : [726.0107522288401, 267.2365608010327, 279.0], "149" : [726.0107522288401, 267.2365608010327, 279.0], "151" : [636.3813855990337, 261.98484653538355, 231.0], "153" : [636.3813855990337, 261.98484653538355, 231.0], "155" : [805.1599047739268, 274.398552589422, 207.0], "157" : [704.5820226343719, 267.5460683042739, 178.0], "159" : [704.5820226343719, 267.5460683042739, 178.0], "161" : [646.7400993484389, 272.61594313361365, 207.0], "163" : [808.0153623284984, 285.769552896254, 358.0], "165" : [789.5560209400555, 281.74031127071385, 191.0], "167" : [913.1649446695533, 275.08144699662233, 97.0], "169" : [913.963738702321, 270.47602353710977, 171.0], "171" : [1014.7276309567824, 261.16359686215014, 228.0], "173" : [1014.7276309567824, 261.16359686215014, 228.0], "175" : [1018.3572711588338, 262.92545495202233, 220.0], "177" : [1018.3572711588338, 262.92545495202233, 220.0], "179" : [601.9295069655154, 305.50983503992984, 183.0], "181" : [601.9295069655154, 305.50983503992984, 183.0], "183" : [608.9973112987961, 306.43924518668524, 186.0], "185" : [608.9973112987961, 306.43924518668524, 186.0], "187" : [699.5610337476636, 308.6558662066296, 213.0], "189" : [809.1544194621656, 317.9931962701525, 294.0], "191" : [755.823272670844, 310.93199835471484, 275.0], "193" : [755.823272670844, 310.93199835471484, 275.0], "195" : [920.3945466583043, 311.55454450589184, 55.0], "197" : [923.7469918086728, 313.54736794271474, 266.0], "199" : [1008.6239690215449, 308.65123839870535, 242.0], "201" : [1008.6239690215449, 308.65123839870535, 242.0], "203" : [1091.192648120547, 294.0500015417771, 272.0], "205" : [1068.073684463221, 296.1200967099735, 209.0], "207" : [1068.073684463221, 296.1200967099735, 209.0], "209" : [668.0672401895467, 329.85172134193044, 116.0], "211" : [668.0672401895467, 329.85172134193044, 116.0], "213" : [672.6830973729709, 329.17417697233014, 213.0], "215" : [672.6830973729709, 329.17417697233014, 213.0], "217" : [719.993311263357, 332.05451650381525, 299.0], "219" : [719.993311263357, 332.05451650381525, 299.0], "221" : [719.993311263357, 332.05451650381525, 299.0], "223" : [779.5418560022237, 337.44342792647564, 700.0], "225" : [750.215107410551, 337.11438858267104, 139.0], "227" : [750.215107410551, 337.11438858267104, 139.0], "229" : [819.7738094711831, 343.94880949535025, 84.0], "231" : [821.580926297494, 344.6427820544546, 194.0], "233" : [885.5222191877841, 343.8551445359053, 243.0], "235" : [940.8716643485881, 346.6355546495567, 360.0], "237" : [940.8716643485881, 346.6355546495567, 360.0], "239" : [966.75153950392, 343.0343609692916, 227.0], "241" : [966.75153950392, 343.0343609692916, 227.0], "243" : [1000.1965509521684, 344.7810339041632, 58.0], "245" : [1003.9088055064849, 344.8710694879767, 159.0], "247" : [615.2303867567953, 408.0994470773463, 181.0], "249" : [615.2303867567953, 408.0994470773463, 181.0], "251" : [677.224297924511, 403.51232263756884, 284.0], "253" : [677.224297924511, 403.51232263756884, 284.0], "255" : [733.2176472759033, 398.7392178643469, 51.0], "257" : [736.0686467776545, 400.7436446322568, 236.0], "259" : [668.6620962454966, 395.7895167556039, 248.0], "261" : [768.6248603113688, 398.1821230283541, 358.0], "263" : [900.9596344579363, 403.14770609973436, 327.0], "265" : [1027.3118955733194, 402.71938436659786, 227.0], "267" : [931.8509456000633, 405.832344737519, 371.0], "269" : [1002.3502541155182, 407.0401003710734, 197.0], "271" : [1002.3502541155182, 407.0401003710734, 197.0], "273" : [1059.4437268709587, 404.5020222954441, 247.0], "275" : [666.4020276372863, 425.64662420124546, 148.0], "277" : [666.4020276372863, 425.64662420124546, 148.0], "279" : [673.3666643913274, 421.88022595754865, 177.0], "281" : [673.3666643913274, 421.88022595754865, 177.0], "283" : [673.3666643913274, 421.88022595754865, 177.0], "285" : [999.6576617598604, 408.9096762211604, 496.0], "287" : [999.6576617598604, 408.9096762211604, 496.0], "289" : [1003.9742170054649, 413.6128920977148, 256.0],