{"1" : [832.9999983470053, 398.73576243998497, 151.0], "3" : [799.5095553025352, 8.68933944536463, 272.0], "5" : [799.5095553025352, 8.68933944536463, 272.0], "7" : [803.2860665592823, 5.688524492351004, 122.0], "9" : [641.1077943863327, 69.29220865752944, 154.0], "11" : [591.4982279909486, 74.30487028030213, 226.0], "13" : [724.5725000456072, 74.84562737109005, 160.0], "15" : [673.580326696893, 75.62951080189745, 183.0], "17" : [624.2741930796769, 75.24758470192624, 248.0], "19" : [651.6151758018281, 84.73303723705256, 112.0], "21" : [700.1991341344014, 67.29610472452686, 231.0], "23" : [789.5283495596199, 69.0871168015983, 194.0], "25" : [789.5283495596199, 69.0871168015983, 194.0], "27" : [632.0175785966579, 82.00312464063975, 256.0], "29" : [630.7133930680657, 81.62113320141516, 336.0], "31" : [701.6490381838325, 81.41634533296015, 312.0], "33" : [774.5229659444498, 77.7430644187364, 209.0], "35" : [774.5229659444498, 77.7430644187364, 209.0], "37" : [752.4923094166301, 79.36230882870105, 130.0], "39" : [962.9181281356324, 62.8625740435313, 171.0], "41" : [961.9596154381255, 59.596153439075096, 104.0], "43" : [1056.6200027084453, 62.30133321828229, 75.0], "45" : [1060.1822597965465, 61.311289817685896, 62.0], "47" : [979.2985723300253, 62.69285387437733, 140.0], "49" : [689.339676058753, 125.51902412553015, 184.0], "51" : [689.339676058753, 125.51902412553015, 184.0], "53" : [711.3666706986271, 115.09666596046398, 150.0], "55" : [711.3666706986271, 115.09666596046398, 150.0], "57" : [714.1609370598338, 116.8749997650343, 64.0], "59" : [714.1609370598338, 116.8749997650343, 64.0], "61" : [901.4793352369661, 107.73800075861128, 150.0], "63" : [901.4793352369661, 107.73800075861128, 150.0], "65" : [867.2189179231631, 111.74234417901604, 111.0], "67" : [829.985404168631, 106.65297133480371, 185.0], "69" : [980.0030043350949, 106.10815519029421, 233.0], "71" : [944.7075396549475, 111.63803494571187, 305.0], "73" : [666.6994068697834, 156.84319495597018, 169.0], "75" : [632.6783812958084, 156.13783805416327, 111.0], "77" : [769.9875921681872, 163.07445154161846, 137.0], "79" : [769.9875921681872, 163.07445154161846, 137.0], "81" : [767.7826706622061, 151.67600423814648, 75.0], "83" : [913.2181797754912, 130.95795369114194, 176.0], "85" : [913.2181797754912, 130.95795369114194, 176.0], "87" : [995.2248259102763, 145.11379281931787, 145.0], "89" : [1079.6419207301067, 134.01115263467716, 260.0], "91" : [1095.201588579866, 133.10317379277177, 63.0], "93" : [681.530568064689, 171.35807724329052, 229.0], "95" : [681.530568064689, 171.35807724329052, 229.0], "97" : [743.1401183201748, 163.41666447012824, 162.0], "99" : [743.1401183201748, 163.41666447012824, 162.0], "101" : [857.7798878206828, 172.40275401320423, 363.0], "103" : [963.6031106769975, 169.90666782599712, 225.0], "105" : [963.6031106769975, 169.90666782599712, 225.0], "107" : [936.1673584615681, 175.07513149024211, 193.0], "109" : [619.9107158333085, 254.7589303208586, 56.0], "111" : [619.9107158333085, 254.7589303208586, 56.0], "113" : [623.0023397196319, 248.10175585256923, 171.0], "115" : [614.5137955435123, 243.0954032921851, 87.0], "117" : [614.5137955435123, 243.0954032921851, 87.0], "119" : [747.8888897140231, 231.69197628289086, 162.0], "121" : [712.8717945741533, 229.40384483800284, 78.0], "123" : [709.135878277063, 230.53740426910306, 131.0], "125" : [665.6969680418744, 228.91666533273772, 198.0], "127" : [841.0242591948111, 229.6029687943052, 202.0], "129" : [964.5113171526983, 226.40565934251478, 159.0], "131" : [964.5113171526983, 226.40565934251478, 159.0], "133" : [670.8041656951087, 257.4445831285459, 240.0], "135" : [670.8041656951087, 257.4445831285459, 240.0], "137" : [670.8041656951087, 257.4445831285459, 240.0], "139" : [776.9633804829283, 255.92464810576251, 142.0], "141" : [776.9633804829283, 255.92464810576251, 142.0], "143" : [942.4417649739669, 254.59451276249982, 328.0], "145" : [756.7443443073638, 264.71266814307506, 221.0], "147" : [756.7443443073638, 264.71266814307506, 221.0], "149" : [825.5666692588969, 265.80666452283396, 105.0], "151" : [825.5666692588969, 265.80666452283396, 105.0], "153" : [825.5666692588969, 265.80666452283396, 105.0], "155" : [1087.8633803325586, 248.46197308056608, 142.0], "157" : [1085.7066689593594, 241.0591663642487, 120.0], "159" : [669.6870386818078, 283.15370108365084, 54.0], "161" : [669.6870386818078, 283.15370108365084, 54.0], "163" : [670.7243901238547, 277.21870044073546, 123.0], "165" : [670.7243901238547, 277.21870044073546, 123.0], "167" : [617.0339180662179, 292.0431772234884, 227.0], "169" : [617.0339180662179, 292.0431772234884, 227.0], "171" : [821.7830382019029, 290.6816986143306, 224.0], "173" : [821.7830382019029, 290.6816986143306, 224.0], "175" : [821.7830382019029, 290.6816986143306, 224.0], "177" : [900.9209765792207, 284.5541454211367, 205.0], "179" : [1039.0778341890004, 274.0917545855119, 194.0], "181" : [949.018837892254, 270.1386479925266, 207.0], "183" : [949.018837892254, 270.1386479925266, 207.0], "185" : [676.9296901652345, 323.3104166897015, 192.0], "187" : [676.9296901652345, 323.3104166897015, 192.0], "189" : [791.3358321196378, 320.9791684293465, 120.0], "191" : [751.4850295976764, 322.53054032481344, 167.0], "193" : [751.4850295976764, 322.53054032481344, 167.0], "195" : [751.4850295976764, 322.53054032481344, 167.0], "197" : [691.2126781728115, 320.60000190978826, 71.0], "199" : [691.9246156172147, 313.45269214929823, 260.0], "201" : [842.996552785177, 322.72551806272577, 145.0], "203" : [842.996552785177, 322.72551806272577, 145.0], "205" : [940.6433817920343, 313.93933748212, 272.0], "207" : [1023.9800033803986, 316.18342991675155, 175.0], "209" : [1025.1034878883013, 316.17093018727877, 86.0], "211" : [1000.322962182678, 321.21778037404454, 135.0], "213" : [631.6931404196665, 417.5333336203475, 102.0], "215" : [633.5466681213042, 397.9833321164007, 150.0], "217" : [719.707278809751, 421.0026833908086, 261.0], "219" : [734.1450026080944, 414.3018752868798, 160.0], "221" : [847.8980556086983, 403.0836567286336, 257.0], "223" : [847.8980556086983, 403.0836567286336, 257.0], "225" : [1000.6417791600628, 400.4438364698216, 292.0], "227" : [1000.6417791600628, 400.4438364698216, 292.0], "229" : [649.6058799018846, 462.9794125441478, 68.0], "231" : [652.1247702285893, 459.4770633737474, 109.0], "233" : [652.1247702285893, 459.4770633737474, 109.0], "235" : [652.1247702285893, 459.4770633737474, 109.0], "237" : [624.4088540183162, 444.20624393425317, 192.0], "239" : [785.2487553750443, 446.00771016732836, 402.0], "241" : [762.9924854773654, 438.6924825660457, 306.0], "243" : [920.5976913886383, 439.1980749541387, 260.0], "245" : [1021.7752604599957, 443.18556408470175, 194.0], "247" : [730.572730541922, 506.79740158675304, 154.0], "249" : [688.0055914085528, 497.4186320800955, 161.0], "251" : [688.0055914085528, 497.4186320800955, 161.0], "253" : [688.0055914085528, 497.4186320800955, 161.0], "255" : [884.1739115545384, 505.2050717890493, 138.0], "257" : [940.1841621849536, 498.0760172875875, 221.0], "259" : [940.1841621849536, 498.0760172875875, 221.0], "261" : [1039.365188233693, 485.36645428772215, 158.0], "263" : [691.2565713485725, 564.2908590774357, 175.0], "265" : [660.9988340089145, 553.8856027358704, 257.0], "267" : [904.9004354253534, 563.0686980431844, 230.0], "269" : [963.6549797564476, 565.6767524938316, 271.0], "271" : [1041.0204812220031, 565.7012066473067, 166.0], "273" : [1096.4808225049537, 560.0863022744334, 219.0], "275" : [665.8829252347181, 595.322563503944, 164.0], "277" : [665.8829252347181, 595.322563503944, 164.0], "279" : [623.5537219559129, 591.9670212410043, 188.0], "281" : [623.5537219559129, 591.9670212410043, 188.0], "283" : [623.5537219559129, 591.9670212410043, 188.0], "285" : [738.6841588348444, 590.6480198295808, 202.0], "287" : [738.6841588348444, 590.6480198295808, 202.0], "289" : [883.3284986849336, 585.7725001122324, 200.0],