{"1" : [612.1910229760417, 70.03346961104621, 245.0], "3" : [752.4273302090011, 66.21988077248477, 161.0], "5" : [749.4946225183754, 65.00000361002341, 93.0], "7" : [701.1423078452165, 65.10494442303906, 182.0], "9" : [955.5875023720687, 62.60927307436433, 248.0], "11" : [1030.0175749645034, 81.87151526827928, 165.0], "13" : [1088.2571444367995, 100.13015890164914, 126.0], "15" : [660.2006360532233, 134.90063642793308, 157.0], "17" : [660.2006360532233, 134.90063642793308, 157.0], "19" : [634.2951943723085, 120.96730506860061, 104.0], "21" : [714.6706499720461, 107.41641919933939, 201.0], "23" : [714.6706499720461, 107.41641919933939, 201.0], "25" : [830.269418735999, 98.92718622743467, 206.0], "27" : [830.269418735999, 98.92718622743467, 206.0], "29" : [917.0401590027424, 106.1506015148968, 249.0], "31" : [843.3254042331454, 99.87999974529104, 185.0], "33" : [843.3254042331454, 99.87999974529104, 185.0], "35" : [843.3254042331454, 99.87999974529104, 185.0], "37" : [962.1061940172168, 123.15619588413782, 226.0], "39" : [962.1061940172168, 123.15619588413782, 226.0], "41" : [884.674788521844, 101.4008396024475, 119.0], "43" : [884.674788521844, 101.4008396024475, 119.0], "45" : [973.6012478981701, 101.99249914224987, 160.0], "47" : [973.6012478981701, 101.99249914224987, 160.0], "49" : [661.4790597182177, 135.49424081799452, 191.0], "51" : [627.9062869387353, 135.53522023312593, 159.0], "53" : [755.5274733838149, 132.35384231620225, 91.0], "55" : [755.5274733838149, 132.35384231620225, 91.0], "57" : [758.345040289343, 129.69236324445802, 131.0], "59" : [758.345040289343, 129.69236324445802, 131.0], "61" : [824.8573011226578, 124.19838295824033, 185.0], "63" : [911.9528735663965, 145.91321663865023, 174.0], "65" : [1018.6368131182745, 154.120397771387, 201.0], "67" : [994.823910685815, 147.06594272315115, 138.0], "69" : [671.8126881243516, 162.89847031487736, 197.0], "71" : [671.8126881243516, 162.89847031487736, 197.0], "73" : [748.2248514923386, 153.42721996833333, 169.0], "75" : [838.3541105047617, 150.2826839841812, 231.0], "77" : [838.3541105047617, 150.2826839841812, 231.0], "79" : [957.3390504271972, 170.57095120956117, 210.0], "81" : [931.4650602289865, 165.44758791631259, 166.0], "83" : [931.4650602289865, 165.44758791631259, 166.0], "85" : [629.5362250596687, 236.67550827787738, 196.0], "87" : [598.1702389829779, 234.74702196291577, 168.0], "89" : [730.7990292340181, 224.97073268010124, 205.0], "91" : [730.7990292340181, 224.97073268010124, 205.0], "93" : [694.877269689957, 230.86439088545055, 132.0], "95" : [811.5983871840086, 224.73991871351467, 248.0], "97" : [967.667964580496, 246.8696986002835, 231.0], "99" : [967.667964580496, 246.8696986002835, 231.0], "101" : [1040.6979095431245, 255.66777877841938, 239.0], "103" : [1083.0187280552652, 261.6167224840092, 299.0], "105" : [1036.864101772678, 251.28077424445354, 156.0], "107" : [641.2472978743791, 277.52252395885637, 222.0], "109" : [716.0042110458706, 267.49947492250044, 190.0], "111" : [716.0042110458706, 267.49947492250044, 190.0], "113" : [818.7925555613268, 259.27872647066, 188.0], "115" : [818.7925555613268, 259.27872647066, 188.0], "117" : [926.4639171750902, 273.92783720332255, 194.0], "119" : [1032.2651878551883, 278.51105190291736, 181.0], "121" : [649.0062503520028, 292.0994826571311, 192.0], "123" : [649.0062503520028, 292.0994826571311, 192.0], "125" : [649.0062503520028, 292.0994826571311, 192.0], "127" : [600.8204543137621, 291.2346586913327, 176.0], "129" : [600.8204543137621, 291.2346586913327, 176.0], "131" : [600.8204543137621, 291.2346586913327, 176.0], "133" : [723.8432668677359, 291.40961876896466, 208.0], "135" : [723.8432668677359, 291.40961876896466, 208.0], "137" : [794.725975547023, 292.31429301880297, 77.0], "139" : [794.725975547023, 292.31429301880297, 77.0], "141" : [623.65960906217, 294.57058939774737, 255.0], "143" : [623.65960906217, 294.57058939774737, 255.0], "145" : [700.9340000823028, 301.026000897725, 100.0], "147" : [828.0852366583217, 303.86980024084306, 149.0], "149" : [943.3538431181735, 310.5217177142006, 221.0], "151" : [1043.1878035904233, 319.20731759263265, 82.0], "153" : [852.7383092617292, 304.6422877882635, 201.0], "155" : [818.2014567261119, 300.5601969331498, 206.0], "157" : [818.2014567261119, 300.5601969331498, 206.0], "159" : [964.0336117683697, 313.22562713099893, 238.0], "161" : [1025.1478268925337, 314.4689446796518, 161.0], "163" : [1087.6176962628763, 323.5784620343782, 130.0], "165" : [722.0603677336788, 329.8479261375956, 217.0], "167" : [722.0603677336788, 329.8479261375956, 217.0], "169" : [836.1491968010024, 324.3593567915189, 187.0], "171" : [836.1491968010024, 324.3593567915189, 187.0], "173" : [928.8254381767343, 334.32807250684664, 114.0], "175" : [710.4977463443121, 329.1345805132086, 133.0], "177" : [710.4977463443121, 329.1345805132086, 133.0], "179" : [710.4977463443121, 329.1345805132086, 133.0], "181" : [750.0235312449042, 344.24117756442604, 102.0], "183" : [750.0235312449042, 344.24117756442604, 102.0], "185" : [676.4577647456629, 328.9931673733589, 161.0], "187" : [676.4577647456629, 328.9931673733589, 161.0], "189" : [854.8315992632121, 334.2514194041934, 212.0], "191" : [997.2982065000011, 351.4071714978266, 223.0], "193" : [604.5058820337849, 392.9852950331139, 136.0], "195" : [608.7289879004028, 394.03478138110734, 69.0], "197" : [726.23641198897, 392.3293461858162, 184.0], "199" : [726.23641198897, 392.3293461858162, 184.0], "201" : [745.0209415934492, 393.5982908801924, 234.0], "203" : [913.2566067672409, 393.06338850463294, 295.0], "205" : [1022.2017390632591, 399.8478244183962, 230.0], "207" : [1069.0759229201942, 410.37407524305985, 54.0], "209" : [697.7501803002194, 431.37184119104995, 277.0], "211" : [697.7501803002194, 431.37184119104995, 277.0], "213" : [782.2048383234527, 420.62903181189483, 62.0], "215" : [922.4787235929265, 400.38510653638565, 188.0], "217" : [1001.1703264922411, 405.48186652981616, 182.0], "219" : [1001.1703264922411, 405.48186652981616, 182.0], "221" : [704.1682585457004, 428.0651709081708, 356.0], "223" : [704.1682585457004, 428.0651709081708, 356.0], "225" : [790.2706451702649, 427.04378607684146, 201.0], "227" : [790.2706451702649, 427.04378607684146, 201.0], "229" : [973.8790706129747, 437.08527049534183, 258.0], "231" : [762.7890702759441, 454.2514165273211, 247.0], "233" : [812.6145636040525, 451.6368973132309, 103.0], "235" : [646.7464462336566, 456.29539880274945, 239.0], "237" : [646.7464462336566, 456.29539880274945, 239.0], "239" : [861.9142856859362, 451.60138390330275, 217.0], "241" : [1036.92239894953, 467.0727946588035, 250.0], "243" : [1036.8850026210152, 471.51625005660264, 80.0], "245" : [688.570047724247, 485.42534507211906, 217.0], "247" : [688.570047724247, 485.42534507211906, 217.0], "249" : [747.8434192826296, 500.2605265910151, 76.0], "251" : [902.0215690301234, 489.66078644472634, 153.0], "253" : [902.0215690301234, 489.66078644472634, 153.0], "255" : [902.0215690301234, 489.66078644472634, 153.0], "257" : [881.8432298215594, 500.3781254420802, 192.0], "259" : [983.414787394055, 504.92605541061323, 142.0], "261" : [636.4222242922957, 575.4038893668537, 180.0], "263" : [638.0788222260604, 573.7529392234783, 85.0], "265" : [734.3880964791845, 563.4630969918596, 84.0], "267" : [735.0814533619018, 561.3370983025472, 124.0], "269" : [863.865019950144, 557.3246922811246, 243.0], "271" : [736.1751143480808, 562.5057789014219, 225.0], "273" : [878.9352997550116, 555.7815119867348, 119.0], "275" : [878.9352997550116, 555.7815119867348, 119.0], "277" : [1060.6016711533955, 283.2266692268847, 60.0], "279" : [1010.5336228388594, 555.3568943311816, 116.0], "281" : [1009.6794126827001, 559.6257372555982, 136.0], "283" : [1065.3643307469051, 562.678345305965, 157.0], "285" : [627.4294116706625, 612.5789244499103, 204.0], "287" : [627.4294116706625, 612.5789244499103, 204.0], "289" : [609.2587531186086, 608.1206246784413, 160.0],