{"1" : [789.6338205853871, 132.26764557982975, 68.0], "3" : [817.6444436211959, 20.1217376701414, 207.0], "5" : [815.814222172075, 9.978222166957444, 225.0], "7" : [599.1842389820922, 69.0200018075032, 165.0], "9" : [586.2584589221262, 67.76923358853087, 130.0], "11" : [686.6601713526998, 67.50995914186498, 241.0], "13" : [826.8366296298157, 84.60639709639692, 172.0], "15" : [819.364745285827, 80.63653998412802, 156.0], "17" : [998.1101204629508, 76.2412989737663, 247.0], "19" : [999.6495948632996, 78.14715885367147, 123.0], "21" : [815.5148936486555, 69.80638527496296, 188.0], "23" : [815.7224407997453, 75.46780858664295, 205.0], "25" : [953.5407568246304, 77.95592823156036, 211.0], "27" : [1044.0723398339649, 74.04574632295387, 188.0], "29" : [1063.611682334503, 70.96308546458535, 214.0], "31" : [597.1163924558796, 101.76721345012876, 61.0], "33" : [690.3079248210549, 108.11283338320162, 265.0], "35" : [746.6960323907987, 109.1206371738385, 252.0], "37" : [833.2869343109211, 111.83216284222024, 199.0], "39" : [831.7503375954986, 113.52617400012133, 149.0], "41" : [860.1484359995528, 111.26718918152277, 64.0], "43" : [950.9362310369281, 110.93587247591786, 276.0], "45" : [916.8119760005292, 108.44671267962313, 167.0], "47" : [659.6983016619898, 135.52542164123122, 177.0], "49" : [737.5676120934988, 138.6573915709725, 284.0], "51" : [801.3015271380767, 137.62346737127422, 196.0], "53" : [865.366789237406, 139.88007067940066, 271.0], "55" : [997.0199983470512, 135.9883979774548, 250.0], "57" : [1044.5244758856238, 130.56573031907448, 286.0], "59" : [1044.5244758856238, 130.56573031907448, 286.0], "61" : [633.7035718385653, 160.4874996158784, 56.0], "63" : [633.7035718385653, 160.4874996158784, 56.0], "65" : [652.9891625026307, 167.8305414659229, 203.0], "67" : [652.9891625026307, 167.8305414659229, 203.0], "69" : [657.1851055065113, 174.3292575373648, 188.0], "71" : [745.7866978285107, 173.84926134654222, 203.0], "73" : [809.7752084179448, 179.53872053127907, 359.0], "75" : [791.0761071161228, 181.5265519957091, 226.0], "77" : [943.3718501046241, 174.91926143608939, 135.0], "79" : [934.6749999767383, 176.58000555746656, 140.0], "81" : [901.7815132066905, 175.6243724232311, 119.0], "83" : [580.1310009580812, 234.23799882114284, 100.0], "85" : [587.20879724979, 230.16018483909846, 216.0], "87" : [686.6921526106223, 226.1068263572979, 293.0], "89" : [800.3639354304214, 231.20163957340293, 244.0], "91" : [849.074785418205, 225.29145405569452, 234.0], "93" : [941.426837717871, 223.5554105607221, 231.0], "95" : [1021.7736244898723, 229.12913479825806, 254.0], "97" : [1021.7736244898723, 229.12913479825806, 254.0], "99" : [1078.220481645339, 230.84457677483047, 249.0], "101" : [607.4019610904028, 247.5411782458755, 51.0], "103" : [630.5930546237496, 247.2425931755302, 216.0], "105" : [698.0110822399832, 250.57783855910685, 379.0], "107" : [758.6471919586872, 249.42921515701443, 89.0], "109" : [637.9754325462053, 253.0094845298828, 232.0], "111" : [771.9982510436732, 260.94410592005767, 229.0], "113" : [771.9982510436732, 260.94410592005767, 229.0], "115" : [771.9982510436732, 260.94410592005767, 229.0], "117" : [854.9727252848097, 268.69752262201723, 242.0], "119" : [926.093022262176, 268.54418827267614, 172.0], "121" : [1013.3342218713859, 267.4148324769401, 263.0], "123" : [1013.3342218713859, 267.4148324769401, 263.0], "125" : [552.9080533788587, 296.51476721514035, 149.0], "127" : [648.2200011426479, 285.9905645081928, 265.0], "129" : [828.585227748868, 281.05056344663325, 176.0], "131" : [828.585227748868, 281.05056344663325, 176.0], "133" : [802.1030973219371, 282.5511593535127, 129.0], "135" : [728.2825933332493, 284.38744656289623, 247.0], "137" : [912.9561089526122, 286.00723654140194, 221.0], "139" : [912.2151158396368, 292.2180278636298, 172.0], "141" : [912.2151158396368, 292.2180278636298, 172.0], "143" : [984.0078450500803, 296.06078285759475, 51.0], "145" : [984.0078450500803, 296.06078285759475, 51.0], "147" : [985.6419640865053, 297.67500435402184, 112.0], "149" : [985.6419640865053, 297.67500435402184, 112.0], "151" : [930.4058054066868, 294.75742084215756, 155.0], "153" : [930.4058054066868, 294.75742084215756, 155.0], "155" : [1020.1675579153591, 301.35191125202357, 262.0], "157" : [1064.3963149337228, 309.79315765544277, 380.0], "159" : [617.85302842748, 340.8136365783042, 66.0], "161" : [640.7629321594375, 338.13706785085327, 116.0], "163" : [654.7936162757779, 331.799575222989, 235.0], "165" : [654.7936162757779, 331.799575222989, 235.0], "167" : [753.9987106129546, 322.8567730678525, 155.0], "169" : [753.9987106129546, 322.8567730678525, 155.0], "171" : [753.9987106129546, 322.8567730678525, 155.0], "173" : [676.4546570569186, 318.9093133330262, 247.0], "175" : [779.7896548819574, 315.73620496110806, 290.0], "177" : [779.7896548819574, 315.73620496110806, 290.0], "179" : [840.9289730509025, 314.5714964187125, 214.0], "181" : [838.7342450806208, 319.3945250797607, 146.0], "183" : [867.9516146657552, 319.95323027431635, 62.0], "185" : [766.9251214585715, 322.7323680918219, 207.0], "187" : [766.9251214585715, 322.7323680918219, 207.0], "189" : [936.5936509133453, 326.41745908224567, 315.0], "191" : [936.5936509133453, 326.41745908224567, 315.0], "193" : [922.2981964840557, 322.2729703734436, 111.0], "195" : [993.2837098383687, 316.53371064755726, 264.0], "197" : [970.0246347483505, 314.0021747901431, 138.0], "199" : [1051.107189049248, 390.26568719810905, 306.0], "201" : [1072.167830122402, 398.5062015407088, 258.0], "203" : [996.9442766610632, 398.95090390063467, 332.0], "205" : [939.9753795006308, 390.8437681205847, 329.0], "207" : [681.403426012995, 425.75034549826626, 292.0], "209" : [681.403426012995, 425.75034549826626, 292.0], "211" : [681.403426012995, 425.75034549826626, 292.0], "213" : [678.4689268593096, 429.3669326160978, 251.0], "215" : [678.4689268593096, 429.3669326160978, 251.0], "217" : [678.4689268593096, 429.3669326160978, 251.0], "219" : [763.9017262807473, 427.0288826023157, 232.0], "221" : [763.9017262807473, 427.0288826023157, 232.0], "223" : [795.2227641374587, 426.81423401684606, 246.0], "225" : [795.2227641374587, 426.81423401684606, 246.0], "227" : [828.3750011153658, 429.47065248576223, 184.0], "229" : [828.3750011153658, 429.47065248576223, 184.0], "231" : [968.194781600664, 431.2417395429823, 115.0], "233" : [968.194781600664, 431.2417395429823, 115.0], "235" : [975.9525982419016, 435.27142851852955, 154.0], "237" : [992.930602023837, 437.7862054766572, 232.0], "239" : [562.0769252469521, 457.20192223709785, 52.0], "241" : [704.4110422809395, 454.7552166684622, 163.0], "243" : [704.4110422809395, 454.7552166684622, 163.0], "245" : [657.552760210437, 457.8348281205788, 290.0], "247" : [657.552760210437, 457.8348281205788, 290.0], "249" : [657.552760210437, 457.8348281205788, 290.0], "251" : [751.47343778335, 462.6046890171536, 128.0], "253" : [750.9688740570856, 466.1006548923011, 151.0], "255" : [878.0393916157176, 459.89280307993533, 264.0], "257" : [878.0393916157176, 459.89280307993533, 264.0], "259" : [878.0393916157176, 459.89280307993533, 264.0], "261" : [835.9946067684643, 456.8142194161067, 204.0], "263" : [835.9946067684643, 456.8142194161067, 204.0], "265" : [964.2449534658159, 457.37706576475756, 218.0], "267" : [964.2449534658159, 457.37706576475756, 218.0], "269" : [1018.7462000024519, 461.84619872277585, 158.0], "271" : [1054.5647294808132, 465.5352665136599, 258.0], "273" : [1080.96150417962, 468.02342921878153, 239.0], "275" : [654.671591165604, 495.3999969116135, 88.0], "277" : [654.671591165604, 495.3999969116135, 88.0], "279" : [673.7716316537126, 495.4453872919978, 141.0], "281" : [673.7716316537126, 495.4453872919978, 141.0], "283" : [709.4561442260017, 503.1263202946748, 171.0], "285" : [661.34980690299, 496.38093174225776, 257.0], "287" : [661.34980690299, 496.38093174225776, 257.0], "289" : [771.8584599931227, 495.18538278085754, 260.0],