{"1" : [800.8120905815922, 15.758141840969776, 215.0], "3" : [800.8120905815922, 15.758141840969776, 215.0], "5" : [856.5817206646886, 17.533505166782977, 197.0], "7" : [788.3783876275062, 18.645060424757148, 273.0], "9" : [884.8968966814284, 19.010082559770712, 129.0], "11" : [632.247551663907, 74.98951409630764, 143.0], "13" : [588.1819917513633, 88.41943345761239, 211.0], "15" : [644.7642404847348, 86.7735119850575, 151.0], "17" : [704.6053405268414, 90.51456423620853, 206.0], "19" : [647.1328734328132, 87.3217607576109, 216.0], "21" : [809.579047500564, 87.01380910507511, 210.0], "23" : [758.8058161198944, 84.23953227534018, 258.0], "25" : [806.8465353681087, 85.83812017469239, 202.0], "27" : [983.1887238429379, 81.60637393994047, 204.0], "29" : [941.1078808486228, 85.78325372147236, 203.0], "31" : [941.1078808486228, 85.78325372147236, 203.0], "33" : [1074.5418859019321, 87.95654335453558, 191.0], "35" : [1018.0718028453313, 85.59207336226815, 227.0], "37" : [1092.7274186952316, 88.6516151996849, 124.0], "39" : [701.4152032723869, 128.99590545048125, 171.0], "41" : [701.4152032723869, 128.99590545048125, 171.0], "43" : [669.1101705177285, 120.60677433049457, 59.0], "45" : [668.7176842999233, 119.15305097164806, 164.0], "47" : [750.4037629575247, 113.08924499618949, 186.0], "49" : [852.1228561777704, 114.1342848449853, 175.0], "51" : [826.1818190776773, 117.42045759407948, 220.0], "53" : [959.7509622753313, 113.70192275294507, 208.0], "55" : [959.7509622753313, 113.70192275294507, 208.0], "57" : [940.2135924556059, 111.43252563505638, 206.0], "59" : [650.8608673413004, 141.16832158483118, 161.0], "61" : [607.5540395415184, 145.4316753530679, 161.0], "63" : [756.4803915846128, 146.79333413486023, 255.0], "65" : [841.2906869986334, 145.93137052880647, 204.0], "67" : [841.2906869986334, 145.93137052880647, 204.0], "69" : [916.6606329783241, 148.85294239179402, 221.0], "71" : [916.6606329783241, 148.85294239179402, 221.0], "73" : [878.9121481235063, 150.89357424243937, 140.0], "75" : [878.9121481235063, 150.89357424243937, 140.0], "77" : [1002.0070709710179, 146.32028335074983, 212.0], "79" : [1049.9484475084032, 142.20496468615065, 161.0], "81" : [672.8123908728245, 191.14529847503886, 234.0], "83" : [734.7260878202209, 178.8929347143613, 184.0], "85" : [840.3288731670787, 182.8147932064967, 142.0], "87" : [841.7792470713503, 179.66037710579783, 159.0], "89" : [954.7491991238966, 177.35829380070496, 187.0], "91" : [911.3066409642678, 180.65055346331766, 271.0], "93" : [952.6474010989502, 175.73896704742475, 154.0], "95" : [607.912581851111, 235.637735169046, 159.0], "97" : [566.566669810148, 243.3817005623424, 153.0], "99" : [632.6820843527508, 242.90000294009582, 173.0], "101" : [733.7396048907746, 242.56633687887586, 202.0], "103" : [733.7396048907746, 242.56633687887586, 202.0], "105" : [830.2964148432586, 242.59327268280427, 223.0], "107" : [946.6451864690481, 242.18396744230526, 343.0], "109" : [1067.9622217575031, 246.2299992567026, 180.0], "111" : [1005.6321984702712, 250.3992443607449, 264.0], "113" : [1049.167997906944, 249.637144507098, 175.0], "115" : [1049.167997906944, 249.637144507098, 175.0], "117" : [687.5389557224242, 282.8703455809655, 172.0], "119" : [637.4775120943974, 284.31887465453775, 249.0], "121" : [763.6381658816028, 272.8133157689653, 338.0], "123" : [849.796895391834, 275.1924172377386, 290.0], "125" : [929.6989374108314, 275.136174017122, 188.0], "127" : [1001.1665638521832, 275.0504664453911, 323.0], "129" : [1001.1665638521832, 275.0504664453911, 323.0], "131" : [661.0047904898432, 313.0251466286572, 167.0], "133" : [591.080248344831, 318.67521129291123, 238.0], "135" : [672.5776601886956, 311.05318798821577, 188.0], "137" : [797.517817928483, 311.76690617601696, 275.0], "139" : [878.0776088423677, 311.9141758181015, 134.0], "141" : [947.0174871399228, 309.070851451872, 223.0], "143" : [1032.227532528562, 311.7256020565849, 207.0], "145" : [1032.227532528562, 311.7256020565849, 207.0], "147" : [996.6352187925647, 316.2018858610652, 159.0], "149" : [1105.4920611409116, 314.3714294777809, 126.0], "151" : [711.6959548804384, 355.8520224369085, 173.0], "153" : [711.6959548804384, 355.8520224369085, 173.0], "155" : [661.4112146456074, 350.90313520071504, 223.0], "157" : [704.1861147276429, 345.5658734760897, 252.0], "159" : [842.6678383827441, 346.96297242009166, 370.0], "161" : [779.9756224239351, 359.23187526711143, 160.0], "163" : [956.0726683911472, 348.0206656789002, 300.0], "165" : [634.5605134536551, 431.25641021853613, 195.0], "167" : [634.5605134536551, 431.25641021853613, 195.0], "169" : [602.4919162379626, 421.70858623058956, 198.0], "171" : [692.5526314584281, 418.08526413432566, 190.0], "173" : [757.4015216856728, 415.16578156642726, 263.0], "175" : [955.7578339788167, 408.60180815005054, 166.0], "177" : [910.0075407708706, 415.9005036373913, 199.0], "179" : [1050.5746549290354, 412.1682014819752, 217.0], "181" : [700.0139766016206, 462.6865577242018, 186.0], "183" : [656.3121197041239, 456.96363742122725, 165.0], "185" : [656.3121197041239, 456.96363742122725, 165.0], "187" : [656.3121197041239, 456.96363742122725, 165.0], "189" : [802.48909144658, 447.40409103853875, 220.0], "191" : [881.3765054392234, 444.49835223528123, 183.0], "193" : [819.0924852394272, 446.27687840605495, 173.0], "195" : [964.6737392223815, 442.0485987914282, 179.0], "197" : [615.0819411380876, 477.28802432397885, 526.0], "199" : [780.8176462795868, 485.48088268037554, 204.0], "201" : [739.9031451438863, 490.10692097573195, 159.0], "203" : [739.9031451438863, 490.10692097573195, 159.0], "205" : [894.8177993488852, 488.17119799564296, 309.0], "207" : [894.8177993488852, 488.17119799564296, 309.0], "209" : [994.4569194638929, 485.95948663222543, 195.0], "211" : [994.4569194638929, 485.95948663222543, 195.0], "213" : [1057.4215699492354, 480.4009795502008, 102.0], "215" : [707.0781115176164, 516.2690946359561, 233.0], "217" : [660.1223537414935, 519.8041135037382, 170.0], "219" : [916.849681480887, 508.90573238185726, 157.0], "221" : [872.179998843708, 510.3523400900226, 235.0], "223" : [978.3193279433492, 505.0067182724876, 119.0], "225" : [653.2941169879115, 586.1150746584966, 272.0], "227" : [756.4720016913828, 582.9523631567232, 275.0], "229" : [911.8356735015188, 582.2589193772825, 185.0], "231" : [798.2271676826324, 585.7549130620771, 173.0], "233" : [798.2271676826324, 585.7549130620771, 173.0], "235" : [875.1280133983714, 583.2234514851094, 307.0], "237" : [875.1280133983714, 583.2234514851094, 307.0], "239" : [953.1743761231531, 575.4162512880281, 160.0], "241" : [1002.5393572613008, 588.684337284336, 249.0], "243" : [1002.5393572613008, 588.684337284336, 249.0], "245" : [958.9374101913829, 586.8568377416669, 139.0], "247" : [958.9374101913829, 586.8568377416669, 139.0], "249" : [1013.0721408384042, 589.9477597091494, 201.0], "251" : [1013.0721408384042, 589.9477597091494, 201.0], "253" : [646.3005800074186, 619.1196555562716, 173.0], "255" : [592.247231882611, 622.7689364753638, 235.0], "257" : [592.247231882611, 622.7689364753638, 235.0], "259" : [796.536031170064, 621.3808843319332, 272.0], "261" : [796.536031170064, 621.3808843319332, 272.0], "263" : [796.536031170064, 621.3808843319332, 272.0], "265" : [877.7589020398317, 623.4009146590298, 219.0], "267" : [877.7589020398317, 623.4009146590298, 219.0], "269" : [877.7589020398317, 623.4009146590298, 219.0], "271" : [953.5325001802954, 628.33349812539, 200.0], "273" : [953.5325001802954, 628.33349812539, 200.0], "275" : [1021.8236179261439, 626.7693458594633, 199.0], "277" : [1021.8236179261439, 626.7693458594633, 199.0], "279" : [1021.8236179261439, 626.7693458594633, 199.0], "281" : [1064.8494961541267, 622.1727263300403, 198.0], "283" : [1064.8494961541267, 622.1727263300403, 198.0], "285" : [1027.9989593010455, 623.5015643671817, 192.0], "287" : [1027.9989593010455, 623.5015643671817, 192.0], "289" : [638.5972237698186, 654.8027753322863, 180.0],