{"1" : [700.9010756691387, 330.50215264951356, 93.0], "3" : [709.4802826452842, 321.99577641522905, 71.0], "5" : [643.0058144702487, 93.91162792804631, 86.0], "7" : [643.0058144702487, 93.91162792804631, 86.0], "9" : [640.3706702408348, 75.76933572621418, 75.0], "11" : [745.2312508843194, 27.87343630947099, 192.0], "13" : [823.3659970034668, 27.62145642087824, 247.0], "15" : [971.4110566142023, 71.62981066389796, 208.0], "17" : [660.0204300156137, 76.2994646706863, 186.0], "19" : [660.0204300156137, 76.2994646706863, 186.0], "21" : [631.0113484471997, 67.7858173914014, 141.0], "23" : [747.8534774177292, 69.50739313200044, 230.0], "25" : [840.4200001446156, 83.36428628909503, 280.0], "27" : [940.371198455798, 86.11360139589182, 250.0], "29" : [940.371198455798, 86.11360139589182, 250.0], "31" : [1033.8124988499019, 83.8055557481298, 144.0], "33" : [715.5088516878134, 103.87256571162578, 339.0], "35" : [715.5088516878134, 103.87256571162578, 339.0], "37" : [712.9861552576033, 95.3410271473058, 195.0], "39" : [712.9861552576033, 95.3410271473058, 195.0], "41" : [712.9861552576033, 95.3410271473058, 195.0], "43" : [834.1852258524095, 83.24977279732047, 440.0], "45" : [932.7943103161206, 66.58984029912915, 246.0], "47" : [964.1944885793438, 66.83464744896918, 127.0], "49" : [634.069565565759, 126.18602684289787, 322.0], "51" : [634.069565565759, 126.18602684289787, 322.0], "53" : [683.3512517740797, 126.30750029617555, 80.0], "55" : [683.3512517740797, 126.30750029617555, 80.0], "57" : [684.3403626066623, 119.80662634484315, 166.0], "59" : [793.0056563194524, 121.75217505069148, 230.0], "61" : [792.2693351210634, 113.8639985845164, 75.0], "63" : [757.5443668438452, 99.5915502077719, 142.0], "65" : [757.5443668438452, 99.5915502077719, 142.0], "67" : [952.284831234944, 69.77583130780455, 211.0], "69" : [1048.6851551477348, 65.13672057191489, 128.0], "71" : [1048.6851551477348, 65.13672057191489, 128.0], "73" : [1101.4195885959964, 71.44123827450011, 97.0], "75" : [1102.5913654837718, 66.76043238802573, 139.0], "77" : [1023.9403827043657, 82.65577226477673, 52.0], "79" : [1019.980305721337, 96.23636721706468, 66.0], "81" : [1019.980305721337, 96.23636721706468, 66.0], "83" : [1018.1876141313268, 105.06762105813252, 105.0], "85" : [1100.3309791353167, 93.2195670431995, 184.0], "87" : [654.3169018282973, 143.36901213550814, 71.0], "89" : [651.4495060824066, 153.81213135970677, 305.0], "91" : [734.8191547013497, 171.23085199473022, 94.0], "93" : [739.913712657732, 176.40836162045665, 299.0], "95" : [836.1921876439106, 189.34312467569686, 320.0], "97" : [921.5753954413445, 181.70873184160914, 126.0], "99" : [921.5753954413445, 181.70873184160914, 126.0], "101" : [1015.5506711150775, 186.30493205416005, 223.0], "103" : [652.984930233984, 190.95260300347636, 365.0], "105" : [750.4521970570297, 198.05110086490967, 182.0], "107" : [701.2615784051114, 199.26000164501374, 190.0], "109" : [701.2615784051114, 199.26000164501374, 190.0], "111" : [916.4803917736745, 227.333332638483, 51.0], "113" : [1013.7559313437953, 199.74915456495395, 59.0], "115" : [1026.7351204423758, 191.6660708291694, 168.0], "117" : [746.9824295978908, 189.42567478770445, 74.0], "119" : [792.5826945622172, 227.90192338398717, 52.0], "121" : [792.5826945622172, 227.90192338398717, 52.0], "123" : [862.0843750621689, 259.16718807324634, 128.0], "125" : [862.0843750621689, 259.16718807324634, 128.0], "127" : [722.7571434487292, 252.03896271702405, 154.0], "129" : [713.0119578942788, 255.56086956998428, 92.0], "131" : [722.1816736211792, 259.68062764496665, 191.0], "133" : [722.1816736211792, 259.68062764496665, 191.0], "135" : [743.718966134184, 257.4758635921533, 58.0], "137" : [743.718966134184, 257.4758635921533, 58.0], "139" : [751.550399566512, 257.25840001665387, 125.0], "141" : [751.550399566512, 257.25840001665387, 125.0], "143" : [921.2294730948714, 260.28631634136633, 95.0], "145" : [921.2294730948714, 260.28631634136633, 95.0], "147" : [908.6809166383927, 251.49847525462084, 131.0], "149" : [908.6809166383927, 251.49847525462084, 131.0], "151" : [915.1971409278406, 259.7614325826066, 70.0], "153" : [915.1971409278406, 259.7614325826066, 70.0], "155" : [811.9570980075671, 256.13091449883916, 317.0], "157" : [972.1023797423882, 268.3773797570251, 84.0], "159" : [967.7737842641627, 286.1917470593901, 206.0], "161" : [1064.5922726627487, 298.39181912099644, 220.0], "163" : [1064.5922726627487, 298.39181912099644, 220.0], "165" : [1060.8072737854388, 304.7400008427751, 55.0], "167" : [696.377228783252, 311.38712980094346, 101.0], "169" : [696.623728812851, 323.85819265781254, 177.0], "171" : [696.623728812851, 323.85819265781254, 177.0], "173" : [696.623728812851, 323.85819265781254, 177.0], "175" : [830.5797830393017, 345.99956483786735, 460.0], "177" : [864.1323403117614, 338.6174715684444, 269.0], "179" : [1014.1235632279861, 355.02183922878146, 174.0], "181" : [1018.5396199061828, 360.08867964403134, 106.0], "183" : [801.7598782090714, 396.23293534849853, 167.0], "185" : [800.5707298958517, 404.43048738235404, 82.0], "187" : [932.5389340656394, 418.02442655107245, 131.0], "189" : [888.7818681771191, 406.3857137028164, 182.0], "191" : [1023.440668612398, 408.7933319772142, 150.0], "193" : [1024.4815807874463, 398.8184203440706, 190.0], "195" : [1074.042455087241, 393.29245502078356, 106.0], "197" : [1072.141582681589, 395.24108912231196, 202.0], "199" : [698.2596378244904, 397.99759131370115, 166.0], "201" : [790.5867332071105, 417.8734701189477, 98.0], "203" : [789.9167874861864, 431.3226289570806, 137.0], "205" : [789.9167874861864, 431.3226289570806, 137.0], "207" : [760.1780321362318, 426.10757710956375, 132.0], "209" : [760.1780321362318, 426.10757710956375, 132.0], "211" : [890.0863653673309, 438.12348434676716, 132.0], "213" : [882.2272744828654, 443.42619811074775, 187.0], "215" : [974.4049203588042, 443.21474858736536, 61.0], "217" : [979.3110580087118, 444.50624634257343, 208.0], "219" : [1030.302367947967, 453.70521609446064, 211.0], "221" : [678.3571975274638, 480.61439130625706, 271.0], "223" : [775.2799986305907, 475.03077472542054, 65.0], "225" : [776.3497365575656, 471.28376852254553, 191.0], "227" : [661.7492703137503, 464.34780347960935, 205.0], "229" : [791.8192919517138, 464.6050730401326, 197.0], "231" : [791.8192919517138, 464.6050730401326, 197.0], "233" : [895.3670709387011, 479.83414691355944, 82.0], "235" : [897.9538467025515, 475.6428595990461, 182.0], "237" : [989.7554945530304, 480.9510982497561, 182.0], "239" : [989.7554945530304, 480.9510982497561, 182.0], "241" : [951.0553334863878, 468.3648205978995, 253.0], "243" : [1028.5298985372578, 484.04329783006966, 194.0], "245" : [1050.9607855255636, 499.2058836172209, 51.0], "247" : [1048.122129049631, 473.4360657431945, 122.0], "249" : [617.3705554792837, 525.3355547634483, 180.0], "251" : [717.8302525092605, 490.6579841043317, 119.0], "253" : [717.8302525092605, 490.6579841043317, 119.0], "255" : [715.7932383176448, 501.46376820232206, 207.0], "257" : [815.2107363125558, 505.57344662277694, 177.0], "259" : [822.4775022256397, 510.8058335982658, 120.0], "261" : [821.5518526079181, 520.9805541945291, 108.0], "263" : [920.3833329295987, 557.5583337059513, 72.0], "265" : [986.1479874868666, 554.3869134401489, 298.0], "267" : [986.1479874868666, 554.3869134401489, 298.0], "269" : [1040.7333327978245, 555.4181849054085, 66.0], "271" : [1043.7035878362421, 563.770256478988, 195.0], "273" : [1050.150459359166, 570.4798146556421, 109.0], "275" : [654.3499974639245, 623.9935056831952, 154.0], "277" : [654.3499974639245, 623.9935056831952, 154.0], "279" : [614.4652551349723, 643.9805083898453, 118.0], "281" : [614.4652551349723, 643.9805083898453, 118.0], "283" : [615.8738803976642, 643.1634314912342, 134.0], "285" : [615.8738803976642, 643.1634314912342, 134.0], "287" : [722.4666634773585, 622.9142854322888, 126.0], "289" : [722.4666634773585, 622.9142854322888, 126.0],