{"1" : [852.4647031431507, 14.00470838522577, 85.0], "3" : [606.9194248808747, 64.62086282038581, 139.0], "5" : [610.8030952403271, 72.65258053265248, 97.0], "7" : [693.426454869472, 75.36666912862978, 189.0], "9" : [775.438499535776, 75.37350283188287, 200.0], "11" : [775.438499535776, 75.37350283188287, 200.0], "13" : [599.1089563354569, 71.78880686867558, 268.0], "15" : [755.4989367110501, 81.55957564975897, 94.0], "17" : [762.0928592272686, 79.58214090899179, 112.0], "19" : [817.2814295806486, 82.66785595869348, 140.0], "21" : [968.4083301126117, 94.83525792164774, 156.0], "23" : [968.4083301126117, 94.83525792164774, 156.0], "25" : [968.4083301126117, 94.83525792164774, 156.0], "27" : [1050.2055544781322, 101.28333260906415, 144.0], "29" : [1050.2055544781322, 101.28333260906415, 144.0], "31" : [726.3052145505635, 126.52454207103096, 326.0], "33" : [726.3052145505635, 126.52454207103096, 326.0], "35" : [862.9915264144856, 138.99109939192758, 236.0], "37" : [924.882296403967, 141.91291546639425, 209.0], "39" : [924.882296403967, 141.91291546639425, 209.0], "41" : [774.2632765138655, 123.56384348981508, 177.0], "43" : [914.1691017126379, 126.44471743595189, 123.0], "45" : [914.1691017126379, 126.44471743595189, 123.0], "47" : [916.9302333776116, 127.18953562389356, 86.0], "49" : [916.9302333776116, 127.18953562389356, 86.0], "51" : [916.9302333776116, 127.18953562389356, 86.0], "53" : [980.9775532834608, 137.05850183423382, 147.0], "55" : [981.7553451825485, 140.08301522197044, 159.0], "57" : [678.1030502039558, 151.59939173042184, 164.0], "59" : [679.9232701258732, 154.06100611346181, 159.0], "61" : [747.4341218519857, 161.6824636947246, 211.0], "63" : [747.4341218519857, 161.6824636947246, 211.0], "65" : [814.3255616203626, 163.46232968344603, 223.0], "67" : [814.3255616203626, 163.46232968344603, 223.0], "69" : [903.302632950072, 167.82789605700444, 190.0], "71" : [903.302632950072, 167.82789605700444, 190.0], "73" : [971.0169112959619, 168.20895604190173, 201.0], "75" : [971.0169112959619, 168.20895604190173, 201.0], "77" : [971.0169112959619, 168.20895604190173, 201.0], "79" : [1007.0634932759248, 168.56793749497723, 315.0], "81" : [1007.0634932759248, 168.56793749497723, 315.0], "83" : [731.7232955760416, 184.7757769805906, 322.0], "85" : [812.3364140513381, 196.9467422149572, 368.0], "87" : [675.6268565366692, 249.59714462242815, 175.0], "89" : [641.3782591814355, 258.4155271973736, 161.0], "91" : [641.3782591814355, 258.4155271973736, 161.0], "93" : [813.5644018032151, 266.5627838835213, 309.0], "95" : [813.5644018032151, 266.5627838835213, 309.0], "97" : [972.7540006286835, 269.186997852759, 100.0], "99" : [971.5559964517414, 272.0106703690718, 75.0], "101" : [1042.9442520813084, 277.9862086098733, 174.0], "103" : [710.9661686841345, 312.1502976817924, 334.0], "105" : [800.2950862865921, 306.1226987219878, 163.0], "107" : [900.690164810601, 303.1713101025115, 122.0], "109" : [1017.753946550585, 298.06973679717623, 76.0], "111" : [1017.753946550585, 298.06973679717623, 76.0], "113" : [1017.9531123345085, 311.0534792706325, 273.0], "115" : [669.9333332835013, 347.38950644068564, 162.0], "117" : [616.3010345977552, 336.4440424764187, 193.0], "119" : [725.0601097540758, 337.5174871413933, 183.0], "121" : [796.7504151636427, 332.6768613061255, 121.0], "123" : [796.7504151636427, 332.6768613061255, 121.0], "125" : [913.9537292354962, 333.80298661574795, 134.0], "127" : [913.9537292354962, 333.80298661574795, 134.0], "129" : [988.4700002241817, 341.7817635852391, 170.0], "131" : [1040.516744036045, 343.4623264833649, 215.0], "133" : [662.3595127876816, 439.22186159090893, 247.0], "135" : [662.3595127876816, 439.22186159090893, 247.0], "137" : [741.2107899370113, 439.8410771199879, 241.0], "139" : [741.2107899370113, 439.8410771199879, 241.0], "141" : [914.8057360069488, 433.13401477440635, 244.0], "143" : [1022.8141290570343, 427.4804377951607, 92.0], "145" : [1022.8141290570343, 427.4804377951607, 92.0], "147" : [1024.6796554758716, 431.1909085165594, 231.0], "149" : [1024.6796554758716, 431.1909085165594, 231.0], "151" : [718.5378812613644, 469.17120959929963, 66.0], "153" : [713.7756983029523, 473.7669348668328, 251.0], "155" : [782.4684202212077, 478.3304107275343, 171.0], "157" : [788.063715757758, 476.3469044183366, 113.0], "159" : [839.8842519164677, 476.8677184270123, 127.0], "161" : [943.6803012121675, 472.4600983434208, 198.0], "163" : [984.1511753262682, 469.0558785795514, 170.0], "165" : [639.1906949134789, 492.77247458535567, 505.0], "167" : [639.1906949134789, 492.77247458535567, 505.0], "169" : [760.4110186739961, 501.1995772044069, 236.0], "171" : [867.2661023465854, 501.7805100427163, 236.0], "173" : [1000.6687152307319, 494.1820506565117, 195.0], "175" : [1000.6687152307319, 494.1820506565117, 195.0], "177" : [1036.2407526794273, 498.6766050011238, 265.0], "179" : [1036.2407526794273, 498.6766050011238, 265.0], "181" : [686.835783720259, 618.7463283647481, 313.0], "183" : [648.9572231403567, 612.8722243395622, 180.0], "185" : [730.8209669515345, 616.955326067064, 291.0], "187" : [730.8209669515345, 616.955326067064, 291.0], "189" : [818.3418170029914, 607.7096996018729, 165.0], "191" : [885.8852919523664, 608.7547052395072, 170.0], "193" : [966.3867058451377, 604.0404622160693, 173.0], "195" : [1017.940737774522, 604.3977236765573, 351.0], "197" : [1017.940737774522, 604.3977236765573, 351.0], "199" : [625.4300508515918, 650.3023334679708, 386.0], "201" : [754.5647683449228, 646.5792749587183, 193.0], "203" : [817.648204855902, 642.3410266804066, 195.0], "205" : [895.9813670249863, 636.9975159146323, 161.0], "207" : [1007.8818181355944, 633.1558450243095, 154.0], "209" : [1008.9232890693414, 635.9410962251405, 73.0], "211" : [1052.3128732643913, 638.9683163550656, 101.0], "213" : [986.1313707314073, 647.8607817019492, 51.0], "215" : [985.5734570916597, 642.1950629566293, 324.0], "217" : [641.5344841634054, 683.6120707091708, 58.0], "219" : [639.5817592119215, 679.8351790935916, 307.0], "221" : [738.9910184490673, 678.9293399653892, 167.0], "223" : [813.8550674922957, 672.8290776142361, 227.0], "225" : [906.2085032117659, 674.9193884525096, 294.0], "227" : [1056.1976020785853, 664.4696004421161, 250.0], "229" : [1059.6181840070742, 659.0136325233267, 132.0], "231" : [1059.6181840070742, 659.0136325233267, 132.0], "233" : [689.8089524781872, 690.8611244597975, 391.0], "235" : [613.1346502894376, 776.1859645780366, 228.0], "237" : [721.3658959541402, 763.0872786848215, 173.0], "239" : [781.7411320951528, 757.9701896669736, 265.0], "241" : [781.7411320951528, 757.9701896669736, 265.0], "243" : [952.6118642197264, 750.698868955124, 354.0], "245" : [1027.4833340811708, 753.8742390884257, 198.0], "247" : [1027.4833340811708, 753.8742390884257, 198.0], "249" : [1075.663418240888, 756.7682948797631, 287.0], "251" : [669.6089925584945, 795.8561167000282, 278.0], "253" : [669.6089925584945, 795.8561167000282, 278.0], "255" : [669.6089925584945, 795.8561167000282, 278.0], "257" : [780.0760965694352, 788.9009744730897, 205.0], "259" : [780.0760965694352, 788.9009744730897, 205.0], "261" : [890.8855135155271, 789.2719617694139, 214.0], "263" : [890.8855135155271, 789.2719617694139, 214.0], "265" : [890.8855135155271, 789.2719617694139, 214.0], "267" : [994.6443579747056, 793.5838367850894, 266.0], "269" : [994.6443579747056, 793.5838367850894, 266.0], "271" : [994.6443579747056, 793.5838367850894, 266.0], "273" : [891.9841146787447, 792.704672514997, 321.0], "275" : [891.9841146787447, 792.704672514997, 321.0], "277" : [891.9841146787447, 792.704672514997, 321.0], "279" : [1011.9434325778145, 798.7313879089728, 274.0], "281" : [619.9926327137679, 841.3389445135974, 95.0], "283" : [712.8933349245816, 841.837776791498, 180.0], "285" : [779.0379659205797, 836.1716552488235, 187.0], "287" : [851.0496548624445, 833.1717270728822, 145.0], "289" : [948.1613832282608, 836.0108875921673, 202.0],