{"1" : [687.3859307870163, 129.9035176994737, 199.0], "3" : [693.7487169203299, 146.31923129633338, 156.0], "5" : [669.6721315555718, 88.18852200002101, 61.0], "7" : [637.2106147614136, 69.4469307594732, 179.0], "9" : [1082.098729625383, 60.647131406937596, 157.0], "11" : [1096.748078616139, 63.80384114452373, 52.0], "13" : [728.5200018787815, 91.87365947694023, 205.0], "15" : [728.5200018787815, 91.87365947694023, 205.0], "17" : [728.5200018787815, 91.87365947694023, 205.0], "19" : [868.5598440547998, 85.22677142248729, 127.0], "21" : [916.4048463786778, 87.9563635742951, 165.0], "23" : [989.2159988082685, 91.52285807654596, 175.0], "25" : [989.2159988082685, 91.52285807654596, 175.0], "27" : [1012.7060636829805, 91.74141727372898, 198.0], "29" : [1012.7060636829805, 91.74141727372898, 198.0], "31" : [652.4919330834574, 141.2177395257242, 186.0], "33" : [772.2469943437144, 138.62568030277473, 183.0], "35" : [820.4064870758617, 142.63621240039626, 185.0], "37" : [934.867744149668, 143.3645133677247, 155.0], "39" : [1018.2890272663146, 133.81354616208733, 155.0], "41" : [1018.2890272663146, 133.81354616208733, 155.0], "43" : [1084.7888233823176, 129.03058807114212, 170.0], "45" : [713.644645090445, 155.57797564169655, 168.0], "47" : [839.7987650031517, 155.33333311761066, 162.0], "49" : [839.7987650031517, 155.33333311761066, 162.0], "51" : [894.6132100690539, 165.23270131000913, 159.0], "53" : [894.6132100690539, 165.23270131000913, 159.0], "55" : [894.6132100690539, 165.23270131000913, 159.0], "57" : [974.1287027486818, 161.93518339110346, 216.0], "59" : [974.1287027486818, 161.93518339110346, 216.0], "61" : [1014.3210141245842, 170.07246225792994, 138.0], "63" : [655.8727254492723, 246.05403991599468, 198.0], "65" : [813.662252644343, 241.00463889867348, 151.0], "67" : [809.4802051662217, 242.21771028596487, 96.0], "69" : [732.4531649487348, 243.99873245821976, 79.0], "71" : [732.4531649487348, 243.99873245821976, 79.0], "73" : [960.2690223162612, 256.42337025328106, 184.0], "75" : [1046.658790212589, 267.1648499895996, 165.0], "77" : [1046.658790212589, 267.1648499895996, 165.0], "79" : [1046.658790212589, 267.1648499895996, 165.0], "81" : [663.6538450901888, 292.7141064783678, 156.0], "83" : [663.6538450901888, 292.7141064783678, 156.0], "85" : [663.6538450901888, 292.7141064783678, 156.0], "87" : [779.2409347305224, 288.3105231472493, 171.0], "89" : [898.9237773246101, 296.9286741304277, 143.0], "91" : [898.9237773246101, 296.9286741304277, 143.0], "93" : [1021.0273169725948, 304.8912199446189, 205.0], "95" : [1031.8855056827072, 303.2999973757542, 138.0], "97" : [1031.8855056827072, 303.2999973757542, 138.0], "99" : [652.4747100846173, 316.31494193718447, 87.0], "101" : [652.4747100846173, 316.31494193718447, 87.0], "103" : [660.0287887030437, 317.2030295895958, 132.0], "105" : [797.9685053627671, 315.13936905006074, 127.0], "107" : [838.9711557906791, 315.7701935305249, 104.0], "109" : [973.2524064635969, 323.966266264079, 166.0], "111" : [973.2524064635969, 323.966266264079, 166.0], "113" : [973.2524064635969, 323.966266264079, 166.0], "115" : [1056.598718986212, 331.6608983165151, 156.0], "117" : [1106.002916785683, 329.9759111260276, 137.0], "119" : [705.1946731302384, 341.9739668837303, 169.0], "121" : [705.1946731302384, 341.9739668837303, 169.0], "123" : [790.0713199083228, 343.63455966443206, 136.0], "125" : [891.8830974133961, 346.2793426579775, 213.0], "127" : [947.7746026510634, 346.24709114029844, 189.0], "129" : [1026.878305712376, 351.95565901702105, 212.0], "131" : [685.1811521959418, 401.75392604467464, 191.0], "133" : [811.7488626452738, 405.6090902359243, 176.0], "135" : [950.6181325945504, 414.3441171741567, 204.0], "137" : [1050.5935703077816, 419.3750005258011, 140.0], "139" : [1079.6858316705343, 415.9158328664877, 120.0], "141" : [725.8139423209551, 443.31057262008864, 208.0], "143" : [850.256437790182, 437.35757392037374, 264.0], "145" : [998.9392391769301, 435.28396598077586, 237.0], "147" : [992.189153273243, 436.1578300960827, 83.0], "149" : [648.6133603823216, 460.6034470163067, 232.0], "151" : [790.8837848766054, 475.2562157606961, 185.0], "153" : [789.8436350181241, 477.66181878671443, 55.0], "155" : [903.4901155970823, 478.9958182764664, 263.0], "157" : [915.6443388072073, 475.36792769273563, 106.0], "159" : [1048.0888485740982, 471.76150909125545, 278.0], "161" : [719.2030301242471, 503.5054555051517, 165.0], "163" : [782.7074325854084, 503.88040763841127, 148.0], "165" : [897.202873840726, 502.16839237073884, 174.0], "167" : [897.202873840726, 502.16839237073884, 174.0], "169" : [1002.625870145217, 502.891282318864, 344.0], "171" : [669.2165246261385, 558.640255615355, 236.0], "173" : [799.8826078224324, 561.6057975548587, 138.0], "175" : [799.8826078224324, 561.6057975548587, 138.0], "177" : [900.7271607709208, 560.893827699348, 162.0], "179" : [959.1204094081455, 560.2163271233861, 147.0], "181" : [1065.1331678297386, 557.2974882652763, 199.0], "183" : [637.3746279146472, 585.6840806801048, 201.0], "185" : [741.009090504049, 581.7102247481508, 176.0], "187" : [824.2803663517633, 578.8607360661521, 163.0], "189" : [937.3140226282774, 582.764026426726, 164.0], "191" : [937.3140226282774, 582.764026426726, 164.0], "193" : [1024.2640026692682, 587.6260008553436, 200.0], "195" : [1024.2640026692682, 587.6260008553436, 200.0], "197" : [1024.2640026692682, 587.6260008553436, 200.0], "199" : [1055.103011761558, 584.7704813246055, 166.0], "201" : [1091.8320761659832, 585.7572324169192, 159.0], "203" : [653.4048590320816, 611.9548634820844, 144.0], "205" : [766.4506424234277, 610.1512826178126, 156.0], "207" : [812.0144523055865, 610.0046238302236, 173.0], "209" : [964.4529426750152, 618.4748658530834, 187.0], "211" : [1073.302425429213, 618.2640784890061, 206.0], "213" : [1101.2352640435154, 619.6605270389143, 190.0], "215" : [1101.2352640435154, 619.6605270389143, 190.0], "217" : [675.5792687640951, 653.5335376305956, 164.0], "219" : [675.5792687640951, 653.5335376305956, 164.0], "221" : [784.9017531886427, 650.6684229113814, 114.0], "223" : [900.9528659526369, 650.9828032058508, 157.0], "225" : [978.362251270557, 655.1350970062872, 151.0], "227" : [978.362251270557, 655.1350970062872, 151.0], "229" : [1037.4414795087596, 654.7693185232522, 176.0], "231" : [1037.4414795087596, 654.7693185232522, 176.0], "233" : [1070.2246155196465, 653.1615400221873, 130.0], "235" : [1070.2246155196465, 653.1615400221873, 130.0], "237" : [650.6615819146266, 719.3344622688642, 177.0], "239" : [625.7606561275392, 727.345078952659, 122.0], "241" : [780.3019974596272, 727.5653328944512, 150.0], "243" : [814.5407700937, 726.2976915145482, 130.0], "245" : [954.0167941656715, 719.6709913070497, 262.0], "247" : [1067.9040143597886, 721.6638197845026, 199.0], "249" : [1127.9803343748492, 722.507864440139, 178.0], "251" : [680.1600019282872, 759.9057149830387, 70.0], "253" : [680.1600019282872, 759.9057149830387, 70.0], "255" : [691.7491555277771, 760.3186446968296, 118.0], "257" : [691.7491555277771, 760.3186446968296, 118.0], "259" : [827.6294813444839, 748.598267830895, 173.0], "261" : [947.0314712874408, 754.6520312941075, 394.0], "263" : [947.0314712874408, 754.6520312941075, 394.0], "265" : [947.0314712874408, 754.6520312941075, 394.0], "267" : [1019.608619785387, 750.099138683979, 232.0], "269" : [1053.6875012523726, 752.7862498186466, 80.0], "271" : [1053.6875012523726, 752.7862498186466, 80.0], "273" : [1053.6875012523726, 752.7862498186466, 80.0], "275" : [1060.8153841396893, 756.9636760526414, 234.0], "277" : [1060.8153841396893, 756.9636760526414, 234.0], "279" : [550.4330996259333, 789.3676030329519, 142.0], "281" : [550.4330996259333, 789.3676030329519, 142.0], "283" : [623.5733930943029, 793.2339461831763, 218.0], "285" : [623.5733930943029, 793.2339461831763, 218.0], "287" : [771.2161841117673, 784.7988454725482, 173.0], "289" : [771.2161841117673, 784.7988454725482, 173.0],