{"1" : [798.4594023117388, 62.476237917059066, 101.0], "3" : [798.4594023117388, 62.476237917059066, 101.0], "5" : [847.5267659959185, 68.32121543485151, 198.0], "7" : [883.8901398251886, 61.41408156225578, 71.0], "9" : [880.725002538032, 63.70293544066918, 68.0], "11" : [1106.9404230791426, 62.39361838055656, 94.0], "13" : [688.3008966406345, 92.02062998798165, 223.0], "15" : [688.3008966406345, 92.02062998798165, 223.0], "17" : [654.9559987802844, 97.86200191539271, 250.0], "19" : [654.9559987802844, 97.86200191539271, 250.0], "21" : [719.7564777371414, 99.04916913061032, 301.0], "23" : [719.7564777371414, 99.04916913061032, 301.0], "25" : [857.3704280958576, 98.10934241877698, 257.0], "27" : [857.3704280958576, 98.10934241877698, 257.0], "29" : [839.5782987106965, 94.56363751581814, 341.0], "31" : [839.5782987106965, 94.56363751581814, 341.0], "33" : [839.5782987106965, 94.56363751581814, 341.0], "35" : [964.5874444703924, 98.41515303031042, 231.0], "37" : [964.5874444703924, 98.41515303031042, 231.0], "39" : [964.5874444703924, 98.41515303031042, 231.0], "41" : [914.8436658525927, 93.33580810600463, 229.0], "43" : [914.8436658525927, 93.33580810600463, 229.0], "45" : [853.590116009487, 101.34189604381329, 253.0], "47" : [853.590116009487, 101.34189604381329, 253.0], "49" : [986.0591476620814, 102.53292688705419, 328.0], "51" : [986.0591476620814, 102.53292688705419, 328.0], "53" : [754.3016935535379, 121.24915014199502, 295.0], "55" : [824.5004370313455, 127.01645128168585, 231.0], "57" : [824.5004370313455, 127.01645128168585, 231.0], "59" : [925.1175816745272, 126.19597111235369, 273.0], "61" : [925.1175816745272, 126.19597111235369, 273.0], "63" : [925.1175816745272, 126.19597111235369, 273.0], "65" : [861.6611495418264, 121.8237414480552, 139.0], "67" : [1052.4821175491104, 134.13649533867874, 274.0], "69" : [1056.3181374708663, 137.42953081445285, 193.0], "71" : [686.2149394445318, 160.66555768276987, 241.0], "73" : [686.2149394445318, 160.66555768276987, 241.0], "75" : [772.984543354664, 158.5527282922714, 110.0], "77" : [772.984543354664, 158.5527282922714, 110.0], "79" : [831.4996144573248, 165.00231553418973, 259.0], "81" : [831.4996144573248, 165.00231553418973, 259.0], "83" : [972.7345892750869, 163.1797934506202, 292.0], "85" : [972.7345892750869, 163.1797934506202, 292.0], "87" : [920.4032345984942, 150.70097315314266, 309.0], "89" : [920.4032345984942, 150.70097315314266, 309.0], "91" : [1000.8755008435318, 155.77389404005584, 249.0], "93" : [958.4848346238234, 152.13539547872205, 178.0], "95" : [570.9119265231511, 223.71376076870126, 218.0], "97" : [681.8711617640537, 229.28689075235982, 267.0], "99" : [802.3477367291808, 235.62880461960728, 243.0], "101" : [766.801081468407, 223.66289959745015, 186.0], "103" : [866.4776974572301, 232.87769975636522, 278.0], "105" : [863.1160685918082, 231.9678581113347, 56.0], "107" : [964.2981282813715, 239.2887834923063, 214.0], "109" : [964.2981282813715, 239.2887834923063, 214.0], "111" : [935.4057349291587, 232.91559468763404, 436.0], "113" : [960.644119011507, 240.22310530611202, 238.0], "115" : [840.651336975725, 233.08556308004296, 187.0], "117" : [1005.8720638860098, 240.03936365846292, 315.0], "119" : [1089.400403061063, 246.66360073968585, 250.0], "121" : [684.7611101815867, 272.78888839606424, 72.0], "123" : [672.3807306233444, 270.6733955057511, 109.0], "125" : [803.3382349231291, 272.6387276362823, 204.0], "127" : [801.3176457487089, 262.89264519540535, 68.0], "129" : [801.3176457487089, 262.89264519540535, 68.0], "131" : [700.5525641948013, 249.6717970692802, 156.0], "133" : [866.5588232525037, 265.1725479488923, 51.0], "135" : [866.5588232525037, 265.1725479488923, 51.0], "137" : [864.9025528371297, 274.45872407773606, 235.0], "139" : [783.6606925586836, 262.3086684786687, 173.0], "141" : [783.6606925586836, 262.3086684786687, 173.0], "143" : [955.0449371304798, 265.1905080330677, 158.0], "145" : [955.0449371304798, 265.1905080330677, 158.0], "147" : [955.0449371304798, 265.1905080330677, 158.0], "149" : [956.3781854958628, 259.79818312749296, 55.0], "151" : [956.3781854958628, 259.79818312749296, 55.0], "153" : [956.3781854958628, 259.79818312749296, 55.0], "155" : [1043.090178127768, 258.48571622284186, 224.0], "157" : [1043.090178127768, 258.48571622284186, 224.0], "159" : [1043.090178127768, 258.48571622284186, 224.0], "161" : [588.198385790564, 315.01854819924466, 124.0], "163" : [585.8923054760617, 302.1038467534864, 78.0], "165" : [700.7655644934052, 290.16320709493755, 212.0], "167" : [700.7655644934052, 290.16320709493755, 212.0], "169" : [801.3945326492831, 290.59180333741995, 183.0], "171" : [801.3945326492831, 290.59180333741995, 183.0], "173" : [690.1554269838794, 306.0720919539459, 258.0], "175" : [802.1314242694496, 304.98336190538726, 541.0], "177" : [854.3414852383377, 308.66156884235284, 229.0], "179" : [958.3300021928375, 313.7089985821952, 300.0], "181" : [958.3300021928375, 313.7089985821952, 300.0], "183" : [1038.741637262544, 310.0873711308925, 293.0], "185" : [1038.741637262544, 310.0873711308925, 293.0], "187" : [1092.9363639668177, 304.92768516612637, 242.0], "189" : [1118.1142854586572, 305.08392634363423, 112.0], "191" : [691.7195543863535, 348.3832391018218, 179.0], "193" : [691.7195543863535, 348.3832391018218, 179.0], "195" : [705.2614208599562, 336.23908763303007, 197.0], "197" : [705.2614208599562, 336.23908763303007, 197.0], "199" : [688.112814745894, 329.464344976848, 359.0], "201" : [688.112814745894, 329.464344976848, 359.0], "203" : [688.112814745894, 329.464344976848, 359.0], "205" : [694.935568979377, 326.5248334704015, 149.0], "207" : [694.935568979377, 326.5248334704015, 149.0], "209" : [694.935568979377, 326.5248334704015, 149.0], "211" : [740.3320659700478, 324.90217458910587, 184.0], "213" : [740.3320659700478, 324.90217458910587, 184.0], "215" : [666.8017831152075, 322.08214471549707, 224.0], "217" : [778.0649995078447, 333.05681845382617, 220.0], "219" : [778.0649995078447, 333.05681845382617, 220.0], "221" : [778.0649995078447, 333.05681845382617, 220.0], "223" : [960.6956990564937, 336.81129187162094, 186.0], "225" : [877.0219925134477, 332.48900550663643, 291.0], "227" : [877.0219925134477, 332.48900550663643, 291.0], "229" : [877.0219925134477, 332.48900550663643, 291.0], "231" : [1006.238888658429, 338.4269852086652, 126.0], "233" : [980.9202205278771, 338.6720593661573, 272.0], "235" : [612.6886068584572, 404.4721514705392, 79.0], "237" : [612.6886068584572, 404.4721514705392, 79.0], "239" : [651.0243879595095, 403.34780314651, 205.0], "241" : [650.3117624511632, 391.460292124237, 68.0], "243" : [747.710866246252, 388.9137689015501, 276.0], "245" : [836.2536481674529, 399.15364936986253, 233.0], "247" : [938.0316775308654, 394.8093180385607, 161.0], "249" : [881.1456745582545, 391.16922880842026, 208.0], "251" : [1046.3864801906427, 402.4354080275104, 466.0], "253" : [667.3890305659509, 457.0993579455706, 155.0], "255" : [667.3890305659509, 457.0993579455706, 155.0], "257" : [711.1000020716481, 449.23333545109995, 108.0], "259" : [731.5614505749124, 434.9108411316224, 83.0], "261" : [826.1979004669798, 439.60419517037997, 143.0], "263" : [816.9512840398106, 448.52974512688616, 195.0], "265" : [1001.8899989436762, 438.9106056257741, 330.0], "267" : [587.0500039047106, 484.8147046504533, 68.0], "269" : [586.9611560389693, 485.52148717277845, 121.0], "271" : [634.7155389951563, 496.4247757989403, 444.0], "273" : [634.7155389951563, 496.4247757989403, 444.0], "275" : [776.813611820391, 491.0596875574711, 191.0], "277" : [776.813611820391, 491.0596875574711, 191.0], "279" : [743.2579883011725, 498.32830945411865, 219.0], "281" : [743.2579883011725, 498.32830945411865, 219.0], "283" : [888.7869394459086, 486.1628560113312, 245.0], "285" : [826.2787729719475, 487.76703931249216, 179.0], "287" : [826.2787729719475, 487.76703931249216, 179.0], "289" : [826.2787729719475, 487.76703931249216, 179.0],