{"1" : [777.2029036055911, 235.64688605106812, 241.0], "3" : [793.7493074085858, 64.68333366685495, 144.0], "5" : [793.7493074085858, 64.68333366685495, 144.0], "7" : [800.4296984016245, 17.40693467712679, 101.0], "9" : [800.4296984016245, 17.40693467712679, 101.0], "11" : [843.8392303167864, 2.926153725913368, 260.0], "13" : [638.5118348349162, 63.021892971735745, 169.0], "15" : [994.5210996488549, 63.24540916574124, 218.0], "17" : [1028.7828453443617, 60.07254745532845, 204.0], "19" : [798.1251374924664, 59.10335046138804, 179.0], "21" : [798.1251374924664, 59.10335046138804, 179.0], "23" : [662.8049113189296, 61.6490933535088, 387.0], "25" : [662.8049113189296, 61.6490933535088, 387.0], "27" : [837.4181795897006, 63.78817905224121, 110.0], "29" : [991.3610377451846, 64.98571502406259, 154.0], "31" : [1042.2494557255905, 67.01413541056793, 184.0], "33" : [783.3557214392239, 85.81641937078902, 201.0], "35" : [727.8952711730066, 91.72500297674961, 148.0], "37" : [727.8952711730066, 91.72500297674961, 148.0], "39" : [727.8952711730066, 91.72500297674961, 148.0], "41" : [925.9279183820283, 90.4822359695037, 197.0], "43" : [874.9165828385682, 88.4633173580259, 199.0], "45" : [983.1165745146666, 94.55635211551093, 181.0], "47" : [983.1165745146666, 94.55635211551093, 181.0], "49" : [888.5907984118153, 91.18957328555271, 163.0], "51" : [720.1058061498098, 129.6935457106913, 155.0], "53" : [720.1058061498098, 129.6935457106913, 155.0], "55" : [720.1058061498098, 129.6935457106913, 155.0], "57" : [664.9340705247017, 130.18274321217407, 226.0], "59" : [664.9340705247017, 130.18274321217407, 226.0], "61" : [819.3537851567801, 124.90637577253756, 251.0], "63" : [819.3537851567801, 124.90637577253756, 251.0], "65" : [981.4507992361971, 121.50799741281867, 250.0], "67" : [1030.209302944426, 119.93813893002743, 215.0], "69" : [786.2287642035093, 159.48150825552204, 146.0], "71" : [786.2287642035093, 159.48150825552204, 146.0], "73" : [724.8999965729006, 169.83651485864308, 178.0], "75" : [885.5854268988812, 153.20542875623065, 350.0], "77" : [988.19452007409, 147.44986397042393, 365.0], "79" : [1007.5717402127655, 148.73391468207708, 230.0], "81" : [1015.4214261613696, 97.42579940247803, 252.0], "83" : [1015.4214261613696, 97.42579940247803, 252.0], "85" : [758.4324024381922, 131.21340495392064, 179.0], "87" : [758.4324024381922, 131.21340495392064, 179.0], "89" : [671.5116630256083, 248.76833384372827, 60.0], "91" : [658.896729420308, 226.24052298773805, 153.0], "93" : [658.896729420308, 226.24052298773805, 153.0], "95" : [815.3412847084993, 230.99541218073392, 218.0], "97" : [747.6076524359604, 230.2316295760576, 196.0], "99" : [752.9597393400431, 247.21298794073752, 77.0], "101" : [753.987779470703, 248.85444712932792, 90.0], "103" : [683.1526979541402, 251.39170293771028, 241.0], "105" : [771.3514054967754, 250.64648029378552, 142.0], "107" : [771.3514054967754, 250.64648029378552, 142.0], "109" : [866.2664004610308, 250.48960131784978, 125.0], "111" : [867.3467888635901, 245.6298145868532, 218.0], "113" : [828.0199978098315, 249.67231122674283, 65.0], "115" : [1011.3483581801536, 227.99577350385098, 213.0], "117" : [1042.6202630102234, 236.88678346735895, 227.0], "119" : [1084.7422005335939, 264.0435774376462, 218.0], "121" : [939.4320747864903, 279.3311314885482, 212.0], "123" : [718.820000178681, 270.4884578133284, 260.0], "125" : [780.9593009999734, 280.11511443070697, 86.0], "127" : [650.3427209107623, 283.54620178878605, 316.0], "129" : [856.6563785731422, 285.17765905229163, 188.0], "131" : [970.6521920672133, 285.3478018483869, 205.0], "133" : [1039.7458712513117, 275.48348907766865, 218.0], "135" : [813.4983615126812, 312.15409812547995, 183.0], "137" : [750.1919082417631, 320.4104097438766, 173.0], "139" : [900.8463555160193, 321.82187513132305, 192.0], "141" : [745.3362706409861, 317.0366078209053, 295.0], "143" : [901.0813763357147, 318.241298054479, 247.0], "145" : [979.1460912259004, 318.3353129725697, 371.0], "147" : [1020.4250782086531, 317.5345552825917, 327.0], "149" : [1038.3148148219127, 302.7734549797806, 162.0], "151" : [1038.3148148219127, 302.7734549797806, 162.0], "153" : [1025.5755508188975, 321.0807706022281, 364.0], "155" : [746.5508289264515, 399.9584722302507, 301.0], "157" : [718.6903240281832, 407.4645179559348, 62.0], "159" : [841.477698878925, 408.0913660210918, 278.0], "161" : [757.1015015381048, 408.6119999574947, 200.0], "163" : [954.1103461617113, 414.4350583484158, 174.0], "165" : [825.0479716415505, 406.23170660990223, 246.0], "167" : [794.5381735563236, 409.02741871328743, 186.0], "169" : [750.6697925104348, 407.0536460429475, 192.0], "171" : [899.751704811053, 414.57045568107475, 176.0], "173" : [975.7151495697618, 414.1727276379573, 66.0], "175" : [976.7759006353082, 412.7888485169306, 278.0], "177" : [1010.318819335911, 417.19630980871716, 271.0], "179" : [677.620114429528, 437.17873494297504, 174.0], "181" : [644.3651448401107, 438.6721973086449, 241.0], "183" : [626.2259278040443, 435.71975068082224, 162.0], "185" : [752.030980007193, 441.0157573384287, 184.0], "187" : [788.2727255297793, 442.07575580743634, 165.0], "189" : [892.5168732111827, 440.83456718374606, 243.0], "191" : [1023.3331481817244, 446.5382030349156, 178.0], "193" : [812.4764465621304, 471.49955641359145, 225.0], "195" : [730.8634176408667, 473.6971561413393, 246.0], "197" : [922.1842113380571, 479.1495880221962, 361.0], "199" : [922.1842113380571, 479.1495880221962, 361.0], "201" : [1013.2303833428215, 473.3322984232497, 418.0], "203" : [1057.4184417827494, 555.0148931413416, 282.0], "205" : [671.4211310236146, 579.169055707331, 265.0], "207" : [914.5305957515965, 586.4650296993811, 183.0], "209" : [1050.9398843338502, 592.5716775375278, 173.0], "211" : [1050.9398843338502, 592.5716775375278, 173.0], "213" : [1088.2039254311912, 586.7949039705313, 255.0], "215" : [1088.2039254311912, 586.7949039705313, 255.0], "217" : [795.4430223211774, 601.4453514710043, 86.0], "219" : [795.4430223211774, 601.4453514710043, 86.0], "221" : [795.1545475203192, 604.3163628662754, 55.0], "223" : [795.1545475203192, 604.3163628662754, 55.0], "225" : [686.2052388152769, 613.1277518789033, 191.0], "227" : [649.7861128253694, 612.1694459846334, 72.0], "229" : [869.912622400422, 614.2398077398997, 206.0], "231" : [844.4758620846502, 619.6321876523022, 87.0], "233" : [844.4758620846502, 619.6321876523022, 87.0], "235" : [844.4758620846502, 619.6321876523022, 87.0], "237" : [969.1946421128371, 626.6386900808486, 168.0], "239" : [969.1946421128371, 626.6386900808486, 168.0], "241" : [1064.4859325249424, 625.1752875063313, 263.0], "243" : [1064.4859325249424, 625.1752875063313, 263.0], "245" : [754.9930818939921, 662.3503152015645, 159.0], "247" : [754.9930818939921, 662.3503152015645, 159.0], "249" : [692.9590011656342, 653.9795010267561, 200.0], "251" : [692.9590011656342, 653.9795010267561, 200.0], "253" : [842.7010647205955, 657.5819146036305, 94.0], "255" : [842.7010647205955, 657.5819146036305, 94.0], "257" : [842.7010647205955, 657.5819146036305, 94.0], "259" : [971.6455856266826, 646.9357847641793, 204.0], "261" : [1019.0181147791524, 650.2234304411186, 414.0], "263" : [647.1534909974516, 723.4343023563425, 172.0], "265" : [807.651638569497, 726.6436359529039, 275.0], "267" : [846.7711139641287, 736.2066643243197, 90.0], "269" : [846.7711139641287, 736.2066643243197, 90.0], "271" : [1022.5017342391913, 735.4624280743212, 173.0], "273" : [1060.3773215049932, 725.5752566631891, 194.0], "275" : [1060.3773215049932, 725.5752566631891, 194.0], "277" : [1004.4853682358131, 719.9835372474672, 164.0], "279" : [734.5801204316986, 758.7783127403634, 166.0], "281" : [734.5801204316986, 758.7783127403634, 166.0], "283" : [734.5801204316986, 758.7783127403634, 166.0], "285" : [696.9130817705122, 762.0700923930673, 107.0], "287" : [696.9130817705122, 762.0700923930673, 107.0], "289" : [810.2811999631668, 761.6035986477054, 250.0],