{"1" : [718.125000932145, 146.10000051856576, 52.0], "3" : [718.125000932145, 146.10000051856576, 52.0], "5" : [693.7636950322626, 107.76688027544876, 157.0], "7" : [633.8334864520434, 104.8823257498124, 215.0], "9" : [699.3811124166455, 102.83777632684692, 180.0], "11" : [699.3811124166455, 102.83777632684692, 180.0], "13" : [638.7589431987947, 96.1841480054045, 246.0], "15" : [638.7589431987947, 96.1841480054045, 246.0], "17" : [774.6837435918827, 101.30246199211456, 203.0], "19" : [774.6837435918827, 101.30246199211456, 203.0], "21" : [774.6837435918827, 101.30246199211456, 203.0], "23" : [848.7716971110084, 106.1173554027347, 265.0], "25" : [788.3868408776876, 102.41315577214291, 304.0], "27" : [788.3868408776876, 102.41315577214291, 304.0], "29" : [893.276877283551, 106.97874821570193, 160.0], "31" : [958.2135144173342, 110.40973481405807, 185.0], "33" : [1004.4763635828468, 117.82727462779775, 275.0], "35" : [678.7017992022331, 124.48323564103849, 167.0], "37" : [678.7017992022331, 124.48323564103849, 167.0], "39" : [754.0418466327357, 126.80489325305994, 184.0], "41" : [754.0418466327357, 126.80489325305994, 184.0], "43" : [710.4475996262637, 117.8721178783745, 208.0], "45" : [710.4475996262637, 117.8721178783745, 208.0], "47" : [811.0322223123176, 124.1366681808226, 90.0], "49" : [812.7299990778399, 126.06000323343838, 110.0], "51" : [812.7299990778399, 126.06000323343838, 110.0], "53" : [845.765320599319, 124.49832076820353, 297.0], "55" : [845.765320599319, 124.49832076820353, 297.0], "57" : [830.8742984575883, 121.04457821202453, 249.0], "59" : [936.8833345744769, 121.25872893950422, 126.0], "61" : [1004.1016962832689, 127.44971726218672, 177.0], "63" : [1004.1016962832689, 127.44971726218672, 177.0], "65" : [965.1601236060251, 114.98164671052692, 158.0], "67" : [965.1601236060251, 114.98164671052692, 158.0], "69" : [670.3021897840248, 122.34233966654783, 137.0], "71" : [631.7575634602673, 134.8105034279422, 238.0], "73" : [677.0646783416062, 136.1880593909633, 201.0], "75" : [725.2284873468933, 136.44127771744553, 172.0], "77" : [682.7716909904568, 145.35250860033742, 219.0], "79" : [753.8404589707992, 153.75267064756702, 131.0], "81" : [822.8577446456035, 155.60000224199726, 71.0], "83" : [892.668118182333, 154.34057761908767, 138.0], "85" : [883.7172569449216, 158.32392370268735, 255.0], "87" : [883.7172569449216, 158.32392370268735, 255.0], "89" : [956.4886083660616, 164.77278176299475, 158.0], "91" : [956.4886083660616, 164.77278176299475, 158.0], "93" : [1029.1530514402652, 168.55915412849666, 213.0], "95" : [1029.1530514402652, 168.55915412849666, 213.0], "97" : [1006.1257576144792, 169.98333250617412, 66.0], "99" : [687.2982895554987, 193.93082491107407, 292.0], "101" : [669.6520197833645, 186.9505039100712, 198.0], "103" : [809.3666657917587, 189.2953694924403, 108.0], "105" : [876.917645231415, 189.09495668329373, 119.0], "107" : [837.3982126263872, 195.31666813663307, 168.0], "109" : [934.217243546522, 191.08103532880764, 58.0], "111" : [902.4146853251418, 192.65174867372386, 143.0], "113" : [899.1950821395023, 189.13934580222133, 61.0], "115" : [975.5912292685127, 193.5491244668469, 57.0], "117" : [987.3733333847744, 198.8027791499398, 180.0], "119" : [636.103278494864, 229.8262268908292, 61.0], "121" : [635.6008665455876, 230.99043258822817, 115.0], "123" : [602.1542848657963, 238.3719041507254, 210.0], "125" : [664.0666670942437, 238.33391570406647, 171.0], "127" : [664.0666670942437, 238.33391570406647, 171.0], "129" : [715.3546782814907, 243.26330950436437, 139.0], "131" : [799.7855182785362, 249.33258168135626, 221.0], "133" : [740.8580927469745, 247.09000217010006, 210.0], "135" : [759.3911960837507, 254.22452607383613, 159.0], "137" : [783.9412853682832, 255.46880787001115, 109.0], "139" : [940.7464767327515, 255.5478885447733, 71.0], "141" : [943.8179670602887, 257.25546922273645, 128.0], "143" : [943.8179670602887, 257.25546922273645, 128.0], "145" : [1016.4911847404991, 259.94559518492696, 261.0], "147" : [1016.4911847404991, 259.94559518492696, 261.0], "149" : [994.9165263600588, 257.534712462408, 121.0], "151" : [994.9165263600588, 257.534712462408, 121.0], "153" : [994.9165263600588, 257.534712462408, 121.0], "155" : [1045.335119639883, 253.83214347846317, 168.0], "157" : [1045.335119639883, 253.83214347846317, 168.0], "159" : [1085.8479199240728, 254.3083330521558, 96.0], "161" : [634.8904998347895, 286.15299661646543, 200.0], "163" : [725.2921329071074, 290.45280808613694, 178.0], "165" : [725.2921329071074, 290.45280808613694, 178.0], "167" : [692.8047633511708, 298.0732127578308, 168.0], "169" : [692.8047633511708, 298.0732127578308, 168.0], "171" : [739.034212624554, 299.75526665054986, 76.0], "173" : [739.034212624554, 299.75526665054986, 76.0], "175" : [739.034212624554, 299.75526665054986, 76.0], "177" : [812.3106758532687, 303.8769659608316, 178.0], "179" : [901.9902460552405, 304.00569031084046, 246.0], "181" : [1007.9753134787414, 298.66719232907366, 320.0], "183" : [1007.9753134787414, 298.66719232907366, 320.0], "185" : [1007.9753134787414, 298.66719232907366, 320.0], "187" : [1057.80789482431, 307.2440764243689, 152.0], "189" : [996.3411034379936, 304.063190134285, 163.0], "191" : [653.9718950302411, 318.7699341725271, 153.0], "193" : [614.9820691144274, 325.85597767284696, 184.0], "195" : [614.9820691144274, 325.85597767284696, 184.0], "197" : [724.7120672531244, 310.8478446310797, 232.0], "199" : [798.4275256428613, 317.15320940732073, 109.0], "201" : [937.5180194162061, 328.9495499114613, 111.0], "203" : [937.5180194162061, 328.9495499114613, 111.0], "205" : [1029.544067448236, 326.2271156978782, 59.0], "207" : [1029.544067448236, 326.2271156978782, 59.0], "209" : [1028.9504076168366, 324.5991859352217, 123.0], "211" : [1028.9504076168366, 324.5991859352217, 123.0], "213" : [1101.5355917620323, 326.3898302867453, 59.0], "215" : [1101.632379713498, 330.85904934014843, 105.0], "217" : [728.4751427371629, 359.76723136445963, 177.0], "219" : [690.5514154118531, 360.20518936350504, 212.0], "221" : [690.5514154118531, 360.20518936350504, 212.0], "223" : [753.1335418876602, 360.7322889197669, 319.0], "225" : [753.1335418876602, 360.7322889197669, 319.0], "227" : [805.3057395187352, 354.5278684566876, 122.0], "229" : [805.3057395187352, 354.5278684566876, 122.0], "231" : [713.7381662980688, 353.1434780200719, 207.0], "233" : [713.7381662980688, 353.1434780200719, 207.0], "235" : [740.7768673281598, 352.59477345990615, 134.0], "237" : [816.8986717633608, 351.49767066807294, 301.0], "239" : [788.7931189225387, 351.63898904109453, 218.0], "241" : [917.7845476927936, 353.44806811208593, 233.0], "243" : [990.7158398307147, 353.08960420888485, 202.0], "245" : [969.0869544044663, 352.73477943881653, 92.0], "247" : [969.0869544044663, 352.73477943881653, 92.0], "249" : [648.5924709176679, 408.7928864896661, 239.0], "251" : [597.2603957988109, 417.0084176436936, 202.0], "253" : [646.2217422432303, 419.5309798267592, 184.0], "255" : [719.1509421924627, 424.50943681322326, 53.0], "257" : [719.1509421924627, 424.50943681322326, 53.0], "259" : [725.2808057129101, 426.20354161133673, 198.0], "261" : [725.2808057129101, 426.20354161133673, 198.0], "263" : [725.2808057129101, 426.20354161133673, 198.0], "265" : [784.3214644137863, 418.8649224595398, 191.0], "267" : [704.9640135941687, 422.09550169907396, 289.0], "269" : [704.9640135941687, 422.09550169907396, 289.0], "271" : [791.5921947792651, 416.284880390175, 205.0], "273" : [818.5419802956085, 414.3202831031019, 212.0], "275" : [889.3651242683377, 412.34585563416965, 519.0], "277" : [886.0428572411618, 408.68730077679066, 63.0], "279" : [946.6014174094199, 411.88820744207186, 212.0], "281" : [1032.8150364738804, 419.80601592266476, 133.0], "283" : [1057.877167706311, 418.9440960303557, 127.0], "285" : [1077.1812524356405, 419.26145871660515, 192.0], "287" : [674.3259275160058, 450.53518512276537, 54.0], "289" : [1043.7641785109902, 413.80895399622574, 134.0],