{"1" : [908.3, 453.0, 373.9288385898695], "3" : [909.2, 449.6, 31.928838589869507], "5" : [991.2, 510.9, 177.9288385898695], "7" : [993.4, 510.6, 31.928838589869507], "9" : [1017.9, 443.9, 184.9288385898695], "11" : [956.5, 539.7, 681.9288385898695], "13" : [964.5, 517.4, 33.92883858986951], "15" : [835.2, 465.0, 173.9288385898695], "17" : [836.7, 465.2, 19.928838589869507], "19" : [813.8, 466.2, 85.92883858986951], "21" : [815.6, 482.4, 165.9288385898695], "23" : [754.6, 461.2, 192.9288385898695], "25" : [751.2, 463.5, 27.928838589869507], "27" : [803.8, 466.1, 56.92883858986951], "29" : [803.1, 467.1, 33.92883858986951], "31" : [873.9, 469.4, 153.9288385898695], "33" : [869.8, 471.0, 23.928838589869507], "35" : [944.5, 468.2, 324.9288385898695], "37" : [944.4, 469.4, 23.928838589869507], "39" : [1017.8, 470.2, 217.9288385898695], "41" : [1021.7, 471.2, 30.928838589869507], "43" : [1097.1, 473.2, 154.9288385898695], "45" : [1097.5, 473.3, 26.928838589869507], "47" : [1142.6, 474.4, 375.9288385898695], "49" : [1148.8, 479.1, 20.928838589869507], "51" : [1122.4, 481.1, 290.9288385898695], "53" : [1121.4, 482.0, 220.9288385898695], "55" : [1141.7, 465.1, 260.9288385898695], "57" : [1134.0, 458.5, 6.928838589869507], "59" : [1137.4, 469.6, 413.9288385898695], "61" : [1139.7, 473.0, 16.928838589869507], "63" : [1153.1, 470.7, 310.9288385898695], "65" : [1155.4, 473.0, 21.928838589869507], "67" : [1123.0, 466.1, 402.9288385898695], "69" : [1125.0, 467.8, 24.928838589869507], "71" : [1159.4, 471.4, 93.92883858986951], "73" : [1161.4, 478.6, 210.9288385898695], "75" : [1165.9, 497.3, 139.9288385898695], "77" : [1168.7, 498.9, 15.928838589869509], "79" : [1158.7, 479.5, 139.9288385898695], "81" : [1161.6, 478.5, 209.9288385898695], "83" : [1147.5, 475.3, 375.9288385898695], "85" : [1148.9, 480.7, 182.9288385898695], "87" : [1025.3, 579.3, 136.9288385898695], "89" : [1022.8, 583.0, 23.928838589869507], "91" : [973.7, 603.2, 276.9288385898695], "93" : [985.9, 599.0, 28.928838589869507]}