{"1" : [893.9, 545.9, 21.102455208882954], "3" : [965.3, 547.1, 203.10245520888296], "5" : [961.9, 554.0, 18.102455208882954], "7" : [988.7, 549.7, 355.10245520888293], "9" : [982.0, 551.8, 28.102455208882954], "11" : [1076.4, 543.0, 396.10245520888293], "13" : [1078.9, 550.0, 20.102455208882954], "15" : [1125.3, 553.2, 203.10245520888296], "17" : [1126.4, 558.6, 10.102455208882956], "19" : [1148.4, 561.7, 180.10245520888296], "21" : [1148.2, 564.2, 18.102455208882954], "23" : [1098.7, 555.4, 182.10245520888296], "25" : [1096.9, 555.5, 19.102455208882954], "27" : [1178.7, 553.4, 397.10245520888293], "29" : [1177.7, 553.6, 13.102455208882956], "31" : [1223.6, 548.1, 124.10245520888296], "33" : [1221.5, 553.1, 17.102455208882954], "35" : [1258.8, 554.1, 107.10245520888296], "37" : [947.9, 528.1, 618.1024552088829], "39" : [952.6, 522.6, 48.10245520888296]}