{"1" : [1200.0, 536.1, 20.29412254521475], "3" : [1271.9, 533.5, 218.29412254521475], "5" : [1270.7, 533.1, 29.29412254521475], "7" : [1061.4, 518.2, 391.29412254521475], "9" : [1064.6, 514.8, 24.29412254521475], "11" : [1191.3, 517.1, 232.29412254521475], "13" : [1188.6, 513.6, 47.294122545214755], "15" : [759.1, 515.7, 240.29412254521475], "17" : [762.2, 515.0, 21.29412254521475], "19" : [683.1, 517.9, 287.29412254521475], "21" : [681.6, 514.6, 15.294122545214751], "23" : [627.6, 518.5, 169.29412254521475], "25" : [623.7, 518.0, 190.29412254521475], "27" : [709.1, 513.2, 118.29412254521475], "29" : [958.8, 533.9, 581.2941225452148], "31" : [956.8, 535.9, 30.29412254521475], "33" : [765.7, 524.0, 267.29412254521475], "35" : [768.6, 527.2, 13.294122545214751], "37" : [809.1, 528.1, 149.29412254521475], "39" : [812.0, 526.5, 16.29412254521475], "41" : [874.3, 528.7, 113.29412254521475]}