{"1" : [914.7, 405.5, 20.01503696720058], "3" : [985.4, 429.0, 65.01503696720057], "5" : [986.4, 429.2, 34.01503696720058], "7" : [909.2, 471.3, 177.0150369672006], "9" : [905.3, 475.1, 11.015036967200578], "11" : [881.7, 482.4, 333.01503696720056], "13" : [881.8, 493.9, 27.01503696720058], "15" : [876.5, 557.2, 398.01503696720056], "17" : [875.2, 562.6, 14.015036967200578], "19" : [846.5, 558.3, 235.0150369672006], "21" : [847.4, 558.5, 23.01503696720058], "23" : [891.5, 637.7, 338.01503696720056], "25" : [888.8, 637.9, 137.0150369672006], "27" : [638.3, 2076.6, 87.01503696720057], "29" : [654.3, 2056.7, 556.0150369672006], "31" : [898.9, 529.1, 123.01503696720057], "33" : [899.6, 533.5, 25.01503696720058], "35" : [852.0, 499.9, 168.0150369672006], "37" : [853.0, 496.9, 18.01503696720058], "39" : [831.3, 538.9, 75.01503696720057], "41" : [828.9, 537.3, 349.01503696720056], "43" : [969.7, 528.2, 559.0150369672006], "45" : [976.1, 524.2, 26.01503696720058], "47" : [947.0, 378.6, 167.0150369672006], "49" : [950.2, 378.5, 21.01503696720058]}