{"1" : [964.7, 546.4, 344.1536663950626], "3" : [970.1, 549.8, 35.15366639506262], "5" : [812.1, 456.2, 229.15366639506263], "7" : [806.7, 445.1, 24.153666395062626], "9" : [917.4, 439.5, 264.1536663950626], "11" : [921.2, 435.1, 27.153666395062626], "13" : [1089.9, 447.1, 543.1536663950626], "15" : [1100.3, 453.4, 38.15366639506262], "17" : [840.6, 452.1, 475.1536663950626], "19" : [840.2, 462.0, 24.153666395062626], "21" : [943.8, 480.2, 155.15366639506263], "23" : [840.2, 462.0, 25.153666395062626], "25" : [953.7, 471.6, 55.15366639506262], "27" : [840.2, 462.0, 30.153666395062626], "29" : [955.0, 474.7, 74.15366639506263], "31" : [951.8, 477.1, 13.153666395062626], "33" : [917.4, 486.0, 95.15366639506263], "35" : [917.1, 484.0, 22.153666395062626], "37" : [950.8, 539.8, 103.15366639506263], "39" : [955.9, 554.0, 866.1536663950626], "41" : [1159.8, 471.3, 172.15366639506263], "43" : [1159.6, 470.2, 23.153666395062626], "45" : [1076.5, 460.5, 309.1536663950626], "47" : [1079.7, 451.5, 25.153666395062626], "49" : [987.0, 540.3, 292.1536663950626], "51" : [991.2, 538.9, 13.153666395062626], "53" : [966.3, 527.5, 134.15366639506263], "55" : [967.0, 529.9, 26.153666395062626], "57" : [826.8, 464.3, 335.1536663950626], "59" : [830.9, 467.9, 25.153666395062626], "61" : [948.9, 464.9, 64.15366639506263]}