{"1": [28.1, 381.8, 113.0], "2": [74.31083477781506, 385.3995096501877, 243.0], "3": [113.16792582229162, 386.8039828204701, 137.0], "4": [175.43290303813967, 379.3134592456312, 294.0], "5": [218.97157131689053, 381.65424786276833, 237.0], "6": [263.44655504249624, 383.0587210330506, 156.0], "7": [331.7975826629008, 380.7179324159135, 241.0], "8": [385.16756313362765, 381.65424786276833, 247.0], "9": [471.776741967702, 385.3995096501877, 375.0], "10": [506.4204135013317, 381.1860901393409, 350.0]}