{"1": [724.9016128999999, 151.0, 124.0], "2": [794.0125926, 151.0, 108.0], "3": [888.8040741000001, 188.0, 108.0], "4": [739.0462667, 188.0, 300.0], "5": [897.3295238, 188.0, 168.0], "6": [892.8, 188.0, 104.0], "7": [857.0428889000001, 224.0, 180.0], "8": [743.7805455, 224.0, 220.0], "9": [730.7020512999999, 224.0, 156.0], "10": [785.56975, 224.0, 160.0], "11": [780.6445832999999, 224.0, 192.0], "12": [778.4311765, 224.0, 136.0], "13": [768.6781481, 224.0, 108.0], "14": [942.3284615, 224.0, 104.0], "15": [770.757, 278.0, 120.0], "16": [791.9568260418544, 315.4079221956781, 120.0], "17": [857.7378571, 314.0, 112.0], "18": [1000.787609, 278.0, 184.0], "19": [1088.5275, 278.0, 112.0], "20": [1124.747857, 278.0, 224.0], "21": [732.0351515, 278.0, 132.0], "22": [733.8846667, 278.0, 120.0], "23": [812.7186207000001, 278.0, 116.0], "24": [847.6459375, 314.0, 256.0], "25": [917.0436364, 314.0, 176.0], "26": [820.8531111000001, 351.0, 180.0], "27": [781.8418518999999, 351.0, 108.0], "28": [839.5574359, 351.0, 156.0], "29": [868.6504877999998, 351.0, 164.0], "30": [781.2558824, 387.0, 204.0], "31": [847.2751063999999, 387.0, 188.0], "32": [845.6839623, 423.0, 212.0], "33": [914.6136364, 423.0, 132.0], "34": [829.8138888999999, 423.0, 144.0], "35": [799.4853333, 514.0, 180.0], "36": [962.2405556, 514.0, 288.0], "37": [940.7029787, 514.0, 188.0], "38": [986.92425, 514.0, 160.0], "39": [985.3169231, 514.0, 104.0], "40": [1017.19, 514.0, 104.0], "41": [955.8377777999999, 514.0, 108.0], "42": [964.9961765, 514.0, 136.0], "43": [992.8660714, 514.0, 112.0], "44": [795.2577357999999, 550.0, 212.0], "45": [923.1377193, 550.0, 228.0], "46": [898.41, 550.0, 132.0], "47": [895.9568571000001, 550.0, 140.0], "48": [1024.902778, 550.0, 216.0], "49": [843.5894914999999, 550.0, 236.0], "50": [924.1146667000002, 550.0, 120.0], "51": [995.4107692, 550.0, 104.0], "52": [1031.862692, 550.0, 104.0], "53": [1008.6789470000001, 550.0, 152.0], "54": [1006.551702, 550.0, 188.0], "55": [1154.476585, 550.0, 164.0], "56": [1115.6691230000001, 550.0, 228.0], "57": [1164.9306, 550.0, 200.0], "58": [1095.5605, 550.0, 160.0], "59": [1095.5605, 550.0, 160.0], "60": [1020.7722640000001, 550.0, 212.0], "61": [1020.7722640000001, 550.0, 212.0], "62": [1024.1677140000002, 550.0, 140.0], "63": [1077.132273, 550.0, 176.0], "64": [1147.455054, 550.0, 372.0], "65": [1114.656071, 550.0, 112.0], "66": [1178.403226, 550.0, 124.0], "67": [1181.153143, 550.0, 140.0], "68": [904.5089362, 550.0, 188.0], "69": [870.9071052999999, 550.0, 152.0], "70": [1156.775753, 550.0, 292.0], "71": [1199.125833, 550.0, 192.0], "72": [867.6124638, 586.0, 276.0], "73": [821.4666667, 586.0, 108.0], "74": [926.1723214, 586.0, 224.0], "75": [907.0921429, 586.0, 224.0], "76": [978.6913793, 586.0, 116.0], "77": [1075.368, 586.0, 120.0], "78": [1050.427037, 586.0, 108.0], "79": [1046.04963, 586.0, 108.0], "80": [1101.905319, 586.0, 188.0], "81": [1073.8584720000001, 586.0, 288.0], "82": [779.3481579, 623.0, 152.0], "83": [779.3481579, 623.0, 152.0], "84": [792.0957831000001, 623.0, 332.0], "85": [1074.77697, 586.0, 132.0], "86": [788.1897673999999, 623.0, 172.0], "87": [982.3086957, 550.0, 184.0], "88": [859.6084615, 586.0, 104.0], "89": [929.8209091, 586.0, 132.0], "90": [988.1860606, 586.0, 132.0], "91": [1068.2127269999999, 586.0, 176.0], "92": [1032.405208, 586.0, 192.0], "93": [1078.814773, 586.0, 176.0], "94": [1072.865, 586.0, 224.0], "95": [863.1537931, 586.0, 116.0], "96": [933.5751765000001, 586.0, 340.0], "97": [1067.686832, 586.0, 404.0], "98": [826.087, 586.0, 160.0], "99": [795.9713636, 623.0, 176.0], "100": [851.655, 659.0, 216.0], "101": [902.1818182, 659.0, 220.0], "102": [1076.554333, 659.0, 120.0], "103": [1123.631538, 659.0, 208.0], "104": [1147.698293, 659.0, 164.0], "105": [1213.3662160000001, 659.0, 148.0], "106": [1090.6439289999998, 659.0, 112.0], "107": [894.8067347000001, 659.0, 196.0], "108": [937.7643636, 659.0, 220.0], "109": [1151.7325, 659.0, 192.0], "110": [1221.365385, 659.0, 156.0], "111": [785.497561, 731.0, 164.0], "112": [876.2446428999999, 731.0, 112.0], "113": [940.6662744999999, 731.0, 204.0], "114": [755.6898592, 822.0, 284.0], "115": [813.0396969999999, 822.0, 132.0], "116": [881.4087324, 822.0, 284.0], "117": [881.4087324, 822.0, 284.0], "118": [856.7121622000002, 822.0, 148.0], "119": [998.1208, 822.0, 200.0], "120": [1004.085, 822.0, 104.0], "121": [1054.466479, 822.0, 284.0], "122": [815.4014894, 857.5, 188.0], "123": [790.9491892000001, 857.5, 148.0], "124": [860.3085185000001, 857.5, 108.0], "125": [921.0145282999999, 857.5, 212.0], "126": [960.0359091, 857.5, 176.0], "127": [1052.524533, 857.5, 300.0], "128": [1053.641538, 857.5, 104.0], "129": [1127.1681820000001, 857.5, 132.0], "130": [1196.201538, 857.5, 104.0], "131": [885.1364286, 857.5, 168.0], "132": [880.2927027000001, 857.5, 148.0], "133": [789.6711765, 895.0, 204.0], "134": [868.0091428999999, 895.0, 140.0], "135": [920.5358823999999, 895.0, 136.0], "136": [805.2998462, 895.0, 260.0], "137": [790.4884375, 895.0, 128.0], "138": [856.587381, 895.0, 168.0]}