{"1": [781.7057692000001, 151.0, 104.0], "2": [781.3506667, 151.0, 120.0], "3": [793.0724292960347, 152.93643412503764, 656.0], "4": [749.5475294, 151.0, 340.0], "5": [743.2450550151741, 152.93643412503764, 268.0], "6": [742.5527869, 151.0, 244.0], "7": [750.0572727000001, 151.0, 308.0], "8": [734.1855324186542, 150.9951078543549, 104.0], "9": [742.3252991, 151.0, 468.0], "10": [796.2829687999999, 151.0, 256.0], "11": [748.4219250703288, 150.9951078543549, 236.0], "12": [809.8745097999999, 151.0, 204.0], "13": [837.517377, 151.0, 244.0], "14": [820.7323256, 151.0, 172.0], "15": [904.9934615, 151.0, 104.0], "16": [912.6314706000001, 151.0, 136.0], "17": [809.4414706, 188.0, 136.0], "18": [808.7636842000001, 188.0, 152.0], "19": [746.4805987996458, 183.99765445596387, 112.0], "20": [797.602190594295, 185.93898072664672, 240.0], "21": [761.3192941000001, 188.0, 340.0], "22": [767.0522222, 188.0, 144.0], "23": [767.0522222, 188.0, 144.0], "24": [802.1319518925551, 187.23319824043534, 332.0], "25": [747.1277075565401, 186.586089483541, 332.0], "26": [749.9868421, 188.0, 304.0], "27": [824.6536232000001, 188.0, 276.0], "28": [919.8935483999999, 188.0, 124.0], "29": [914.8325424000001, 188.0, 236.0], "30": [805.3674956770265, 187.88030699732963, 224.0], "31": [833.9611111, 188.0, 180.0], "32": [753.5987951254831, 187.23319824043534, 208.0], "33": [765.8855768999999, 188.0, 208.0], "34": [895.3430768999999, 188.0, 156.0], "35": [894.3036364, 188.0, 176.0], "36": [898.8560377, 188.0, 212.0], "37": [799.4222222, 188.0, 108.0], "38": [792.4346429, 188.0, 112.0], "39": [910.0522222000001, 188.0, 144.0], "40": [754.3474194, 224.0, 124.0], "41": [824.8274194, 224.0, 124.0], "42": [771.2848837, 224.0, 172.0], "43": [806.2136364, 224.0, 132.0], "44": [936.5075609999999, 224.0, 164.0], "45": [754.2459038823774, 274.59288042116486, 236.0], "46": [831.995, 278.0, 192.0], "47": [909.6707921, 278.0, 404.0], "48": [793.1471212, 278.0, 264.0], "49": [865.3755172, 278.0, 232.0], "50": [912.5460465, 278.0, 172.0], "51": [952.7375509999999, 278.0, 196.0], "52": [921.0572093000001, 278.0, 172.0], "53": [929.5620587999999, 278.0, 136.0], "54": [929.5620587999999, 278.0, 136.0], "55": [1010.003548, 278.0, 124.0], "56": [779.1676923, 314.0, 104.0], "57": [826.2466038, 314.0, 212.0], "58": [834.478125, 314.0, 128.0], "59": [838.2418918999999, 314.0, 148.0], "60": [826.7933333, 314.0, 180.0], "61": [784.6600154564092, 310.8309708072453, 188.0], "62": [826.1714, 314.0, 200.0], "63": [849.5206061000001, 314.0, 132.0], "64": [935.3078125, 314.0, 128.0], "65": [935.3078125, 314.0, 128.0], "66": [909.5520055370077, 310.8309708072453, 224.0], "67": [913.8464286000001, 314.0, 224.0], "68": [882.9521875, 314.0, 128.0], "69": [825.59, 314.0, 184.0], "70": [919.0266667000001, 314.0, 264.0], "71": [927.0239419731536, 311.4780795641396, 140.0], "72": [943.2016608955109, 308.2425357796681, 308.0], "73": [908.9048967801134, 305.00699199519664, 212.0], "74": [928.3181594869422, 311.4780795641396, 128.0], "75": [831.1060714, 351.0, 112.0], "76": [860.7450943, 351.0, 212.0], "77": [771.0108, 387.0, 200.0], "78": [844.3189286, 387.0, 112.0], "79": [863.4643478, 387.0, 276.0], "80": [950.8007407, 387.0, 108.0], "81": [932.8479207852023, 384.6013690931947, 124.0], "82": [930.259485757625, 386.54269536387756, 188.0], "83": [802.993125, 423.0, 192.0], "84": [861.3995122000001, 423.0, 164.0], "85": [947.8445588, 423.0, 272.0], "86": [964.9531034, 423.0, 116.0], "87": [778.8360366443608, 417.60391569480385, 136.0], "88": [768.8955882, 514.0, 136.0], "89": [767.1282759, 514.0, 116.0], "90": [767.1282759, 514.0, 116.0], "91": [838.727963, 514.0, 216.0], "92": [767.6871111, 514.0, 180.0], "93": [767.6871111, 514.0, 180.0], "94": [855.4330769, 514.0, 156.0], "95": [893.8841935, 514.0, 124.0], "96": [848.0766736320502, 545.0843408029796, 128.0], "97": [878.2602222, 550.0, 360.0], "98": [808.8753125, 623.0, 128.0], "99": [796.675, 623.0, 216.0], "100": [802.7229545, 623.0, 176.0], "101": [901.8932394, 659.0, 284.0], "102": [969.0241026000001, 659.0, 156.0], "103": [976.2762319, 659.0, 276.0], "104": [1032.599767, 659.0, 172.0], "105": [1086.2275439999999, 659.0, 228.0], "106": [802.1319518925554, 729.510336517853, 496.0], "107": [802.6558621, 731.0, 232.0], "108": [819.1365625, 731.0, 128.0], "109": [880.3516923000001, 731.0, 260.0], "110": [960.0721053, 731.0, 228.0], "111": [1015.0307329107779, 727.56901024717, 216.0], "112": [982.6752950660633, 728.8632277609586, 336.0], "113": [978.1455337678033, 726.2747927333814, 260.0], "114": [808.6030394614986, 816.8700186985823, 260.0], "115": [814.4270182735472, 819.4584537261595, 184.0], "116": [800.1906256218729, 818.164236212371, 204.0], "117": [797.6021905942956, 821.3997799968424, 140.0], "118": [794.3666468098241, 818.8113449692653, 192.0], "119": [819.1720339, 822.0, 236.0], "120": [873.3139151509279, 822.693997510631, 116.0], "121": [923.2767857000001, 822.0, 224.0], "122": [867.4899363388793, 819.4584537261595, 244.0], "123": [818.0018868, 822.0, 212.0], "124": [878.8872972999999, 822.0, 296.0], "125": [918.6115281335283, 817.5171274554766, 296.0], "126": [1008.9064289999999, 822.0, 224.0], "127": [1041.474561, 822.0, 228.0], "128": [1111.0705130000001, 822.0, 156.0], "129": [1121.509348, 822.0, 184.0], "130": [1124.278857, 822.0, 140.0], "131": [1132.8045266655392, 852.4610003277685, 132.0], "132": [1183.324231, 857.0, 104.0], "133": [1055.417576, 857.0, 132.0], "134": [1052.602857, 857.0, 112.0], "135": [1018.561042, 857.0, 192.0], "136": [1074.265854, 857.0, 164.0], "137": [959.3086486, 857.0, 148.0], "138": [1050.8939619999999, 857.0, 212.0], "139": [1125.028769, 857.0, 260.0], "140": [1191.69142354292, 855.0494353553456, 180.0], "141": [1204.373333, 857.0, 180.0], "142": [1189.7500972722369, 850.5196740570856, 132.0], "143": [828.8565116000001, 895.0, 172.0], "144": [828.8565116000001, 895.0, 172.0], "145": [895.3938462000001, 895.0, 208.0], "146": [937.0182857000001, 895.0, 140.0], "147": [872.0196976371393, 278.0, 240.0]}