{"0": [699.9848276, 151.0, 116.0], "1": [779.4396296, 151.0, 108.0], "2": [744.28, 188.0, 184.0], "3": [888.9828947000001, 224.0, 152.0], "4": [852.5420588, 224.0, 136.0], "5": [901.4272413999998, 188.0, 116.0], "6": [750.3585455, 224.0, 220.0], "7": [723.7448276, 188.0, 116.0], "8": [699.5557692000001, 151.0, 104.0], "9": [791.787027, 188.0, 148.0], "10": [802.8814583, 151.0, 192.0], "11": [755.99, 188.0, 156.0], "12": [818.4001695000001, 188.0, 236.0], "13": [744.5935294, 224.0, 136.0], "14": [894.3611110999999, 314.0, 144.0], "15": [894.3611110999999, 314.0, 144.0], "16": [1013.5857689999999, 278.0, 104.0], "17": [826.15275, 351.0, 160.0], "18": [803.640303, 351.0, 132.0], "19": [869.8743478, 351.0, 184.0], "20": [883.2661765, 387.0, 136.0], "21": [933.0188234999999, 387.0, 136.0], "22": [931.7390625, 423.0, 128.0], "23": [931.7390625, 423.0, 128.0], "24": [800.6975, 278.0, 128.0], "25": [779.0548571, 514.0, 140.0], "26": [744.2664865, 514.0, 148.0], "27": [834.5954545, 514.0, 132.0], "28": [850.0877777999999, 550.0, 108.0], "29": [953.7478787999999, 514.0, 132.0], "30": [837.8107272999999, 514.0, 220.0], "31": [798.755, 550.0, 208.0], "32": [885.9777193, 550.0, 228.0], "33": [951.8025, 550.0, 224.0], "34": [1017.568485, 550.0, 132.0], "35": [1046.6017140000001, 550.0, 140.0], "36": [1137.082195, 550.0, 164.0], "37": [1195.8426755997864, 549.6316862515791, 104.0], "38": [1177.045745, 550.0, 188.0], "39": [858.052, 586.0, 160.0], "40": [854.4845832999998, 586.0, 192.0], "41": [906.2447917000002, 586.0, 192.0], "42": [1061.535763, 586.0, 236.0], "43": [861.3651786, 659.0, 224.0], "44": [913.0507142999999, 659.0, 168.0], "45": [1058.496731, 659.0, 208.0], "46": [1055.855366, 659.0, 164.0], "47": [1211.453636, 659.0, 352.0], "48": [808.5742857000001, 822.0, 140.0], "49": [818.8824242000001, 857.5, 132.0], "50": [816.098125, 895.0, 128.0], "51": [884.398125, 895.0, 128.0], "52": [820.3844444, 895.0, 432.0], "53": [704.2865789, 151.0, 152.0], "54": [812.2396875, 151.0, 128.0], "55": [751.7468056, 188.0, 288.0], "56": [803.8127586, 188.0, 116.0], "57": [905.0738462000002, 224.0, 156.0], "58": [893.77, 224.0, 112.0], "59": [695.8844897999999, 151.0, 196.0], "60": [802.4089286000001, 188.0, 112.0], "61": [808.3323809999999, 224.0, 336.0], "62": [897.2468966, 188.0, 116.0], "63": [903.5007692, 224.0, 156.0], "64": [775.6297367999999, 224.0, 152.0], "65": [798.3572727000001, 224.0, 132.0], "66": [742.248125, 224.0, 192.0], "67": [737.3846154, 188.0, 104.0], "68": [850.054, 188.0, 140.0], "69": [786.5276, 224.0, 200.0], "70": [744.2647618999999, 188.0, 168.0], "71": [807.2637837999999, 188.0, 296.0], "72": [864.3695, 224.0, 160.0], "73": [898.3166667000002, 224.0, 240.0], "74": [759.0615094, 278.0, 212.0], "75": [765.6971875, 278.0, 128.0], "76": [765.6971875, 278.0, 128.0], "77": [809.6581818, 278.0, 264.0], "78": [754.8393547999999, 278.0, 124.0], "79": [816.3023077, 314.0, 156.0], "80": [885.0830768999999, 278.0, 156.0], "81": [951.0691489, 278.0, 188.0], "82": [951.0691489, 278.0, 188.0], "83": [1041.413958, 278.0, 192.0], "84": [1096.7604, 278.0, 200.0], "85": [1096.244815, 278.0, 108.0], "86": [1114.189355, 278.0, 124.0], "87": [1114.189355, 278.0, 124.0], "88": [759.433871, 278.0, 124.0], "89": [819.4425, 314.0, 192.0], "90": [942.2566667000001, 278.0, 120.0], "91": [989.4145714, 278.0, 140.0], "92": [1092.331667, 278.0, 120.0], "93": [858.7690196000001, 351.0, 204.0], "94": [858.7690196000001, 351.0, 204.0], "95": [878.2615556, 351.0, 180.0], "96": [864.1366667000001, 314.0, 144.0], "97": [847.9021212000001, 314.0, 132.0], "98": [911.704, 314.0, 140.0], "99": [917.1115152000001, 314.0, 132.0], "100": [887.3310526, 387.0, 228.0], "101": [888.8884615000001, 351.0, 104.0], "102": [773.7985185, 224.0, 108.0], "103": [808.8953061000001, 224.0, 196.0], "104": [814.794717, 351.0, 212.0], "105": [839.1744444, 387.0, 144.0], "106": [859.3375, 351.0, 176.0], "107": [853.6819697000001, 387.0, 264.0], "108": [838.1113462000001, 387.0, 208.0], "109": [818.0893332999999, 423.0, 180.0], "110": [810.9354286, 423.0, 140.0], "111": [912.9746667000002, 423.0, 180.0], "112": [892.1931034, 423.0, 116.0], "113": [754.3396154, 514.0, 208.0], "114": [823.5832, 514.0, 200.0], "115": [766.1893547999999, 514.0, 124.0], "116": [790.4764444, 550.0, 180.0], "117": [782.7695161, 550.0, 248.0], "118": [827.5275, 550.0, 160.0], "119": [827.5275, 550.0, 160.0], "120": [831.8324242000001, 550.0, 132.0], "121": [794.8681818, 550.0, 132.0], "122": [808.8664865000001, 550.0, 148.0], "123": [870.0775472000001, 550.0, 212.0], "124": [921.8270369999999, 550.0, 108.0], "125": [986.5975, 550.0, 112.0], "126": [1053.398718, 550.0, 156.0], "127": [1007.3420689999999, 550.0, 116.0], "128": [1008.2080000000001, 550.0, 120.0], "129": [1118.872545, 550.0, 220.0], "130": [1154.609778, 550.0, 180.0], "131": [859.3544444, 550.0, 180.0], "132": [852.5058332999998, 586.0, 144.0], "133": [923.2209091, 586.0, 132.0], "134": [915.4644681, 586.0, 188.0], "135": [852.7765517000001, 586.0, 116.0], "136": [1050.471974, 586.0, 304.0], "137": [1099.11619, 586.0, 168.0], "138": [842.2425806, 586.0, 124.0], "139": [818.7519231000001, 623.0, 104.0], "140": [808.9511627999999, 623.0, 172.0], "141": [813.5490909, 623.0, 176.0], "142": [866.6177777999999, 659.0, 108.0], "143": [845.3873973, 550.0, 292.0], "144": [901.2839654999999, 586.0, 232.0], "145": [969.7897727, 586.0, 176.0], "146": [1010.8505710000001, 586.0, 140.0], "147": [1037.5210339999999, 586.0, 116.0], "148": [1055.03963, 586.0, 108.0], "149": [821.6194118, 623.0, 204.0], "150": [809.2106897000001, 623.0, 116.0], "151": [858.6503846, 586.0, 104.0], "152": [837.7492593, 550.0, 108.0], "153": [842.08, 550.0, 108.0], "154": [791.7656603999999, 550.0, 212.0], "155": [791.7656603999999, 550.0, 212.0], "156": [879.4731914999999, 550.0, 188.0], "157": [939.1868421, 550.0, 152.0], "158": [1023.716, 550.0, 140.0], "159": [1030.193243, 550.0, 148.0], "160": [1130.659231, 550.0, 156.0], "161": [1169.712286, 550.0, 140.0], "162": [1215.882727, 550.0, 132.0], "163": [1128.228684, 550.0, 152.0], "164": [1078.3356099999999, 550.0, 164.0], "165": [1075.800625, 550.0, 128.0], "166": [1116.211795, 550.0, 156.0], "167": [1185.596471, 550.0, 136.0], "168": [1192.5512119999999, 550.0, 132.0], "169": [883.5577142999999, 550.0, 140.0], "170": [847.3220455000001, 586.0, 176.0], "171": [907.8086842, 586.0, 152.0], "172": [1036.843529, 586.0, 204.0], "173": [1075.232703, 586.0, 148.0], "174": [1106.8088890000001, 586.0, 108.0], "175": [1059.499, 586.0, 120.0], "176": [886.6257575999999, 586.0, 132.0], "177": [852.3306451999999, 586.0, 124.0], "178": [907.385, 586.0, 136.0], "179": [910.4625, 586.0, 128.0], "180": [1232.983243, 550.0, 148.0], "181": [1232.983243, 550.0, 148.0], "182": [801.1724324, 623.0, 148.0], "183": [800.8848148, 623.0, 108.0], "184": [880.1002325999999, 659.0, 172.0], "185": [816.00125, 731.0, 160.0], "186": [1094.877018, 659.0, 228.0], "187": [761.5756863, 822.0, 204.0], "188": [833.7078125, 822.0, 128.0], "189": [914.1697826, 857.5, 184.0], "190": [914.1697826, 857.5, 184.0], "191": [1010.9473810000001, 822.0, 168.0], "192": [1010.9473810000001, 822.0, 168.0], "193": [825.5396875, 895.0, 128.0], "194": [898.0553332999999, 895.0, 120.0], "195": [823.3595349, 895.0, 172.0], "196": [831.586875, 895.0, 128.0], "197": [814.7489473999999, 895.0, 152.0], "198": [829.8925, 895.0, 208.0], "199": [820.0466667000001, 857.5, 240.0], "200": [870.9323529, 857.5, 204.0], "201": [787.7322, 857.5, 200.0], "202": [778.0788571, 822.0, 140.0], "203": [768.9792857000001, 857.5, 224.0], "204": [862.5996875, 857.5, 128.0], "205": [762.1361538, 857.5, 104.0], "206": [828.0122581, 895.0, 124.0], "207": [808.5911364, 895.0, 176.0], "208": [913.7382759, 895.0, 348.0], "209": [788.0748980000001, 895.0, 196.0], "210": [838.24, 895.0, 152.0], "211": [784.8858621, 895.0, 116.0], "212": [822.6162069000001, 857.5, 116.0], "213": [897.6986047, 857.5, 172.0], "214": [876.32, 857.5, 132.0],