{"1": [781.7057692000001, 224.0, 104.0], "2": [781.3506667, 224.0, 120.0], "3": [776.660122, 188.0, 656.0], "4": [749.5475294, 224.0, 340.0], "5": [751.0967164, 224.0, 268.0], "6": [742.5527869, 188.0, 244.0], "7": [750.0572727000001, 224.0, 308.0], "8": [756.01, 224.0, 104.0], "9": [742.3252991, 224.0, 468.0], "10": [796.2829687999999, 224.0, 256.0], "11": [758.270678, 224.0, 236.0], "12": [809.8745097999999, 224.0, 204.0], "13": [837.517377, 188.0, 244.0], "14": [820.7323256, 224.0, 172.0], "15": [904.9934615, 224.0, 104.0], "16": [912.6314706000001, 188.0, 136.0], "17": [809.4414706, 188.0, 136.0], "18": [808.7636842000001, 224.0, 152.0], "19": [765.0921429, 188.0, 112.0], "20": [762.3155, 188.0, 240.0], "21": [761.3192941000001, 188.0, 340.0], "22": [767.0522222, 188.0, 144.0], "23": [767.0522222, 188.0, 144.0], "24": [767.9854217000001, 188.0, 332.0], "25": [767.9854217000001, 188.0, 332.0], "26": [749.9868421, 188.0, 304.0], "27": [824.6536232000001, 188.0, 276.0], "28": [918.0773143796471, 186.28456508793784, 124.0], "29": [914.8325424000001, 188.0, 236.0], "30": [765.3148213999999, 188.0, 224.0], "31": [833.9611111, 188.0, 180.0], "32": [765.8855768999999, 188.0, 208.0], "33": [765.8855768999999, 188.0, 208.0], "34": [895.3430768999999, 188.0, 156.0], "35": [894.3036364, 188.0, 176.0], "36": [898.8560377, 188.0, 212.0], "37": [799.4222222, 224.0, 108.0], "38": [792.4346429, 224.0, 112.0], "39": [910.0522222000001, 188.0, 144.0], "40": [754.3474194, 224.0, 124.0], "41": [824.8274194, 224.0, 124.0], "42": [771.2848837, 314.0, 172.0], "43": [806.2136364, 278.0, 132.0], "44": [936.5075609999999, 278.0, 164.0], "45": [758.0783051, 278.0, 236.0], "46": [831.995, 278.0, 192.0], "47": [909.6707921, 278.0, 404.0], "48": [793.1471212, 278.0, 264.0], "49": [865.3755172, 278.0, 232.0], "50": [912.5460465, 278.0, 172.0], "51": [952.7375509999999, 278.0, 196.0], "52": [921.0572093000001, 278.0, 172.0], "53": [929.5620587999999, 278.0, 136.0], "54": [929.5620587999999, 278.0, 136.0], "55": [1010.003548, 278.0, 124.0], "56": [779.1676923, 278.0, 104.0], "57": [826.2466038, 278.0, 212.0], "58": [834.478125, 188.0, 128.0], "59": [838.2418918999999, 188.0, 148.0], "60": [826.7933333, 151.0, 180.0], "61": [759.6853191, 351.0, 188.0], "62": [826.1714, 351.0, 200.0], "63": [849.5206061000001, 314.0, 132.0], "64": [935.3078125, 314.0, 128.0], "65": [935.3078125, 314.0, 128.0], "66": [913.8464286000001, 314.0, 224.0], "67": [913.8464286000001, 314.0, 224.0], "68": [882.9521875, 314.0, 128.0], "69": [825.59, 314.0, 184.0], "70": [919.0266667000001, 314.0, 264.0], "71": [951.7937142999999, 314.0, 140.0], "72": [1082.21039, 278.0, 308.0], "73": [1005.783019, 278.0, 212.0], "74": [972.455625, 278.0, 128.0], "75": [831.1060714, 351.0, 112.0], "76": [860.7450943, 351.0, 212.0], "77": [771.0108, 278.0, 200.0], "78": [844.3189286, 278.0, 112.0], "79": [863.4643478, 387.0, 276.0], "80": [950.8007407, 387.0, 108.0], "81": [1072.0393550000001, 278.0, 124.0], "82": [1121.5991490000001, 278.0, 188.0], "83": [802.993125, 423.0, 192.0], "84": [861.3995122000001, 423.0, 164.0], "85": [947.8445588, 423.0, 272.0], "86": [964.9531034, 423.0, 116.0], "87": [768.8955882, 514.0, 136.0], "88": [768.8955882, 514.0, 136.0], "89": [767.1282759, 514.0, 116.0], "90": [767.1282759, 514.0, 116.0], "91": [838.727963, 514.0, 216.0], "92": [767.6871111, 822.0, 180.0], "93": [767.6871111, 822.0, 180.0], "94": [855.4330769, 822.0, 156.0], "95": [893.8841935, 822.0, 124.0], "96": [834.5303125, 550.0, 128.0], "97": [878.2602222, 514.0, 360.0], "98": [808.8753125, 857.5, 128.0], "99": [796.675, 857.5, 216.0], "100": [802.7229545, 822.0, 176.0], "101": [901.8932394, 822.0, 284.0], "102": [969.0241026000001, 822.0, 156.0], "103": [976.2762319, 822.0, 276.0], "104": [1032.599767, 822.0, 172.0], "105": [1086.2275439999999, 822.0, 228.0], "106": [798.8185484, 857.5, 496.0], "107": [802.6558621, 857.5, 232.0], "108": [819.1365625, 857.5, 128.0], "109": [880.3516923000001, 857.5, 260.0], "110": [960.0721053, 857.5, 228.0], "111": [1026.878889, 857.5, 216.0], "112": [1134.262381, 857.5, 336.0], "113": [1179.1029230000001, 857.5, 260.0], "114": [847.3270769, 822.0, 260.0], "115": [784.1921739000001, 895.0, 184.0], "116": [785.0039216, 895.0, 204.0], "117": [782.4985714, 895.0, 140.0], "118": [786.7841667, 895.0, 192.0], "119": [819.1720339, 895.0, 236.0], "120": [885.7644828, 895.0, 116.0], "121": [923.2767857000001, 895.0, 224.0], "122": [882.6418033, 550.0, 244.0], "123": [818.0018868, 550.0, 212.0], "124": [878.8872972999999, 550.0, 296.0], "125": [923.8989188999999, 550.0, 296.0], "126": [1008.9064289999999, 550.0, 224.0], "127": [1041.474561, 550.0, 228.0], "128": [1111.0705130000001, 586.0, 156.0], "129": [1121.509348, 586.0, 184.0], "130": [1124.278857, 586.0, 140.0], "131": [1142.862727, 586.0, 132.0], "132": [1183.324231, 550.0, 104.0], "133": [1055.417576, 586.0, 132.0], "134": [1052.602857, 550.0, 112.0], "135": [1018.561042, 586.0, 192.0], "136": [1074.265854, 586.0, 164.0], "137": [959.3086486, 659.0, 148.0], "138": [1050.8939619999999, 659.0, 212.0], "139": [1125.028769, 659.0, 260.0], "140": [1204.373333, 659.0, 180.0], "141": [1204.373333, 659.0, 180.0], "142": [1228.998788, 659.0, 132.0], "143": [828.8565116000001, 731.0, 172.0], "144": [828.8565116000001, 731.0, 172.0], "145": [895.3938462000001, 731.0, 208.0], "146": [937.0182857000001, 731.0, 140.0], "147": [857.5210000000001, 731.0, 240.0]}