{"1": [742.5620408, 151.0, 196.0], "2": [764.7891176, 151.0, 136.0], "3": [764.7891176, 151.0, 136.0], "4": [771.5101075, 151.0, 372.0], "5": [772.83, 151.0, 140.0], "6": [768.4735135, 151.0, 148.0], "7": [821.8891837, 151.0, 196.0], "8": [772.3792593, 188.0, 108.0], "9": [771.4770833, 188.0, 192.0], "10": [846.9371428999999, 188.0, 140.0], "11": [766.2103922, 188.0, 204.0], "12": [766.2103922, 188.0, 204.0], "13": [863.7852632000001, 188.0, 152.0], "14": [871.9721875, 188.0, 128.0], "15": [774.7580556, 151.0, 144.0], "16": [752.9084615, 188.0, 208.0], "17": [748.9176316, 188.0, 152.0], "18": [829.0213888999999, 151.0, 144.0], "19": [869.4784847999999, 188.0, 132.0], "20": [873.7854286, 188.0, 140.0], "21": [759.068764, 188.0, 356.0], "22": [878.8927451, 188.0, 204.0], "23": [883.9960000000001, 188.0, 140.0], "24": [879.0696153999999, 224.0, 104.0], "25": [809.4689655000001, 188.0, 116.0], "26": [758.8496, 224.0, 200.0], "27": [884.4235714, 278.0, 224.0], "28": [942.0896104000001, 278.0, 308.0], "29": [995.4423077, 278.0, 104.0], "30": [836.2957142999999, 278.0, 140.0], "31": [835.5302857, 278.0, 140.0], "32": [930.2681132000001, 278.0, 212.0], "33": [930.2681132000001, 278.0, 212.0], "34": [922.06, 278.0, 180.0], "35": [989.6275, 278.0, 240.0], "36": [931.1061537999999, 224.0, 104.0], "37": [1072.68, 278.0, 104.0], "38": [858.8533332999999, 224.0, 144.0], "39": [876.1678, 224.0, 200.0], "40": [870.9233332999999, 224.0, 132.0], "41": [791.5853846, 224.0, 156.0], "42": [839.3380000000001, 278.0, 240.0], "43": [813.4482142999999, 278.0, 112.0], "44": [812.6465, 278.0, 160.0], "45": [815.0866667, 278.0, 300.0], "46": [877.3721739, 278.0, 184.0], "47": [827.5138776, 278.0, 196.0], "48": [874.4483051000001, 278.0, 236.0], "49": [839.0993548, 314.0, 124.0], "50": [885.3542857000001, 278.0, 168.0], "51": [894.9674358999999, 278.0, 156.0], "52": [893.6767857000001, 278.0, 112.0], "53": [766.1715789, 278.0, 152.0], "54": [766.1715789, 278.0, 152.0], "55": [764.3357778, 224.0, 180.0], "56": [842.6081081, 278.0, 148.0], "57": [876.6919588, 278.0, 388.0], "58": [780.3649057, 278.0, 212.0], "59": [855.5696, 314.0, 200.0], "60": [813.2080822, 351.0, 292.0], "61": [831.6234, 351.0, 200.0], "62": [854.2946377000001, 351.0, 276.0], "63": [854.7609091, 387.0, 132.0], "64": [834.8706667, 387.0, 120.0], "65": [895.3929167000001, 387.0, 192.0], "66": [895.3929167000001, 387.0, 192.0], "67": [849.9145946000001, 423.0, 148.0], "68": [886.1725424000001, 387.0, 236.0], "69": [902.7385185, 423.0, 108.0], "70": [848.0316278999999, 423.0, 172.0], "71": [1070.72, 278.0, 252.0], "72": [1002.0323080000001, 278.0, 156.0], "73": [915.9647059, 387.0, 136.0], "74": [915.9647059, 387.0, 136.0], "75": [879.7007595000001, 224.0, 316.0], "76": [896.2148, 224.0, 200.0], "77": [763.7140741000001, 224.0, 108.0], "78": [763.2993651, 224.0, 252.0], "79": [908.1028947000001, 224.0, 152.0], "80": [881.85625, 351.0, 160.0], "81": [817.3992857000001, 387.0, 112.0], "82": [820.7392593, 387.0, 216.0], "83": [1091.9675, 278.0, 112.0], "84": [854.2075, 351.0, 144.0], "85": [836.3837930999999, 314.0, 232.0], "86": [807.622093, 351.0, 172.0], "87": [1110.51575, 278.0, 160.0], "88": [1083.068947, 278.0, 152.0], "89": [849.0685714, 387.0, 224.0], "90": [853.4008696000001, 387.0, 184.0], "91": [919.9928, 514.0, 200.0], "92": [946.7763889, 514.0, 144.0], "93": [948.3940741, 514.0, 108.0], "94": [936.2721052999999, 514.0, 152.0], "95": [836.9864286000001, 188.0, 168.0], "96": [736.5632558, 188.0, 344.0], "97": [746.0634375, 224.0, 256.0], "98": [950.9630000000001, 514.0, 160.0], "99": [931.9715094000001, 514.0, 212.0], "100": [931.9715094000001, 514.0, 212.0], "101": [870.5915, 514.0, 160.0], "102": [945.586, 514.0, 180.0], "103": [945.3980556, 514.0, 144.0], "104": [949.5422727, 514.0, 264.0], "105": [753.4711628, 188.0, 172.0], "106": [726.8894594999999, 188.0, 148.0], "107": [770.325, 224.0, 192.0], "108": [757.5292592999999, 224.0, 108.0], "109": [858.9768293, 224.0, 164.0], "110": [704.602093, 224.0, 172.0], "111": [916.1920587999999, 514.0, 136.0], "112": [960.9837143, 514.0, 140.0], "113": [841.3132558, 550.0, 172.0], "114": [833.1560606, 550.0, 132.0], "115": [908.675, 586.0, 144.0], "116": [803.3462069, 550.0, 116.0], "117": [799.8889188999999, 550.0, 148.0], "118": [802.4485294, 550.0, 136.0], "119": [900.0310714, 514.0, 224.0], "120": [898.0723332999999, 514.0, 120.0], "121": [865.632459, 550.0, 244.0], "122": [932.7355223999999, 550.0, 268.0], "123": [984.5424527999999, 550.0, 212.0], "124": [986.7681481000001, 550.0, 108.0], "125": [931.8535483999999, 550.0, 124.0], "126": [935.4294444, 550.0, 144.0], "127": [987.8092537, 550.0, 268.0], "128": [880.7647367999999, 550.0, 152.0], "129": [1119.2695219661264, 551.1331206365529, 336.0], "130": [1140.334063, 550.0, 128.0], "131": [974.4005882000001, 550.0, 204.0], "132": [909.1815517000001, 550.0, 232.0], "133": [1002.0766869999999, 550.0, 652.0], "134": [1002.0766869999999, 550.0, 652.0], "135": [1116.305319, 550.0, 188.0], "136": [1142.718955, 550.0, 268.0], "137": [1138.057667, 550.0, 120.0], "138": [904.7306897, 586.0, 232.0], "139": [1029.130727, 586.0, 220.0], "140": [1078.52375, 586.0, 192.0], "141": [806.82125, 514.0, 160.0], "142": [806.82125, 514.0, 160.0], "143": [926.7616129, 514.0, 124.0], "144": [893.1405479, 550.0, 292.0], "145": [858.3345455, 387.0, 132.0], "146": [844.6867568, 387.0, 148.0], "147": [830.8572414, 387.0, 348.0], "148": [852.204, 423.0, 120.0], "149": [876.9202439, 387.0, 164.0], "150": [889.7748485, 387.0, 132.0], "151": [1052.671875, 278.0, 128.0], "152": [805.1870587999999, 278.0, 136.0], "153": [782.2860000000001, 278.0, 140.0], "154": [1071.902424, 550.0, 132.0], "155": [810.2597297, 514.0, 148.0], "156": [1078.71, 550.0, 104.0], "157": [1140.199848, 550.0, 264.0], "158": [1118.4, 550.0, 148.0], "159": [902.1246153999999, 550.0, 260.0], "160": [966.0634091000001, 586.0, 176.0], "161": [1020.65037, 586.0, 216.0], "162": [888.8452458999999, 586.0, 244.0], "163": [1067.4638029999999, 586.0, 284.0], "164": [1066.74, 586.0, 172.0], "165": [1005.99087, 514.0, 184.0], "166": [876.3967742000001, 550.0, 124.0], "167": [977.9408696, 550.0, 276.0], "168": [1002.085833, 514.0, 192.0], "169": [920.8705882000002, 514.0, 204.0], "170": [932.3151515000001, 514.0, 132.0], "171": [948.4768571000001, 514.0, 140.0], "172": [876.1453846, 550.0, 104.0], "173": [996.7248148, 514.0, 108.0], "174": [949.6294286, 514.0, 140.0], "175": [946.5135385, 514.0, 260.0], "176": [1121.98359, 550.0, 312.0], "177": [1153.389, 550.0, 120.0], "178": [1122.379667, 550.0, 120.0], "179": [1124.073387, 550.0, 248.0], "180": [930.6850794, 586.0, 252.0], "181": [914.1323729000001, 586.0, 236.0], "182": [853.3830556, 586.0, 144.0], "183": [807.3252778, 623.0, 144.0], "184": [1017.6405710000001, 550.0, 140.0], "185": [909.1545161, 623.0, 248.0], "186": [1064.322128, 659.0, 188.0], "187": [1126.776667, 659.0, 132.0], "188": [890.1642308, 659.0, 312.0], "189": [1092.2437030365993, 659.2363963546611, 180.0], "190": [797.2176595999999, 623.0, 188.0], "191": [929.2316129000001, 550.0, 124.0], "192": [1031.478511, 586.0, 188.0], "193": [1050.550185, 586.0, 216.0], "194": [908.157377, 550.0, 244.0], "195": [996.5019231000001, 586.0, 104.0], "196": [917.6319642999999, 659.0, 224.0], "197": [879.83, 659.0, 244.0], "198": [848.9712902999999, 731.0, 124.0], "199": [799.2260000000001, 278.0, 140.0], "200": [854.732, 423.0, 160.0], "201": [903.7075556, 423.0, 180.0], "202": [854.9183332999999, 423.0, 120.0], "203": [859.0424323999999, 423.0, 148.0], "204": [976.7068889000001, 514.0, 180.0], "205": [918.7841817999999, 514.0, 220.0], "206": [912.1536957000001, 550.0, 184.0], "207": [977.2152632000001, 550.0, 152.0], "208": [1003.021892, 514.0, 148.0], "209": [918.4041304, 550.0, 184.0], "210": [912.1504762, 550.0, 168.0], "211": [1122.2723907360737, 543.6259487116843, 256.0], "212": [1119.4585, 550.0, 240.0], "213": [1141.134615, 550.0, 104.0],