{"0": [770.1182051, 151.0, 156.0], "1": [720.3107407000001, 151.0, 108.0], "2": [725.4825926, 188.0, 108.0], "3": [791.2211538, 188.0, 104.0], "4": [786.8945161, 188.0, 124.0], "5": [904.9423077, 188.0, 104.0], "6": [785.9294286, 188.0, 140.0], "7": [794.38, 188.0, 112.0], "8": [897.3444186, 224.0, 172.0], "9": [811.0378125, 351.0, 128.0], "10": [856.8047059, 387.0, 136.0], "11": [1024.753929, 278.0, 112.0], "12": [839.100625, 550.0, 128.0], "13": [837.0189286, 514.0, 112.0], "14": [843.9904762, 550.0, 168.0], "15": [844.8162857000001, 550.0, 140.0], "16": [1030.694, 550.0, 220.0], "17": [1032.506296, 586.0, 108.0], "18": [1033.335, 550.0, 160.0], "19": [1088.954359, 550.0, 156.0], "20": [817.727, 550.0, 120.0], "21": [832.4906667, 550.0, 120.0], "22": [824.47, 550.0, 128.0], "23": [775.7065625, 550.0, 128.0], "24": [884.262069, 586.0, 116.0], "25": [890.8265, 586.0, 160.0], "26": [913.5451429, 586.0, 140.0], "27": [979.9293938999999, 586.0, 132.0], "28": [770.2854545, 188.0, 132.0], "29": [893.1732432, 224.0, 148.0], "30": [1038.589778, 550.0, 180.0], "31": [995.6965625, 550.0, 128.0], "32": [1036.700735, 550.0, 272.0], "33": [793.5347222, 188.0, 144.0], "34": [1007.149655, 550.0, 116.0], "35": [1007.747, 586.0, 120.0], "36": [1011.841429, 550.0, 112.0], "37": [965.2781481000001, 514.0, 108.0], "38": [977.0993103, 514.0, 116.0], "39": [969.9520312999999, 514.0, 256.0], "40": [969.9520312999999, 514.0, 256.0], "41": [1109.950656, 586.0, 244.0], "42": [1090.508462, 550.0, 104.0], "43": [1094.751053, 550.0, 152.0], "44": [1146.281481, 550.0, 108.0], "45": [1152.058108, 550.0, 148.0], "46": [1190.181333, 550.0, 120.0], "47": [1195.982667, 550.0, 120.0], "48": [928.2742857000001, 586.0, 140.0], "49": [1059.323421, 586.0, 152.0], "50": [1012.117308, 586.0, 104.0], "51": [1012.117308, 586.0, 104.0], "52": [1033.977059, 586.0, 136.0], "53": [832.525, 586.0, 128.0], "54": [963.4872972999999, 586.0, 148.0], "55": [1094.0710000000001, 586.0, 120.0], "56": [1089.159615, 586.0, 104.0], "57": [880.6429630000001, 550.0, 108.0], "58": [1107.3088890000001, 586.0, 144.0], "59": [867.561875, 659.0, 192.0], "60": [842.8785, 659.0, 160.0], "61": [919.578748764621, 657.7349619696873, 180.0], "62": [914.5262069, 659.0, 116.0], "63": [923.6215, 659.0, 160.0], "64": [967.0962069, 659.0, 116.0], "65": [1047.555484, 659.0, 124.0], "66": [1127.031786, 659.0, 112.0], "67": [1207.5148980000001, 659.0, 196.0], "68": [1212.744848, 659.0, 132.0], "69": [938.1028787999999, 586.0, 264.0], "70": [1041.34825, 550.0, 160.0], "71": [1041.689643, 550.0, 112.0], "72": [882.0914286000001, 586.0, 168.0], "73": [880.0121212000001, 550.0, 132.0], "74": [895.9232558, 550.0, 172.0], "75": [1034.933548, 550.0, 124.0], "76": [1137.399661, 550.0, 236.0], "77": [1144.781455, 550.0, 220.0], "78": [1177.594, 550.0, 140.0], "79": [1112.141852, 550.0, 108.0], "80": [1111.616486, 550.0, 148.0], "81": [1022.2129630000001, 550.0, 108.0], "82": [1116.0483869999998, 586.0, 124.0], "83": [1117.569333, 586.0, 180.0], "84": [1015.381875, 586.0, 192.0], "85": [1070.5668970000002, 586.0, 116.0], "86": [1078.4425449999999, 586.0, 220.0], "87": [848.5289286000001, 659.0, 112.0], "88": [945.4696296, 659.0, 108.0], "89": [1152.078333, 659.0, 168.0], "90": [1211.889667, 659.0, 120.0], "91": [839.8203704, 659.0, 108.0], "92": [915.2517857, 731.0, 112.0], "93": [824.0151724, 895.0, 116.0], "94": [988.5619355, 857.5, 124.0], "95": [914.4951110999999, 895.0, 180.0], "96": [801.1835897000001, 895.0, 156.0]}