{"1": [63.973673277839175, 385.0, 220.0], "2": [96.0, 385.0, 172.0], "3": [142.7, 385.0, 194.0], "4": [204.6027155122245, 382.147610356845, 288.0], "5": [248.4, 385.0, 270.0], "6": [292.7, 385.0, 175.0], "7": [347.16701979570684, 382.792697706544, 237.0], "8": [411.8, 385.0, 333.0], "9": [429.1, 385.0, 189.0], "10": [469.5, 385.0, 280.0], "11": [512.9, 385.0, 127.0], "12": [564.561456644275, 382.147610356845, 223.0], "13": [597.0, 385.0, 240.0], "14": [665.9, 385.0, 244.0], "15": [715.4, 385.0, 228.0], "16": [767.9, 385.0, 313.0]}