{"1": [113.64539920466336, 382.792697706544, 168.0], "2": [192.4, 385.0, 174.0], "3": [268.5, 385.0, 196.0], "4": [246.0, 385.0, 143.0], "5": [196.2, 385.0, 102.0], "6": [336.5, 385.0, 186.0], "7": [377.48612523156055, 380.857435657447, 146.0], "8": [447.2, 385.0, 190.0], "9": [537.3, 385.0, 163.0], "10": [450.9, 385.0, 198.0], "11": [568.9, 385.0, 167.0], "12": [661.7, 385.0, 291.0], "13": [604.1, 385.0, 204.0], "14": [752.3, 385.0, 212.0], "15": [753.9, 385.0, 233.0], "16": [768.0, 385.0, 115.0], "17": [378.7762999309586, 381.502523007146, 276.0], "18": [448.4, 385.0, 266.0], "19": [540.6932247054115, 383.43778505624306, 267.0], "20": [647.2, 385.0, 527.0], "21": [720.6725952714368, 383.43778505624306, 352.0], "22": [776.7951946952511, 383.43778505624306, 171.0], "23": [774.214845296455, 381.502523007146, 299.0], "24": [723.2, 385.0, 295.0], "25": [616.3, 385.0, 152.0]}