{"1" : [1453.0, 792.3, 33.12890406279675], "3" : [1372.6, 790.3, 144.12890406279675], "5" : [1369.2, 791.6, 40.12890406279675], "7" : [1554.1, 797.0, 263.1289040627968], "9" : [1551.2, 802.5, 44.12890406279675], "11" : [1720.2, 798.5, 149.12890406279675], "13" : [1719.3, 793.2, 69.12890406279675], "15" : [520.5, 872.0, 142.12890406279675], "17" : [517.6, 873.4, 38.12890406279675], "19" : [727.7, 879.7, 194.12890406279675], "21" : [727.6, 876.5, 41.12890406279675], "23" : [950.0, 878.6, 146.12890406279675], "25" : [950.5, 879.6, 22.12890406279675], "27" : [864.0, 870.1, 211.12890406279675], "29" : [859.8, 869.4, 41.12890406279675], "31" : [1079.3, 859.9, 198.12890406279675], "33" : [1078.4, 860.5, 55.12890406279675], "35" : [1330.7, 866.9, 132.12890406279675], "37" : [1330.4, 871.1, 26.12890406279675], "39" : [1205.2, 879.5, 288.1289040627968], "41" : [1203.0, 882.2, 42.12890406279675]}