{"1" : [686.5, 540.0, 166.1280879375111], "3" : [860.2, 502.7, 186.1280879375111], "5" : [854.4, 510.6, 26.128087937511108], "7" : [1017.3, 491.7, 229.1280879375111], "9" : [1011.9, 475.6, 27.128087937511108], "11" : [1150.8, 496.1, 259.1280879375111], "13" : [1154.1, 476.1, 187.1280879375111], "15" : [1215.9, 435.9, 72.12808793751111], "17" : [957.4, 543.6, 42.12808793751111], "19" : [957.9, 548.6, 22.128087937511108], "21" : [1008.5, 640.8, 486.1280879375111], "23" : [1005.0, 635.6, 37.12808793751111], "25" : [750.9, 612.9, 160.1280879375111], "27" : [756.0, 617.1, 20.128087937511108], "29" : [668.2, 621.5, 230.1280879375111], "31" : [669.3, 624.4, 39.12808793751111], "33" : [930.7, 631.4, 176.1280879375111], "35" : [920.1, 634.3, 26.128087937511108], "37" : [1063.1, 629.3, 152.1280879375111], "39" : [1066.4, 627.0, 18.128087937511108], "41" : [1142.3, 604.4, 924.128087937511], "43" : [1194.0, 644.6, 19.128087937511108], "45" : [1339.3, 683.7, 50.12808793751111], "47" : [1386.4, 738.8, 12.128087937511108]}