{"1" : [916.8, 608.2, 24.904450617403327], "3" : [946.7, 480.8, 190.90445061740334], "5" : [945.0, 480.8, 17.904450617403327], "7" : [955.9, 543.5, 111.90445061740333], "9" : [970.3, 561.4, 299.9044506174033], "11" : [969.9, 560.0, 9.904450617403329], "13" : [966.8, 541.1, 132.90445061740334], "15" : [964.2, 543.0, 328.9044506174033], "17" : [846.2, 402.0, 230.90445061740334], "19" : [845.7, 399.2, 19.904450617403327], "21" : [914.5, 381.7, 183.90445061740334], "23" : [910.2, 386.6, 37.90445061740333], "25" : [741.0, 387.0, 213.90445061740334], "27" : [739.1, 386.1, 44.90445061740333], "29" : [953.9, 511.7, 182.90445061740334], "31" : [954.2, 504.2, 16.904450617403327], "33" : [962.7, 450.2, 389.9044506174033], "35" : [963.7, 459.3, 28.904450617403327], "37" : [968.3, 566.0, 62.90445061740332], "39" : [966.3, 565.8, 19.904450617403327], "41" : [920.7, 510.2, 107.90445061740333], "43" : [920.8, 514.4, 17.904450617403327], "45" : [916.1, 451.2, 90.90445061740333]}