{"1" : [1383.0, 377.8, 476.8373183368345], "3" : [1367.0, 382.3, 10.837318336834514], "5" : [1334.9, 391.2, 176.83731833683453], "7" : [1339.7, 399.7, 26.837318336834514], "9" : [1466.0, 392.6, 171.83731833683453], "11" : [1456.9, 402.1, 18.837318336834514], "13" : [1542.2, 397.4, 265.8373183368345], "15" : [1538.1, 395.1, 23.837318336834514], "17" : [1668.7, 407.2, 296.8373183368345], "19" : [1675.1, 409.1, 23.837318336834514], "21" : [965.0, 545.7, 533.8373183368345], "23" : [969.4, 542.5, 25.837318336834514], "25" : [812.2, 465.2, 105.83731833683451], "27" : [810.5, 463.6, 19.837318336834514], "29" : [723.6, 459.0, 198.83731833683453], "31" : [721.8, 465.6, 37.837318336834514], "33" : [990.7, 460.1, 211.83731833683453], "35" : [982.5, 459.8, 31.837318336834514], "37" : [1211.3, 455.5, 260.8373183368345], "39" : [1215.1, 462.0, 26.837318336834514], "41" : [1071.2, 466.8, 185.83731833683453], "43" : [1077.3, 474.6, 21.837318336834514], "45" : [975.2, 518.5, 270.8373183368345], "47" : [972.5, 523.1, 34.837318336834514], "49" : [1216.2, 489.1, 204.83731833683453], "51" : [1212.5, 491.9, 17.837318336834514], "53" : [1130.8, 481.8, 260.8373183368345], "55" : [1132.0, 480.7, 22.837318336834514], "57" : [1251.9, 484.4, 444.8373183368345], "59" : [1256.6, 486.1, 7.837318336834515], "61" : [1276.6, 485.1, 150.83731833683453], "63" : [1278.0, 484.3, 27.837318336834514], "65" : [1110.4, 475.5, 287.8373183368345], "67" : [1107.8, 474.8, 23.837318336834514]}