{"1" : [1498.3, 518.1, 21.102455208882954], "3" : [1597.6, 510.6, 150.10245520888296], "5" : [966.1, 542.6, 556.1024552088829], "7" : [964.4, 546.4, 39.10245520888296], "9" : [685.3, 538.8, 86.10245520888296], "11" : [684.6, 535.8, 21.102455208882954], "13" : [614.0, 534.7, 170.10245520888296], "15" : [617.6, 538.7, 13.102455208882956], "17" : [657.2, 539.5, 156.10245520888296], "19" : [656.8, 539.2, 20.102455208882954], "21" : [730.7, 548.2, 182.10245520888296], "23" : [735.1, 546.7, 16.102455208882954], "25" : [788.2, 549.7, 187.10245520888296], "27" : [786.3, 549.5, 19.102455208882954], "29" : [869.8, 555.8, 397.10245520888293], "31" : [859.8, 561.9, 20.102455208882954], "33" : [932.6, 546.4, 211.10245520888296], "35" : [936.5, 543.1, 19.102455208882954], "37" : [1015.9, 539.3, 210.10245520888296], "39" : [1017.8, 537.4, 11.102455208882956], "41" : [1046.0, 530.4, 87.10245520888296], "43" : [1041.1, 529.1, 17.102455208882954], "45" : [973.7, 538.9, 77.10245520888296], "47" : [970.9, 543.1, 15.102455208882956], "49" : [929.8, 546.9, 235.10245520888296], "51" : [929.6, 545.8, 23.102455208882954], "53" : [1037.0, 539.9, 213.10245520888296], "55" : [1034.8, 538.2, 15.102455208882956], "57" : [1093.2, 523.0, 337.10245520888293], "59" : [1095.0, 522.4, 20.102455208882954], "61" : [1179.5, 519.5, 350.10245520888293], "63" : [1179.7, 519.8, 20.102455208882954], "65" : [1242.4, 507.2, 356.10245520888293], "67" : [1240.6, 502.8, 45.10245520888296], "69" : [864.8, 530.8, 396.10245520888293], "71" : [865.8, 528.2, 27.102455208882954], "73" : [733.2, 530.6, 233.10245520888296], "75" : [736.2, 536.1, 19.102455208882954], "77" : [799.5, 534.8, 69.10245520888296], "79" : [799.5, 530.2, 24.102455208882954], "81" : [986.4, 523.8, 168.10245520888296], "83" : [985.8, 524.3, 22.102455208882954], "85" : [1075.4, 528.1, 272.10245520888293], "87" : [1075.1, 528.9, 15.102455208882956], "89" : [1115.9, 524.7, 174.10245520888296], "91" : [1115.3, 520.4, 20.102455208882954], "93" : [1191.4, 523.9, 411.10245520888293], "95" : [1192.2, 519.3, 15.102455208882956]}