{"1" : [883.0, 521.4, 35.306807990222296], "3" : [735.8, 512.7, 350.3068079902223], "5" : [737.0, 512.5, 34.306807990222296], "7" : [1052.5, 546.8, 183.3068079902223], "9" : [1043.9, 550.9, 289.3068079902223], "11" : [1048.7, 539.3, 144.3068079902223], "13" : [1050.2, 542.5, 58.306807990222296], "15" : [969.2, 532.7, 532.3068079902223], "17" : [971.5, 536.3, 26.3068079902223], "19" : [853.4, 506.3, 141.3068079902223], "21" : [856.2, 508.5, 21.3068079902223], "23" : [827.2, 504.1, 236.3068079902223], "25" : [826.6, 505.4, 24.3068079902223], "27" : [905.0, 515.2, 256.3068079902223], "29" : [899.7, 521.2, 21.3068079902223], "31" : [960.8, 529.2, 152.3068079902223], "33" : [960.1, 527.5, 21.3068079902223], "35" : [1021.7, 531.9, 303.3068079902223], "37" : [1022.1, 529.9, 21.3068079902223]}