{"1" : [1238.8, 504.2, 8.837318336834514], "3" : [1271.2, 500.2, 360.8373183368345], "5" : [1274.8, 510.3, 35.837318336834514], "7" : [1010.9, 501.2, 330.8373183368345], "9" : [1015.9, 503.9, 36.837318336834514], "11" : [790.7, 466.5, 267.8373183368345], "13" : [797.2, 465.7, 31.837318336834514], "15" : [1000.8, 540.7, 32.837318336834514], "17" : [959.0, 545.6, 520.8373183368345], "19" : [963.0, 551.7, 40.837318336834514], "21" : [675.7, 466.4, 33.837318336834514], "23" : [671.5, 467.7, 27.837318336834514], "25" : [530.2, 462.2, 198.83731833683453], "27" : [526.6, 458.4, 24.837318336834514], "29" : [682.2, 462.7, 165.83731833683453], "31" : [676.7, 469.2, 26.837318336834514], "33" : [845.1, 466.9, 190.83731833683453], "35" : [839.9, 466.1, 23.837318336834514], "37" : [1000.1, 463.0, 210.83731833683453], "39" : [996.0, 466.3, 25.837318336834514], "41" : [1150.4, 470.4, 167.83731833683453], "43" : [1145.6, 469.5, 21.837318336834514], "45" : [1268.5, 471.9, 146.83731833683453], "47" : [1273.7, 487.1, 19.837318336834514], "49" : [1356.1, 483.9, 239.83731833683453], "51" : [1354.7, 484.7, 39.837318336834514], "53" : [1010.5, 470.8, 299.8373183368345], "55" : [1015.1, 471.9, 40.837318336834514], "57" : [660.6, 476.6, 280.8373183368345], "59" : [643.3, 473.0, 7.837318336834515], "61" : [623.4, 471.8, 116.83731833683451], "63" : [623.8, 471.1, 36.837318336834514], "65" : [954.4, 468.7, 169.83731833683453], "67" : [946.6, 468.4, 29.837318336834514], "69" : [1135.9, 454.0, 137.83731833683453], "71" : [1125.2, 458.2, 34.837318336834514], "73" : [1344.1, 457.7, 231.83731833683453], "75" : [1347.4, 459.3, 24.837318336834514], "77" : [1221.1, 455.2, 245.83731833683453], "79" : [1227.6, 454.4, 36.837318336834514], "81" : [959.0, 530.0, 196.83731833683453], "83" : [965.8, 539.5, 19.837318336834514]}