{"1" : [964.9, 547.1, 24.12890406279675], "3" : [936.1, 429.9, 82.12890406279675], "5" : [933.4, 429.4, 25.12890406279675], "7" : [939.4, 374.2, 96.12890406279675], "9" : [941.2, 372.3, 39.12890406279675], "11" : [799.5, 395.4, 180.12890406279675], "13" : [799.7, 392.8, 23.12890406279675], "15" : [877.4, 391.2, 96.12890406279675], "17" : [877.9, 390.9, 37.12890406279675], "19" : [753.4, 390.3, 157.12890406279675], "21" : [751.7, 391.7, 44.12890406279675], "23" : [959.0, 395.2, 358.1289040627968], "25" : [959.8, 400.0, 37.12890406279675], "27" : [1072.2, 407.9, 314.1289040627968], "29" : [1068.5, 412.9, 38.12890406279675], "31" : [1179.9, 407.3, 141.12890406279675], "33" : [1181.3, 409.8, 72.12890406279675], "35" : [942.6, 490.8, 139.12890406279675], "37" : [940.0, 476.1, 226.12890406279675], "39" : [950.1, 534.5, 137.12890406279675], "41" : [948.7, 519.6, 33.12890406279675], "43" : [966.6, 590.7, 333.1289040627968], "45" : [965.2, 591.7, 28.12890406279675], "47" : [961.2, 462.0, 167.12890406279675], "49" : [956.5, 461.3, 7.1289040627967495], "51" : [951.5, 456.0, 265.1289040627968], "53" : [953.4, 456.7, 12.12890406279675], "55" : [978.3, 452.8, 224.12890406279675], "57" : [973.9, 451.0, 40.12890406279675], "59" : [965.8, 602.1, 102.12890406279675], "61" : [964.3, 604.6, 20.12890406279675], "63" : [946.2, 579.9, 176.12890406279675], "65" : [941.8, 579.3, 23.12890406279675], "67" : [990.7, 582.2, 281.1289040627968], "69" : [991.9, 583.6, 24.12890406279675], "71" : [970.8, 662.0, 234.12890406279675], "73" : [969.8, 662.7, 25.12890406279675], "75" : [915.3, 578.8, 187.12890406279675], "77" : [911.7, 554.8, 820.1289040627968]}