{"1": [60.3, 385.0, 133.0], "2": [111.6, 385.0, 202.0], "3": [214.80651956117046, 384.17947798677585, 137.0], "4": [182.1622485729596, 385.32489100390603, 243.0], "5": [318.6, 385.0, 204.0], "6": [385.2, 385.0, 297.0], "7": [478.6, 385.0, 195.0], "8": [548.6, 385.0, 172.0], "9": [593.4, 385.0, 169.0], "10": [687.4, 385.0, 173.0], "11": [687.4, 385.0, 630.0], "12": [697.0253997729869, 385.8975975124712, 684.0], "13": [156.0, 385.0, 247.0], "14": [271.1, 385.0, 199.0], "15": [361.8, 385.0, 227.0], "16": [397.1, 385.0, 287.0], "17": [534.3767513404978, 382.4613584610805, 178.0], "18": [709.3, 385.0, 170.0], "19": [705.6, 385.0, 571.0], "20": [700.4, 385.0, 256.0]}