{"1": [58.5, 385.0, 236.0], "2": [94.4, 385.0, 201.0], "3": [171.85353141878775, 381.88865195251543, 170.0], "4": [211.94298701834495, 383.03406496964567, 173.0], "5": [236.7, 385.0, 164.0], "6": [313.3, 385.0, 202.0], "7": [349.3, 385.0, 224.0], "8": [395.1, 385.0, 251.0], "9": [416.1, 385.0, 130.0], "10": [465.8, 385.0, 404.0], "11": [581.3386850428361, 382.4613584610805, 273.0], "12": [608.9, 385.0, 259.0], "13": [634.2, 385.0, 289.0], "14": [677.9, 385.0, 376.0], "15": [696.7, 385.0, 271.0], "16": [672.2, 385.0, 414.0], "17": [551.5579465974508, 385.8975975124712, 360.0], "18": [632.0, 385.0, 147.0], "19": [635.1, 385.0, 186.0], "20": [665.0, 385.0, 471.0]}