{"1": [74.53589265233333, 382.8621694316096, 129.0], "2": [127.15283572783329, 380.52363862825405, 153.0], "3": [126.56820302699438, 385.78533293580404, 127.0], "4": [204.2, 625.6, 224.0], "5": [334.6974445256386, 384.03143483328734, 323.0], "6": [438.17743257412184, 386.3699656366429, 218.0], "7": [481.44025243619956, 381.6929040299318, 173.0], "8": [494.30217185465517, 382.8621694316096, 373.0], "9": [567.965892160355, 382.2775367307707, 249.0], "10": [558.027136246094, 386.9545983374818, 170.0], "11": [642.2142451668939, 382.8621694316096, 272.0], "12": [715.2933327717549, 385.20070023496515, 193.0], "13": [833.9737710420492, 388.70849643999844, 258.0], "14": [898.8680008351658, 382.8621694316096, 303.0], "15": [565.2, 608.3, 308.0], "16": [564.4, 567.7, 277.0], "17": [362.8, 657.7, 104.0], "18": [208.5, 544.6, 257.0], "19": [248.75643750232206, 386.3699656366429, 295.0], "20": [196.72412712766098, 384.03143483328734, 301.0], "21": [258.69519341658315, 386.3699656366429, 202.0], "22": [85.05928126743333, 381.10827132909293, 208.0]}