{"1" : [917.8, 601.9, 20.350130957866917], "3" : [994.7, 620.4, 312.3501309578669], "5" : [999.6, 632.5, 9.350130957866917], "7" : [1037.1, 632.2, 213.35013095786692], "9" : [1040.8, 635.7, 19.350130957866917], "11" : [1101.0, 630.6, 441.3501309578669], "13" : [953.2, 547.7, 579.3501309578669], "15" : [955.4, 553.5, 32.35013095786692], "17" : [864.7, 448.1, 447.3501309578669], "19" : [857.0, 449.6, 30.350130957866917], "21" : [1004.5, 447.5, 221.35013095786692], "23" : [1009.5, 448.1, 16.350130957866917], "25" : [1071.0, 448.3, 366.3501309578669], "27" : [1070.6, 447.9, 24.350130957866917], "29" : [965.6, 439.3, 255.3501309578669], "31" : [960.3, 441.5, 26.350130957866917]}