{"1" : [951.2, 679.9, 205.12890406279675], "3" : [944.1, 613.8, 20.12890406279675], "5" : [908.1, 610.7, 163.12890406279675], "7" : [907.1, 604.2, 18.12890406279675], "9" : [939.0, 557.6, 339.1289040627968], "11" : [938.2, 579.0, 18.12890406279675], "13" : [962.6, 508.9, 273.1289040627968], "15" : [965.4, 510.4, 23.12890406279675], "17" : [915.2, 512.0, 226.12890406279675], "19" : [918.1, 506.5, 22.12890406279675], "21" : [966.7, 458.0, 165.12890406279675], "23" : [966.1, 458.4, 22.12890406279675], "25" : [919.8, 503.7, 558.1289040627968], "27" : [921.2, 498.0, 766.1289040627968], "29" : [906.2, 522.7, 73.12890406279675]}