{"1": [699.9848276, 153.35137930000002, 116.0], "2": [779.4396296, 151.0, 108.0], "3": [744.28, 188.0, 184.0], "4": [889.7410125751343, 186.42529604073843, 152.0], "5": [848.0401174902848, 185.45550778295126, 136.0], "6": [901.4272413999998, 189.957931, 116.0], "7": [750.3585455, 226.8496364, 220.0], "8": [723.7448276, 188.0, 116.0], "9": [699.5557692000001, 151.0, 104.0], "10": [791.787027, 188.0, 148.0], "11": [802.8814583, 151.0, 192.0], "12": [755.99, 188.0, 156.0], "13": [818.4001695000001, 188.0, 236.0], "14": [744.5935294, 224.0, 136.0], "15": [894.3611110999999, 314.0, 144.0], "16": [894.3611110999999, 314.0, 144.0], "17": [1013.5857689999999, 278.0, 104.0], "18": [826.15275, 351.0, 160.0], "19": [803.640303, 351.0, 132.0], "20": [869.8743478, 351.0, 184.0], "21": [883.2661765, 387.0, 136.0], "22": [933.0188234999999, 387.0, 136.0], "23": [931.7390625, 423.0, 128.0], "24": [931.7390625, 423.0, 128.0], "25": [800.6975, 278.0, 128.0], "26": [779.0548571, 514.0, 140.0], "27": [744.2664865, 514.0, 148.0], "28": [833.4932936234768, 512.2741506572366, 132.0], "29": [848.0401174902848, 512.2741506572366, 108.0], "30": [953.7478787999999, 514.0, 132.0], "31": [836.4026583968384, 548.1563161953629, 220.0], "32": [798.755, 550.0, 208.0], "33": [885.9777193, 550.0, 228.0], "34": [951.8025, 550.0, 224.0], "35": [1017.568485, 550.0, 132.0], "36": [1046.6017140000001, 550.0, 140.0], "37": [1137.082195, 550.0, 164.0], "38": [1190.3753724891656, 550.0958927109374, 104.0], "39": [1177.045745, 550.0, 188.0], "40": [858.052, 586.0, 160.0], "41": [854.4845832999998, 586.0, 192.0], "42": [906.2447917000002, 586.0, 192.0], "43": [1061.535763, 586.0, 236.0], "44": [861.3651786, 659.0, 224.0], "45": [913.0507142999999, 659.0, 168.0], "46": [1058.496731, 659.0, 208.0], "47": [1055.855366, 659.0, 164.0], "48": [1211.453636, 659.0, 352.0], "49": [808.5742857000001, 822.0, 140.0], "50": [818.8824242000001, 857.5, 132.0], "51": [816.098125, 895.0, 128.0], "52": [884.398125, 895.0, 128.0], "53": [820.3844444, 895.0, 432.0], "54": [704.2865789, 151.0, 152.0], "55": [812.2396875, 151.0, 128.0], "56": [751.7468056, 188.0, 288.0], "57": [803.8127586, 188.0, 116.0], "58": [905.0738462000002, 224.0, 156.0], "59": [893.77, 224.0, 112.0], "60": [695.8844897999999, 151.0, 196.0], "61": [802.4089286000001, 188.0, 112.0], "62": [808.3323809999999, 224.0, 336.0], "63": [897.2468966, 188.0, 116.0], "64": [903.5007692, 224.0, 156.0], "65": [775.6297367999999, 224.0, 152.0], "66": [798.3572727000001, 224.0, 132.0], "67": [742.248125, 224.0, 192.0], "68": [737.3846154, 188.0, 104.0], "69": [850.054, 188.0, 140.0], "70": [786.5276, 224.0, 200.0], "71": [744.2647618999999, 188.0, 168.0], "72": [810.2183754365841, 224.24703809443918, 296.0], "73": [864.3695, 224.0, 160.0], "74": [898.3166667000002, 224.0, 240.0], "75": [759.0615094, 278.0, 212.0], "76": [765.6971875, 278.0, 128.0], "77": [765.6971875, 278.0, 128.0], "78": [809.6581818, 278.0, 264.0], "79": [754.8393547999999, 278.0, 124.0], "80": [820.8860462722432, 273.7062392415862, 156.0], "81": [885.0830768999999, 278.0, 156.0], "82": [951.0691489, 278.0, 188.0], "83": [951.0691489, 278.0, 188.0], "84": [1041.413958, 278.0, 192.0], "85": [1096.7604, 278.0, 200.0], "86": [1096.244815, 278.0, 108.0], "87": [1114.189355, 278.0, 124.0], "88": [1114.189355, 278.0, 124.0], "89": [759.433871, 278.0, 124.0], "90": [819.916258014456, 273.7062392415862, 192.0], "91": [942.2566667000001, 278.0, 120.0], "92": [989.4145714, 278.0, 140.0], "93": [1092.331667, 278.0, 120.0], "94": [858.7690196000001, 351.0, 204.0], "95": [858.7690196000001, 351.0, 204.0], "96": [878.2615556, 351.0, 180.0], "97": [864.1366667000001, 314.0, 144.0], "98": [847.9021212000001, 314.0, 132.0], "99": [911.704, 314.0, 140.0], "100": [917.1115152000001, 314.0, 132.0], "101": [888.7712243173471, 351.28929986456194, 228.0], "102": [888.8884615000001, 351.0, 104.0], "103": [773.7985185, 224.0, 108.0], "104": [808.8953061000001, 224.0, 196.0], "105": [814.794717, 351.0, 212.0], "106": [839.1744444, 387.0, 144.0], "107": [862.5869413570928, 384.2621006293267, 176.0], "108": [853.6819697000001, 387.0, 264.0], "109": [838.1113462000001, 387.0, 208.0], "110": [818.0893332999999, 423.0, 180.0], "111": [810.9354286, 423.0, 140.0], "112": [912.9746667000002, 423.0, 180.0], "113": [892.1931034, 423.0, 116.0], "114": [754.3396154, 514.0, 208.0], "115": [823.5832, 514.0, 200.0], "116": [766.1893547999999, 514.0, 124.0], "117": [790.4764444, 550.0, 180.0], "118": [782.7695161, 550.0, 248.0], "119": [827.5275, 550.0, 160.0], "120": [827.5275, 550.0, 160.0], "121": [831.8324242000001, 550.0, 132.0], "122": [794.8681818, 550.0, 132.0], "123": [808.8664865000001, 550.0, 148.0], "124": [870.0775472000001, 550.0, 212.0], "125": [921.8270369999999, 550.0, 108.0], "126": [986.5975, 550.0, 112.0], "127": [1053.398718, 550.0, 156.0], "128": [1007.3420689999999, 550.0, 116.0], "129": [1008.2080000000001, 550.0, 120.0], "130": [1118.872545, 550.0, 220.0], "131": [1154.609778, 550.0, 180.0], "132": [859.3544444, 550.0, 180.0], "133": [852.5058332999998, 586.0, 144.0], "134": [923.2209091, 586.0, 132.0], "135": [915.4644681, 586.0, 188.0], "136": [852.7765517000001, 586.0, 116.0], "137": [1050.471974, 586.0, 304.0], "138": [1099.11619, 586.0, 168.0], "139": [842.2425806, 586.0, 124.0], "140": [818.7519231000001, 623.0, 104.0], "141": [808.9511627999999, 623.0, 172.0], "142": [813.5490909, 623.0, 176.0], "143": [866.6177777999999, 659.0, 108.0], "144": [845.3873973, 550.0, 292.0], "145": [901.2839654999999, 586.0, 232.0], "146": [969.7897727, 586.0, 176.0], "147": [1010.8505710000001, 586.0, 140.0], "148": [1037.5210339999999, 586.0, 116.0], "149": [1055.03963, 586.0, 108.0], "150": [821.6194118, 623.0, 204.0], "151": [809.2106897000001, 623.0, 116.0], "152": [858.6503846, 586.0, 104.0], "153": [837.7492593, 550.0, 108.0], "154": [842.08, 550.0, 108.0], "155": [791.7656603999999, 550.0, 212.0], "156": [791.7656603999999, 550.0, 212.0], "157": [879.4731914999999, 550.0, 188.0], "158": [939.1868421, 550.0, 152.0], "159": [1023.716, 550.0, 140.0], "160": [1030.193243, 550.0, 148.0], "161": [1130.659231, 550.0, 156.0], "162": [1169.712286, 550.0, 140.0], "163": [1215.882727, 550.0, 132.0], "164": [1128.228684, 550.0, 152.0], "165": [1078.3356099999999, 550.0, 164.0], "166": [1075.800625, 550.0, 128.0], "167": [1116.211795, 550.0, 156.0], "168": [1185.596471, 550.0, 136.0], "169": [1192.5512119999999, 550.0, 132.0], "170": [883.5577142999999, 550.0, 140.0], "171": [847.3220455000001, 586.0, 176.0], "172": [907.8086842, 586.0, 152.0], "173": [1036.843529, 586.0, 204.0], "174": [1075.232703, 586.0, 148.0], "175": [1106.8088890000001, 586.0, 108.0], "176": [1059.499, 586.0, 120.0], "177": [886.6257575999999, 586.0, 132.0], "178": [852.3306451999999, 586.0, 124.0], "179": [907.385, 586.0, 136.0], "180": [910.4625, 586.0, 128.0], "181": [1232.983243, 550.0, 148.0], "182": [1232.983243, 550.0, 148.0], "183": [801.1724324, 623.0, 148.0], "184": [800.8848148, 623.0, 108.0], "185": [880.1002325999999, 659.0, 172.0], "186": [816.00125, 731.0, 160.0], "187": [1094.877018, 659.0, 228.0], "188": [761.5756863, 822.0, 204.0], "189": [833.7078125, 822.0, 128.0], "190": [910.1065659886655, 822.6063931491398, 184.0], "191": [913.015930762027, 817.7574518602038, 184.0], "192": [1010.9473810000001, 822.0, 168.0], "193": [1010.9473810000001, 822.0, 168.0], "194": [825.5396875, 895.0, 128.0], "195": [898.0553332999999, 895.0, 120.0], "196": [823.3595349, 895.0, 172.0], "197": [831.586875, 895.0, 128.0], "198": [814.7489473999999, 895.0, 152.0], "199": [829.8925, 895.0, 208.0], "200": [820.0466667000001, 857.5, 240.0], "201": [870.9323529, 857.5, 204.0], "202": [787.7322, 857.5, 200.0], "203": [778.0788571, 822.0, 140.0], "204": [768.9792857000001, 857.5, 224.0], "205": [862.5996875, 857.5, 128.0], "206": [762.1361538, 857.5, 104.0], "207": [828.0122581, 895.0, 124.0], "208": [808.5911364, 895.0, 176.0],