{"1": [686.423235713701, 21.0, 198.0], "2": [663.3443513055166, 21.0, 264.0], "3": [801.128321526639, 21.0, 346.0], "4": [865.2840413772636, 21.0, 282.0], "5": [967.6221222599954, 21.0, 226.0], "6": [1015.3430497292312, 21.0, 469.0], "7": [706.2826637547164, 87.0, 398.0], "8": [706.2826637547164, 87.0, 398.0], "9": [805.4859400970686, 87.0, 290.0], "10": [865.2708143527428, 87.0, 473.0], "11": [863.4406651408344, 87.0, 473.0], "12": [995.2114083982389, 87.0, 175.0], "13": [995.8214581355417, 87.0, 175.0], "14": [1089.749773516659, 87.0, 217.0], "15": [1089.749773516659, 87.0, 217.0], "16": [938.0078130272601, 119.0, 128.0], "17": [938.0078130272601, 119.0, 128.0], "18": [938.0078130272601, 119.0, 128.0], "19": [635.8921131268908, 153.0, 310.0], "20": [636.5021628641935, 155.09207240429598, 310.0], "21": [577.6036306172033, 153.0, 248.0], "22": [677.3423912881474, 153.0, 243.0], "23": [624.3011681181375, 153.0, 562.0], "24": [620.6408696943207, 153.0, 562.0], "25": [729.2297229342189, 153.0, 278.0], "26": [790.1195264410136, 153.0, 169.0], "27": [790.1195264410136, 153.0, 169.0], "28": [986.2587865010076, 153.0, 296.0], "29": [1120.012289508635, 153.0, 358.0], "30": [756.6819611128448, 186.0, 289.0], "31": [728.1298092951297, 186.0, 208.0], "32": [823.7874322161525, 186.0, 340.0], "33": [822.567332741547, 186.0, 340.0], "34": [940.9169817782898, 186.0, 300.0], "35": [1010.0211657718537, 186.0, 189.0], "36": [945.8685178568837, 186.0, 378.0], "37": [988.4413047913583, 186.0, 138.0], "38": [988.6702964958033, 186.0, 303.0], "39": [655.2547257272316, 251.0, 201.0], "40": [655.2547257272316, 251.0, 201.0], "41": [589.4356654942195, 251.0, 143.0], "42": [591.1837380636837, 251.0, 123.0], "43": [757.0993206564813, 251.0, 147.0], "44": [757.0993206564813, 251.0, 147.0], "45": [660.0059766157683, 251.0, 251.0], "46": [660.0059766157683, 251.0, 251.0], "47": [636.2198346964828, 251.0, 121.0], "48": [636.2198346964828, 251.0, 121.0], "49": [797.1341005550333, 251.0, 217.0], "50": [797.1341005550333, 251.0, 217.0], "51": [864.66076461544, 251.4799308981381, 205.0], "52": [865.8808640900456, 251.5, 205.0], "53": [936.8462050358954, 251.0, 145.0], "54": [939.7697664582145, 251.0, 129.0], "55": [939.7697664582145, 251.0, 129.0], "56": [1041.2082059163138, 251.0, 329.0], "57": [706.6578826540153, 285.0, 197.0], "58": [664.5644507801222, 285.0, 260.0], "59": [666.3945999920306, 285.0, 260.0], "60": [665.7845502547278, 285.0, 260.0], "61": [735.1195471500785, 285.0, 220.0], "62": [735.1195471500785, 285.0, 220.0], "63": [809.3956868398229, 285.0, 232.0], "64": [809.3956868398229, 285.0, 232.0], "65": [887.0004904443506, 285.0, 203.0], "66": [887.0004904443506, 285.0, 203.0], "67": [887.0004904443506, 285.0, 203.0], "68": [842.0889243352365, 285.0, 204.0], "69": [842.6989740725393, 285.0, 204.0], "70": [952.5393932962987, 285.0, 132.0], "71": [1006.802353406992, 285.0, 377.0], "72": [1004.3621544577808, 285.0, 377.0], "73": [1008.6325026189004, 285.03266644979203, 377.0], "74": [1045.721825788637, 285.0, 449.0], "75": [1045.721825788637, 285.0, 449.0], "76": [634.8745650779788, 318.0, 173.0], "77": [634.8745650779788, 318.0, 173.0], "78": [645.63805594281, 318.0, 226.0], "79": [645.63805594281, 318.0, 226.0], "80": [601.729327837934, 318.0, 262.0], "81": [674.325246576967, 318.0, 217.0], "82": [673.1051471023613, 318.0, 217.0], "83": [722.519175823888, 318.0, 239.0], "84": [722.519175823888, 318.0, 239.0], "85": [722.519175823888, 318.0, 239.0], "86": [792.4825431455266, 318.0, 126.0], "87": [792.4825431455266, 318.0, 126.0], "88": [993.3105465893286, 318.0, 237.0], "89": [1078.1781726714194, 318.0, 406.0], "90": [1078.788222408722, 317.9753522641431, 406.0], "91": [1158.094688258086, 318.0, 488.0], "92": [761.4834429257769, 351.0, 151.0], "93": [716.2181290449842, 351.0, 171.0], "94": [836.5984766995114, 351.0, 266.0], "95": [944.364687232016, 351.0, 354.0], "96": [1038.5249397467376, 351.0, 459.0], "97": [631.0117152284682, 417.0, 266.0], "98": [599.6494288022287, 417.0, 263.0], "99": [688.3563905349313, 417.0, 201.0], "100": [685.3061418484174, 417.0, 201.0], "101": [687.7463407976286, 417.0, 201.0], "102": [754.9668274581799, 417.0, 208.0], "103": [754.9668274581799, 417.0, 208.0], "104": [824.5262514573856, 417.0, 221.0], "105": [824.5262514573856, 417.0, 221.0], "106": [944.6030979343776, 417.0, 129.0], "107": [1079.705154305075, 417.0, 194.0], "108": [1036.0847407975261, 417.0, 195.0], "109": [1035.4746910602234, 417.0, 195.0], "110": [1035.4746910602234, 417.0, 195.0], "111": [1144.5770890197055, 417.0, 323.0], "112": [635.8921131268906, 450.0, 147.0], "113": [715.0435053754533, 450.0, 177.0], "114": [715.0435053754533, 450.0, 177.0], "115": [810.5680548618295, 450.0, 432.0], "116": [810.5680548618295, 450.0, 432.0], "117": [895.1632514805799, 450.0, 327.0], "118": [893.9431520059743, 450.35614525885046, 327.0], "119": [985.2783781650605, 450.0, 259.0], "120": [985.2783781650605, 450.0, 259.0], "121": [1061.096780026941, 450.0, 357.0], "122": [656.0516844016349, 483.0, 178.0], "123": [656.0516844016349, 483.0, 178.0], "124": [632.8418644403766, 483.0, 223.0], "125": [632.8418644403766, 483.0, 223.0], "126": [703.9241618276101, 483.0, 149.0], "127": [703.9241618276101, 483.0, 149.0], "128": [766.4427569096895, 483.0, 242.0], "129": [765.8327071723867, 483.0, 242.0], "130": [764.0025579604783, 483.0, 242.0], "131": [840.0954834829738, 483.0, 155.0], "132": [840.0954834829738, 483.0, 155.0], "133": [927.4958875576282, 483.0, 273.0], "134": [928.7159870322338, 483.0, 273.0], "135": [1021.4716275839469, 483.0, 289.0], "136": [1102.7664669844423, 483.0, 334.0], "137": [1102.7664669844423, 483.0, 334.0], "138": [670.1151341832687, 516.0, 185.0], "139": [654.1936052459746, 516.0, 188.0], "140": [756.9238759422774, 516.0, 289.0], "141": [853.774615283722, 516.0, 390.0], "142": [989.1476389126752, 516.0, 233.0], "143": [989.1476389126752, 516.0, 233.0], "144": [1073.297774772997, 516.0, 373.0], "145": [633.2864312390086, 582.0, 199.0], "146": [633.06892091224, 582.0, 222.0], "147": [732.4576930136973, 582.0, 260.0], "148": [807.316089308977, 582.0, 174.0], "149": [803.0457411478574, 582.0, 107.0], "150": [974.6843740119067, 582.0, 224.0], "151": [947.6275288886205, 582.0, 137.0], "152": [947.6275288886205, 582.0, 137.0], "153": [1107.1896922228873, 582.0, 427.0], "154": [758.5121103247532, 615.0, 687.0], "155": [865.7579317510562, 615.0, 252.0], "156": [977.8120005505419, 615.0, 175.0], "157": [642.6026602372215, 648.0, 207.0], "158": [697.4575758646796, 648.0, 165.0], "159": [697.4575758646796, 648.0, 165.0], "160": [817.7106673776706, 648.0, 300.0], "161": [817.7106673776706, 648.0, 300.0], "162": [878.5775290632876, 648.0, 178.0], "163": [980.6951000917605, 648.0, 102.0], "164": [980.6951000917605, 648.0, 102.0], "165": [607.0007468157465, 681.0, 134.0], "166": [853.6330141266872, 681.0, 209.0], "167": [1059.3383342081518, 681.0, 240.0], "168": [1001.3119057712668, 681.0, 181.0], "169": [1115.5300360888398, 681.0, 273.0], "170": [1115.5300360888398, 681.0, 273.0], "171": [675.6219502264415, 747.0, 123.0], "172": [675.6219502264415, 747.0, 123.0], "173": [842.9582102572383, 747.0, 134.0], "174": [953.3232065169641, 747.0, 237.0], "175": [679.0164577432718, 780.0, 237.0], "176": [679.0164577432718, 780.0, 237.0], "177": [635.1464054905931, 780.0, 153.0], "178": [635.1464054905931, 780.0, 153.0], "179": [644.3560334861332, 780.0, 116.0], "180": [735.5083955405626, 780.0, 262.0], "181": [820.7371835296385, 780.0, 258.0], "182": [950.6777775751345, 780.0, 229.0], "183": [948.8476283632261, 780.0, 229.0], "184": [999.6165379043972, 780.0, 260.0], "185": [999.6165379043972, 780.0, 260.0], "186": [1064.3019521506237, 780.0, 205.0], "187": [677.7210532967612, 813.0, 114.0], "188": [627.3514168046515, 813.0, 331.0], "189": [626.1313173300459, 813.0, 331.0], "190": [751.652000415271, 813.0, 200.0], "191": [751.652000415271, 813.0, 200.0],