{"1" : [957.1, 540.3, 404.50555783782625], "3" : [961.9, 538.5, 10.505557837826231], "5" : [986.2, 541.5, 99.50555783782623], "7" : [987.1, 546.4, 165.50555783782622], "9" : [899.3, 454.0, 167.50555783782622], "11" : [899.2, 444.5, 33.50555783782623], "13" : [1074.3, 438.1, 226.50555783782622], "15" : [1067.4, 442.4, 10.505557837826231], "17" : [1041.1, 448.5, 219.50555783782622], "19" : [1041.7, 459.7, 22.50555783782623], "21" : [981.8, 557.5, 76.50555783782623], "23" : [982.2, 565.0, 145.50555783782622], "25" : [-137.7, 680.5, 99.50555783782623], "27" : [-148.5, 692.4, 201.50555783782622], "29" : [-161.9, 718.0, 23.50555783782623], "31" : [-163.1, 719.9, 51.50555783782623], "33" : [24.5, 809.5, 44.50555783782623], "35" : [31.4, 808.2, 204.50555783782622], "37" : [1010.2, 542.2, 145.50555783782622], "39" : [1011.6, 543.4, 19.50555783782623], "41" : [952.7, 585.7, 216.50555783782622]}