{"1" : [1024.2, 438.1, 61.68654714887371], "3" : [941.8, 508.0, 421.68654714887373], "5" : [941.4, 498.9, 691.6865471488737], "7" : [1187.5, 476.4, 63.6865471488737], "9" : [1191.8, 484.7, 47.68654714887371], "11" : [1575.8, 374.6, 258.68654714887373], "13" : [1562.3, 375.6, 99.68654714887371], "15" : [977.5, 507.6, 123.68654714887371], "17" : [990.2, 500.3, 37.68654714887371], "19" : [758.4, 463.4, 336.68654714887373], "21" : [804.1, 494.5, 8.686547148873709], "23" : [799.3, 489.3, 155.6865471488737], "25" : [816.5, 477.1, 30.686547148873707], "27" : [1035.2, 487.8, 343.68654714887373], "29" : [1025.3, 507.4, 39.68654714887371], "31" : [717.0, 494.0, 182.6865471488737], "33" : [718.2, 495.2, 15.68654714887371], "35" : [679.3, 511.2, 228.6865471488737], "37" : [693.4, 504.4, 11.686547148873709], "39" : [751.9, 513.1, 212.6865471488737], "41" : [758.0, 519.6, 41.68654714887371], "43" : [1054.7, 538.8, 184.6865471488737], "45" : [1042.1, 536.4, 12.686547148873709], "47" : [1120.5, 529.2, 63.6865471488737], "49" : [1123.7, 514.9, 14.686547148873709], "51" : [1120.8, 525.3, 143.6865471488737], "53" : [1122.4, 530.6, 20.686547148873707], "55" : [1204.3, 519.1, 394.68654714887373], "57" : [1211.3, 510.6, 40.68654714887371], "59" : [944.1, 576.3, 190.6865471488737], "61" : [936.0, 576.6, 11.686547148873709], "63" : [894.4, 573.9, 153.6865471488737], "65" : [897.9, 576.3, 338.68654714887373], "67" : [933.8, 504.2, 156.6865471488737], "69" : [929.2, 537.3, 9.686547148873709], "71" : [918.7, 594.0, 272.68654714887373], "73" : [925.7, 581.2, 54.68654714887371]}