{"1" : [1241.3, 489.9, 48.22277349484854], "3" : [1240.0, 470.3, 19.22277349484854], "5" : [1209.0, 494.0, 150.22277349484852], "7" : [1204.8, 492.8, 37.22277349484854], "9" : [913.3, 500.0, 244.22277349484852], "11" : [904.4, 502.0, 21.22277349484854], "13" : [809.1, 505.5, 64.22277349484854], "15" : [954.5, 570.5, 251.2227734948485], "17" : [955.9, 570.1, 17.22277349484854], "19" : [1008.3, 547.7, 276.2227734948485], "21" : [1004.7, 548.2, 39.22277349484854], "23" : [758.3, 548.6, 136.22277349484852], "25" : [757.3, 552.6, 25.22277349484854], "27" : [629.1, 571.8, 178.22277349484852], "29" : [624.8, 571.4, 12.222773494848537], "31" : [589.5, 579.9, 157.22277349484852], "33" : [590.8, 578.7, 32.22277349484854], "35" : [850.6, 563.8, 164.22277349484852], "37" : [852.5, 564.4, 27.22277349484854], "39" : [1028.0, 544.9, 235.22277349484852], "41" : [1033.8, 536.7, 20.22277349484854], "43" : [1142.5, 517.2, 186.22277349484852], "45" : [1137.1, 515.0, 17.22277349484854], "47" : [1070.9, 522.6, 127.22277349484854], "49" : [1068.2, 527.0, 35.22277349484854], "51" : [1297.6, 525.7, 205.22277349484852], "53" : [1297.1, 524.9, 61.22277349484854], "55" : [697.9, 570.6, 228.22277349484852], "57" : [692.3, 570.2, 10.222773494848537], "59" : [665.5, 569.0, 167.22277349484852], "61" : [666.0, 568.7, 41.22277349484854], "63" : [1002.2, 551.7, 219.22277349484852], "65" : [1002.5, 547.8, 23.22277349484854]}