{"1" : [1147.0, 510.6, 30.01503696720058], "3" : [957.5, 507.1, 306.01503696720056], "5" : [956.9, 509.6, 43.01503696720058], "7" : [1290.6, 495.4, 256.01503696720056], "9" : [1292.2, 497.0, 20.01503696720058], "11" : [1196.8, 495.5, 146.0150369672006], "13" : [972.2, 538.3, 558.0150369672006], "15" : [969.1, 541.4, 24.01503696720058], "17" : [873.9, 452.6, 250.01503696720056], "19" : [869.6, 452.6, 11.015036967200578], "21" : [838.2, 448.4, 157.0150369672006], "23" : [837.8, 453.1, 33.01503696720058], "25" : [1017.5, 448.2, 254.01503696720056], "27" : [1020.5, 445.6, 21.01503696720058], "29" : [922.7, 448.2, 291.01503696720056], "31" : [906.5, 459.7, 25.01503696720058], "33" : [1033.9, 454.4, 68.01503696720057], "35" : [1031.7, 455.4, 189.0150369672006], "37" : [897.2, 487.2, 167.0150369672006], "39" : [900.1, 499.1, 23.01503696720058], "41" : [832.6, 482.3, 233.0150369672006], "43" : [830.2, 486.9, 27.01503696720058], "45" : [955.1, 553.1, 368.01503696720056]}