{"1" : [723.0348818813504, 30.605232077910564, 172.0], "3" : [784.2019865920311, 23.125827044560427, 151.0], "5" : [923.6552308188617, 24.967441280460267, 172.0], "7" : [645.6673478900801, 113.61224758748963, 147.0], "9" : [645.6673478900801, 113.61224758748963, 147.0], "11" : [645.4117646223353, 103.42450852988608, 102.0], "13" : [645.4117646223353, 103.42450852988608, 102.0], "15" : [701.9886140615145, 93.81584274237068, 202.0], "17" : [701.9886140615145, 93.81584274237068, 202.0], "19" : [701.9886140615145, 93.81584274237068, 202.0], "21" : [727.9605853456046, 96.42846798347729, 137.0], "23" : [727.9605853456046, 96.42846798347729, 137.0], "25" : [875.5187888036231, 83.13248399010584, 314.0], "27" : [1011.3369982781011, 67.1388782044279, 373.0], "29" : [1050.3468097492407, 66.03262853229214, 141.0], "31" : [1050.3468097492407, 66.03262853229214, 141.0], "33" : [663.8910532005044, 111.89263278064102, 190.0], "35" : [723.5141090184076, 117.57300864490851, 163.0], "37" : [843.3920636628949, 119.09523797896874, 252.0], "39" : [904.1218897426218, 94.51442874702389, 201.0], "41" : [904.1218897426218, 94.51442874702389, 201.0], "43" : [973.8888888460856, 93.98357658767512, 207.0], "45" : [973.8888888460856, 93.98357658767512, 207.0], "47" : [1045.2841544947114, 91.34753735806711, 284.0], "49" : [1045.2841544947114, 91.34753735806711, 284.0], "51" : [610.1475320423272, 135.33518413381688, 162.0], "53" : [610.1475320423272, 135.33518413381688, 162.0], "55" : [614.2220929854469, 138.56743801953655, 86.0], "57" : [614.2220929854469, 138.56743801953655, 86.0], "59" : [655.284880406462, 137.37267178892682, 172.0], "61" : [698.9833340321911, 134.41842027041858, 114.0], "63" : [698.9833340321911, 134.41842027041858, 114.0], "65" : [781.6961524871834, 124.04154092232075, 260.0], "67" : [721.0928098236349, 133.0326772255437, 153.0], "69" : [721.0928098236349, 133.0326772255437, 153.0], "71" : [670.0106736964825, 138.25392929177886, 178.0], "73" : [670.0106736964825, 138.25392929177886, 178.0], "75" : [786.1830970057251, 118.71936739881968, 284.0], "77" : [786.1830970057251, 118.71936739881968, 284.0], "79" : [782.2870954296712, 121.80806551531266, 62.0], "81" : [843.4674616249308, 133.87063466746557, 126.0], "83" : [843.4674616249308, 133.87063466746557, 126.0], "85" : [954.2969478301898, 123.49389491553244, 262.0], "87" : [954.2969478301898, 123.49389491553244, 262.0], "89" : [1097.72850732665, 153.21674162052028, 221.0], "91" : [1097.72850732665, 153.21674162052028, 221.0], "93" : [1085.4576922863082, 143.73307392956048, 130.0], "95" : [773.3595615439951, 182.26748914221918, 366.0], "97" : [943.7476783787291, 190.33774795480105, 151.0], "99" : [864.7090917198794, 185.02792261457498, 154.0], "101" : [944.1815645998057, 188.5917044219553, 217.0], "103" : [779.1783391893099, 179.99355078484498, 217.0], "105" : [794.4810475827093, 181.4614393506246, 153.0], "107" : [664.10581523742, 258.58410853598355, 258.0], "109" : [664.10581523742, 258.58410853598355, 258.0], "111" : [665.1086195323151, 272.7155124217226, 58.0], "113" : [855.0655889574848, 239.21505345378608, 93.0], "115" : [857.0851831933142, 246.36913649113606, 81.0], "117" : [869.2630256059618, 245.556723088135, 238.0], "119" : [929.27282369045, 229.4601581018052, 379.0], "121" : [1031.4482728648134, 233.62672409387625, 232.0], "123" : [649.294797756153, 291.13988637203, 173.0], "125" : [649.294797756153, 291.13988637203, 173.0], "127" : [790.9349333729933, 277.1240195583223, 229.0], "129" : [794.2339319204511, 277.8000021295783, 56.0], "131" : [873.7883340172058, 263.91000040689073, 60.0], "133" : [873.7883340172058, 263.91000040689073, 60.0], "135" : [873.6775362258356, 266.3318851452555, 138.0], "137" : [873.6775362258356, 266.3318851452555, 138.0], "139" : [906.4917815414319, 274.1219196460454, 73.0], "141" : [907.0962971960466, 274.5537062601564, 54.0], "143" : [1013.7652037675886, 283.9615357981949, 273.0], "145" : [1034.261750643389, 285.57131270693355, 251.0], "147" : [603.7114115621405, 316.7826072661738, 184.0], "149" : [606.0179120323182, 321.8850762788442, 67.0], "151" : [681.4702825911398, 322.01037829617684, 212.0], "153" : [839.9986906057932, 301.22576295915036, 229.0], "155" : [937.4355279243446, 306.50197288177566, 152.0], "157" : [935.9218760617671, 310.0406229045626, 64.0], "159" : [971.0256714520885, 305.87567166536024, 74.0], "161" : [971.5725781412144, 307.17661049918684, 124.0], "163" : [1000.320736335491, 299.96590052413575, 217.0], "165" : [1000.320736335491, 299.96590052413575, 217.0], "167" : [1095.339631376209, 301.45575955089225, 217.0], "169" : [992.3820666072035, 294.32275946785006, 290.0], "171" : [992.3820666072035, 294.32275946785006, 290.0], "173" : [992.3820666072035, 294.32275946785006, 290.0], "175" : [1078.214517099777, 299.2919377992093, 124.0], "177" : [1078.214517099777, 299.2919377992093, 124.0], "179" : [674.2068409763206, 365.02578986141316, 190.0], "181" : [783.823575210488, 365.4577237409383, 123.0], "183" : [785.1702691799477, 348.981621389017, 185.0], "185" : [887.0171536765589, 343.069875128056, 239.0], "187" : [1004.7061174290488, 319.2180441582021, 327.0], "189" : [998.116362210486, 316.90545123763565, 55.0], "191" : [675.8480271915296, 414.25460458427364, 152.0], "193" : [675.8480271915296, 414.25460458427364, 152.0], "195" : [620.6885825430154, 405.47031884783536, 219.0], "197" : [694.8947782670132, 406.96546187832985, 249.0], "199" : [755.7182756173275, 403.55786728377745, 197.0], "201" : [882.3496334902653, 366.5598558286823, 137.0], "203" : [704.4304051254139, 431.54256874193345, 296.0], "205" : [704.4304051254139, 431.54256874193345, 296.0], "207" : [704.4304051254139, 431.54256874193345, 296.0], "209" : [680.6710848258522, 427.7084354789433, 166.0], "211" : [680.6710848258522, 427.7084354789433, 166.0], "213" : [680.6710848258522, 427.7084354789433, 166.0], "215" : [724.4743994058738, 434.0336016916137, 125.0], "217" : [848.4098707369513, 421.4609453815236, 233.0], "219" : [894.5176970071448, 413.8432100527904, 243.0], "221" : [894.5176970071448, 413.8432100527904, 243.0], "223" : [950.7228548894414, 433.9657155350776, 70.0], "225" : [955.7019617130344, 435.2862725215288, 102.0], "227" : [1016.1165256474868, 435.7504224238389, 236.0], "229" : [1071.9725699726077, 410.38256930727295, 350.0], "231" : [555.2117666477068, 487.2490195648013, 51.0], "233" : [565.0853122228477, 489.9937847304617, 177.0], "235" : [628.3381380899342, 458.7390698316694, 215.0], "237" : [628.3381380899342, 458.7390698316694, 215.0], "239" : [700.049999898899, 462.1571408438008, 196.0], "241" : [700.049999898899, 462.1571408438008, 196.0], "243" : [761.5139091933188, 469.68145636519347, 151.0], "245" : [761.2280378501227, 470.3626152037221, 107.0], "247" : [830.9484387957567, 451.4375014628336, 128.0], "249" : [895.8837212094801, 471.61337050170226, 172.0], "251" : [991.6666651163, 461.38361350817814, 177.0], "253" : [991.6666651163, 461.38361350817814, 177.0], "255" : [991.6666651163, 461.38361350817814, 177.0], "257" : [991.6666651163, 461.38361350817814, 177.0], "259" : [969.0850424988648, 467.82990689217485, 107.0], "261" : [1074.838752099593, 453.9718766402635, 160.0], "263" : [712.3029162709978, 513.7592241134005, 103.0], "265" : [712.3029162709978, 513.7592241134005, 103.0], "267" : [717.4626863988525, 514.3087048911425, 402.0], "269" : [717.4626863988525, 514.3087048911425, 402.0], "271" : [673.2685076571073, 516.0237539182496, 181.0], "273" : [702.3538467488037, 515.6038445781713, 52.0], "275" : [702.0675915755935, 518.4731473858019, 108.0], "277" : [843.1510878256848, 488.0005442614946, 184.0], "279" : [843.1510878256848, 488.0005442614946, 184.0], "281" : [843.1510878256848, 488.0005442614946, 184.0], "283" : [843.3137511117986, 484.8862477495724, 80.0], "285" : [1030.4753290839772, 511.21365628327754, 227.0], "287" : [1026.2280003362723, 506.7529987033805, 100.0], "289" : [1072.699746021251, 414.5984738540399, 393.0],