{"1" : [657.8346779885596, 99.05403329092216, 124.0], "3" : [707.6785730811662, 11.408927816577792, 56.0], "5" : [714.8181865152427, 5.001297974764638, 77.0], "7" : [709.4995014373831, 11.86482486495235, 199.0], "9" : [756.0947880365848, 10.658632786271577, 307.0], "11" : [860.069999793524, 9.206665697756941, 90.0], "13" : [837.3317303920439, 24.694231717457143, 104.0], "15" : [837.7124017427726, 29.806974356180053, 129.0], "17" : [888.1333320145856, 3.6829634931843565, 135.0], "19" : [888.1333320145856, 3.6829634931843565, 135.0], "21" : [683.9565232301227, 104.8521723657849, 69.0], "23" : [691.2788227314103, 93.9729428535571, 85.0], "25" : [691.2788227314103, 93.9729428535571, 85.0], "27" : [634.7338707808836, 87.41088790002117, 248.0], "29" : [675.0261245721166, 77.28108407789323, 111.0], "31" : [679.3695128629988, 78.52805036045116, 82.0], "33" : [679.3695128629988, 78.52805036045116, 82.0], "35" : [813.8464125807075, 74.87956029059916, 181.0], "37" : [803.0890109275932, 61.52087828984178, 91.0], "39" : [904.753659714319, 60.78658509551139, 82.0], "41" : [901.8770839944841, 61.93802035892788, 192.0], "43" : [910.2025540358298, 63.03138708379233, 274.0], "45" : [982.6835292553209, 89.76529473197775, 170.0], "47" : [978.5896579146993, 91.96724103301061, 58.0], "49" : [978.5896579146993, 91.96724103301061, 58.0], "51" : [1015.2059991805285, 79.52300137286234, 100.0], "53" : [548.0153862582085, 166.46615251557446, 65.0], "55" : [556.5077928156867, 164.21558214526053, 77.0], "57" : [589.7950436254038, 164.30585511468323, 222.0], "59" : [652.0300739275574, 147.681952612877, 133.0], "61" : [657.6199996353711, 157.23913100893668, 115.0], "63" : [725.5420291763938, 135.79130339659199, 69.0], "65" : [725.5420291763938, 135.79130339659199, 69.0], "67" : [725.2613440244983, 123.9718487261323, 238.0], "69" : [787.2134001639678, 117.72061844648233, 194.0], "71" : [787.2134001639678, 117.72061844648233, 194.0], "73" : [845.4216212528669, 100.19684751151827, 222.0], "75" : [845.4216212528669, 100.19684751151827, 222.0], "77" : [845.4216212528669, 100.19684751151827, 222.0], "79" : [893.9759041627303, 65.40361439906414, 166.0], "81" : [950.750940326055, 110.0518903334085, 106.0], "83" : [996.7287863438777, 132.4929279166421, 198.0], "85" : [996.7287863438777, 132.4929279166421, 198.0], "87" : [1044.2826950006279, 118.92500139731203, 52.0], "89" : [1043.9157570326147, 122.04000112398552, 165.0], "91" : [1074.565518066218, 133.32011477487475, 174.0], "93" : [1074.565518066218, 133.32011477487475, 174.0], "95" : [1122.2259261809054, 128.5342591982907, 108.0], "97" : [761.8676465018524, 170.77058898585946, 68.0], "99" : [765.7223892491772, 161.7731320084326, 67.0], "101" : [765.7223892491772, 161.7731320084326, 67.0], "103" : [714.0065972018864, 151.89560475431358, 91.0], "105" : [788.7427336148176, 189.9641026247726, 117.0], "107" : [787.1306622577498, 182.53600147310917, 75.0], "109" : [844.979032992111, 161.43709496775452, 186.0], "111" : [844.979032992111, 161.43709496775452, 186.0], "113" : [928.1885234322925, 184.6032790556809, 183.0], "115" : [927.9863312469259, 194.46978532612783, 139.0], "117" : [644.5300021038744, 278.73099898135706, 100.0], "119" : [615.382999068182, 280.78699856782345, 100.0], "121" : [660.9136377865398, 265.94480487095836, 154.0], "123" : [660.9136377865398, 265.94480487095836, 154.0], "125" : [665.9154757824961, 265.2928582077913, 84.0], "127" : [665.9154757824961, 265.2928582077913, 84.0], "129" : [743.6453973648696, 263.25398625574695, 163.0], "131" : [743.6453973648696, 263.25398625574695, 163.0], "133" : [743.6453973648696, 263.25398625574695, 163.0], "135" : [748.8817087625717, 268.40243774722194, 82.0], "137" : [845.3456380579655, 261.74429483558544, 149.0], "139" : [845.3456380579655, 261.74429483558544, 149.0], "141" : [829.3575767577245, 255.4121225134936, 165.0], "143" : [1050.803529319849, 272.4482362982529, 170.0], "145" : [646.5230810285155, 306.9015388855101, 65.0], "147" : [648.82524536069, 305.28446472916073, 103.0], "149" : [687.4963430553231, 291.0792693459504, 82.0], "151" : [687.4963430553231, 291.0792693459504, 82.0], "153" : [777.8333342507642, 347.02745156643726, 51.0], "155" : [775.5747576074054, 332.59805986218134, 103.0], "157" : [775.5747576074054, 332.59805986218134, 103.0], "159" : [770.1509798831545, 324.9137261234546, 102.0], "161" : [770.1509798831545, 324.9137261234546, 102.0], "163" : [804.8444464597663, 299.8266671612939, 135.0], "165" : [804.8444464597663, 299.8266671612939, 135.0], "167" : [802.811691678262, 296.00779458383363, 77.0], "169" : [802.811691678262, 296.00779458383363, 77.0], "171" : [886.9508665186692, 290.30635813045774, 173.0], "173" : [886.9508665186692, 290.30635813045774, 173.0], "175" : [879.074117917468, 287.614117281722, 85.0], "177" : [926.5890627237637, 280.7937484774267, 192.0], "179" : [591.5771087626641, 390.32529976568026, 83.0], "181" : [569.2574978532157, 390.10375010041633, 80.0], "183" : [582.8082703403519, 324.92631556849796, 133.0], "185" : [602.395196247878, 316.36157201908145, 229.0], "187" : [659.1686587020218, 335.07164311561974, 268.0], "189" : [659.1686587020218, 335.07164311561974, 268.0], "191" : [723.3805530499656, 318.9842604466016, 108.0], "193" : [723.6645995700482, 309.87699040452634, 226.0], "195" : [756.1590236293763, 318.26390971580474, 266.0], "197" : [869.3902990323518, 332.8000010023772, 134.0], "199" : [869.3902990323518, 332.8000010023772, 134.0], "201" : [854.4805516228589, 330.6927774269492, 180.0], "203" : [854.4805516228589, 330.6927774269492, 180.0], "205" : [854.4805516228589, 330.6927774269492, 180.0], "207" : [934.5281239530348, 297.09732372833525, 224.0], "209" : [934.5281239530348, 297.09732372833525, 224.0], "211" : [1011.1642278937998, 326.6032526970091, 123.0], "213" : [1011.1642278937998, 326.6032526970091, 123.0], "215" : [1015.2666645581847, 333.041666232464, 60.0], "217" : [1015.2666645581847, 333.041666232464, 60.0], "219" : [1015.2666645581847, 333.041666232464, 60.0], "221" : [1082.6612876066056, 316.332258979488, 62.0], "223" : [1087.5496580344616, 313.96206811248027, 145.0], "225" : [695.2866695464943, 356.988001108773, 75.0], "227" : [699.9351850376368, 356.14259242661745, 54.0], "229" : [735.265459434641, 362.4218199567839, 55.0], "231" : [738.3441358720656, 363.0905034103034, 179.0], "233" : [989.8276591414477, 395.35673906436136, 141.0], "235" : [989.8276591414477, 395.35673906436136, 141.0], "237" : [654.6361082188346, 446.83749683826585, 72.0], "239" : [602.6990205380881, 456.74706138845403, 102.0], "241" : [602.6990205380881, 456.74706138845403, 102.0], "243" : [608.9180859475073, 455.56702220687885, 94.0], "245" : [608.9180859475073, 455.56702220687885, 94.0], "247" : [795.2753610265823, 495.9855077178497, 69.0], "249" : [795.2753610265823, 495.9855077178497, 69.0], "251" : [795.2753610265823, 495.9855077178497, 69.0], "253" : [795.255557993366, 470.75555599344, 72.0], "255" : [769.0166677198415, 466.3355523809077, 180.0], "257" : [896.549701666435, 457.14371548463834, 167.0], "259" : [896.549701666435, 457.14371548463834, 167.0], "261" : [875.7951617178057, 448.1967727162701, 62.0], "263" : [931.5275282887603, 463.2898849012861, 178.0], "265" : [931.5275282887603, 463.2898849012861, 178.0], "267" : [963.7104467309512, 444.0432837725839, 67.0], "269" : [653.0014707033669, 500.7860300651777, 136.0], "271" : [647.3088021785247, 498.27679831892885, 125.0], "273" : [647.3088021785247, 498.27679831892885, 125.0], "275" : [700.2189645439273, 513.162068163189, 58.0], "277" : [698.7065928405755, 515.5725263358556, 91.0], "279" : [700.1261687323228, 520.0700899790971, 107.0], "281" : [775.171975155856, 510.42929890706716, 314.0], "283" : [909.8891189114389, 516.3367853764825, 193.0], "285" : [1036.0826549694596, 495.69795893136427, 98.0], "287" : [1036.0826549694596, 495.69795893136427, 98.0], "289" : [1034.0428564893639, 489.63928468076216, 84.0], "291" : [1034.0428564893639, 489.63928468076216, 84.0],