{"1" : [735.1145943008358, 86.15838090383045, 185.0], "3" : [664.1554761111339, 99.08394188363464, 137.0], "5" : [664.1554761111339, 99.08394188363464, 137.0], "7" : [663.4114961105348, 103.40804465760534, 87.0], "9" : [716.1243747715804, 98.18437581305119, 160.0], "11" : [716.1243747715804, 98.18437581305119, 160.0], "13" : [831.2128184018381, 116.12179452015039, 78.0], "15" : [885.4693993557121, 99.36417914356694, 134.0], "17" : [885.4693993557121, 99.36417914356694, 134.0], "19" : [758.2405942622637, 106.19405756360138, 101.0], "21" : [869.3876298468608, 115.92577249499952, 97.0], "23" : [906.8826594934872, 124.9150306141211, 173.0], "25" : [906.8826594934872, 124.9150306141211, 173.0], "27" : [994.9245268834032, 117.76226425250577, 106.0], "29" : [996.4372711190932, 113.88181547819502, 110.0], "31" : [1046.3420288211958, 91.52681179416268, 138.0], "33" : [1046.3420288211958, 91.52681179416268, 138.0], "35" : [1046.3420288211958, 91.52681179416268, 138.0], "37" : [707.0234178306351, 155.31867001551856, 316.0], "39" : [823.6439317018729, 147.94205766526503, 107.0], "41" : [825.2217437577837, 159.42753487731852, 69.0], "43" : [825.2217437577837, 159.42753487731852, 69.0], "45" : [825.2217437577837, 159.42753487731852, 69.0], "47" : [891.0526787964659, 155.28482107205136, 224.0], "49" : [980.5034284524143, 135.67142989261941, 175.0], "51" : [980.5034284524143, 135.67142989261941, 175.0], "53" : [1019.2823525511208, 136.95352763743057, 170.0], "55" : [1019.2823525511208, 136.95352763743057, 170.0], "57" : [756.2729880147801, 159.03850574501598, 174.0], "59" : [756.2729880147801, 159.03850574501598, 174.0], "61" : [810.4386043133281, 157.48744139185013, 215.0], "63" : [697.1159723405162, 157.368056939448, 144.0], "65" : [984.200948199854, 172.1976291577862, 211.0], "67" : [893.8925501578713, 172.60061912455924, 161.0], "69" : [893.8925501578713, 172.60061912455924, 161.0], "71" : [1002.6448272470391, 168.0948327388387, 58.0], "73" : [1002.6448272470391, 168.0948327388387, 58.0], "75" : [1095.8752813887033, 162.20729916414973, 178.0], "77" : [1095.8752813887033, 162.20729916414973, 178.0], "79" : [924.3488633389359, 190.73863612398478, 88.0], "81" : [924.3488633389359, 190.73863612398478, 88.0], "83" : [684.7614612676916, 233.2312498947831, 96.0], "85" : [684.7614612676916, 233.2312498947831, 96.0], "87" : [754.2487190730785, 236.90769051350316, 78.0], "89" : [754.2487190730785, 236.90769051350316, 78.0], "91" : [804.077093322212, 233.86123268400272, 227.0], "93" : [685.1451234622804, 228.247561902624, 82.0], "95" : [685.1451234622804, 228.247561902624, 82.0], "97" : [885.3106771905594, 244.38301130690687, 206.0], "99" : [885.3106771905594, 244.38301130690687, 206.0], "101" : [989.6022971758699, 232.75172303509325, 87.0], "103" : [989.6022971758699, 232.75172303509325, 87.0], "105" : [991.966665566452, 225.12345703838773, 81.0], "107" : [991.966665566452, 225.12345703838773, 81.0], "109" : [723.7961670266714, 235.1934848000269, 261.0], "111" : [839.7144566734108, 242.95301052669106, 83.0], "113" : [933.8535569421972, 237.1222734708449, 211.0], "115" : [1021.9394240638638, 248.30769334145154, 104.0], "117" : [1028.5822249201228, 248.87407641444577, 135.0], "119" : [1066.4970210859378, 253.50535857621097, 168.0], "121" : [690.6012994971195, 260.6844189457415, 77.0], "123" : [690.6012994971195, 260.6844189457415, 77.0], "125" : [786.5813513414006, 259.842374907943, 59.0], "127" : [786.5813513414006, 259.842374907943, 59.0], "129" : [887.1885984935113, 262.71403498629536, 114.0], "131" : [887.1885984935113, 262.71403498629536, 114.0], "133" : [887.1885984935113, 262.71403498629536, 114.0], "135" : [985.0067673419086, 279.2436082452243, 133.0], "137" : [775.2652157184023, 323.69130465045373, 207.0], "139" : [775.2652157184023, 323.69130465045373, 207.0], "141" : [953.3532254042321, 330.3129027709373, 62.0], "143" : [953.3532254042321, 330.3129027709373, 62.0], "145" : [953.3532254042321, 330.3129027709373, 62.0], "147" : [845.99473808775, 364.8714293685679, 133.0], "149" : [738.5495395372337, 411.27777528617077, 216.0], "151" : [802.4501820611446, 413.3258176605973, 275.0], "153" : [880.869467712302, 417.051909360035, 131.0], "155" : [691.1992655962789, 414.87830824878284, 272.0], "157" : [631.097321199706, 440.08169607266547, 224.0], "159" : [744.5313180242049, 454.103298061458, 182.0], "161" : [926.4504582370132, 452.09724622539835, 218.0], "163" : [1080.2274011361976, 443.7475913608851, 208.0], "165" : [777.7935909626194, 490.2948726062307, 78.0], "167" : [777.7935909626194, 490.2948726062307, 78.0], "169" : [770.5610165373797, 491.97966319322927, 118.0], "171" : [770.5610165373797, 491.97966319322927, 118.0], "173" : [907.5332091240882, 501.279852435866, 268.0], "175" : [1003.3661629539873, 480.95864595655615, 133.0], "177" : [926.1596480694964, 517.4771891344187, 57.0], "179" : [777.1033899731966, 558.710169705504, 118.0], "181" : [936.6829063512906, 561.6615399981586, 117.0], "183" : [941.4616296405803, 562.0767453382708, 86.0], "185" : [1055.3432210440483, 576.614406517701, 118.0], "187" : [1055.3432210440483, 576.614406517701, 118.0], "189" : [780.7854161509136, 602.4050008196065, 240.0], "191" : [888.5009812021439, 594.0245117267634, 204.0], "193" : [888.5009812021439, 594.0245117267634, 204.0], "195" : [1005.3759697077207, 605.5643407437982, 129.0], "197" : [754.3651795155615, 623.6151812174166, 224.0], "199" : [754.3651795155615, 623.6151812174166, 224.0], "201" : [754.3651795155615, 623.6151812174166, 224.0], "203" : [838.1926551417766, 623.733902043369, 177.0], "205" : [838.1926551417766, 623.733902043369, 177.0], "207" : [1007.1691902934595, 636.7470279623751, 185.0], "209" : [794.9444462710248, 678.9731472517017, 216.0], "211" : [793.5687508852842, 687.7546847943545, 64.0], "213" : [831.6115962384307, 682.5304347332578, 69.0], "215" : [1025.5305583597901, 675.522779754734, 180.0], "217" : [1032.9419832663389, 677.7877858070003, 131.0], "219" : [786.4219970589469, 728.771498906039, 200.0], "221" : [849.3631579267391, 728.9954885120716, 133.0], "223" : [991.963087938079, 734.1729644098591, 233.0], "225" : [1063.245224115604, 736.1681518504007, 157.0], "227" : [807.6275002860523, 770.8845842539783, 240.0], "229" : [894.894301153056, 768.3191717137864, 193.0], "231" : [983.3639127712757, 772.054347858719, 230.0], "233" : [725.9902647153837, 795.019470595417, 226.0], "235" : [725.9902647153837, 795.019470595417, 226.0], "237" : [803.6614171826018, 795.5818907302489, 127.0], "239" : [803.6614171826018, 795.5818907302489, 127.0], "241" : [902.949533363048, 795.3869152719841, 107.0], "243" : [902.949533363048, 795.3869152719841, 107.0], "245" : [902.949533363048, 795.3869152719841, 107.0], "247" : [1020.7183010932713, 805.7381441657077, 388.0], "249" : [789.6128391892889, 835.0669248825019, 257.0], "251" : [857.5336055161803, 839.540161576297, 122.0], "253" : [987.1594586418375, 848.3027010406703, 111.0], "255" : [975.7380625946564, 854.1212902963892, 155.0], "257" : [979.5105265561575, 856.7934161252, 76.0], "259" : [695.3329297662643, 911.7383694590204, 331.0], "261" : [774.5311700844476, 904.0285703477203, 77.0], "263" : [975.6622944303915, 896.6442580411166, 122.0], "265" : [1089.808332463284, 895.1666619966866, 72.0], "267" : [1092.4687019141854, 894.9396904167603, 131.0], "269" : [829.1965876627697, 933.0420473459501, 88.0], "271" : [829.1965876627697, 933.0420473459501, 88.0], "273" : [823.6794393567606, 933.193241165313, 355.0], "275" : [823.6794393567606, 933.193241165313, 355.0], "277" : [929.3666690695443, 933.4021518378851, 93.0], "279" : [934.0743592895129, 932.6119657801908, 117.0], "281" : [1010.6461550216904, 923.4625009053234, 104.0], "283" : [1010.6461550216904, 923.4625009053234, 104.0], "285" : [1104.9411782468862, 952.9294122691011, 102.0], "287" : [737.8662958629828, 983.6168491003006, 89.0], "289" : [737.8662958629828, 983.6168491003006, 89.0], "291" : [737.8662958629828, 983.6168491003006, 89.0],