{"1" : [739.0428572122638, 135.08900953067175, 91.0], "3" : [739.0428572122638, 135.08900953067175, 91.0], "5" : [739.0428572122638, 135.08900953067175, 91.0], "7" : [739.0428572122638, 135.08900953067175, 91.0], "9" : [718.8364880495687, 69.42567969793853, 148.0], "11" : [742.0007924647267, 13.814286890071125, 126.0], "13" : [822.5816688995388, 8.334999684543634, 180.0], "15" : [910.183722604079, 5.668993229141689, 129.0], "17" : [949.0978232017317, 1.250722173069519, 138.0], "19" : [949.0978232017317, 1.250722173069519, 138.0], "21" : [577.3028191530489, 71.41033031421539, 213.0], "23" : [626.5282928748635, 74.52097813006792, 205.0], "25" : [676.7546765111822, 80.31725689407621, 481.0], "27" : [726.0572343949835, 82.12390058973072, 159.0], "29" : [687.6606767935158, 86.71460730820002, 178.0], "31" : [687.6606767935158, 86.71460730820002, 178.0], "33" : [848.9039203645366, 94.66732107712637, 153.0], "35" : [848.9039203645366, 94.66732107712637, 153.0], "37" : [848.9039203645366, 94.66732107712637, 153.0], "39" : [812.0350796635465, 89.55812007001668, 191.0], "41" : [966.7922425495436, 84.46653106202464, 245.0], "43" : [988.7198081141138, 73.1191718875041, 313.0], "45" : [1004.5937529106021, 73.04166932734222, 144.0], "47" : [1004.5937529106021, 73.04166932734222, 144.0], "49" : [1041.1355935857403, 70.90847565427643, 177.0], "51" : [872.6223206092056, 86.02321506727621, 112.0], "53" : [872.9368406240721, 82.1561394290901, 114.0], "55" : [635.9877280148199, 111.32999937605308, 220.0], "57" : [660.3259019421289, 105.04607122574416, 471.0], "59" : [621.7137076858274, 102.21116689816988, 197.0], "61" : [702.8681800355456, 113.35227024039656, 176.0], "63" : [808.8380198811906, 122.57656302583808, 192.0], "65" : [887.0398982802764, 119.32878929578793, 198.0], "67" : [1002.9891876499831, 77.79081127155283, 185.0], "69" : [1002.9891876499831, 77.79081127155283, 185.0], "71" : [1045.2301661052782, 75.08436274889986, 179.0], "73" : [1045.2301661052782, 75.08436274889986, 179.0], "75" : [1019.6174715266214, 80.0873499135798, 166.0], "77" : [1081.6280943180175, 79.24481839567869, 299.0], "79" : [990.8674771367977, 97.48211700112736, 123.0], "81" : [990.8674771367977, 97.48211700112736, 123.0], "83" : [561.504436415976, 124.55221909881257, 203.0], "85" : [671.2045459271961, 125.03766654731348, 154.0], "87" : [671.2045459271961, 125.03766654731348, 154.0], "89" : [671.2045459271961, 125.03766654731348, 154.0], "91" : [671.2045459271961, 125.03766654731348, 154.0], "93" : [652.1951968119319, 126.67760180036012, 125.0], "95" : [652.1951968119319, 126.67760180036012, 125.0], "97" : [710.0955344364395, 130.20569002312297, 246.0], "99" : [710.0955344364395, 130.20569002312297, 246.0], "101" : [772.9818553726179, 138.04515663344733, 248.0], "103" : [824.2051855101333, 143.32642315703276, 193.0], "105" : [769.8468396474676, 131.35262982204907, 190.0], "107" : [769.8468396474676, 131.35262982204907, 190.0], "109" : [847.1166671065913, 146.64285651841007, 210.0], "111" : [925.2005129115257, 146.04461271251319, 195.0], "113" : [979.3097822371734, 150.5440230855705, 184.0], "115" : [1065.6701146975952, 146.60919429948575, 87.0], "117" : [1068.2936393801397, 131.9025391210041, 236.0], "119" : [1068.2936393801397, 131.9025391210041, 236.0], "121" : [726.0697651864987, 161.26569642321695, 172.0], "123" : [726.0697651864987, 161.26569642321695, 172.0], "125" : [790.8412525545758, 151.7075007745448, 80.0], "127" : [795.7640449470485, 151.51348372314442, 89.0], "129" : [885.7696494462631, 163.1582066398252, 201.0], "131" : [885.7696494462631, 163.1582066398252, 201.0], "133" : [884.4398312081769, 168.00762371509626, 118.0], "135" : [884.4398312081769, 168.00762371509626, 118.0], "137" : [942.6562484443756, 174.43928667639676, 112.0], "139" : [947.4095231019818, 173.5389616759687, 231.0], "141" : [917.715999082223, 236.15714234375096, 175.0], "143" : [955.4861567535975, 238.81538560058755, 195.0], "145" : [1052.4671019397483, 245.08468790053072, 307.0], "147" : [1021.6691201895732, 246.50294352029198, 68.0], "149" : [953.9352934451867, 244.24378804436785, 153.0], "151" : [1057.3032396233439, 246.1893198050955, 309.0], "153" : [670.2230364801735, 248.65654640175148, 191.0], "155" : [769.4632107820574, 254.07824045538035, 193.0], "157" : [746.8734512946914, 252.69380398075492, 113.0], "159" : [861.6374992911507, 262.0305554200286, 216.0], "161" : [861.6374992911507, 262.0305554200286, 216.0], "163" : [884.9415653453835, 261.80843379298193, 166.0], "165" : [884.9415653453835, 261.80843379298193, 166.0], "167" : [1013.0830545939865, 268.26101757042505, 59.0], "169" : [1064.5999988790916, 235.7327421625604, 113.0], "171" : [807.5145693049635, 248.14106174363823, 151.0], "173" : [589.9183775855684, 253.1475675669404, 185.0], "175" : [632.4547000497623, 262.2055240528192, 181.0], "177" : [632.4547000497623, 262.2055240528192, 181.0], "179" : [632.4547000497623, 262.2055240528192, 181.0], "181" : [614.1985162578544, 263.6402973765109, 67.0], "183" : [614.1985162578544, 263.6402973765109, 67.0], "185" : [701.748962131113, 257.9095431678032, 241.0], "187" : [701.748962131113, 257.9095431678032, 241.0], "189" : [796.4309742050922, 260.5654858311308, 113.0], "191" : [796.4309742050922, 260.5654858311308, 113.0], "193" : [860.8319022094736, 263.96686978471485, 163.0], "195" : [860.8319022094736, 263.96686978471485, 163.0], "197" : [862.811765113561, 259.0397053955099, 68.0], "199" : [862.811765113561, 259.0397053955099, 68.0], "201" : [862.811765113561, 259.0397053955099, 68.0], "203" : [963.042857072225, 232.34603044484325, 126.0], "205" : [908.0746040697218, 224.93650788308057, 126.0], "207" : [972.3982211240299, 230.8293346758319, 225.0], "209" : [1005.8990251996204, 227.51073211435065, 205.0], "211" : [1089.0399097504542, 247.21697378337035, 218.0], "213" : [1014.6895749336553, 224.16540153700325, 211.0], "215" : [707.0416684133564, 266.9933345482545, 60.0], "217" : [707.0416684133564, 266.9933345482545, 60.0], "219" : [707.0416684133564, 266.9933345482545, 60.0], "221" : [704.4653455115293, 272.0138612766864, 101.0], "223" : [704.4653455115293, 272.0138612766864, 101.0], "225" : [701.9000001176659, 275.43492207637405, 63.0], "227" : [709.4595241688788, 265.3958307529336, 168.0], "229" : [709.4595241688788, 265.3958307529336, 168.0], "231" : [709.4595241688788, 265.3958307529336, 168.0], "233" : [834.4067799937463, 249.38813588852088, 118.0], "235" : [836.7027018632131, 249.70135364921998, 74.0], "237" : [908.6815698086665, 255.33041551485124, 217.0], "239" : [972.076104123142, 254.37345228044063, 226.0], "241" : [978.5218423174119, 255.36781702373412, 87.0], "243" : [1000.4399983517394, 263.7628552574309, 70.0], "245" : [1000.4399983517394, 263.7628552574309, 70.0], "247" : [1002.8067787702294, 301.63898230751425, 59.0], "249" : [1028.2782639479044, 306.9927499453677, 69.0], "251" : [1028.2782639479044, 306.9927499453677, 69.0], "253" : [674.7915783386339, 329.11789430200986, 95.0], "255" : [674.7915783386339, 329.11789430200986, 95.0], "257" : [738.9299078952877, 337.5243000468402, 107.0], "259" : [790.6279050255691, 351.6406947188261, 86.0], "261" : [710.3957559066185, 347.90330153448076, 212.0], "263" : [893.9441174308893, 360.30000022584375, 68.0], "265" : [842.5755555578622, 392.01999766533237, 135.0], "267" : [842.5755555578622, 392.01999766533237, 135.0], "269" : [971.2034453541085, 354.18390731241095, 174.0], "271" : [951.2406064984683, 350.86446630884717, 197.0], "273" : [1033.2640669599257, 353.34790150722654, 167.0], "275" : [587.0717762591343, 401.0379029631969, 124.0], "277" : [711.0537961207149, 394.5593095950998, 145.0], "279" : [711.0537961207149, 394.5593095950998, 145.0], "281" : [672.6574695406873, 395.59540388362586, 174.0], "283" : [672.6574695406873, 395.59540388362586, 174.0], "285" : [696.7433325563065, 394.5213324872183, 150.0], "287" : [774.8777765038365, 394.718518426609, 189.0], "289" : [731.8337467592836, 393.70306658979916, 163.0],