{"1" : [612.9250008033125, 97.24031032648989, 196.0], "3" : [612.9250008033125, 97.24031032648989, 196.0], "5" : [590.1828874758564, 96.55722110913557, 187.0], "7" : [590.1828874758564, 96.55722110913557, 187.0], "9" : [698.8869295637716, 96.4941213629416, 153.0], "11" : [698.8869295637716, 96.4941213629416, 153.0], "13" : [705.0864594038578, 92.44583674231149, 96.0], "15" : [705.0864594038578, 92.44583674231149, 96.0], "17" : [705.0864594038578, 92.44583674231149, 96.0], "19" : [836.7187792275424, 98.77309588201919, 197.0], "21" : [836.7187792275424, 98.77309588201919, 197.0], "23" : [724.5972509304319, 93.91099000876383, 182.0], "25" : [724.5972509304319, 93.91099000876383, 182.0], "27" : [832.3523808318479, 100.04155640771249, 231.0], "29" : [832.3523808318479, 100.04155640771249, 231.0], "31" : [1002.3841736738543, 83.56186864253141, 139.0], "33" : [1002.3841736738543, 83.56186864253141, 139.0], "35" : [1000.9669387055832, 83.65509997703911, 245.0], "37" : [1000.9669387055832, 83.65509997703911, 245.0], "39" : [870.2658777045176, 90.0976308476253, 211.0], "41" : [1031.1590584076635, 83.72550269851213, 298.0], "43" : [1075.5138480437183, 81.2338486703645, 130.0], "45" : [640.2288127060787, 114.2067770983546, 118.0], "47" : [644.4818191428873, 121.42148471081313, 121.0], "49" : [644.4818191428873, 121.42148471081313, 121.0], "51" : [792.6939680274014, 126.41896611416142, 232.0], "53" : [792.6939680274014, 126.41896611416142, 232.0], "55" : [792.6939680274014, 126.41896611416142, 232.0], "57" : [894.6424771775199, 123.6123774083589, 299.0], "59" : [1017.9002186488299, 116.80883039965805, 453.0], "61" : [581.9714930928562, 138.21357048062103, 221.0], "63" : [564.6675461229569, 140.24792037755728, 265.0], "65" : [685.2972630488288, 146.80913393800017, 219.0], "67" : [775.8971216990758, 152.34892213012026, 139.0], "69" : [782.4945461889015, 153.4030307238096, 165.0], "71" : [843.1617500529494, 154.1841528956997, 183.0], "73" : [962.8966565406249, 149.6083620370604, 299.0], "75" : [1087.1256864065117, 143.30342104160025, 292.0], "77" : [1150.1077821620813, 138.7550883505219, 167.0], "79" : [750.4332005729997, 178.02964707469428, 253.0], "81" : [908.7322433884243, 180.86510214914574, 490.0], "83" : [974.7521743383963, 171.66086781568688, 92.0], "85" : [851.4089185521843, 173.22722873364387, 213.0], "87" : [650.1012657948731, 244.57278427583063, 158.0], "89" : [754.9887860995453, 244.9694695025421, 321.0], "91" : [754.9887860995453, 244.9694695025421, 321.0], "93" : [825.7666680668603, 245.45999827109287, 225.0], "95" : [797.0494057730763, 243.10952559880735, 168.0], "97" : [884.3282024788714, 245.44563889862724, 195.0], "99" : [707.8068596393944, 240.52514074368554, 175.0], "101" : [930.5808515620478, 243.75914809486474, 235.0], "103" : [905.3676470522311, 246.25176419601823, 170.0], "105" : [1005.2360278677813, 235.88633320460977, 161.0], "107" : [1069.8103206057558, 236.07161192031424, 155.0], "109" : [995.9390979360537, 229.08496104034606, 133.0], "111" : [1063.234901191223, 232.85100589389992, 149.0], "113" : [934.4482142819231, 239.7613091287893, 168.0], "115" : [667.4285700366988, 280.81366065511276, 161.0], "117" : [772.2949801363881, 270.8625487826788, 259.0], "119" : [928.6610067635557, 267.23018920879423, 318.0], "121" : [928.6610067635557, 267.23018920879423, 318.0], "123" : [1038.0641637125898, 261.1913294096157, 173.0], "125" : [1038.0641637125898, 261.1913294096157, 173.0], "127" : [886.7554597748905, 266.1348714143422, 238.0], "129" : [886.7554597748905, 266.1348714143422, 238.0], "131" : [886.7554597748905, 266.1348714143422, 238.0], "133" : [1058.334672108511, 256.29466710007495, 75.0], "135" : [1062.063869081972, 255.17815100421876, 119.0], "137" : [650.6282845767522, 288.1454521552301, 198.0], "139" : [684.3900019019269, 289.7639381143308, 330.0], "141" : [684.3900019019269, 289.7639381143308, 330.0], "143" : [766.8070577653261, 292.6954443305439, 241.0], "145" : [766.8070577653261, 292.6954443305439, 241.0], "147" : [875.3747555139913, 296.67815425867855, 206.0], "149" : [875.3747555139913, 296.67815425867855, 206.0], "151" : [902.7877314794723, 294.01411346711797, 163.0], "153" : [902.7877314794723, 294.01411346711797, 163.0], "155" : [902.7877314794723, 294.01411346711797, 163.0], "157" : [973.5972831036928, 290.7560509427077, 405.0], "159" : [973.5972831036928, 290.7560509427077, 405.0], "161" : [687.7120279546943, 321.75000186760354, 316.0], "163" : [813.8012900854329, 325.59785508860614, 233.0], "165" : [813.8012900854329, 325.59785508860614, 233.0], "167" : [909.0938058352748, 321.62964765585116, 226.0], "169" : [909.0938058352748, 321.62964765585116, 226.0], "171" : [1030.3329725544904, 323.5529725609386, 185.0], "173" : [1030.3329725544904, 323.5529725609386, 185.0], "175" : [1030.3329725544904, 323.5529725609386, 185.0], "177" : [990.8678922032191, 328.5984164294746, 190.0], "179" : [990.8678922032191, 328.5984164294746, 190.0], "181" : [990.8678922032191, 328.5984164294746, 190.0], "183" : [1054.3483490558435, 327.9642859853165, 182.0], "185" : [1054.3483490558435, 327.9642859853165, 182.0], "187" : [657.0406975496238, 391.8069766926435, 258.0], "189" : [690.7752751639513, 392.4917584694722, 182.0], "191" : [789.9573109676663, 394.49064531729715, 171.0], "193" : [755.4580409116098, 393.760840530723, 143.0], "195" : [911.3448083616906, 394.23879642256213, 183.0], "197" : [1061.3588527108056, 390.2938053314077, 226.0], "199" : [689.6240524880196, 415.70422208793843, 237.0], "201" : [786.9383684725648, 420.7395350562796, 172.0], "203" : [880.0538795274911, 422.15101974453785, 245.0], "205" : [880.0538795274911, 422.15101974453785, 245.0], "207" : [988.4123017652727, 419.94246069056715, 252.0], "209" : [988.4123017652727, 419.94246069056715, 252.0], "211" : [1074.956988271097, 412.0862987984524, 365.0], "213" : [720.2343763877994, 436.7570287673267, 128.0], "215" : [955.9634732112943, 447.51506766877816, 219.0], "217" : [1100.3218457775167, 454.7179645648727, 206.0], "219" : [726.5818186271981, 480.8434327117238, 198.0], "221" : [693.8789212512795, 484.8289208039394, 204.0], "223" : [790.6652443727198, 477.69146542703197, 164.0], "225" : [921.9704515270427, 482.3073847142335, 176.0], "227" : [879.8793878539936, 483.496901934653, 97.0], "229" : [879.8793878539936, 483.496901934653, 97.0], "231" : [1041.3066663377756, 487.5494111270193, 255.0], "233" : [1041.3066663377756, 487.5494111270193, 255.0], "235" : [963.3478992435648, 554.4067214335406, 238.0], "237" : [1107.8674580344946, 554.5357115100944, 126.0], "239" : [716.4354194584395, 579.9468755350484, 96.0], "241" : [716.4354194584395, 579.9468755350484, 96.0], "243" : [840.1941191095037, 593.0941190524234, 51.0], "245" : [840.1941191095037, 593.0941190524234, 51.0], "247" : [905.2610401783446, 560.9740282838949, 77.0], "249" : [905.2610401783446, 560.9740282838949, 77.0], "251" : [1012.2647068792287, 562.4529420176908, 119.0], "253" : [1016.7146318602985, 579.3948167729152, 328.0], "255" : [966.848404894813, 579.9911641226761, 283.0], "257" : [1042.8153821026403, 573.9208807645902, 182.0], "259" : [669.9384598053362, 626.2153860400142, 52.0], "261" : [669.9384598053362, 626.2153860400142, 52.0], "263" : [812.7647061532646, 646.2470578469945, 51.0], "265" : [811.2765495201924, 626.7972429418777, 145.0], "267" : [811.2765495201924, 626.7972429418777, 145.0], "269" : [811.2765495201924, 626.7972429418777, 145.0], "271" : [809.3970146079224, 616.4910438702844, 67.0], "273" : [809.3970146079224, 616.4910438702844, 67.0], "275" : [895.6312315718475, 598.0087114194049, 333.0], "277" : [980.6080971165885, 597.4210536621403, 247.0], "279" : [980.6080971165885, 597.4210536621403, 247.0], "281" : [980.6080971165885, 597.4210536621403, 247.0], "283" : [1060.3469407785544, 599.1275531429827, 98.0], "285" : [1062.613662646985, 607.0245902667566, 183.0], "287" : [729.6325899431961, 639.9865175052958, 178.0], "289" : [698.3869068271672, 644.7755920586695, 168.0],