{"1" : [627.0693627281622, 78.07570628703971, 284.0], "3" : [724.3761910648851, 82.26666969522512, 126.0], "5" : [625.4927725018852, 76.84157207775922, 166.0], "7" : [624.0076878591951, 83.29230794066135, 52.0], "9" : [676.8322187338865, 83.1127520015887, 298.0], "11" : [718.8813109548811, 80.30858607041317, 198.0], "13" : [782.7722236383854, 81.81031834491169, 126.0], "15" : [862.4244713582914, 83.039878214193, 331.0], "17" : [1014.6310835480298, 83.17162001144335, 148.0], "19" : [973.8213238268971, 82.71985107560366, 136.0], "21" : [1055.3366265764564, 84.2592997429937, 172.0], "23" : [843.4814215366795, 78.87213112619216, 183.0], "25" : [843.4814215366795, 78.87213112619216, 183.0], "27" : [889.8469833676221, 83.9245716169425, 232.0], "29" : [977.8975161802986, 87.06583760094416, 161.0], "31" : [1060.133059128069, 84.11074183689905, 121.0], "33" : [635.7195996240051, 102.85829122701524, 199.0], "35" : [705.6038948190634, 103.36580000239034, 231.0], "37" : [809.9311446903326, 103.15027245233844, 183.0], "39" : [856.6442831469507, 104.47357225154549, 140.0], "41" : [856.6442831469507, 104.47357225154549, 140.0], "43" : [910.0384360668196, 105.7149440175307, 281.0], "45" : [982.4999996759111, 101.92139340220025, 201.0], "47" : [982.4999996759111, 101.92139340220025, 201.0], "49" : [1008.3161031825, 101.9830521994919, 118.0], "51" : [1008.3161031825, 101.9830521994919, 118.0], "53" : [1056.7286492388484, 98.33489753212376, 192.0], "55" : [1056.7286492388484, 98.33489753212376, 192.0], "57" : [604.6860002346963, 118.07466971413126, 150.0], "59" : [626.7084560010866, 114.5164180866772, 201.0], "61" : [682.2369148630603, 114.90067210930957, 149.0], "63" : [740.6739149953968, 116.64094228003235, 276.0], "65" : [740.6739149953968, 116.64094228003235, 276.0], "67" : [818.3780002331534, 119.22000110433449, 100.0], "69" : [777.48469666945, 115.9266901590695, 281.0], "71" : [863.719181550839, 119.63554785500135, 391.0], "73" : [959.3304563123238, 120.9086264474136, 197.0], "75" : [959.3304563123238, 120.9086264474136, 197.0], "77" : [936.8407244981548, 123.5015865088955, 442.0], "79" : [978.8780114344002, 124.76806412215943, 191.0], "81" : [978.8780114344002, 124.76806412215943, 191.0], "83" : [1034.05287060606, 132.41838698531564, 87.0], "85" : [1034.05287060606, 132.41838698531564, 87.0], "87" : [1094.2961337900679, 135.4226519184298, 181.0], "89" : [1094.2961337900679, 135.4226519184298, 181.0], "91" : [1094.2961337900679, 135.4226519184298, 181.0], "93" : [1055.8325197037743, 133.34796276057932, 123.0], "95" : [1055.8325197037743, 133.34796276057932, 123.0], "97" : [1150.5174101666216, 133.87410894211777, 224.0], "99" : [721.3760752552188, 151.08947416523583, 209.0], "101" : [781.8024394429356, 155.87999850243548, 205.0], "103" : [885.4152697951205, 156.23349680866124, 203.0], "105" : [967.1986221536057, 154.5486231354724, 218.0], "107" : [1050.351414544962, 225.37457774173626, 177.0], "109" : [1048.3568962135116, 230.38448144409423, 58.0], "111" : [694.2764981590335, 250.51981730027006, 217.0], "113" : [655.827602309331, 254.29819184718318, 221.0], "115" : [764.0261213690102, 250.3328383516308, 134.0], "117" : [769.5176062311973, 247.99295912289264, 142.0], "119" : [878.7488348076947, 252.21705669725577, 129.0], "121" : [934.8702604573591, 254.24769377327942, 195.0], "123" : [1035.362818758681, 254.94230628667268, 156.0], "125" : [680.5651161682081, 276.69612612494024, 129.0], "127" : [744.652381418625, 285.8369041755279, 168.0], "129" : [744.652381418625, 285.8369041755279, 168.0], "131" : [818.710229300269, 279.74318222146974, 88.0], "133" : [914.0439258651984, 289.4462399088758, 173.0], "135" : [873.7011627986736, 286.64418149749037, 86.0], "137" : [974.8345938324968, 288.4237805807141, 185.0], "139" : [1015.1123578699425, 291.1494382741343, 89.0], "141" : [1015.1123578699425, 291.1494382741343, 89.0], "143" : [1105.201484446182, 299.34752972276004, 202.0], "145" : [671.4813274191249, 315.55103701275806, 241.0], "147" : [671.4813274191249, 315.55103701275806, 241.0], "149" : [747.9286845163399, 320.49522287298703, 251.0], "151" : [877.0720473848387, 324.6255910618286, 254.0], "153" : [877.0720473848387, 324.6255910618286, 254.0], "155" : [996.8872439220683, 327.31342410100285, 149.0], "157" : [996.8872439220683, 327.31342410100285, 149.0], "159" : [1047.2386063000324, 330.2018989493713, 158.0], "161" : [1047.2386063000324, 330.2018989493713, 158.0], "163" : [724.2499981749689, 389.5324182465611, 182.0], "165" : [724.2499981749689, 389.5324182465611, 182.0], "167" : [789.6379887513651, 390.41843564425176, 179.0], "169" : [922.0569657999041, 393.9176252261495, 244.0], "171" : [1005.9367673513921, 390.41323405227166, 68.0], "173" : [1061.6369465577982, 392.6068961286307, 203.0], "175" : [636.6457304033577, 423.74824255000726, 199.0], "177" : [636.6457304033577, 423.74824255000726, 199.0], "179" : [688.9685510248779, 424.5358885176071, 248.0], "181" : [688.9685510248779, 424.5358885176071, 248.0], "183" : [688.9685510248779, 424.5358885176071, 248.0], "185" : [757.7987946009761, 425.26426117019906, 249.0], "187" : [757.7987946009761, 425.26426117019906, 249.0], "189" : [864.948131581212, 420.7062247207434, 241.0], "191" : [980.2312704848963, 425.57329312231525, 307.0], "193" : [980.2312704848963, 425.57329312231525, 307.0], "195" : [980.2312704848963, 425.57329312231525, 307.0], "197" : [1055.0982358601964, 424.27294452781547, 170.0], "199" : [1055.0982358601964, 424.27294452781547, 170.0], "201" : [699.4749988064253, 450.5732149277382, 56.0], "203" : [704.2601868697856, 453.62407157395893, 108.0], "205" : [776.3411007742643, 453.11610200324753, 236.0], "207" : [688.3465237940503, 448.618261359187, 230.0], "209" : [688.3465237940503, 448.618261359187, 230.0], "211" : [936.7779074254544, 454.79680608899946, 344.0], "213" : [936.7779074254544, 454.79680608899946, 344.0], "215" : [974.6255803372682, 458.6988363329761, 86.0], "217" : [974.6255803372682, 458.6988363329761, 86.0], "219" : [1052.5930452065977, 460.8313036698242, 230.0], "221" : [1052.5930452065977, 460.8313036698242, 230.0], "223" : [1143.1213109513023, 461.40491641822535, 122.0], "225" : [658.1576255527424, 485.0398288042082, 118.0], "227" : [659.5722726177087, 483.3237564213901, 101.0], "229" : [722.8721039848182, 493.0773706491048, 190.0], "231" : [722.8721039848182, 493.0773706491048, 190.0], "233" : [722.8721039848182, 493.0773706491048, 190.0], "235" : [766.7610040488037, 493.2390005329411, 100.0], "237" : [766.7610040488037, 493.2390005329411, 100.0], "239" : [881.4062998936488, 486.17873920410864, 127.0], "241" : [881.4062998936488, 486.17873920410864, 127.0], "243" : [880.3189652452573, 491.7155170078016, 58.0], "245" : [880.3189652452573, 491.7155170078016, 58.0], "247" : [880.3189652452573, 491.7155170078016, 58.0], "249" : [839.6221101503445, 498.68894492798336, 199.0], "251" : [839.6221101503445, 498.68894492798336, 199.0], "253" : [839.6221101503445, 498.68894492798336, 199.0], "255" : [956.5176924607607, 496.4223025611946, 130.0], "257" : [956.5176924607607, 496.4223025611946, 130.0], "259" : [1053.025481801397, 501.1052902026052, 208.0], "261" : [631.3513598228803, 558.0139021224561, 331.0], "263" : [631.3513598228803, 558.0139021224561, 331.0], "265" : [696.5477775701603, 559.154446170178, 90.0], "267" : [795.1690267493353, 555.3070806568015, 226.0], "269" : [734.9148026578814, 559.5144406303887, 277.0], "271" : [635.2577201006094, 560.4543627076878, 149.0], "273" : [635.2577201006094, 560.4543627076878, 149.0], "275" : [670.2893479835532, 559.0615392674684, 169.0], "277" : [616.6985269784195, 555.427942158789, 68.0], "279" : [775.9525411481831, 557.449154460693, 236.0], "281" : [930.9986837287909, 569.5846476012813, 228.0], "283" : [930.9986837287909, 569.5846476012813, 228.0], "285" : [1010.7031911551002, 563.0319158986151, 188.0], "287" : [1110.854398762061, 561.4624000750717, 125.0], "289" : [1111.2535683602443, 564.537499458392, 56.0],