{"1" : [629.8265616175903, 68.47031202221534, 128.0], "3" : [789.9812772006543, 27.41323980666536, 219.0], "5" : [902.9675338408714, 59.203891679953145, 77.0], "7" : [643.0451170656628, 87.49814181910041, 215.0], "9" : [758.602754041067, 81.80412761313514, 218.0], "11" : [701.6867770080834, 76.99173852842428, 121.0], "13" : [701.6867770080834, 76.99173852842428, 121.0], "15" : [641.4026045809875, 79.68072797313626, 192.0], "17" : [741.2662785548029, 79.0337210861258, 172.0], "19" : [832.9227610039278, 80.73731255062361, 268.0], "21" : [936.3087177094967, 80.35269555710036, 241.0], "23" : [936.3087177094967, 80.35269555710036, 241.0], "25" : [1009.930992063208, 81.63264456515738, 242.0], "27" : [1072.551091943301, 87.71167962829375, 137.0], "29" : [1073.2727272470784, 90.66666895365385, 66.0], "31" : [625.7296856975901, 129.15208200039663, 192.0], "33" : [625.7296856975901, 129.15208200039663, 192.0], "35" : [551.7517393507732, 128.43320334349082, 259.0], "37" : [620.0094980653739, 126.50300333548496, 200.0], "39" : [620.0094980653739, 126.50300333548496, 200.0], "41" : [620.0094980653739, 126.50300333548496, 200.0], "43" : [768.6751011550994, 126.37510605672288, 245.0], "45" : [768.6751011550994, 126.37510605672288, 245.0], "47" : [701.8968247380027, 118.92328053578599, 189.0], "49" : [669.4861700019504, 116.02553031262532, 188.0], "51" : [669.4861700019504, 116.02553031262532, 188.0], "53" : [755.4329895214582, 117.31855781608422, 194.0], "55" : [838.7595242922528, 118.14149863934782, 294.0], "57" : [807.66848506068, 120.6866629766291, 165.0], "59" : [972.6222216691068, 121.87921205005027, 279.0], "61" : [1017.328642198164, 122.82083604097608, 192.0], "63" : [905.0181198652033, 125.95235233423942, 149.0], "65" : [905.0181198652033, 125.95235233423942, 149.0], "67" : [729.7550520833951, 123.82052301933086, 307.0], "69" : [1004.0062493101511, 141.20567977669373, 176.0], "71" : [946.0854189591056, 130.19791536751475, 192.0], "73" : [946.0854189591056, 130.19791536751475, 192.0], "75" : [1049.817142458506, 124.47771654114707, 175.0], "77" : [1071.6178273868015, 113.82247981485509, 129.0], "79" : [777.2532694480916, 145.29158752842062, 214.0], "81" : [727.7619372526306, 149.28516410671324, 155.0], "83" : [934.7625539340893, 155.26808534470106, 235.0], "85" : [934.7625539340893, 155.26808534470106, 235.0], "87" : [873.7752534496392, 151.57525640515618, 295.0], "89" : [986.700001050041, 157.44000040584174, 225.0], "91" : [640.3787133068888, 244.37722909815488, 202.0], "93" : [773.8232818272924, 231.70793529131552, 189.0], "95" : [670.025149829381, 232.04850190258114, 167.0], "97" : [618.6114923026192, 277.61666755424443, 174.0], "99" : [694.2247790352245, 270.38053266779644, 226.0], "101" : [780.1738463042058, 260.8958972890092, 195.0], "103" : [780.1738463042058, 260.8958972890092, 195.0], "105" : [732.124707155607, 265.60745050078043, 255.0], "107" : [732.124707155607, 265.60745050078043, 255.0], "109" : [809.3661196393844, 252.3262303956099, 183.0], "111" : [917.4638440641753, 240.00576830198608, 260.0], "113" : [858.8301084381459, 235.13978344360768, 279.0], "115" : [1028.584560460647, 240.59485291930906, 272.0], "117" : [1065.057008802006, 244.83317644611625, 214.0], "119" : [623.5490894752279, 315.1951516342688, 165.0], "121" : [567.975821772136, 310.45245680362467, 244.0], "123" : [587.3291084152312, 304.74507026203383, 213.0], "125" : [641.4971016805716, 304.74521611282853, 345.0], "127" : [706.9770652667275, 307.46880578964243, 218.0], "129" : [892.1088903601704, 290.1038874475573, 180.0], "131" : [892.1088903601704, 290.1038874475573, 180.0], "133" : [826.1334994327608, 290.91084025637497, 203.0], "135" : [826.1334994327608, 290.91084025637497, 203.0], "137" : [826.1334994327608, 290.91084025637497, 203.0], "139" : [892.8738329479495, 285.12429878032077, 107.0], "141" : [892.3711673734687, 288.9202441542195, 163.0], "143" : [972.9702379324164, 292.38730576982255, 252.0], "145" : [972.9702379324164, 292.38730576982255, 252.0], "147" : [681.9266671851999, 341.3637499227518, 240.0], "149" : [776.1534880722081, 347.33189316788446, 301.0], "151" : [669.5314280986252, 349.536000193034, 175.0], "153" : [672.8637486953885, 344.20000131264544, 160.0], "155" : [918.5454762554341, 336.54397081587217, 398.0], "157" : [1010.1541441273619, 335.5232048854459, 181.0], "159" : [954.904841731699, 339.97096527949526, 62.0], "161" : [879.1608085274028, 341.7040288130759, 273.0], "163" : [1008.1493154667731, 332.771236044045, 73.0], "165" : [1008.1493154667731, 332.771236044045, 73.0], "167" : [1013.799506198106, 325.1831676634628, 202.0], "169" : [1013.799506198106, 325.1831676634628, 202.0], "171" : [1013.799506198106, 325.1831676634628, 202.0], "173" : [892.8045875702418, 340.6495397179854, 109.0], "175" : [1049.2525247024046, 311.78181551466787, 99.0], "177" : [649.6396820775705, 435.9169303739264, 189.0], "179" : [771.0978947533813, 406.20631591315436, 190.0], "181" : [602.6495163318175, 409.88413316876444, 208.0], "183" : [661.5990973894197, 412.07511133437856, 221.0], "185" : [722.8986648093357, 410.7773338643155, 150.0], "187" : [928.0300009984256, 398.567692261831, 130.0], "189" : [929.8104159666103, 396.7229167324587, 96.0], "191" : [883.5994982164251, 392.06549863534826, 200.0], "193" : [642.0744771532069, 439.23137888032676, 239.0], "195" : [754.471923371405, 443.79691745446576, 260.0], "197" : [626.8807479716883, 442.1802074683447, 187.0], "199" : [700.5274360453067, 446.4689518350805, 277.0], "201" : [839.5250013665024, 445.17307465549845, 208.0], "203" : [839.5250013665024, 445.17307465549845, 208.0], "205" : [820.2370576656458, 448.02294247244834, 170.0], "207" : [924.471154086921, 445.33653466001317, 364.0], "209" : [1061.4196045397516, 449.60694844165243, 403.0], "211" : [589.68554285015, 491.69437795618455, 249.0], "213" : [768.4341317311862, 486.17485142693295, 167.0], "215" : [550.5080731204779, 482.49282022926394, 223.0], "217" : [647.8518972458373, 482.2155275700152, 264.0], "219" : [549.945570749166, 486.3953593406137, 237.0], "221" : [699.0915331965887, 481.1121683134641, 189.0], "223" : [897.4084830623178, 478.2120554264923, 224.0], "225" : [1002.2080353430216, 477.2482149317768, 112.0], "227" : [1002.1356404977926, 474.0633688078029, 101.0], "229" : [1092.9145159108468, 463.74596532734364, 248.0], "231" : [1021.5701846078574, 472.3334864450045, 218.0], "233" : [1131.0406404931641, 463.27513263787495, 374.0], "235" : [696.7217134795844, 513.1817121682616, 175.0], "237" : [631.3530403468204, 515.2613227428104, 181.0], "239" : [756.3278987245766, 510.6565220577836, 276.0], "241" : [879.2304558538309, 509.9448567792345, 243.0], "243" : [1033.772726642295, 507.1872741913552, 55.0], "245" : [1040.0691672314836, 507.105094928374, 373.0], "247" : [623.4291676226131, 588.8819444579798, 144.0], "249" : [623.4291676226131, 588.8819444579798, 144.0], "251" : [625.2693141426889, 569.2855586397067, 277.0], "253" : [625.2693141426889, 569.2855586397067, 277.0], "255" : [576.8862575534961, 567.4270141230201, 211.0], "257" : [748.1438139037177, 559.201032953526, 194.0], "259" : [748.1438139037177, 559.201032953526, 194.0], "261" : [676.9221181654488, 562.2179496583219, 312.0], "263" : [632.8650023301836, 567.8381248885075, 160.0], "265" : [632.8650023301836, 567.8381248885075, 160.0], "267" : [784.6601906199454, 570.7053390743393, 206.0], "269" : [747.9802076351053, 566.3208338043173, 192.0], "271" : [747.9802076351053, 566.3208338043173, 192.0], "273" : [927.9716312913187, 565.8180851685123, 282.0], "275" : [927.9716312913187, 565.8180851685123, 282.0], "277" : [1011.6720855993821, 562.546250568662, 240.0], "279" : [1090.605037045336, 567.0961243506578, 258.0], "281" : [981.2239113406671, 590.5869561721702, 184.0], "283" : [981.2239113406671, 590.5869561721702, 184.0], "285" : [981.2239113406671, 590.5869561721702, 184.0], "287" : [840.6525778617314, 594.9056725897567, 194.0], "289" : [840.6525778617314, 594.9056725897567, 194.0],