{"1" : [761.7018093926757, 66.2608465827233, 166.0], "3" : [810.1677714606232, 21.63855585411239, 332.0], "5" : [911.9217110984766, 3.820801296944592, 548.0], "7" : [644.6617667849995, 120.28529543398193, 136.0], "9" : [644.6617667849995, 120.28529543398193, 136.0], "11" : [640.7715923444625, 124.55795509374506, 88.0], "13" : [640.7715923444625, 124.55795509374506, 88.0], "15" : [731.839676473184, 107.60404673124818, 247.0], "17" : [707.1342352789751, 113.9252252097795, 333.0], "19" : [851.9735781017147, 105.80795659980545, 352.0], "21" : [851.9735781017147, 105.80795659980545, 352.0], "23" : [970.4754111702467, 69.3433334306247, 240.0], "25" : [682.3153842301757, 149.9858990972641, 78.0], "27" : [679.0979177918946, 157.08385502297736, 192.0], "29" : [679.0979177918946, 157.08385502297736, 192.0], "31" : [723.3142188528857, 134.661925196718, 218.0], "33" : [723.3142188528857, 134.661925196718, 218.0], "35" : [815.312358778507, 122.10449448905754, 89.0], "37" : [818.7861966140341, 120.77014580585467, 268.0], "39" : [886.5802729722951, 115.1426592710634, 218.0], "41" : [993.5976548449045, 103.37226487979541, 256.0], "43" : [1037.400494244733, 108.32227944916885, 202.0], "45" : [1042.0327711496336, 101.4705861628171, 119.0], "47" : [1042.0327711496336, 101.4705861628171, 119.0], "49" : [1042.0327711496336, 101.4705861628171, 119.0], "51" : [692.6837283189565, 186.92474643020176, 295.0], "53" : [698.3329127851612, 185.00063211737807, 158.0], "55" : [781.2458897982594, 145.84999811852975, 146.0], "57" : [846.662672585384, 148.84009396963978, 217.0], "59" : [937.0477448846794, 130.06516196825146, 155.0], "61" : [937.0477448846794, 130.06516196825146, 155.0], "63" : [937.0477448846794, 130.06516196825146, 155.0], "65" : [940.7727242288993, 126.0520703493653, 121.0], "67" : [940.7727242288993, 126.0520703493653, 121.0], "69" : [940.7727242288993, 126.0520703493653, 121.0], "71" : [979.5745274850862, 122.03631981044133, 212.0], "73" : [1078.9898299651368, 139.9310704643368, 177.0], "75" : [741.8149998981678, 177.89749946680334, 160.0], "77" : [734.5169837664494, 190.18018989910982, 106.0], "79" : [834.1507676030344, 154.96666762411908, 195.0], "81" : [778.0724987555242, 170.62708270371724, 240.0], "83" : [890.9557761965665, 149.28779230567355, 303.0], "85" : [957.3997623445501, 149.74615406901015, 416.0], "87" : [970.6321123157848, 150.19197188130227, 137.0], "89" : [920.1058555166569, 144.60041564400274, 239.0], "91" : [973.4453879190919, 146.60996018461603, 271.0], "93" : [635.9167455990989, 250.99665201908905, 209.0], "95" : [684.2354185966766, 238.29843813053878, 192.0], "97" : [684.2354185966766, 238.29843813053878, 192.0], "99" : [741.9936523643613, 240.90595202216915, 252.0], "101" : [851.7048598682316, 177.82753293335472, 247.0], "103" : [934.4030771248804, 257.03423272911743, 260.0], "105" : [934.4030771248804, 257.03423272911743, 260.0], "107" : [994.6222231897149, 247.37244324924623, 225.0], "109" : [942.4842312539134, 252.4900901049838, 222.0], "111" : [1018.7942121837616, 256.40162239494214, 432.0], "113" : [851.5891662907882, 192.49166794852962, 120.0], "115" : [663.706484768408, 253.3430592802202, 216.0], "117" : [746.4165318006483, 266.7399220842669, 248.0], "119" : [746.4165318006483, 266.7399220842669, 248.0], "121" : [746.4165318006483, 266.7399220842669, 248.0], "123" : [690.2324849133311, 243.0051004006484, 157.0], "125" : [876.2754979942542, 234.2394046808699, 302.0], "127" : [1004.0786745364054, 288.7042633499153, 211.0], "129" : [896.6000010360539, 248.64951034675136, 204.0], "131" : [1014.3924140132749, 289.0806879105592, 290.0], "133" : [610.283707470129, 267.2688885423359, 135.0], "135" : [610.283707470129, 267.2688885423359, 135.0], "137" : [613.249632581607, 260.7466661955612, 135.0], "139" : [613.249632581607, 260.7466661955612, 135.0], "141" : [673.1620241969738, 269.14050514979357, 237.0], "143" : [732.1398179394771, 300.0846161039174, 221.0], "145" : [732.1398179394771, 300.0846161039174, 221.0], "147" : [865.2844829383017, 301.6181022052949, 232.0], "149" : [947.6496561596564, 314.5900005368153, 290.0], "151" : [1009.3298509888008, 304.54577190031443, 201.0], "153" : [1056.9634303366456, 291.3833347268105, 216.0], "155" : [1056.9634303366456, 291.3833347268105, 216.0], "157" : [672.3481873245629, 310.7025886659618, 193.0], "159" : [672.3481873245629, 310.7025886659618, 193.0], "161" : [732.6768934795957, 325.2284474061583, 225.0], "163" : [732.6768934795957, 325.2284474061583, 225.0], "165" : [740.0186988303817, 325.37235844322225, 123.0], "167" : [740.0186988303817, 325.37235844322225, 123.0], "169" : [881.37217690655, 332.7766418849349, 381.0], "171" : [881.37217690655, 332.7766418849349, 381.0], "173" : [963.5375833567825, 331.05100971193673, 298.0], "175" : [963.5375833567825, 331.05100971193673, 298.0], "177" : [998.129319984195, 319.0233011014232, 515.0], "179" : [654.4331395397024, 408.4040699688441, 172.0], "181" : [654.5093731497307, 407.4984346912043, 64.0], "183" : [738.1329794886185, 414.42393517440485, 188.0], "185" : [804.2999993486725, 417.52427286059316, 206.0], "187" : [869.0764700842335, 412.6271479377695, 221.0], "189" : [934.8967467564019, 410.8274389268622, 215.0], "191" : [1002.2494409739895, 393.4975001352904, 360.0], "193" : [680.4185851193095, 450.5469032762767, 226.0], "195" : [680.4185851193095, 450.5469032762767, 226.0], "197" : [745.9804426617334, 444.9619903668048, 271.0], "199" : [855.1210542803377, 439.9842107576441, 57.0], "201" : [861.475806294617, 440.28306380558007, 248.0], "203" : [917.4412131406842, 443.9837770067308, 148.0], "205" : [856.5220289156548, 449.1915246549505, 118.0], "207" : [914.4460737788895, 439.8310564199419, 293.0], "209" : [1021.9186055737644, 431.04883606805043, 258.0], "211" : [1021.9186055737644, 431.04883606805043, 258.0], "213" : [588.6995139712163, 483.3577611713975, 206.0], "215" : [586.0677422198562, 486.5967741194422, 62.0], "217" : [652.0109587221222, 473.02237405057974, 219.0], "219" : [607.1004454657123, 479.17466886141585, 225.0], "221" : [671.2568540077035, 474.44959791588934, 248.0], "223" : [671.2568540077035, 474.44959791588934, 248.0], "225" : [728.9230064162771, 474.0535233013216, 213.0], "227" : [772.8464899467368, 467.12631021246744, 228.0], "229" : [879.0075602598756, 458.44266604916777, 225.0], "231" : [879.0075602598756, 458.44266604916777, 225.0], "233" : [879.0075602598756, 458.44266604916777, 225.0], "235" : [913.4350916394872, 463.1350949023262, 265.0], "237" : [913.4350916394872, 463.1350949023262, 265.0], "239" : [1031.3217071680035, 472.70197253193146, 152.0], "241" : [1035.6201930062593, 476.42980897707577, 104.0], "243" : [1098.050348464105, 482.83020708452653, 288.0], "245" : [701.3400010603702, 501.2092344072978, 65.0], "247" : [698.5590918428029, 506.41647615425074, 176.0], "249" : [761.4137510511182, 499.9383319543774, 240.0], "251" : [864.7244451343514, 496.3955553416363, 90.0], "253" : [864.7244451343514, 496.3955553416363, 90.0], "255" : [910.9036241541363, 492.39999957907526, 138.0], "257" : [910.9036241541363, 492.39999957907526, 138.0], "259" : [1022.1924396470833, 491.43470688066395, 291.0], "261" : [1022.1924396470833, 491.43470688066395, 291.0], "263" : [649.8947708548486, 559.0298476779903, 459.0], "265" : [771.1353873049784, 563.5053850469961, 130.0], "267" : [773.5364343954337, 566.9922485609014, 129.0], "269" : [750.8235281094504, 573.0187157781603, 187.0], "271" : [750.8235281094504, 573.0187157781603, 187.0], "273" : [913.2485780100122, 564.8230781611028, 247.0], "275" : [948.5415385858352, 573.5143373698688, 272.0], "277" : [1059.8032946531926, 571.6167732567178, 304.0], "279" : [1059.8032946531926, 571.6167732567178, 304.0], "281" : [696.3715740947924, 605.7456863030048, 197.0], "283" : [696.3715740947924, 605.7456863030048, 197.0], "285" : [764.6538072315117, 606.9206537477925, 184.0], "287" : [850.5695649045625, 611.5113062089513, 230.0], "289" : [850.5695649045625, 611.5113062089513, 230.0],