{"1" : [781.5234186210918, 8.529739380733455, 269.0], "3" : [954.1017250727898, 1.0538771388989578, 232.0], "5" : [954.1017250727898, 1.0538771388989578, 232.0], "7" : [616.5878438959878, 59.590882093741634, 362.0], "9" : [747.638275992728, 70.24688982082264, 209.0], "11" : [701.7246570659968, 76.84315349281344, 292.0], "13" : [701.7246570659968, 76.84315349281344, 292.0], "15" : [840.9421498380715, 69.93388411858152, 242.0], "17" : [840.9421498380715, 69.93388411858152, 242.0], "19" : [895.1645060105733, 81.24999990445757, 262.0], "21" : [899.0235303381253, 90.66029591958608, 68.0], "23" : [995.9694907524247, 99.2487289108691, 236.0], "25" : [995.9694907524247, 99.2487289108691, 236.0], "27" : [1052.4527151362256, 101.1534878591012, 129.0], "29" : [1052.4527151362256, 101.1534878591012, 129.0], "31" : [995.4745425111286, 92.99545534234645, 110.0], "33" : [995.4745425111286, 92.99545534234645, 110.0], "35" : [994.4182334504256, 88.34647300186295, 170.0], "37" : [1058.6106966009, 94.12887828382644, 187.0], "39" : [1058.6106966009, 94.12887828382644, 187.0], "41" : [1080.0120335609477, 93.04259501739261, 108.0], "43" : [1080.0120335609477, 93.04259501739261, 108.0], "45" : [701.8766221253131, 104.49610332227068, 77.0], "47" : [704.765000564701, 101.95458322291462, 240.0], "49" : [704.765000564701, 101.95458322291462, 240.0], "51" : [704.765000564701, 101.95458322291462, 240.0], "53" : [657.3805383735973, 101.38432354274089, 370.0], "55" : [657.3805383735973, 101.38432354274089, 370.0], "57" : [685.4324605587774, 105.13859527458975, 114.0], "59" : [858.4141564881527, 107.76399988326467, 325.0], "61" : [939.6219397410331, 116.95654083116884, 237.0], "63" : [1017.0553009360525, 118.3943200136855, 264.0], "65" : [1065.5655397909015, 122.69324620280867, 148.0], "67" : [564.8840017030382, 145.6429989818651, 100.0], "69" : [570.1749984380808, 143.92772384600775, 220.0], "71" : [606.600814313101, 140.6268263314042, 123.0], "73" : [691.4521756280445, 138.92391159541165, 92.0], "75" : [750.9151177785467, 139.4581388013828, 86.0], "77" : [749.6263317738842, 135.25830717532898, 319.0], "79" : [749.6263317738842, 135.25830717532898, 319.0], "81" : [824.1005951063592, 140.4683402588196, 338.0], "83" : [870.9917081976398, 146.33999937346576, 205.0], "85" : [975.5999999443271, 153.88156306007284, 320.0], "87" : [1007.3742440399119, 156.56818145150348, 66.0], "89" : [1007.9763644802408, 158.65454620778283, 110.0], "91" : [1007.9763644802408, 158.65454620778283, 110.0], "93" : [1075.0160888160283, 168.75304396328644, 230.0], "95" : [1132.0276721979483, 163.48175759681365, 159.0], "97" : [746.914247449105, 175.07016250027763, 372.0], "99" : [882.448779512221, 177.4138235909807, 246.0], "101" : [957.660438620427, 185.3531557865741, 412.0], "103" : [957.660438620427, 185.3531557865741, 412.0], "105" : [932.5789499754212, 182.3655527868371, 209.0], "107" : [658.1496793683083, 239.85987122525057, 314.0], "109" : [756.1189593663522, 237.34163477742774, 269.0], "111" : [756.1189593663522, 237.34163477742774, 269.0], "113" : [822.3978137019299, 240.02950625018872, 183.0], "115" : [890.043590659043, 245.5435902443224, 195.0], "117" : [890.043590659043, 245.5435902443224, 195.0], "119" : [957.4834452408263, 255.26887387898157, 151.0], "121" : [980.5346780476935, 260.327418117467, 124.0], "123" : [980.5346780476935, 260.327418117467, 124.0], "125" : [1051.6803666165993, 264.0657526650398, 219.0], "127" : [1051.6803666165993, 264.0657526650398, 219.0], "129" : [957.6075490425038, 261.00862527406724, 371.0], "131" : [957.6075490425038, 261.00862527406724, 371.0], "133" : [1056.3847471480894, 268.5661014395279, 236.0], "135" : [644.0766822597627, 273.36009105981526, 223.0], "137" : [754.8059471045245, 278.6914501895627, 269.0], "139" : [807.663225200381, 280.1917350866753, 242.0], "141" : [905.3091288938895, 284.90746743722553, 241.0], "143" : [895.5774199647576, 282.12419049160627, 124.0], "145" : [968.6023986767054, 284.77920016192314, 125.0], "147" : [1043.563094198785, 289.04523667635084, 252.0], "149" : [611.1840611247555, 309.9512069363866, 207.0], "151" : [598.5768137900324, 308.4951678229731, 207.0], "153" : [682.7049596659378, 297.47355651551453, 121.0], "155" : [682.7049596659378, 297.47355651551453, 121.0], "157" : [750.8572573930176, 299.14032549985234, 124.0], "159" : [750.8572573930176, 299.14032549985234, 124.0], "161" : [749.0474825038801, 287.5194229530517, 139.0], "163" : [868.3929401248527, 293.69333496011745, 255.0], "165" : [868.3929401248527, 293.69333496011745, 255.0], "167" : [868.3929401248527, 293.69333496011745, 255.0], "169" : [966.4471554812512, 305.77591959489575, 299.0], "171" : [1028.8150228157415, 309.44806787629295, 233.0], "173" : [1028.8150228157415, 309.44806787629295, 233.0], "175" : [1028.3406813642578, 308.615252270805, 59.0], "177" : [1028.3406813642578, 308.615252270805, 59.0], "179" : [1006.5045682555588, 308.40867365233123, 219.0], "181" : [975.3215984777737, 309.4967977760577, 125.0], "183" : [1097.2252570348949, 314.1440280579487, 293.0], "185" : [686.8644225755268, 319.06516987978, 267.0], "187" : [701.2310106233338, 324.23291202281575, 158.0], "189" : [701.2310106233338, 324.23291202281575, 158.0], "191" : [784.5153856418565, 321.38846279913525, 130.0], "193" : [838.1944427718543, 327.6013902948341, 72.0], "195" : [838.1944427718543, 327.6013902948341, 72.0], "197" : [899.5146721900684, 326.4799236697874, 259.0], "199" : [899.5146721900684, 326.4799236697874, 259.0], "201" : [999.7134378815756, 336.0643754727479, 320.0], "203" : [1049.4935626924207, 342.675742440637, 202.0], "205" : [736.0440477856293, 397.0976177529312, 168.0], "207" : [733.8104653179699, 389.70348723146094, 86.0], "209" : [748.0260624968784, 388.78510673865117, 188.0], "211" : [907.2574897531138, 395.59163005069286, 454.0], "213" : [959.0300711998723, 398.605594430801, 286.0], "215" : [1063.6514660304003, 405.4330523061274, 239.0], "217" : [1063.7385637237724, 404.56470388251455, 153.0], "219" : [668.1072336297171, 432.0374479232229, 235.0], "221" : [668.1072336297171, 432.0374479232229, 235.0], "223" : [761.3083335942716, 425.7633356150778, 60.0], "225" : [761.3083335942716, 425.7633356150778, 60.0], "227" : [745.6972022974621, 443.42657064075775, 143.0], "229" : [698.3487956487523, 431.26626575576205, 166.0], "231" : [698.3487956487523, 431.26626575576205, 166.0], "233" : [790.1717391139687, 427.44869848855484, 230.0], "235" : [790.1717391139687, 427.44869848855484, 230.0], "237" : [790.1717391139687, 427.44869848855484, 230.0], "239" : [872.383032799795, 426.88195428426224, 277.0], "241" : [872.383032799795, 426.88195428426224, 277.0], "243" : [937.4580966536405, 429.7928586437357, 210.0], "245" : [937.4580966536405, 429.7928586437357, 210.0], "247" : [929.1690901292396, 427.4900055702834, 110.0], "249" : [929.1690901292396, 427.4900055702834, 110.0], "251" : [993.4973218119312, 429.46631085324, 187.0], "253" : [993.4973218119312, 429.46631085324, 187.0], "255" : [993.4973218119312, 429.46631085324, 187.0], "257" : [1063.8141265630409, 436.02379022234686, 269.0], "259" : [596.348270268395, 464.99416962360135, 549.0], "261" : [676.4685839882401, 468.6271996363612, 261.0], "263" : [676.4685839882401, 468.6271996363612, 261.0], "265" : [740.8605627297604, 462.00046888261744, 213.0], "267" : [740.8605627297604, 462.00046888261744, 213.0], "269" : [813.132645764206, 461.333470190374, 242.0], "271" : [813.132645764206, 461.333470190374, 242.0], "273" : [932.163736110801, 461.37911846514305, 91.0], "275" : [932.163736110801, 461.37911846514305, 91.0], "277" : [1002.5643752206771, 470.05375056442296, 160.0], "279" : [1073.5910728326605, 475.3314283696058, 280.0], "281" : [1073.5910728326605, 475.3314283696058, 280.0], "283" : [1142.0744082109961, 480.7720487122399, 254.0], "285" : [688.0487287744425, 507.75927337303006, 275.0], "287" : [732.1207674652572, 514.9611959103041, 183.0], "289" : [840.5076926097628, 504.36923107541054, 130.0],