{"1" : [757.4319294341822, 32.88734863865232, 166.0], "3" : [813.9828015994339, 31.08240161055669, 250.0], "5" : [670.4711324633477, 80.26752464908905, 194.0], "7" : [607.8248062496557, 93.52015634604277, 258.0], "9" : [607.8248062496557, 93.52015634604277, 258.0], "11" : [648.1628032528997, 90.83640244732237, 250.0], "13" : [648.1628032528997, 90.83640244732237, 250.0], "15" : [591.7675827688772, 102.20241240502246, 290.0], "17" : [708.1828582029356, 104.8297122738481, 175.0], "19" : [601.7220283789669, 93.9434801712999, 345.0], "21" : [601.7220283789669, 93.9434801712999, 345.0], "23" : [657.7850940775669, 99.16682690224874, 208.0], "25" : [657.7850940775669, 99.16682690224874, 208.0], "27" : [703.7608178446019, 101.40233843934483, 171.0], "29" : [703.7608178446019, 101.40233843934483, 171.0], "31" : [703.7608178446019, 101.40233843934483, 171.0], "33" : [669.8401794359607, 101.50267721646888, 224.0], "35" : [669.8401794359607, 101.50267721646888, 224.0], "37" : [669.8401794359607, 101.50267721646888, 224.0], "39" : [743.1816074460558, 107.05325520576365, 261.0], "41" : [743.1816074460558, 107.05325520576365, 261.0], "43" : [715.7064871758495, 103.97837678742947, 185.0], "45" : [835.5889759459586, 111.53189151689752, 254.0], "47" : [877.7100458921847, 108.51148379579757, 209.0], "49" : [995.8689820834213, 110.33217788817133, 345.0], "51" : [979.6901059702523, 106.50530180316143, 283.0], "53" : [1040.9408287086542, 110.32284101332499, 289.0], "55" : [667.2038586587882, 117.7745189953108, 259.0], "57" : [667.2038586587882, 117.7745189953108, 259.0], "59" : [643.6879806064416, 116.30913324282048, 208.0], "61" : [643.6879806064416, 116.30913324282048, 208.0], "63" : [742.6625977337683, 122.75447371309448, 123.0], "65" : [742.6625977337683, 122.75447371309448, 123.0], "67" : [818.8640702661064, 127.37662379489576, 231.0], "69" : [818.8640702661064, 127.37662379489576, 231.0], "71" : [896.6672567682907, 122.58200720349872, 339.0], "73" : [994.9191037813118, 126.23658662349115, 246.0], "75" : [994.9191037813118, 126.23658662349115, 246.0], "77" : [1045.8749994731952, 131.43920265000355, 176.0], "79" : [1045.8749994731952, 131.43920265000355, 176.0], "81" : [1045.8749994731952, 131.43920265000355, 176.0], "83" : [583.2159514166631, 138.84761754796253, 420.0], "85" : [619.6696450745438, 145.27234739182043, 481.0], "87" : [619.6696450745438, 145.27234739182043, 481.0], "89" : [658.6778671783461, 152.54344382923017, 122.0], "91" : [715.6041042237636, 154.85128122419152, 195.0], "93" : [794.1089414667947, 155.59217881855145, 179.0], "95" : [835.8454530388566, 153.14000003704567, 165.0], "97" : [773.0154792128811, 144.3583275424051, 84.0], "99" : [703.2554519593425, 136.43831750315877, 321.0], "101" : [814.7186847200214, 145.38546430568258, 289.0], "103" : [894.5324162829928, 149.4620695115437, 145.0], "105" : [949.8545418926683, 146.21198280874006, 242.0], "107" : [1047.1404596768818, 145.67218204749733, 435.0], "109" : [1097.5999989433672, 151.64633050437462, 177.0], "111" : [1097.5999989433672, 151.64633050437462, 177.0], "113" : [692.7508792626265, 167.7473699939392, 57.0], "115" : [692.7508792626265, 167.7473699939392, 57.0], "117" : [697.8280248283196, 167.95414377662038, 157.0], "119" : [697.8280248283196, 167.95414377662038, 157.0], "121" : [758.0321851157759, 176.92816510053535, 174.0], "123" : [879.6912027906277, 177.77240029783567, 250.0], "125" : [943.47005497186, 173.23832073680344, 167.0], "127" : [873.9761596378971, 171.32317862736588, 151.0], "129" : [868.8510409207528, 168.70104554178087, 96.0], "131" : [868.8510409207528, 168.70104554178087, 96.0], "133" : [917.3245258302585, 184.3566016840448, 159.0], "135" : [917.3245258302585, 184.3566016840448, 159.0], "137" : [844.4362793743733, 226.80093099219192, 215.0], "139" : [919.5417765485037, 228.41688743718797, 225.0], "141" : [916.3461865539675, 225.98206228669378, 223.0], "143" : [1000.4908001269686, 231.18130461384737, 337.0], "145" : [956.7688870924492, 228.30078195478742, 511.0], "147" : [1038.407179706938, 242.9625663576532, 195.0], "149" : [615.8811304081779, 265.366038579234, 53.0], "151" : [615.8811304081779, 265.366038579234, 53.0], "153" : [618.2260066333761, 264.46860758427226, 223.0], "155" : [618.2260066333761, 264.46860758427226, 223.0], "157" : [699.0700858432915, 259.6051284310088, 234.0], "159" : [699.0700858432915, 259.6051284310088, 234.0], "161" : [731.3327594117249, 258.2939649523702, 116.0], "163" : [731.3327594117249, 258.2939649523702, 116.0], "165" : [727.6800016162878, 253.79999973210874, 55.0], "167" : [828.3838277208694, 256.52129400372326, 371.0], "169" : [828.3838277208694, 256.52129400372326, 371.0], "171" : [828.3838277208694, 256.52129400372326, 371.0], "173" : [871.1814516852828, 253.02177582250025, 124.0], "175" : [798.2884137011009, 252.81585362236683, 164.0], "177" : [999.3694631371648, 255.034899582563, 298.0], "179" : [1036.7969164680794, 260.21717898536644, 227.0], "181" : [1036.7969164680794, 260.21717898536644, 227.0], "183" : [631.5732571088754, 279.0348847789922, 172.0], "185" : [649.900509565554, 284.0693862558264, 196.0], "187" : [708.6027402345858, 285.9497704371402, 219.0], "189" : [708.6027402345858, 285.9497704371402, 219.0], "191" : [758.6725401204428, 288.4274595394254, 193.0], "193" : [823.1061832087684, 289.04101048139637, 178.0], "195" : [932.714159569276, 281.8411486901464, 226.0], "197" : [894.6143943192204, 280.7867138886823, 271.0], "199" : [948.0685692043784, 282.2274251512984, 175.0], "201" : [989.1753017517239, 282.3265039531464, 166.0], "203" : [989.1753017517239, 282.3265039531464, 166.0], "205" : [1079.1117656316933, 287.45240472133025, 187.0], "207" : [995.8612309218648, 281.71057006039683, 227.0], "209" : [995.8612309218648, 281.71057006039683, 227.0], "211" : [974.1604899498384, 278.7723791220604, 286.0], "213" : [630.7618554086984, 305.32577335015884, 194.0], "215" : [692.3028094769096, 300.18090006991747, 178.0], "217" : [692.3028094769096, 300.18090006991747, 178.0], "219" : [693.5538447525506, 293.316351490373, 104.0], "221" : [693.5538447525506, 293.316351490373, 104.0], "223" : [795.6163057774241, 296.2440214576788, 184.0], "225" : [795.6163057774241, 296.2440214576788, 184.0], "227" : [864.9610081906138, 299.70367231748537, 218.0], "229" : [864.9610081906138, 299.70367231748537, 218.0], "231" : [864.9610081906138, 299.70367231748537, 218.0], "233" : [983.0357486897209, 303.1343001145597, 207.0], "235" : [965.4665077879458, 300.4997663477015, 424.0], "237" : [965.4665077879458, 300.4997663477015, 424.0], "239" : [1019.4733307446444, 315.6962950702847, 135.0], "241" : [649.6205671670426, 363.9276609775017, 141.0], "243" : [796.1231527552868, 366.497044757453, 203.0], "245" : [874.7354280795515, 362.32400101546625, 175.0], "247" : [938.6789971199418, 360.22420134241435, 219.0], "249" : [1017.711254597436, 364.54415631608026, 231.0], "251" : [1017.711254597436, 364.54415631608026, 231.0], "253" : [942.7930990202155, 365.4927208672652, 261.0], "255" : [634.5069360108446, 388.8573006611459, 274.0], "257" : [733.0349443906161, 391.7531600912056, 269.0], "259" : [733.0349443906161, 391.7531600912056, 269.0], "261" : [834.2639013772205, 389.1278045066994, 205.0], "263" : [961.8676473022672, 389.02353029096247, 170.0], "265" : [1017.7181173128398, 395.0046970880225, 149.0], "267" : [643.7332201438197, 435.8496571420454, 292.0], "269" : [635.01264842995, 439.1644566924334, 166.0], "271" : [739.4706669743633, 434.2506687765694, 225.0], "273" : [674.1340897539891, 437.13408846799524, 132.0], "275" : [624.7962213090614, 445.94915698230074, 238.0], "277" : [840.405860363344, 438.67728908625327, 273.0], "279" : [840.405860363344, 438.67728908625327, 273.0], "281" : [955.5818606072284, 432.5079643996682, 226.0], "283" : [955.5818606072284, 432.5079643996682, 226.0], "285" : [914.3244166402665, 425.4005867294237, 172.0], "287" : [914.3244166402665, 425.4005867294237, 172.0], "289" : [1057.6007296551331, 426.4538217182336, 275.0],