{"1" : [912.5417960540115, 25.91111053560067, 189.0], "3" : [953.2857416038433, 15.39486718223753, 526.0], "5" : [953.2857416038433, 15.39486718223753, 526.0], "7" : [906.5041406198832, 30.671594898772966, 169.0], "9" : [644.5353787494383, 90.46415217484741, 212.0], "11" : [623.8378137604328, 80.99201851805216, 238.0], "13" : [714.0239167874547, 90.38326214889805, 460.0], "15" : [840.6477042642342, 92.46326749906773, 392.0], "17" : [840.6477042642342, 92.46326749906773, 392.0], "19" : [840.6477042642342, 92.46326749906773, 392.0], "21" : [1003.8159425921612, 70.32724714799625, 345.0], "23" : [1003.8159425921612, 70.32724714799625, 345.0], "25" : [1033.352806414064, 60.64157170091006, 178.0], "27" : [674.2686563186994, 107.108955866082, 268.0], "29" : [674.2686563186994, 107.108955866082, 268.0], "31" : [714.0054507101014, 102.09752508780272, 202.0], "33" : [822.7402049432936, 92.07703042574698, 296.0], "35" : [822.7402049432936, 92.07703042574698, 296.0], "37" : [884.1196277580942, 97.17037317297725, 270.0], "39" : [884.1196277580942, 97.17037317297725, 270.0], "41" : [1023.3196425622987, 94.97262060982636, 168.0], "43" : [1023.3196425622987, 94.97262060982636, 168.0], "45" : [898.5954223095873, 116.50152693772984, 131.0], "47" : [825.5201797905722, 110.28201868810284, 228.0], "49" : [790.0782938072447, 110.27907368160251, 129.0], "51" : [790.0782938072447, 110.27907368160251, 129.0], "53" : [791.2977262757059, 111.44204839964219, 88.0], "55" : [791.2977262757059, 111.44204839964219, 88.0], "57" : [964.8086751693351, 105.07520500982187, 242.0], "59" : [1019.20082817456, 97.25560428088012, 241.0], "61" : [1019.20082817456, 97.25560428088012, 241.0], "63" : [1068.8481933724206, 97.98891826350827, 388.0], "65" : [1068.8481933724206, 97.98891826350827, 388.0], "67" : [1081.7721813440628, 103.0468299351383, 284.0], "69" : [622.0486833924259, 139.65394269792176, 152.0], "71" : [577.7847122585512, 149.15372076244157, 242.0], "73" : [674.2875020849036, 150.34479339193234, 96.0], "75" : [674.2875020849036, 150.34479339193234, 96.0], "77" : [678.9990771620797, 150.95648412407206, 108.0], "79" : [678.9990771620797, 150.95648412407206, 108.0], "81" : [764.2948648908404, 155.0987918692063, 331.0], "83" : [837.8642872999669, 146.39166823003302, 168.0], "85" : [907.7280014515021, 139.61599713967246, 100.0], "87" : [910.1768140211913, 135.68333183241876, 138.0], "89" : [910.1768140211913, 135.68333183241876, 138.0], "91" : [979.8350864008169, 129.27602258058832, 171.0], "93" : [979.8350864008169, 129.27602258058832, 171.0], "95" : [1088.4681362765587, 148.4428576026699, 91.0], "97" : [1131.7129875871028, 131.19350600872755, 77.0], "99" : [783.7085359587443, 163.13658302538306, 328.0], "101" : [783.7085359587443, 163.13658302538306, 328.0], "103" : [901.2447378878134, 156.47807021132584, 228.0], "105" : [984.5141218856492, 154.17786244480376, 262.0], "107" : [932.4151983294304, 157.297601733465, 125.0], "109" : [711.8127166072254, 234.06416239545686, 173.0], "111" : [696.0607403735399, 232.17110860386958, 135.0], "113" : [752.0778448605838, 231.25688603759684, 167.0], "115" : [752.0778448605838, 231.25688603759684, 167.0], "117" : [889.4800003890275, 233.33782780504333, 230.0], "119" : [889.4800003890275, 233.33782780504333, 230.0], "121" : [994.0715320576114, 225.09625484322984, 267.0], "123" : [994.0715320576114, 225.09625484322984, 267.0], "125" : [1077.0986089947337, 225.69198611835833, 287.0], "127" : [705.0416666399044, 261.9656253559569, 288.0], "129" : [705.0416666399044, 261.9656253559569, 288.0], "131" : [705.0416666399044, 261.9656253559569, 288.0], "133" : [822.2198252299805, 260.5315337807155, 111.0], "135" : [822.2198252299805, 260.5315337807155, 111.0], "137" : [823.6951774015288, 257.24589148153814, 207.0], "139" : [823.6951774015288, 257.24589148153814, 207.0], "141" : [768.4759803577138, 256.9318462356523, 179.0], "143" : [768.4759803577138, 256.9318462356523, 179.0], "145" : [921.1165913424646, 256.94506752059385, 446.0], "147" : [921.1165913424646, 256.94506752059385, 446.0], "149" : [1076.2475084415914, 262.36511589448287, 301.0], "151" : [1076.2475084415914, 262.36511589448287, 301.0], "153" : [618.6305384130413, 289.8197037266089, 203.0], "155" : [618.6305384130413, 289.8197037266089, 203.0], "157" : [733.6264373961761, 292.8706928931598, 174.0], "159" : [733.6264373961761, 292.8706928931598, 174.0], "161" : [734.8435362595441, 291.1877550616902, 147.0], "163" : [734.8435362595441, 291.1877550616902, 147.0], "165" : [874.0638758166677, 277.12114726601885, 227.0], "167" : [985.6384185154892, 278.1098890720853, 354.0], "169" : [952.4085932876113, 279.6511304951401, 221.0], "171" : [951.9058807933948, 284.73006433241767, 153.0], "173" : [711.2381433332623, 340.16597957756, 97.0], "175" : [778.3420622308021, 334.35000242501974, 126.0], "177" : [783.2816655591832, 334.5516688898363, 120.0], "179" : [950.4451868435641, 331.4702934643426, 239.0], "181" : [950.4451868435641, 331.4702934643426, 239.0], "183" : [950.4451868435641, 331.4702934643426, 239.0], "185" : [1086.447960017619, 339.70713974192745, 98.0], "187" : [640.6277031207184, 358.09324171580715, 148.0], "189" : [720.3513505964034, 412.17522393500667, 222.0], "191" : [822.7411808444061, 412.9623528037371, 170.0], "193" : [981.9620395361094, 405.6461195669633, 245.0], "195" : [981.9620395361094, 405.6461195669633, 245.0], "197" : [1074.6820980972523, 405.7890830150966, 229.0], "199" : [648.2501779158499, 459.3729535057756, 281.0], "201" : [648.2501779158499, 459.3729535057756, 281.0], "203" : [755.9016140479997, 454.40806585879153, 62.0], "205" : [759.7746445694875, 457.47392914354305, 280.0], "207" : [759.7746445694875, 457.47392914354305, 280.0], "209" : [985.6233974294139, 442.5343999612464, 218.0], "211" : [985.6233974294139, 442.5343999612464, 218.0], "213" : [1081.8137717434154, 439.93712319704775, 167.0], "215" : [733.1769266306884, 560.7538462457102, 65.0], "217" : [762.0901665232859, 489.68524509784385, 61.0], "219" : [762.0901665232859, 489.68524509784385, 61.0], "221" : [955.5371050067623, 472.62760106632686, 221.0], "223" : [1092.98260991478, 472.8251205020552, 207.0], "225" : [680.2956062798619, 515.7835136108391, 182.0], "227" : [714.3715721038237, 590.4921581845169, 102.0], "229" : [714.3715721038237, 590.4921581845169, 102.0], "231" : [714.3715721038237, 590.4921581845169, 102.0], "233" : [787.1414286087625, 603.6871448175831, 70.0], "235" : [786.5731000054551, 601.8877200107298, 171.0], "237" : [971.6641024777523, 611.165385396682, 78.0], "239" : [969.8849379020793, 603.4602435705277, 166.0], "241" : [1080.8943226494391, 589.5226939135116, 141.0], "243" : [754.7266649705068, 629.7900011352916, 60.0], "245" : [754.7266649705068, 629.7900011352916, 60.0], "247" : [754.7266649705068, 629.7900011352916, 60.0], "249" : [911.7589264898515, 627.8553540399345, 56.0], "251" : [911.7589264898515, 627.8553540399345, 56.0], "253" : [922.2664423270062, 629.877182242588, 149.0], "255" : [922.2664423270062, 629.877182242588, 149.0], "257" : [1042.6102328684794, 625.7283492098028, 127.0], "259" : [1042.6102328684794, 625.7283492098028, 127.0], "261" : [747.4333322519242, 594.9992258935016, 129.0], "263" : [747.4333322519242, 594.9992258935016, 129.0], "265" : [747.4333322519242, 594.9992258935016, 129.0], "267" : [747.4333322519242, 594.9992258935016, 129.0], "269" : [833.7329484824949, 622.1115627037494, 173.0], "271" : [833.7329484824949, 622.1115627037494, 173.0], "273" : [725.0501895270116, 627.2524881065975, 261.0], "275" : [725.0501895270116, 627.2524881065975, 261.0], "277" : [887.9231451645579, 629.8056767602534, 229.0], "279" : [887.9231451645579, 629.8056767602534, 229.0], "281" : [997.2147307889662, 635.4566977494311, 224.0], "283" : [1091.646757476041, 637.5601855537974, 216.0], "285" : [651.5508221878492, 768.3900814548252, 242.0], "287" : [859.279225312606, 723.8753640109026, 207.0], "289" : [1049.3446279844593, 746.0132246858, 121.0],