{"1" : [772.2955551470073, 9.265185674311592, 135.0], "3" : [892.2012788225717, 10.961145876976518, 157.0], "5" : [892.2012788225717, 10.961145876976518, 157.0], "7" : [933.5052775270369, 10.781266587317749, 379.0], "9" : [601.6843848883831, 68.8598518958729, 269.0], "11" : [558.2521177490607, 60.090676112492176, 236.0], "13" : [684.0373045321406, 68.50518303143812, 193.0], "15" : [684.0373045321406, 68.50518303143812, 193.0], "17" : [651.9079729446764, 71.84141295467307, 326.0], "19" : [651.9079729446764, 71.84141295467307, 326.0], "21" : [704.0445024446318, 71.66400065844418, 200.0], "23" : [704.0445024446318, 71.66400065844418, 200.0], "25" : [746.8316509562524, 73.92374766509349, 139.0], "27" : [664.6544162286157, 73.94000214887357, 215.0], "29" : [760.4785290530374, 79.41104316892032, 163.0], "31" : [849.181367420115, 85.48136818601715, 263.0], "33" : [912.3516084808285, 85.27204138045066, 93.0], "35" : [989.3807009511806, 80.12426960358991, 342.0], "37" : [926.0670473645395, 82.0977264162, 88.0], "39" : [926.0380146257299, 84.49751888768337, 121.0], "41" : [902.5063514787741, 92.01164250074228, 189.0], "43" : [902.5063514787741, 92.01164250074228, 189.0], "45" : [970.1766369141263, 86.57459132678544, 244.0], "47" : [880.2610835646419, 90.19409171776198, 203.0], "49" : [816.963745307272, 87.06932256488048, 251.0], "51" : [887.4469154136209, 89.2592491435283, 292.0], "53" : [900.922101118341, 89.86629688269937, 181.0], "55" : [985.0627632135692, 89.09456303720006, 239.0], "57" : [1038.6782457216154, 88.55052653149657, 285.0], "59" : [1051.869842636655, 79.98783117298146, 189.0], "61" : [1079.0925372952163, 82.11492567491024, 134.0], "63" : [816.8106731027566, 84.31348310495163, 178.0], "65" : [746.8497423163191, 77.96204981507243, 195.0], "67" : [742.3170941455578, 75.76667134070792, 117.0], "69" : [795.8811235208456, 78.8724501972258, 196.0], "71" : [795.8811235208456, 78.8724501972258, 196.0], "73" : [627.463459591156, 110.68974595873931, 156.0], "75" : [722.291811864949, 109.10000442087438, 171.0], "77" : [793.614048532589, 112.79831350331588, 178.0], "79" : [915.5476801092934, 117.58703958981752, 216.0], "81" : [1000.9698702862315, 117.28033612127757, 239.0], "83" : [1046.7101697173698, 122.67119146974613, 118.0], "85" : [628.0406960235217, 139.2069742820576, 172.0], "87" : [549.875529146178, 138.06223235180104, 331.0], "89" : [666.806249490875, 140.0725922280932, 208.0], "91" : [739.828441695364, 142.3188037426674, 218.0], "93" : [739.828441695364, 142.3188037426674, 218.0], "95" : [814.0864777356526, 136.2348370106691, 244.0], "97" : [792.0725646447289, 132.74247517006097, 226.0], "99" : [792.0725646447289, 132.74247517006097, 226.0], "101" : [792.0725646447289, 132.74247517006097, 226.0], "103" : [855.8122176527045, 139.6272177820016, 180.0], "105" : [962.1736646171248, 143.9847299616117, 262.0], "107" : [1084.0425202914319, 140.92289358774752, 214.0], "109" : [1134.0406473183737, 145.8935466762854, 155.0], "111" : [777.197340109983, 166.9138291767114, 188.0], "113" : [777.197340109983, 166.9138291767114, 188.0], "115" : [716.8785713271258, 171.52190410546729, 210.0], "117" : [716.8785713271258, 171.52190410546729, 210.0], "119" : [881.6900904628505, 178.36937011368866, 111.0], "121" : [937.0364250860158, 180.03244961853224, 151.0], "123" : [988.3150293252008, 178.26416482009344, 173.0], "125" : [688.5788669731487, 240.06546418266097, 194.0], "127" : [636.4348727915145, 233.6479484483749, 390.0], "129" : [713.8513977410762, 239.95378428113423, 251.0], "131" : [681.8790964860233, 241.56779951597144, 177.0], "133" : [681.8790964860233, 241.56779951597144, 177.0], "135" : [744.5401999291984, 243.64120654884664, 199.0], "137" : [816.4780353405713, 248.5456676202254, 173.0], "139" : [816.4780353405713, 248.5456676202254, 173.0], "141" : [876.4747927879281, 248.42975473688165, 242.0], "143" : [959.4333349806647, 243.25228771680437, 153.0], "145" : [1029.5652436866092, 246.11768233317284, 164.0], "147" : [971.6971174844575, 249.2640299678402, 139.0], "149" : [969.6301424336683, 253.28134147879913, 209.0], "151" : [1063.583841694127, 253.3620108042222, 229.0], "153" : [976.917093776778, 247.97863352073668, 234.0], "155" : [1062.9033300442861, 246.1652258350406, 601.0], "157" : [927.6503128499137, 247.2987438812355, 159.0], "159" : [871.7931922468244, 247.80681049402472, 235.0], "161" : [1043.032021508161, 245.9191027101624, 356.0], "163" : [1072.936496083963, 249.7613171578473, 137.0], "165" : [698.6988687080147, 286.75254136034374, 177.0], "167" : [655.6411780845325, 282.9208553386928, 187.0], "169" : [777.651170503246, 282.76367027100815, 256.0], "171" : [887.81772220637, 279.2999988365857, 316.0], "173" : [971.3999959975349, 279.2352632696336, 190.0], "175" : [1062.2807030869326, 281.4933721491423, 513.0], "177" : [956.8845903238818, 276.1815082618526, 292.0], "179" : [1068.8851399852585, 282.6034250832341, 175.0], "181" : [676.0252749298357, 304.37087799980975, 182.0], "183" : [598.4112936060454, 306.2134424188416, 186.0], "185" : [576.7732385559569, 307.1394352905784, 142.0], "187" : [710.9496920045896, 303.99378737780637, 161.0], "189" : [579.2633515105891, 308.36708015778527, 161.0], "191" : [729.7771278440136, 312.6904232923719, 188.0], "193" : [854.1180198903821, 313.8031807283173, 283.0], "195" : [854.1180198903821, 313.8031807283173, 283.0], "197" : [951.3659077737502, 313.0848508713243, 132.0], "199" : [951.3659077737502, 313.0848508713243, 132.0], "201" : [953.7089903878037, 316.5280881097852, 89.0], "203" : [953.7089903878037, 316.5280881097852, 89.0], "205" : [914.3613606825814, 314.19818120163103, 220.0], "207" : [910.6062509981215, 310.74875050403716, 160.0], "209" : [860.6154228133702, 305.98009886903947, 201.0], "211" : [933.9469968242231, 309.24310738232487, 283.0], "213" : [974.5771426941521, 307.5380946330283, 105.0], "215" : [1071.1704685432285, 304.0583895112118, 149.0], "217" : [1030.4679768180695, 315.1834262625389, 356.0], "219" : [1030.4679768180695, 315.1834262625389, 356.0], "221" : [1102.705920239079, 317.8838818127514, 304.0], "223" : [640.005442491232, 342.6160984385925, 441.0], "225" : [693.1559315109528, 337.6516937665626, 354.0], "227" : [684.9103987035031, 341.21439740879356, 125.0], "229" : [801.6209850151419, 342.17036995802, 243.0], "231" : [865.2163826202533, 343.07005814805996, 177.0], "233" : [868.7701766721167, 344.8631598953341, 57.0], "235" : [923.9000002565241, 348.3818689336128, 182.0], "237" : [1008.2956212839042, 345.12919739770524, 137.0], "239" : [1056.8504151049676, 339.26032806851657, 121.0], "241" : [612.8194145208118, 406.15164781398977, 273.0], "243" : [612.8194145208118, 406.15164781398977, 273.0], "245" : [700.5173249965021, 409.1516714349038, 329.0], "247" : [756.9987260729628, 403.8490441020366, 157.0], "249" : [824.4077794668138, 406.0929321108157, 283.0], "251" : [914.0996025683489, 402.8611119595988, 252.0], "253" : [995.025600889512, 405.60338075026146, 207.0], "255" : [1055.2956530616289, 407.0750984155806, 253.0], "257" : [665.5856274133339, 436.3272450770505, 334.0], "259" : [744.0021462095789, 436.45306519546585, 326.0], "261" : [822.5978942753541, 432.6316462794525, 237.0], "263" : [822.5978942753541, 432.6316462794525, 237.0], "265" : [959.5267706537171, 435.71817864712324, 198.0], "267" : [915.0960764903601, 441.3516322627943, 153.0], "269" : [1051.0733082304139, 441.8323315207091, 266.0], "271" : [641.3898205181133, 471.86466835918856, 167.0], "273" : [556.6834577702003, 473.8624082813866, 266.0], "275" : [669.6720001301031, 469.3119996835931, 125.0], "277" : [737.8462956627095, 448.24629450011724, 108.0], "279" : [745.1079516249827, 447.51136449723384, 88.0], "281" : [771.913115423032, 466.9087391320222, 183.0], "283" : [922.2007990198581, 473.69280036601344, 125.0], "285" : [992.4119543126752, 458.58043646988295, 92.0], "287" : [992.4119543126752, 458.58043646988295, 92.0], "289" : [992.4119543126752, 458.58043646988295, 92.0],