{"1" : [938.9, 541.7, 374.8373183368345], "3" : [939.0, 544.1, 46.837318336834514], "5" : [956.4, 538.5, 526.8373183368345], "7" : [954.3, 537.5, 30.837318336834514], "9" : [745.5, 521.0, 119.83731833683451], "11" : [750.3, 522.3, 14.837318336834514], "13" : [702.2, 527.7, 268.8373183368345], "15" : [700.0, 526.6, 17.837318336834514], "17" : [793.6, 529.6, 644.8373183368345], "19" : [793.6, 528.4, 14.837318336834514], "21" : [854.7, 526.6, 242.83731833683453], "23" : [854.1, 526.7, 14.837318336834514], "25" : [913.7, 521.0, 188.83731833683453], "27" : [912.5, 518.9, 8.837318336834514], "29" : [885.3, 516.7, 411.8373183368345], "31" : [886.3, 517.1, 19.837318336834514], "33" : [987.8, 518.7, 340.8373183368345], "35" : [989.8, 530.6, 23.837318336834514], "37" : [1094.9, 526.1, 370.8373183368345], "39" : [1087.2, 518.6, 19.837318336834514]}