{"1" : [318.8, 451.1, 19.904450617403327], "3" : [233.5, 469.3, 123.90445061740333], "5" : [231.3, 466.3, 206.90445061740334], "7" : [461.8, 519.1, 58.90445061740333], "9" : [458.3, 514.7, 295.9044506174033], "11" : [638.8, 570.6, 195.90445061740334], "13" : [628.5, 477.0, 26.904450617403327], "15" : [781.3, 473.0, 349.9044506174033], "17" : [772.1, 487.3, 24.904450617403327], "19" : [891.3, 478.0, 158.90445061740334], "21" : [889.4, 463.2, 267.9044506174033], "23" : [1114.7, 516.5, 85.90445061740333], "25" : [1111.2, 482.0, 304.9044506174033], "27" : [1201.8, 512.7, 124.90445061740333], "29" : [1198.8, 460.5, 19.904450617403327], "31" : [1276.8, 467.3, 91.90445061740333], "33" : [1279.4, 469.2, 311.9044506174033], "35" : [1374.8, 465.1, 383.9044506174033], "37" : [1366.2, 456.5, 25.904450617403327], "39" : [1509.0, 455.3, 173.90445061740334], "41" : [1513.1, 433.0, 204.90445061740334], "43" : [1361.5, 445.8, 111.90445061740333], "45" : [1358.5, 433.1, 250.90445061740334], "47" : [1454.1, 467.3, 209.90445061740334], "49" : [1447.6, 466.5, 35.90445061740333], "51" : [1606.8, 458.0, 312.9044506174033], "53" : [1617.1, 453.1, 98.90445061740333], "55" : [421.3, 542.0, 170.90445061740334], "57" : [415.9, 550.1, 13.904450617403329], "59" : [376.8, 550.2, 142.90445061740334], "61" : [372.4, 533.4, 153.90445061740334], "63" : [480.2, 790.3, 30.904450617403327], "65" : [472.6, 756.7, 303.9044506174033], "67" : [552.3, 739.2, 126.90445061740333], "69" : [531.2, 635.6, 25.904450617403327], "71" : [663.7, 594.7, 193.90445061740334], "73" : [664.0, 580.7, 26.904450617403327], "75" : [835.1, 570.0, 226.90445061740334], "77" : [834.2, 562.9, 28.904450617403327], "79" : [1009.5, 580.1, 222.90445061740334], "81" : [1009.2, 584.4, 36.90445061740333], "83" : [1197.1, 572.5, 260.9044506174033], "85" : [1198.1, 573.6, 25.904450617403327], "87" : [1322.1, 555.8, 120.90445061740333], "89" : [1323.8, 543.3, 180.90445061740334], "91" : [959.2, 530.1, 277.9044506174033], "93" : [954.6, 496.6, 239.90445061740334], "95" : [312.1, 558.5, 91.90445061740333], "97" : [303.2, 485.4, 16.904450617403327], "99" : [232.2, 455.2, 85.90445061740333]}