{"1" : [947.4, 537.9, 530.8373183368345], "3" : [944.4, 539.5, 23.837318336834514], "5" : [837.7, 472.0, 156.83731833683453], "7" : [843.1, 472.5, 19.837318336834514], "9" : [935.3, 461.3, 141.83731833683453], "11" : [932.2, 462.7, 17.837318336834514], "13" : [1010.2, 454.2, 158.83731833683453], "15" : [1017.7, 453.7, 11.837318336834514], "17" : [1064.0, 465.1, 616.8373183368345], "19" : [1074.8, 472.7, 21.837318336834514], "21" : [977.1, 492.1, 164.83731833683453], "23" : [973.2, 494.7, 9.837318336834514], "25" : [962.9, 521.0, 228.83731833683453], "27" : [965.2, 520.9, 6.837318336834514], "29" : [973.3, 501.3, 202.83731833683453], "31" : [974.8, 503.6, 16.837318336834514], "33" : [965.4, 581.6, 492.8373183368345], "35" : [974.1, 588.7, 26.837318336834514], "37" : [1035.6, 454.5, 194.83731833683453], "39" : [1034.3, 458.7, 11.837318336834514]}