{"1": [35.07160157926779, 384.5192796269968, 147.0], "2": [93.9, 385.0, 175.0], "3": [164.0, 385.0, 231.0], "4": [210.8, 385.0, 241.0], "5": [279.0, 385.0, 145.0], "6": [149.40325735863001, 384.5192796269969, 217.0], "7": [362.5, 385.0, 316.0], "8": [466.0, 385.0, 240.0], "9": [554.1, 385.0, 172.0], "10": [604.6126275912764, 383.91435023133886, 313.0], "11": [604.6126275912764, 384.5192796269969, 343.0], "12": [656.9390203156934, 384.8217443248259, 552.0], "13": [130.1, 385.0, 213.0], "14": [93.8, 385.0, 330.0], "15": [164.52649225008008, 384.8217443248259, 151.0], "16": [613.2, 385.0, 402.0]}