{"1": [52.6, 385.0, 199.0], "2": [90.6, 385.0, 239.0], "3": [128.5, 385.0, 166.0], "4": [165.38309072598486, 384.7531645178473, 143.0], "5": [205.4, 385.0, 241.0], "6": [247.32208553758977, 385.0623682718534, 144.0], "7": [296.0, 385.0, 234.0], "8": [278.9, 385.0, 203.0], "9": [309.0, 385.0, 128.0], "10": [360.5, 385.0, 196.0], "11": [423.0, 385.0, 371.0], "12": [486.33658738427124, 385.3715720258595, 204.0], "13": [536.7, 385.0, 188.0], "14": [613.5, 385.0, 732.0], "15": [615.0, 385.0, 849.0]}