{"1": [712.7017997167601, 21.0, 167.0], "2": [583.8980262193697, 87.0, 152.0], "3": [583.8980262193697, 87.0, 152.0], "4": [572.4410285963643, 87.0, 156.0], "5": [582.010268903565, 87.0, 185.0], "6": [582.010268903565, 87.0, 185.0], "7": [573.6575253990119, 87.0, 186.0], "8": [653.2887007187275, 87.0, 177.0], "9": [686.6623528738442, 87.0, 345.0], "10": [686.6623528738442, 85.48593030057236, 345.0], "11": [606.4825596145668, 87.0, 172.0], "12": [627.8428968959925, 87.0, 151.0], "13": [627.8428968959925, 87.0, 151.0], "14": [802.616427660922, 87.0, 280.0], "15": [836.2779914845128, 87.0, 209.0], "16": [774.454543428912, 87.0, 209.0], "17": [917.5087313800785, 87.0, 252.0], "18": [935.1879979885066, 87.0, 150.0], "19": [939.2400167787368, 87.0, 106.0], "20": [938.5480231789975, 86.17792390031178, 106.0], "21": [939.9320103784764, 87.0, 106.0], "22": [976.0988293163643, 87.0, 256.0], "23": [707.3900030703053, 120.0, 150.0], "24": [677.5764445797415, 120.0, 191.0], "25": [736.7811705074686, 120.0, 154.0], "26": [780.057227321174, 120.0, 166.0], "27": [765.7804489055346, 120.0, 225.0], "28": [791.2175513818037, 120.0, 188.0], "29": [846.6960879004331, 120.0, 230.0], "30": [846.6960879004331, 120.0, 230.0], "31": [889.0265951665428, 120.0, 188.0], "32": [913.8336498517401, 120.0, 208.0], "33": [1029.1495749262779, 120.0, 234.0], "34": [1029.1495749262779, 120.0, 234.0], "35": [1047.5068764617786, 120.0, 189.0], "36": [1047.5068764617786, 120.0, 189.0], "37": [687.0517517318614, 153.0, 143.0], "38": [687.0517517318614, 153.0, 143.0], "39": [596.0111913079785, 153.0, 169.0], "40": [596.703184907718, 153.0, 169.0], "41": [542.5629206250437, 153.0, 178.0], "42": [584.5107319200176, 153.0, 205.0], "43": [633.7175691720055, 153.0, 444.0], "44": [673.3192842596602, 153.0, 140.0], "45": [762.0957637858439, 153.0, 118.0], "46": [854.436699004537, 153.0, 188.0], "47": [886.6485031985401, 153.0, 172.0], "48": [973.8693279486724, 153.0, 238.0], "49": [1032.4184329961324, 153.0, 217.0], "50": [1017.8740732277247, 153.0, 243.0], "51": [1103.7967734331573, 153.0, 279.0], "52": [1130.399083175548, 153.0, 218.0], "53": [1131.7115123300816, 153.0, 139.0], "54": [760.7472984371575, 186.0, 148.0], "55": [676.8903231870565, 186.0, 186.0], "56": [738.9224710959587, 186.0, 178.0], "57": [846.8947377046254, 186.0, 114.0], "58": [828.0000013154663, 186.0, 194.0], "59": [976.953984926644, 186.0, 113.0], "60": [949.1832319854093, 186.0, 173.0], "61": [586.5210147040663, 252.0, 138.0], "62": [558.1701149215024, 252.0, 261.0], "63": [565.8370721504963, 252.0, 116.0], "64": [610.6173366916447, 252.0, 225.0], "65": [763.4736424449211, 250.87240063829677, 202.0], "66": [715.615789935729, 252.0, 228.0], "67": [625.8272322883084, 252.0, 224.0], "68": [801.2845759071406, 252.0, 201.0], "69": [764.8341369109763, 252.0, 208.0], "70": [878.1602079670597, 252.0, 191.0], "71": [1024.719755858832, 252.0, 162.0], "72": [1153.8258927208065, 252.0, 224.0], "73": [729.3179727374318, 285.0, 128.0], "74": [639.1583329298487, 285.0, 192.0], "75": [639.1583329298487, 285.0, 192.0], "76": [702.1445047572182, 285.0, 182.0], "77": [754.4777256483085, 285.0, 196.0], "78": [754.4777256483085, 285.0, 196.0], "79": [871.5893271965775, 285.0, 253.0], "80": [858.5724879526872, 285.0, 189.0], "81": [1065.9356724301808, 285.0, 342.0], "82": [567.6394537186618, 318.0, 128.0], "83": [566.9474601189223, 318.0, 128.0], "84": [559.1321591656581, 318.0, 227.0], "85": [620.9229608985981, 318.0, 197.0], "86": [621.6149544983375, 318.0, 197.0], "87": [660.2231244903145, 318.0, 160.0], "88": [762.237708214081, 318.0, 122.0], "89": [778.9161087881547, 318.0, 180.0], "90": [861.5608703398896, 318.0, 184.0], "91": [994.8681347263722, 318.0, 204.0], "92": [1132.9712999978558, 318.0, 223.0], "93": [743.2254168000479, 351.0, 358.0], "94": [818.1411368243363, 351.0, 195.0], "95": [817.4491432245968, 351.0, 195.0], "96": [880.7747315740887, 351.0, 277.0], "97": [1008.9025549294428, 351.0, 274.0], "98": [593.7390996538413, 417.0, 133.0], "99": [545.0053762413016, 417.0, 186.0], "100": [596.703184907718, 417.0, 197.0], "101": [596.0111913079785, 417.0, 197.0], "102": [659.0555531936562, 417.0, 243.0], "103": [659.0555531936562, 417.0, 243.0], "104": [811.7050688769818, 417.0, 217.0], "105": [758.5918493470103, 417.0, 184.0], "106": [900.0988461739137, 417.0, 173.0], "107": [900.0988461739137, 417.0, 173.0], "108": [944.941756904634, 417.0, 182.0], "109": [1017.4191576890598, 417.0, 167.0], "110": [1090.7485851837473, 417.0, 212.0], "111": [1148.9217398784508, 417.0, 230.0], "112": [700.5022248686328, 450.0, 138.0], "113": [699.8102312688934, 450.0, 138.0], "114": [699.8102312688934, 450.0, 138.0], "115": [637.5308072923444, 450.0, 180.0], "116": [636.8388136926051, 450.0, 180.0], "117": [797.0179739387512, 450.0, 217.0], "118": [797.0179739387512, 450.0, 217.0], "119": [967.6601612904794, 450.0, 123.0], "120": [917.163862251905, 450.0, 119.0], "121": [651.7176742659441, 483.0, 198.0], "122": [677.7460422503874, 483.0, 202.0], "123": [677.7460422503874, 483.0, 202.0], "124": [737.0040327238397, 483.0, 149.0], "125": [737.0040327238397, 483.0, 149.0], "126": [737.0040327238397, 483.0, 149.0], "127": [625.0749224970347, 483.0, 167.0], "128": [623.6909352975558, 483.0, 167.0], "129": [856.8927784097446, 483.0, 212.0], "130": [904.830808767539, 483.0, 198.0], "131": [788.993877486721, 483.0, 147.0], "132": [788.993877486721, 483.0, 147.0], "133": [1049.3313532245704, 483.0, 303.0], "134": [735.6330204564703, 516.0, 212.0], "135": [905.297344660913, 516.0, 226.0], "136": [962.0481191271612, 516.0, 133.0], "137": [879.0050052315324, 516.0, 220.0], "138": [582.2712245784754, 582.0, 212.0], "139": [670.4102677761246, 582.0, 224.0], "140": [782.1574696378857, 582.0, 241.0], "141": [776.8877405282825, 582.0, 155.0], "142": [926.0921383836877, 582.0, 198.0], "143": [924.0161575844694, 582.0, 198.0], "144": [925.4001447839482, 582.0, 198.0], "145": [1041.655069540173, 582.0, 490.0], "146": [663.8265640824429, 615.0, 151.0], "147": [730.3717326839324, 615.0, 191.0], "148": [730.3717326839324, 615.0, 191.0], "149": [703.7871803757931, 615.0, 117.0], "150": [703.7871803757931, 615.0, 117.0], "151": [825.6280010380545, 615.0, 175.0], "152": [825.6280010380545, 615.0, 175.0], "153": [867.9464103558088, 615.0, 209.0], "154": [867.9464103558088, 615.0, 209.0], "155": [867.9464103558088, 615.0, 209.0], "156": [968.3524827629685, 615.0, 181.0], "157": [968.3524827629685, 615.0, 181.0], "158": [1023.1053599188258, 615.0, 224.0], "159": [590.284761303607, 648.0, 105.0], "160": [512.2799657395071, 648.0, 199.0], "161": [511.58797213976777, 648.0, 199.0], "162": [482.42013113528344, 648.0, 154.0], "163": [696.4229733433992, 648.0, 148.0], "164": [679.882271117615, 648.0, 220.0], "165": [679.882271117615, 648.0, 220.0], "166": [679.882271117615, 648.0, 220.0], "167": [839.7021283223648, 648.0, 141.0], "168": [839.7021283223648, 648.0, 141.0], "169": [907.6289317564189, 678.0, 318.0], "170": [907.6289317564189, 678.0, 318.0], "171": [955.1957634140842, 678.0, 236.0], "172": [955.1957634140842, 678.0, 236.0], "173": [1081.0987047253207, 678.0, 143.0], "174": [640.0867358308465, 747.0, 196.0], "175": [759.3216808464845, 747.0, 197.0], "176": [836.1329704175614, 747.0, 212.0], "177": [836.8249640173009, 747.0, 212.0], "178": [836.1329704175614, 747.0, 212.0], "179": [818.209182748616, 747.0, 196.0], "180": [818.209182748616, 747.0, 196.0], "181": [818.209182748616, 747.0, 196.0], "182": [994.908946905449, 747.0, 257.0], "183": [994.908946905449, 747.0, 257.0], "184": [1121.1426956047335, 747.0, 267.0], "185": [732.0865393027133, 780.0, 156.0], "186": [732.0865393027133, 780.0, 156.0], "187": [841.09824643109, 813.0, 228.0], "188": [841.09824643109, 813.0, 228.0], "189": [872.9783767874635, 813.0, 148.0], "190": [872.9783767874635, 813.0, 148.0], "191": [872.9783767874635, 813.0, 148.0], "192": [998.7514663563281, 813.0, 283.0],