{"0": [684.5202756676073, 21.0, 152.0], "1": [737.9643993531995, 21.0, 191.0], "2": [542.5844353852117, 87.0, 257.0], "3": [934.3558340931588, 87.0, 255.0], "4": [933.7233390085371, 87.0, 255.0], "5": [1137.5632382541003, 87.0, 389.0], "6": [1134.9805969450917, 87.0, 201.0], "7": [730.059921760366, 119.97854523659981, 173.0], "8": [687.9101066097458, 120.0, 287.0], "9": [765.1345879639459, 120.0, 506.0], "10": [920.5676148718258, 120.0, 281.0], "11": [920.5676148718258, 120.0, 281.0], "12": [1010.6170728211171, 120.0, 123.0], "13": [1010.6170728211171, 120.0, 123.0], "14": [570.0386653510888, 152.23579455230393, 211.0], "15": [750.3678571658742, 153.0, 168.0], "16": [750.3678571658742, 153.0, 168.0], "17": [800.0872505584413, 153.0, 204.0], "18": [800.0872505584413, 153.0, 204.0], "19": [800.0872505584413, 153.0, 204.0], "20": [951.4332013779433, 153.0, 148.0], "21": [954.5956768010517, 153.0, 148.0], "22": [984.0360205567861, 153.0, 211.0], "23": [984.0360205567861, 153.0, 211.0], "24": [1048.6149451362821, 153.0, 194.0], "25": [1048.6149451362821, 153.0, 194.0], "26": [1112.1992466046377, 153.0, 133.0], "27": [719.6271188196265, 186.0, 295.0], "28": [719.6271188196265, 186.0, 295.0], "29": [781.5650661102653, 186.0, 146.0], "30": [781.5650661102653, 186.0, 146.0], "31": [782.3018864794324, 186.0, 106.0], "32": [782.3018864794324, 186.0, 106.0], "33": [925.550309916181, 186.0, 161.0], "34": [1032.5265295824306, 186.0, 196.0], "35": [702.0984036140048, 252.0, 188.0], "36": [774.4262076263324, 252.0, 145.0], "37": [1147.4091251001973, 252.0, 274.0], "38": [701.1594449264097, 285.0, 180.0], "39": [637.0831443209836, 285.0, 244.0], "40": [635.1856590671186, 285.0, 244.0], "41": [797.9715030559537, 285.0, 193.0], "42": [869.3599996536394, 285.0, 190.0], "43": [971.9791956468089, 285.0, 274.0], "44": [1077.364003234116, 285.0, 125.0], "45": [1077.364003234116, 285.0, 125.0], "46": [592.8084883974681, 318.0, 483.0], "47": [540.9036053388005, 318.0, 222.0], "48": [705.3926134601218, 318.0, 180.0], "49": [706.0251085447434, 318.0, 180.0], "50": [704.7601183755, 318.0, 180.0], "51": [765.474131926064, 318.0, 201.0], "52": [765.474131926064, 318.0, 201.0], "53": [765.474131926064, 318.0, 201.0], "54": [902.071761771317, 318.0, 301.0], "55": [902.071761771317, 318.0, 301.0], "56": [805.9195321471466, 318.0, 256.0], "57": [805.9195321471466, 318.0, 256.0], "58": [805.9195321471466, 318.0, 256.0], "59": [915.4085695029114, 318.0, 245.0], "60": [915.4085695029114, 318.0, 245.0], "61": [996.5701483159702, 318.0, 201.0], "62": [996.5701483159702, 318.0, 201.0], "63": [1091.734997397464, 318.0, 160.0], "64": [1091.734997397464, 318.0, 160.0], "65": [1144.0622380715627, 318.0, 143.0], "66": [1013.599998632529, 318.0, 344.0], "67": [798.9674161541726, 351.0, 178.0], "68": [755.0887364200387, 351.0, 293.0], "69": [909.6379424623372, 351.0, 311.0], "70": [909.6379424623372, 351.0, 311.0], "71": [989.0877665782575, 351.0, 327.0], "72": [989.0877665782575, 351.0, 327.0], "73": [593.9599990547777, 417.0, 280.0], "74": [653.4528983296475, 417.0, 276.0], "75": [801.6336642465762, 417.0, 202.0], "76": [850.2696072635547, 417.0, 102.0], "77": [850.2696072635547, 417.0, 102.0], "78": [584.47325995703, 417.0, 273.0], "79": [890.0811781696434, 417.0, 315.0], "80": [888.8161880004, 417.0, 315.0], "81": [1010.7190921281156, 417.0, 220.0], "82": [1045.6749689865692, 417.0, 195.0], "83": [1046.3074640711907, 417.0, 195.0], "84": [1153.7643261405533, 417.0, 171.0], "85": [715.7696444124023, 450.0, 336.0], "86": [715.7696444124023, 450.0, 336.0], "87": [807.6115386899482, 450.0, 104.0], "88": [809.3731552509786, 450.0, 190.0], "89": [949.6887139040464, 450.0, 257.0], "90": [949.6887139040464, 450.0, 257.0], "91": [1055.6994109910956, 450.0, 170.0], "92": [1055.6994109910956, 450.0, 170.0], "93": [1055.6994109910956, 450.0, 170.0], "94": [673.6227413528122, 483.0, 277.0], "95": [673.6227413528122, 483.0, 277.0], "96": [796.448795407349, 483.0, 373.0], "97": [796.448795407349, 483.0, 373.0], "98": [934.7322754080444, 483.0, 409.0], "99": [766.7446366684217, 516.0, 290.0], "100": [766.7446366684217, 516.0, 290.0], "101": [873.4369220965627, 516.0, 195.0], "102": [873.4369220965627, 516.0, 195.0], "103": [914.8252533693413, 516.0, 194.0], "104": [914.8252533693413, 516.0, 194.0], "105": [1003.6096755663524, 516.0, 279.0], "106": [1003.6096755663524, 516.0, 279.0], "107": [685.4308608401806, 582.0, 175.0], "108": [622.5713759322417, 582.0, 283.0], "109": [654.1449990812238, 582.0, 180.0], "110": [835.1154856271947, 582.0, 297.0], "111": [970.0793362750151, 582.0, 242.0], "112": [1058.9995606327543, 582.0, 226.0], "113": [1058.9995606327543, 582.0, 226.0], "114": [1154.393525666663, 582.0, 139.0], "115": [799.6352578383292, 615.0, 329.0], "116": [799.6352578383292, 615.0, 329.0], "117": [911.1855562184132, 615.0, 360.0], "118": [967.2455784934846, 615.0, 208.0], "119": [576.9961112819268, 648.0, 393.0], "120": [616.4005106048758, 648.0, 196.0], "121": [723.1024758295279, 648.0, 250.0], "122": [824.4847225267794, 648.0, 530.0], "123": [965.1867665039807, 648.0, 257.0], "124": [1009.1660297836081, 648.0, 209.0], "125": [1078.564713386895, 648.0, 286.0], "126": [1078.564713386895, 648.0, 286.0], "127": [1178.8195681503078, 648.0, 230.0], "128": [699.0676626139052, 679.7366951267595, 420.0], "129": [829.2603775484943, 678.0, 159.0], "130": [829.2603775484943, 678.0, 159.0], "131": [960.273232825684, 678.0, 198.0], "132": [1084.4849831693036, 678.0, 273.0], "133": [910.6434787331361, 678.0, 161.0], "134": [676.8837115112871, 747.0, 221.0], "135": [587.2801653047616, 747.0, 121.0], "136": [752.1025779535153, 747.0, 194.0], "137": [733.9348733168334, 747.0, 238.0], "138": [698.6389171846093, 747.0, 203.0], "139": [827.5177910417633, 747.0, 326.0], "140": [789.4027295701659, 747.0, 293.0], "141": [836.3557439882758, 747.0, 235.0], "142": [930.4038758529277, 747.0, 129.0], "143": [930.19411478869, 747.0, 102.0], "144": [1029.3486237119816, 747.0, 218.0], "145": [1027.9651066171627, 747.0, 274.0], "146": [1027.9651066171627, 747.0, 274.0], "147": [1140.9349769215046, 747.0, 263.0], "148": [831.8916303844514, 780.0, 194.0], "149": [832.5241254690732, 780.0, 194.0], "150": [728.1392531728104, 780.0, 214.0], "151": [1046.3074640711907, 780.0, 243.0], "152": [763.2596074429285, 780.0, 203.0], "153": [738.959259826849, 780.0, 189.0], "154": [738.959259826849, 780.0, 189.0], "155": [861.7254901302083, 780.0, 306.0], "156": [905.6378117616035, 780.0, 201.0], "157": [1042.825245354385, 780.0, 202.0], "158": [699.6775963097009, 813.0, 183.0], "159": [849.9733027611178, 813.0, 221.0], "160": [794.9706299355793, 813.0, 286.0], "161": [961.0618904777493, 813.0, 328.0], "162": [988.1680415467785, 813.0, 194.0], "163": [769.8701376210665, 846.0, 221.0], "164": [769.8701376210665, 846.0, 221.0], "165": [690.1139448496561, 846.0, 251.0], "166": [690.1139448496561, 846.0, 251.0], "167": [766.1121415837999, 846.0, 202.0], "168": [767.3771317530433, 846.0, 202.0], "169": [767.3771317530433, 846.0, 202.0], "170": [766.7446366684217, 846.0, 202.0], "171": [896.9024186707708, 846.0, 248.0], "172": [944.5453011609272, 846.0, 181.0], "173": [1060.2335513233488, 846.0, 310.0], "174": [690.8729920063197, 912.0, 137.0], "175": [658.5879771981196, 912.0, 230.0], "176": [769.0780598149346, 912.0, 196.0], "177": [942.5782701932402, 912.0, 404.0], "178": [1040.9731084541913, 912.0, 238.0], "179": [1113.8369545118746, 912.0, 184.0], "180": [713.8018103726627, 945.0, 166.0], "181": [670.6072879406161, 945.0, 247.0], "182": [733.7970864611344, 945.0, 412.0], "183": [905.4228649763115, 945.0, 398.0], "184": [1079.7593188172423, 945.0, 558.0], "185": [634.5531639824969, 945.0, 205.0], "186": [632.655678728632, 945.0, 205.0], "187": [599.1334392436845, 946.0171257524742, 291.0], "188": [675.0031242035877, 945.0, 256.0], "189": [813.5725925642344, 945.0, 135.0], "190": [1032.8709416230047, 945.0, 148.0],