{"0": [662.094595463499, 21.0, 111.0], "1": [667.6147808146088, 21.0, 115.0], "2": [667.6147808146088, 21.0, 115.0], "3": [526.3852684176758, 87.0, 224.0], "4": [628.515800173321, 87.0, 221.0], "5": [629.1370950670719, 87.0, 221.0], "6": [743.7649600808703, 87.0, 254.0], "7": [790.7792759837179, 87.0, 304.0], "8": [908.3625010359472, 87.0, 304.0], "9": [975.7150623437158, 87.0, 239.0], "10": [691.0555561325369, 120.0, 180.0], "11": [671.4774066411156, 120.0, 270.0], "12": [734.7572270047037, 120.0, 229.0], "13": [775.8804340535318, 120.0, 184.0], "14": [880.0428115893014, 120.0, 306.0], "15": [880.0428115893014, 120.0, 306.0], "16": [957.0383735894469, 120.0, 172.0], "17": [957.0383735894469, 120.0, 172.0], "18": [1025.1500002658831, 120.0, 214.0], "19": [1025.1500002658831, 120.0, 214.0], "20": [617.106432031078, 153.0, 171.0], "21": [590.7344184790912, 153.0, 154.0], "22": [581.8095800180407, 153.0, 167.0], "23": [724.1952138109406, 153.0, 194.0], "24": [801.9751091909654, 153.0, 225.0], "25": [886.3531810798931, 153.0, 219.0], "26": [884.4892963986408, 153.0, 219.0], "27": [989.4881334425219, 153.0, 223.0], "28": [990.1094283362727, 153.0, 223.0], "29": [1072.741649205126, 153.0, 224.0], "30": [1072.1203543113752, 153.0, 224.0], "31": [1118.2135481822875, 153.0, 155.0], "32": [718.6035597671836, 185.3260811592405, 186.0], "33": [698.7221231671588, 185.94737605299127, 170.0], "34": [725.4406921040875, 184.32013833695265, 170.0], "35": [804.8394749521675, 186.0, 228.0], "36": [926.5352350563909, 186.0, 105.0], "37": [924.8094275627416, 186.0, 297.0], "38": [1029.7124628122876, 186.0, 321.0], "39": [549.1644591276056, 252.0, 166.0], "40": [596.8321196157412, 253.9535090764992, 196.0], "41": [568.8387751718577, 252.0, 196.0], "42": [659.5805448608598, 252.0, 274.0], "43": [765.2006767984917, 252.0, 213.0], "44": [731.1044231693213, 252.0, 181.0], "45": [920.5244002361858, 252.0, 276.0], "46": [857.7985992781611, 252.0, 143.0], "47": [932.6263686210006, 252.0, 201.0], "48": [1027.7311484119607, 252.0, 244.0], "49": [1155.9147668024252, 252.0, 149.0], "50": [672.9731410203462, 285.0, 175.0], "51": [677.3239393469, 285.0, 188.0], "52": [797.7562912116106, 285.0, 151.0], "53": [882.9202952763768, 285.0, 202.0], "54": [882.9202952763768, 285.0, 202.0], "55": [979.9538729802257, 285.0, 284.0], "56": [1062.9928157063214, 285.0, 334.0], "57": [583.0931917135899, 318.0, 191.0], "58": [562.2376436661149, 318.0, 263.0], "59": [664.4258901837159, 318.0, 224.0], "60": [664.4258901837159, 318.0, 224.0], "61": [758.3119727193692, 318.0, 284.0], "62": [758.3119727193692, 318.0, 284.0], "63": [758.3119727193692, 318.0, 284.0], "64": [920.5244002361858, 308.34247012189417, 163.0], "65": [921.1456951299366, 308.34247012189417, 163.0], "66": [900.0216687424102, 318.0, 222.0], "67": [899.4003738486593, 318.0, 222.0], "68": [983.130303510801, 318.0, 264.0], "69": [1052.2912078203262, 313.63925542468195, 342.0], "70": [1082.6823675051382, 318.2831884219066, 342.0], "71": [1151.4679549864147, 318.0, 181.0], "72": [737.7108724235231, 351.0, 322.0], "73": [737.7108724235231, 351.0, 322.0], "74": [881.8704180864577, 351.0, 311.0], "75": [955.0010699083028, 351.0, 187.0], "76": [1006.4832424122093, 351.0, 358.0], "77": [582.483870743724, 417.0, 248.0], "78": [677.3885612656921, 417.0, 201.0], "79": [795.4131886035174, 417.0, 273.0], "80": [936.908386506703, 417.0, 322.0], "81": [1081.4235363950345, 411.6944101395535, 213.0], "82": [1047.4661943001024, 417.0, 213.0], "83": [1123.3482461259757, 417.0, 371.0], "84": [1163.490346527103, 417.0, 145.0], "85": [705.4546387211676, 450.0, 194.0], "86": [701.9101703902396, 450.0, 236.0], "87": [822.4905051672163, 450.0, 200.0], "88": [822.4905051672163, 450.0, 200.0], "89": [934.6612704044126, 450.0, 315.0], "90": [934.6612704044126, 450.0, 315.0], "91": [1045.9980575543882, 450.0, 206.0], "92": [706.798956785919, 483.0, 184.0], "93": [706.1776618921683, 483.0, 184.0], "94": [666.5197148517348, 483.0, 421.0], "95": [769.2507856274204, 483.0, 382.0], "96": [847.9662210916894, 483.0, 225.0], "97": [847.9662210916894, 483.0, 225.0], "98": [911.9459213664161, 483.0, 233.0], "99": [1030.4935964300732, 483.0, 209.0], "100": [1030.0968501392572, 483.0, 127.0], "101": [744.6133314070994, 516.0, 210.0], "102": [744.6133314070994, 516.0, 210.0], "103": [842.0798638649236, 516.0, 293.0], "104": [911.020247418761, 516.0, 242.0], "105": [911.020247418761, 516.0, 242.0], "106": [1008.1545169842035, 516.0, 310.0], "107": [1008.1545169842035, 516.0, 310.0], "108": [629.1370950670721, 582.0, 432.0], "109": [768.5382004901338, 582.0, 178.0], "110": [856.8534745646627, 582.0, 230.0], "111": [972.7131713112512, 582.0, 179.0], "112": [996.158184469059, 577.9618463952056, 179.0], "113": [1081.439777717637, 582.0, 307.0], "114": [1139.5299536883863, 582.0, 227.0], "115": [758.0920536300703, 615.0, 151.0], "116": [743.5844207146955, 615.0, 199.0], "117": [743.5844207146955, 615.0, 199.0], "118": [916.5868169877616, 615.0, 220.0], "119": [896.014025799679, 615.0, 164.0], "120": [969.6349980060503, 615.0, 220.0], "121": [969.6349980060503, 615.0, 220.0], "122": [1029.8723015363225, 615.0, 383.0], "123": [490.6548388591966, 648.0, 124.0], "124": [574.229269037929, 648.0, 369.0], "125": [729.0003511836352, 648.0, 286.0], "126": [827.4713021996436, 648.0, 338.0], "127": [969.6317123852, 648.0, 268.0], "128": [1055.0806942079278, 648.0, 259.0], "129": [1120.9057637832627, 648.0, 451.0], "130": [1194.6235776690348, 648.0, 352.0], "131": [692.9689395850035, 678.0, 264.0], "132": [776.3839848860059, 678.0, 215.0], "133": [773.8988053110029, 678.0, 215.0], "134": [874.5485780986286, 678.0, 200.0], "135": [983.2373671259131, 678.0, 380.0], "136": [1057.5826518877232, 678.0, 219.0], "137": [646.8274514644756, 747.0, 153.0], "138": [630.9382603861311, 742.8081934520914, 345.0], "139": [596.8297605920317, 747.0, 345.0], "140": [706.6943445582126, 747.0, 106.0], "141": [709.8356855910315, 747.0, 227.0], "142": [812.7494839598535, 747.0, 386.0], "143": [940.4058368362108, 747.0, 234.0], "144": [969.1574896925001, 744.2292826508576, 234.0], "145": [1028.0084168550702, 747.0, 288.0], "146": [1026.7658270675688, 747.0, 288.0], "147": [1147.9451750162236, 747.0, 259.0], "148": [732.2720474297009, 780.0, 349.0], "149": [837.8921793673328, 780.0, 279.0], "150": [938.1170920816368, 780.0, 117.0], "151": [939.1154914492262, 780.0, 213.0], "152": [1029.839882484277, 780.0, 341.0], "153": [696.6201243692897, 813.0, 323.0], "154": [663.2813654653277, 813.0, 220.0], "155": [853.4259594740158, 813.0, 339.0], "156": [920.7068175267665, 813.0, 176.0], "157": [981.9240595631361, 813.0, 266.0], "158": [1087.0633043202408, 813.0, 436.0], "159": [736.5112442124293, 846.0, 169.0], "160": [736.5112442124293, 846.0, 169.0], "161": [713.8547182561663, 846.0, 106.0], "162": [715.4915898981976, 846.0, 107.0], "163": [712.390610829676, 846.0, 171.0], "164": [825.645328384213, 846.0, 214.0], "165": [890.4010423692819, 846.0, 384.0], "166": [982.5737083516991, 846.0, 213.0], "167": [1063.0798426427466, 846.0, 501.0], "168": [677.7675883178075, 912.0, 145.0], "169": [654.5733317977041, 912.0, 135.0], "170": [770.4647929567703, 912.0, 196.0], "171": [745.126205125517, 912.0, 145.0], "172": [855.9097312861054, 912.0, 102.0], "173": [857.352708495612, 912.0, 129.0], "174": [944.7126075728402, 912.0, 230.0], "175": [936.0957994109422, 912.0, 238.0], "176": [1044.1446605172705, 912.0, 206.0], "177": [1096.4796211692296, 912.0, 211.0], "178": [682.0547489800142, 945.0, 179.0], "179": [682.0547489800142, 945.0, 179.0], "180": [653.2262884275411, 945.0, 194.0], "181": [768.3316555601369, 945.0, 278.0], "182": [894.9049005951105, 945.0, 347.0], "183": [1052.5098251524585, 945.0, 285.0], "184": [1105.8352602668933, 945.0, 173.0], "185": [577.0978837867922, 978.0, 189.0], "186": [571.6823172603691, 978.0, 345.0], "187": [660.7811335602225, 976.5773666491402, 112.0],