{"1" : [964.0, 545.7, 550.8601335406402], "3" : [959.4, 545.8, 23.860133540640202], "5" : [842.3, 533.7, 75.8601335406402], "7" : [835.8, 531.6, 11.860133540640202], "9" : [800.0, 534.8, 168.8601335406402], "11" : [804.4, 532.3, 17.860133540640202], "13" : [884.5, 528.7, 168.8601335406402], "15" : [886.0, 528.9, 18.860133540640202], "17" : [969.4, 535.4, 220.8601335406402], "19" : [972.7, 534.4, 13.860133540640202], "21" : [1036.4, 537.8, 229.8601335406402], "23" : [1041.1, 536.3, 17.860133540640202], "25" : [1103.2, 539.4, 162.8601335406402]}