{"1": [249.7, 438.0, 210.0], "2": [324.8, 438.0, 227.0], "3": [266.9, 438.0, 527.0], "4": [425.7, 438.0, 247.0], "5": [738.5, 438.0, 281.0], "6": [1112.1, 438.0, 108.0], "7": [1105.7, 438.0, 189.0], "8": [1481.6, 438.0, 207.0], "9": [465.7, 438.0, 147.0], "10": [253.4, 438.0, 289.0], "11": [359.7, 438.0, 124.0], "12": [353.2, 438.0, 230.0], "13": [396.2, 438.0, 142.0], "14": [672.7, 438.0, 272.0], "15": [925.2, 438.0, 158.0], "16": [1076.8, 438.0, 199.0], "17": [1448.3, 438.0, 207.0], "18": [1604.9, 438.0, 207.0], "19": [1591.2, 438.0, 223.0], "20": [966.8, 524.0, 272.0], "21": [1161.3, 524.0, 142.0], "22": [1158.5, 524.0, 200.0], "23": [1237.3, 524.0, 204.0], "24": [1236.3, 524.0, 264.0], "25": [229.8, 438.0, 315.0], "26": [297.6, 438.0, 273.0], "27": [262.2, 438.0, 276.0], "28": [381.9, 438.0, 323.0], "29": [246.2, 438.0, 310.0], "30": [340.4, 438.0, 103.0], "31": [335.2, 438.0, 217.0], "32": [860.7, 438.0, 170.0], "33": [1009.5, 438.0, 251.0], "34": [1296.8, 438.0, 172.0], "35": [1243.8, 438.0, 246.0], "36": [929.3764089829331, 522.9528605082801, 103.0], "37": [929.3764089829331, 522.9528605082801, 240.0], "38": [313.0, 438.0, 147.0], "39": [208.1, 438.0, 264.0], "40": [274.6, 438.0, 395.0], "41": [238.7, 438.0, 194.0], "42": [236.2, 438.0, 270.0], "43": [695.7, 524.0, 243.0], "44": [700.6, 438.0, 361.0], "45": [711.1, 438.0, 209.0], "46": [238.1, 438.0, 367.0], "47": [405.5, 524.0, 249.0], "48": [406.1, 438.0, 238.0], "49": [1432.4, 438.0, 245.0], "50": [419.6, 438.0, 129.0], "51": [217.5, 438.0, 300.0], "52": [279.4, 438.0, 254.0], "53": [257.6, 438.0, 132.0], "54": [258.2, 438.0, 203.0], "55": [256.2, 438.0, 151.0], "56": [237.5, 438.0, 363.0], "57": [198.1, 438.0, 167.0], "58": [196.5, 438.0, 225.0], "59": [226.3, 438.0, 199.0], "60": [267.9, 438.0, 354.0], "61": [226.0, 438.0, 167.0], "62": [224.4, 438.0, 243.0], "63": [313.6, 438.0, 151.0], "64": [275.0, 438.0, 307.0], "65": [262.3, 438.0, 852.0], "66": [391.3, 438.0, 123.0], "67": [390.2, 438.0, 228.0], "68": [251.9, 438.0, 349.0], "69": [191.5, 438.0, 215.0], "70": [352.5, 438.0, 217.0], "71": [442.4, 438.0, 175.0], "72": [629.4, 438.0, 304.0], "73": [738.1, 438.0, 422.0], "74": [880.7, 438.0, 270.0], "75": [1066.0, 438.0, 199.0], "76": [1017.7, 438.0, 106.0], "77": [1015.6, 438.0, 230.0], "78": [1171.2, 438.0, 115.0], "79": [1244.9, 438.0, 318.0], "80": [1427.6, 438.0, 312.0], "81": [1384.0, 438.0, 245.0], "82": [1425.8, 438.0, 235.0], "83": [1589.5, 438.0, 311.0], "84": [1651.1, 438.0, 184.0], "85": [188.5, 524.0, 369.0], "86": [351.9, 524.0, 237.0], "87": [367.3, 524.0, 185.0], "88": [465.1, 524.0, 231.0], "89": [561.6, 524.0, 309.0], "90": [626.1, 524.0, 251.0], "91": [789.2916472401595, 524.0, 220.0], "92": [847.4, 524.0, 211.0], "93": [831.8, 524.0, 223.0], "94": [889.0, 524.0, 284.0], "95": [1003.5, 524.0, 380.0], "96": [1001.0, 524.0, 230.0], "97": [1204.3, 524.0, 131.0], "98": [1319.3, 524.0, 257.0], "99": [1292.8, 524.0, 170.0], "100": [1436.8, 524.0, 120.0], "101": [597.4, 524.0, 116.0], "102": [424.1, 524.0, 168.0], "103": [421.1, 524.0, 243.0], "104": [613.3, 524.0, 113.0], "105": [1100.3, 524.0, 214.0], "106": [1213.5, 524.0, 170.0], "107": [1402.5, 524.0, 281.0], "108": [1509.8646340129199, 524.0, 223.0], "109": [1623.4, 524.0, 178.0], "110": [841.5, 607.0, 135.0], "111": [748.2, 607.0, 221.0], "112": [893.8, 607.0, 246.0], "113": [945.2, 607.0, 201.0], "114": [1577.4, 524.0, 374.0], "115": [1415.0, 438.0, 212.0], "116": [1389.929050329038, 523.9123451777511, 169.0], "117": [1451.8, 438.0, 158.0], "118": [1663.4, 438.0, 210.0], "119": [230.4, 438.0, 230.0], "120": [320.8, 438.0, 166.0], "121": [435.3, 438.0, 241.0], "122": [277.1, 438.0, 264.0], "123": [248.3, 438.0, 222.0], "124": [271.5, 438.0, 190.0], "125": [416.0, 438.0, 398.0], "126": [582.4, 438.0, 265.0], "127": [703.9, 438.0, 298.0], "128": [885.5, 438.0, 243.0], "129": [1102.7, 438.0, 209.0], "130": [1065.2, 438.0, 206.0], "131": [1267.0, 438.0, 317.0], "132": [1420.9, 438.0, 336.0], "133": [1564.6, 438.0, 246.0], "134": [1671.5, 438.0, 113.0], "135": [347.9, 524.0, 103.0], "136": [211.0, 524.0, 422.0], "137": [413.0, 524.0, 321.0], "138": [408.7, 524.0, 232.0], "139": [393.4, 524.0, 307.0], "140": [591.6, 524.0, 265.0], "141": [845.6, 524.0, 199.0], "142": [1132.6, 524.0, 213.0], "143": [1463.5, 524.0, 352.0], "144": [1647.2, 524.0, 195.0], "145": [878.1, 607.0, 123.0], "146": [773.6, 607.0, 239.0], "147": [923.6195009661068, 607.0, 213.0], "148": [924.5789856355779, 607.0, 206.0], "149": [1071.380140064649, 607.0, 143.0], "150": [1098.2457108098383, 607.0, 103.0], "151": [1121.2733428771435, 609.3064807606747, 176.0], "152": [1159.6527296559857, 612.1849347690879, 201.0], "153": [668.8, 438.0, 235.0], "154": [263.8, 438.0, 245.0]}