{"1" : [1530.0, 448.8, 54.12808793751111], "3" : [947.6, 559.8, 198.1280879375111], "5" : [953.5, 556.7, 15.128087937511108], "7" : [903.4, 554.8, 267.1280879375111], "9" : [902.3, 560.7, 26.128087937511108], "11" : [1049.7, 554.3, 48.12808793751111], "13" : [957.6, 540.4, 553.128087937511], "15" : [955.1, 535.7, 43.12808793751111], "17" : [601.7, 494.9, 144.1280879375111], "19" : [612.1, 498.7, 26.128087937511108], "21" : [463.7, 501.7, 259.1280879375111], "23" : [469.5, 511.4, 23.128087937511108], "25" : [569.9, 510.7, 174.1280879375111], "27" : [567.8, 512.3, 48.12808793751111], "29" : [975.6, 492.5, 172.1280879375111], "31" : [962.9, 497.8, 32.12808793751111], "33" : [1159.8, 493.2, 282.1280879375111], "35" : [1158.5, 492.4, 18.128087937511108], "37" : [1088.8, 485.8, 188.1280879375111], "39" : [1091.1, 479.1, 197.1280879375111], "41" : [1267.3, 415.5, 101.12808793751111], "43" : [1265.9, 409.3, 30.128087937511108], "45" : [1437.8, 452.5, 197.1280879375111], "47" : [1428.0, 465.7, 70.12808793751111], "49" : [538.5, 578.3, 329.1280879375111], "51" : [537.5, 582.2, 50.12808793751111], "53" : [1003.1, 575.1, 288.1280879375111], "55" : [996.2, 583.4, 25.128087937511108], "57" : [1126.0, 578.5, 228.1280879375111], "59" : [1131.3, 574.1, 35.12808793751111]}