{"1" : [1001.8, 408.9, 32.12808793751111], "3" : [833.2, 412.8, 329.1280879375111], "5" : [832.0, 419.5, 22.128087937511108], "7" : [948.5, 417.4, 326.1280879375111], "9" : [946.4, 417.9, 23.128087937511108], "11" : [1068.8, 413.9, 267.1280879375111], "13" : [1069.3, 411.0, 40.12808793751111], "15" : [879.7, 611.7, 316.1280879375111], "17" : [881.8, 609.2, 19.128087937511108], "19" : [964.1, 596.9, 112.12808793751111], "21" : [966.7, 600.3, 772.128087937511], "23" : [961.8, 495.8, 139.1280879375111], "25" : [966.7, 552.9, 572.128087937511], "27" : [966.0, 554.8, 25.128087937511108], "29" : [892.8, 444.0, 141.1280879375111], "31" : [890.3, 444.4, 18.128087937511108], "33" : [822.3, 419.7, 238.1280879375111], "35" : [815.9, 421.3, 12.128087937511108], "37" : [776.6, 435.8, 218.1280879375111], "39" : [775.0, 441.0, 27.128087937511108], "41" : [957.4, 444.0, 276.1280879375111], "43" : [953.5, 446.6, 28.128087937511108]}