{"1" : [1278.8, 532.3, 20.8621901263193], "3" : [1396.0, 526.5, 233.8621901263193], "5" : [1402.0, 527.1, 19.8621901263193], "7" : [1510.2, 528.8, 270.8621901263193], "9" : [1520.3, 531.8, 18.8621901263193], "11" : [1607.1, 532.4, 226.8621901263193], "13" : [1617.3, 533.0, 16.8621901263193], "15" : [1689.3, 526.7, 185.8621901263193], "17" : [1687.5, 526.8, 68.8621901263193], "19" : [914.8, 574.1, 165.8621901263193], "21" : [911.4, 578.9, 24.8621901263193], "23" : [806.7, 583.0, 206.8621901263193], "25" : [811.9, 580.8, 17.8621901263193], "27" : [893.6, 577.8, 222.8621901263193], "29" : [901.0, 577.4, 25.8621901263193], "31" : [1049.0, 571.1, 198.8621901263193], "33" : [1046.4, 571.9, 14.862190126319302], "35" : [994.8, 570.0, 296.8621901263193], "37" : [994.3, 571.8, 22.8621901263193], "39" : [1108.4, 564.7, 116.8621901263193], "41" : [944.9, 528.2, 558.8621901263193], "43" : [936.2, 528.4, 34.8621901263193], "45" : [705.9, 474.7, 128.8621901263193], "47" : [706.0, 476.6, 14.862190126319302], "49" : [657.8, 458.3, 194.8621901263193], "51" : [665.7, 455.2, 16.8621901263193], "53" : [753.3, 454.7, 214.8621901263193], "55" : [761.7, 456.7, 25.8621901263193], "57" : [929.9, 451.5, 275.8621901263193], "59" : [939.9, 451.7, 44.8621901263193], "61" : [1171.8, 443.5, 440.8621901263193], "63" : [1157.0, 450.0, 19.8621901263193]}