{"1" : [1162.0, 515.9, 180.10245520888296], "3" : [1160.6, 513.2, 17.102455208882954], "5" : [1209.6, 521.8, 232.10245520888296], "7" : [1211.6, 526.7, 23.102455208882954], "9" : [1286.6, 520.7, 300.10245520888293], "11" : [1288.4, 525.0, 20.102455208882954], "13" : [1353.5, 524.1, 328.10245520888293], "15" : [1346.7, 526.9, 88.10245520888296], "17" : [956.8, 613.8, 58.10245520888296], "19" : [953.0, 605.0, 170.10245520888296], "21" : [927.1, 534.2, 138.10245520888296], "23" : [933.6, 536.9, 20.102455208882954], "25" : [836.8, 542.1, 210.10245520888296], "27" : [833.4, 548.6, 19.102455208882954], "29" : [892.3, 553.3, 82.10245520888296], "31" : [956.5, 536.1, 581.1024552088829], "33" : [948.5, 534.9, 62.10245520888296], "35" : [404.4, 456.1, 107.10245520888296], "37" : [403.4, 455.3, 20.102455208882954], "39" : [326.2, 456.5, 225.10245520888296], "41" : [329.5, 456.8, 20.102455208882954], "43" : [391.0, 456.2, 105.10245520888296], "45" : [386.4, 456.8, 27.102455208882954], "47" : [555.8, 457.8, 149.10245520888296], "49" : [555.5, 458.3, 21.102455208882954], "51" : [692.4, 465.1, 177.10245520888296], "53" : [691.9, 460.8, 23.102455208882954], "55" : [827.5, 471.9, 351.10245520888293], "57" : [823.4, 467.7, 24.102455208882954], "59" : [940.1, 466.3, 161.10245520888296], "61" : [939.6, 463.0, 21.102455208882954], "63" : [1038.1, 461.8, 199.10245520888296], "65" : [1039.0, 468.2, 18.102455208882954], "67" : [1103.4, 473.3, 152.10245520888296], "69" : [1101.1, 476.9, 20.102455208882954], "71" : [1176.8, 473.8, 555.1024552088829], "73" : [1196.3, 470.2, 15.102455208882956], "75" : [1240.3, 467.7, 220.10245520888296], "77" : [1237.6, 466.5, 19.102455208882954], "79" : [1307.6, 467.7, 127.10245520888297], "81" : [1303.7, 470.2, 20.102455208882954], "83" : [1360.2, 466.8, 363.10245520888293], "85" : [1351.6, 467.4, 22.102455208882954], "87" : [1431.0, 456.4, 104.10245520888296], "89" : [1428.4, 455.2, 20.102455208882954], "91" : [1503.3, 453.1, 149.10245520888296], "93" : [1503.1, 456.1, 22.102455208882954], "95" : [1585.7, 436.9, 226.10245520888296], "97" : [1585.3, 432.1, 69.10245520888296], "99" : [904.9, 547.5, 135.10245520888296], "101" : [901.5, 547.8, 20.102455208882954]}