{"1" : [1701.1, 470.4, 64.8601335406402], "3" : [948.9, 526.0, 132.8601335406402], "5" : [941.3, 549.4, 21.860133540640202], "7" : [832.9, 562.1, 208.8601335406402], "9" : [830.9, 561.9, 26.860133540640202], "11" : [1018.7, 552.9, 194.8601335406402], "13" : [1017.1, 543.3, 251.8601335406402], "15" : [993.4, 538.0, 473.8601335406402], "17" : [995.0, 537.7, 11.860133540640202], "19" : [1038.1, 550.9, 102.8601335406402], "21" : [954.7, 533.5, 562.8601335406402], "23" : [955.0, 536.0, 55.860133540640206], "25" : [362.5, 468.1, 92.8601335406402], "27" : [358.4, 469.5, 21.860133540640202], "29" : [226.5, 475.8, 111.8601335406402], "31" : [221.9, 478.5, 13.860133540640202], "33" : [186.1, 475.6, 208.8601335406402], "35" : [184.4, 474.1, 16.860133540640202], "37" : [256.6, 471.4, 166.8601335406402], "39" : [256.6, 471.6, 17.860133540640202], "41" : [356.0, 464.0, 195.8601335406402], "43" : [357.7, 466.4, 17.860133540640202], "45" : [428.6, 463.0, 115.8601335406402], "47" : [421.6, 447.4, 181.8601335406402], "49" : [520.2, 479.8, 194.8601335406402], "51" : [524.8, 492.9, 18.860133540640202], "53" : [604.1, 504.7, 206.8601335406402], "55" : [603.8, 501.5, 23.860133540640202], "57" : [704.9, 499.8, 233.8601335406402], "59" : [701.9, 494.7, 24.860133540640202], "61" : [836.7, 508.3, 229.8601335406402], "63" : [837.4, 507.9, 22.860133540640202], "65" : [934.3, 512.1, 214.8601335406402], "67" : [938.6, 517.5, 23.860133540640202], "69" : [1085.7, 521.6, 208.8601335406402], "71" : [1087.5, 521.5, 49.860133540640206], "73" : [1374.3, 529.3, 257.8601335406402], "75" : [1374.1, 528.7, 37.860133540640206], "77" : [1629.7, 514.2, 307.8601335406402], "79" : [1635.2, 517.6, 9.860133540640202], "81" : [1686.2, 522.6, 395.8601335406402], "83" : [1701.1, 523.6, 16.860133540640202], "85" : [1629.2, 524.1, 176.8601335406402], "87" : [1628.0, 524.2, 62.86013354064021], "89" : [935.2, 539.7, 139.8601335406402], "91" : [932.6, 539.8, 26.860133540640202], "93" : [783.8, 553.9, 171.8601335406402], "95" : [778.0, 553.7, 8.860133540640202], "97" : [759.8, 561.9, 222.8601335406402], "99" : [759.5, 566.2, 19.860133540640202], "101" : [859.6, 564.5, 209.8601335406402], "103" : [861.0, 564.5, 25.860133540640202]}