{"1": [724.3668698442503, 21.0, 163.0], "2": [692.2138887782705, 21.0, 180.0], "3": [938.511474916015, 21.0, 183.0], "4": [920.218329695155, 21.0, 180.0], "5": [1043.9632643115592, 21.0, 294.0], "6": [542.3138091318784, 87.0, 210.0], "7": [667.1760349546712, 82.71226062516297, 264.0], "8": [616.7273683984689, 84.13334982392922, 264.0], "9": [776.6147044555336, 87.0, 170.0], "10": [751.0382356450689, 87.0, 204.0], "11": [929.9892854748463, 87.0, 196.0], "12": [922.1473939999795, 87.0, 192.0], "13": [1011.6090931151228, 87.0, 154.0], "14": [1011.6090931151228, 87.0, 154.0], "15": [1087.1078931901015, 86.2649836220786, 180.0], "16": [1162.8221824572206, 87.0, 293.0], "17": [691.3394374302184, 120.0, 142.0], "18": [663.1512455337986, 120.0, 201.0], "19": [782.4800012866691, 120.0, 195.0], "20": [844.8121848004539, 120.37112439246886, 212.0], "21": [877.4972363720779, 116.81840139555322, 212.0], "22": [970.2223667134284, 120.0, 152.0], "23": [970.2223667134284, 120.0, 152.0], "24": [1047.9503132675638, 120.0, 318.0], "25": [627.8014649840466, 153.0, 136.0], "26": [627.8014649840466, 153.0, 136.0], "27": [804.6656258681062, 153.0, 192.0], "28": [767.6203259784435, 153.0, 187.0], "29": [861.1559405034285, 153.0, 202.0], "30": [938.803955596893, 153.0, 177.0], "31": [938.803955596893, 153.0, 177.0], "32": [1018.9679245430005, 153.0, 212.0], "33": [1098.8010503280439, 153.0, 191.0], "34": [1148.5173078747994, 153.0, 156.0], "35": [688.7536889857653, 186.0, 244.0], "36": [688.7536889857653, 186.0, 244.0], "37": [780.5020731171385, 186.0, 193.0], "38": [851.7468948098209, 186.0, 177.0], "39": [954.3904767776374, 186.0, 189.0], "40": [1059.3966538141594, 183.60959373756748, 174.0], "41": [1060.8177430129256, 182.89904913818435, 174.0], "42": [1051.656496894215, 186.0, 154.0], "43": [1051.656496894215, 186.0, 154.0], "44": [554.7961320236514, 252.0, 362.0], "45": [605.343669655422, 252.0, 158.0], "46": [674.7028545803389, 252.0, 210.0], "47": [741.9863895805299, 252.0, 191.0], "48": [813.4364727724773, 252.0, 170.0], "49": [887.338304673303, 252.0, 154.0], "50": [957.0782315029885, 249.6902414801986, 157.0], "51": [967.0738841666292, 252.0, 157.0], "52": [1036.8911557606475, 252.0, 181.0], "53": [1132.5827475506217, 248.26915228143235, 220.0], "54": [613.1746454015533, 282.3752930518226, 157.0], "55": [630.9382603861316, 283.08583765120574, 250.0], "56": [667.8865795540544, 279.5331146542901, 250.0], "57": [702.9480193502272, 285.0, 202.0], "58": [755.8178380233302, 285.0, 185.0], "59": [795.7846074430179, 283.08583765120574, 193.0], "60": [833.4434712103238, 279.5331146542901, 193.0], "61": [872.2976192234913, 285.0, 168.0], "62": [953.8162911231199, 285.0, 221.0], "63": [953.8162911231199, 285.0, 221.0], "64": [1079.0741186339465, 285.0, 313.0], "65": [1079.246726237017, 285.0, 107.0], "66": [1079.246726237017, 285.0, 107.0], "67": [1053.590321754515, 285.0, 124.0], "68": [1053.590321754515, 285.0, 124.0], "69": [1053.590321754515, 285.0, 124.0], "70": [508.45287166369894, 318.0, 244.0], "71": [594.7004858175919, 316.48143382221286, 208.0], "72": [651.7909510318577, 318.0, 210.0], "73": [651.7909510318577, 318.0, 210.0], "74": [763.8687032565587, 318.0, 262.0], "75": [847.6543631979864, 314.3498000240635, 150.0], "76": [897.8416675721688, 318.0, 168.0], "77": [897.8416675721688, 318.0, 168.0], "78": [971.520439698466, 318.0, 181.0], "79": [971.520439698466, 318.0, 181.0], "80": [1049.0980998612981, 318.0, 158.0], "81": [1129.7405691530894, 311.507621626531, 187.0], "82": [1191.1898226066146, 318.0, 226.0], "83": [748.5174375249036, 351.0, 281.0], "84": [748.5174375249036, 351.0, 281.0], "85": [804.3415193586596, 351.0, 224.0], "86": [894.6684675592165, 351.0, 241.0], "87": [1010.3690764567233, 348.45594079445357, 533.0], "88": [635.2015279824303, 415.2471331364678, 110.0], "89": [606.7445474914758, 417.0, 110.0], "90": [529.0464518048368, 417.0, 183.0], "91": [577.6474154323968, 413.11549933831844, 175.0], "92": [631.7225577991163, 417.0, 266.0], "93": [801.7809516597673, 417.0, 147.0], "94": [800.7584196386997, 413.82604393770157, 178.0], "95": [797.9162412411672, 411.6944101395522, 178.0], "96": [951.3938747079235, 414.5365885370847, 146.0], "97": [957.4417832698554, 417.0, 146.0], "98": [926.1324675912633, 417.0, 154.0], "99": [1021.5682336792415, 417.0, 170.0], "100": [1115.4893848263343, 417.0, 179.0], "101": [1175.7436373766889, 417.0, 165.0], "102": [705.1925468373569, 450.0, 161.0], "103": [679.4292682745668, 450.0, 164.0], "104": [679.4292682745668, 450.0, 164.0], "105": [759.6779887313226, 450.0, 159.0], "106": [865.1838528762531, 450.0, 192.0], "107": [951.1074604966401, 450.0, 201.0], "108": [1020.6202822571078, 450.0, 143.0], "109": [1057.975564615393, 448.64272930747495, 412.0], "110": [614.5957346003195, 480.6172362797158, 235.0], "111": [714.0719785139579, 477.0645132828002, 193.0], "112": [805.0034013505601, 483.0, 147.0], "113": [860.9621215198723, 483.0, 198.0], "114": [859.0230767881164, 483.0, 198.0], "115": [956.8019925167794, 483.0, 201.0], "116": [1049.473076400189, 483.0, 156.0], "117": [736.8020501856253, 516.0, 244.0], "118": [846.2332739992202, 514.012832450723, 249.0], "119": [811.4165886294468, 511.17065405319045, 249.0], "120": [921.2900669750894, 516.0, 292.0], "121": [1000.1049461257069, 516.0, 182.0], "122": [987.2144235534597, 516.0, 208.0], "123": [899.9712586469099, 516.0, 334.0], "124": [631.463821678798, 582.0, 199.0], "125": [810.3583328118294, 582.0, 144.0], "126": [810.3583328118294, 582.0, 144.0], "127": [810.3583328118294, 582.0, 144.0], "128": [782.2204880732954, 582.0, 205.0], "129": [782.2204880732954, 582.0, 205.0], "130": [957.7887761023716, 580.093480193354, 207.0], "131": [1001.8425412641257, 581.5145693921204, 207.0], "132": [999.0003628665932, 579.382935593971, 181.0], "133": [981.029832447971, 582.0, 181.0], "134": [981.029832447971, 582.0, 181.0], "135": [1084.2657147925688, 576.5407571964383, 180.0], "136": [1159.5368703972367, 582.0, 179.0], "137": [1140.2911739435656, 582.0, 170.0], "138": [695.5978189299964, 614.9101655631275, 276.0], "139": [746.0464854861987, 613.4890763643612, 276.0], "140": [783.0751186342729, 615.0, 209.0], "141": [892.8429343887482, 615.0, 198.0], "142": [892.8429343887482, 615.0, 198.0], "143": [860.3379563917761, 615.0, 137.0], "144": [1029.5537806400678, 608.5152641686793, 161.0], "145": [1036.1552801478115, 615.0, 161.0], "146": [1005.0016197264043, 615.0, 309.0], "147": [1005.0016197264043, 615.0, 309.0], "148": [539.9885516650908, 642.6214049390696, 192.0], "149": [491.755050589683, 648.0, 287.0], "150": [581.2001384293123, 644.0424941378358, 211.0], "151": [577.6474154323967, 645.4635833366021, 211.0], "152": [728.2828705016204, 646.8846725353683, 176.0], "153": [727.5723259022373, 642.6214049390696, 176.0], "154": [727.5723259022373, 644.753038737219, 176.0], "155": [709.6875010198187, 648.0, 176.0], "156": [683.8126781914983, 648.0, 142.0], "157": [683.8126781914983, 648.0, 142.0], "158": [769.596185752128, 648.0, 236.0], "159": [769.596185752128, 648.0, 236.0], "160": [855.1916610300207, 648.0, 144.0], "161": [855.1916610300207, 648.0, 144.0], "162": [938.6040719190271, 644.753038737219, 190.0], "163": [996.1126411693552, 648.0, 174.0], "164": [996.1126411693552, 648.0, 174.0], "165": [1080.0427510220547, 648.0, 138.0], "166": [1080.0427510220547, 648.0, 138.0], "167": [802.8900534368491, 680.2802687063754, 128.0], "168": [625.2539035910664, 678.8591795076093, 152.0], "169": [628.096081988599, 675.3064565106936, 152.0], "170": [659.5814080563132, 678.0, 312.0], "171": [659.5814080563132, 678.0, 312.0], "172": [782.1355772512949, 678.0, 208.0], "173": [763.8101004707769, 685.2540809020575, 265.0], "174": [901.0677299339169, 678.0, 220.0], "175": [960.799999019946, 678.0, 171.0], "176": [733.8266663706847, 747.0, 150.0], "177": [688.2841283693424, 747.0, 189.0], "178": [845.2761373906732, 747.0, 176.0], "179": [813.2925744390536, 747.0, 202.0],