{"1" : [976.5, 595.9, 106.29412254521475], "3" : [975.4, 608.8, 23.29412254521475], "5" : [976.6, 527.6, 80.29412254521475], "7" : [965.4, 539.9, 550.2941225452148], "9" : [970.2, 535.9, 25.29412254521475], "11" : [843.5, 452.3, 126.29412254521475], "13" : [844.3, 456.6, 20.29412254521475], "15" : [805.5, 458.7, 205.29412254521475], "17" : [805.4, 461.7, 19.29412254521475], "19" : [894.1, 465.6, 194.29412254521475], "21" : [897.3, 466.2, 16.29412254521475], "23" : [957.4, 471.4, 370.29412254521475], "25" : [955.6, 472.5, 16.29412254521475], "27" : [885.0, 478.0, 247.29412254521475], "29" : [883.9, 480.7, 18.29412254521475], "31" : [964.9, 478.2, 207.29412254521475], "33" : [965.5, 479.8, 21.29412254521475], "35" : [1061.9, 482.5, 252.29412254521478], "37" : [1069.0, 483.0, 16.29412254521475], "39" : [1123.1, 482.8, 225.29412254521475], "41" : [1123.4, 470.7, 185.29412254521475], "43" : [1114.9, 445.0, 114.29412254521475], "45" : [1111.4, 463.7, 23.29412254521475], "47" : [1000.9, 469.7, 252.29412254521478], "49" : [1001.4, 467.6, 18.29412254521475], "51" : [977.5, 513.8, 159.29412254521475], "53" : [978.0, 517.0, 25.29412254521475]}