{"1" : [1055.0, 528.4, 18.79521389716248], "3" : [1125.2, 525.4, 646.7952138971625], "5" : [1111.5, 521.1, 19.79521389716248], "7" : [1020.2, 523.3, 472.79521389716245], "9" : [957.6, 543.9, 565.7952138971625], "11" : [951.5, 532.7, 8.795213897162482], "13" : [929.5, 518.9, 41.79521389716248], "15" : [921.0, 519.4, 33.79521389716248], "17" : [682.0, 513.7, 165.79521389716248], "19" : [690.3, 510.1, 19.79521389716248]}