{"1" : [1280.0, 473.2, 29.3068079902223], "3" : [1064.3, 467.6, 171.3068079902223], "5" : [1061.3, 458.9, 21.3068079902223], "7" : [1130.8, 458.7, 156.3068079902223], "9" : [1133.6, 455.7, 33.306807990222296], "11" : [1004.2, 509.2, 285.3068079902223], "13" : [1007.1, 522.3, 371.3068079902223], "15" : [1036.8, 506.5, 181.3068079902223], "17" : [1035.3, 506.2, 13.3068079902223], "19" : [1005.8, 515.9, 265.3068079902223], "21" : [950.4, 541.7, 433.3068079902223], "23" : [951.4, 544.4, 25.3068079902223], "25" : [790.6, 464.0, 141.3068079902223], "27" : [786.5, 461.5, 45.306807990222296], "29" : [411.9, 394.1, 145.3068079902223], "31" : [406.7, 395.3, 24.3068079902223], "33" : [266.1, 404.4, 208.3068079902223], "35" : [262.5, 408.6, 25.3068079902223], "37" : [405.3, 405.8, 225.3068079902223], "39" : [409.1, 402.6, 55.306807990222296], "41" : [583.9, 399.0, 175.3068079902223], "43" : [587.6, 400.1, 28.3068079902223], "45" : [791.9, 403.6, 196.3068079902223], "47" : [791.4, 402.8, 24.3068079902223], "49" : [656.4, 398.4, 123.3068079902223], "51" : [651.7, 400.8, 38.306807990222296], "53" : [988.1, 416.7, 423.3068079902223], "55" : [992.0, 414.0, 23.3068079902223], "57" : [1006.9, 500.6, 160.3068079902223], "59" : [1004.7, 495.8, 17.3068079902223], "61" : [995.5, 555.8, 325.3068079902223], "63" : [995.3, 549.5, 41.306807990222296], "65" : [1119.2, 421.8, 193.3068079902223], "67" : [1124.9, 418.6, 7.306807990222299], "69" : [1143.2, 417.7, 31.3068079902223], "71" : [1145.9, 418.2, 29.3068079902223], "73" : [1286.2, 427.6, 235.3068079902223], "75" : [1281.9, 431.2, 25.3068079902223], "77" : [1450.2, 428.7, 262.3068079902223], "79" : [1445.0, 433.1, 25.3068079902223], "81" : [1598.7, 445.1, 205.3068079902223], "83" : [1597.6, 447.8, 46.306807990222296]}