{"1": [95.4, 380.8, 206.0], "2": [134.08964557749937, 381.0063299058142, 231.0], "3": [206.2402211982287, 384.4420716020394, 327.0], "4": [226.85467137557993, 382.7242007539268, 225.0], "5": [277.8181732029205, 386.159942450152, 290.0], "6": [317.90182632554786, 383.2968243699643, 186.0], "7": [359.13072668025035, 383.2968243699643, 214.0], "8": [452.46837609436847, 386.7325660661895, 256.0], "9": [483.9626749764328, 385.58731883411446, 165.0], "10": [563.5573576056502, 387.3051896822271, 217.0], "11": [599.0600217999773, 386.159942450152, 268.0], "12": [651.1687708593929, 383.8694479860019, 348.0], "13": [670.6379738046691, 384.4420716020394, 160.0], "14": [731.3360771046478, 381.5789535218517, 291.0], "15": [761.0, 388.1, 204.0], "16": [826.1, 387.0, 321.0], "17": [847.5786711602673, 383.2968243699643, 229.0], "18": [875.0646047300688, 383.2968243699643, 311.0]}