{"1": [-0.6, 376.4, 141.0], "2": [42.91086962524771, 384.4873961459735, 157.0], "3": [94.30374404428508, 380.85966383404144, 210.0], "4": [163.8352800229827, 384.4873961459735, 202.0], "5": [194.6710046744051, 384.4873961459735, 213.0], "6": [212.20504418207668, 383.2781520419961, 174.0], "7": [272.66724938094416, 382.0689079380188, 235.0], "8": [308.339950448276, 388.11512845790554, 186.0], "9": [437.1244475218638, 384.4873961459735, 264.0], "10": [487.91269988891247, 385.09201819796215, 159.0], "11": [542.3286845678932, 385.09201819796215, 250.0], "12": [614.2787087545455, 380.85966383404144, 284.0], "13": [700.1350401369374, 381.4642858860301, 274.0], "14": [635.4404805741491, 383.88277409398484, 266.0]}