{"1": [810.4477012740865, 422.7063217066433, 174.0], "2": [742.7941161538104, 110.74215666001754, 102.0], "3": [658.2979885555922, 89.9477415851191, 199.0], "4": [769.2560587834553, 101.92424071765164, 198.0], "5": [769.2560587834553, 101.92424071765164, 198.0], "6": [772.8333335694124, 103.46139952304954, 57.0], "7": [831.9897055688704, 87.40441370423338, 136.0], "8": [962.1431654650144, 76.10791626211572, 278.0], "9": [634.8762506096816, 128.55500093067906, 160.0], "10": [637.819319838011, 133.63749931214286, 88.0], "11": [705.0586668300084, 129.30799840350028, 150.0], "12": [705.0586668300084, 129.30799840350028, 150.0], "13": [772.5237344716913, 130.4233456438938, 257.0], "14": [772.5237344716913, 130.4233456438938, 257.0], "15": [674.4180158263669, 137.50630332518432, 111.0], "16": [912.4766766808227, 130.41390035269055, 223.0], "17": [912.4766766808227, 130.41390035269055, 223.0], "18": [971.4033694261248, 132.48370675113532, 356.0], "19": [971.4033694261248, 132.48370675113532, 356.0], "20": [1041.6714908390163, 138.11854927593353, 221.0], "21": [1077.9282049231963, 136.62307421947702, 117.0], "22": [717.7540380592155, 171.97018515447695, 161.0], "23": [816.5609787387236, 165.64634080265134, 82.0], "24": [816.5609787387236, 165.64634080265134, 82.0], "25": [816.5609787387236, 165.64634080265134, 82.0], "26": [816.5609787387236, 165.64634080265134, 82.0], "27": [819.609911239524, 165.78017858614317, 111.0], "28": [819.609911239524, 165.78017858614317, 111.0], "29": [819.609911239524, 165.78017858614317, 111.0], "30": [819.609911239524, 165.78017858614317, 111.0], "31": [924.5034214073858, 167.3593178109611, 263.0], "32": [924.5034214073858, 167.3593178109611, 263.0], "33": [1032.7993432220721, 170.65228842336734, 306.0], "34": [835.2731682874911, 156.05609887915992, 82.0], "35": [837.2942138752684, 154.47686003448476, 121.0], "36": [757.7248281477365, 167.68793223958045, 290.0], "37": [757.7248281477365, 167.68793223958045, 290.0], "38": [667.8331078378712, 229.8939179032303, 296.0], "39": [667.8331078378712, 229.8939179032303, 296.0], "40": [692.2080263403521, 227.6839510431122, 162.0], "41": [1045.1241935295034, 226.24354740730917, 62.0], "42": [673.6858600083092, 255.58131330201405, 198.0], "43": [776.7994750130488, 250.1015730736244, 191.0], "44": [902.0005474906789, 247.44262602933352, 183.0], "45": [1002.6473140820692, 256.049269669859, 205.0], "46": [1046.5108238399698, 255.58350711135088, 194.0], "47": [615.1414530055413, 291.93846801050745, 234.0], "48": [615.1414530055413, 291.93846801050745, 234.0], "49": [707.0750996426475, 287.01976190499676, 253.0], "50": [816.4234055534467, 281.3228694265905, 188.0], "51": [914.95928190602, 278.51976238565413, 167.0], "52": [914.95928190602, 278.51976238565413, 167.0], "53": [1005.3867051885853, 275.4143619589316, 188.0], "54": [1005.3867051885853, 275.4143619589316, 188.0], "55": [751.4145446806283, 308.06136279750314, 220.0], "56": [817.3590433930235, 303.542022048816, 188.0], "57": [817.3590433930235, 303.542022048816, 188.0], "58": [727.8692477874088, 312.9069249258528, 491.0], "59": [826.4257840509674, 308.58437224833983, 128.0], "60": [930.9161291067287, 315.0087087965901, 310.0], "61": [938.9983586811768, 316.25245987328583, 61.0], "62": [854.5260869287903, 362.4630446187516, 92.0], "63": [860.9081385754469, 365.3395366403617, 86.0], "64": [676.7339295063322, 415.17321532140255, 56.0], "65": [683.6799266082029, 416.67234976517375, 264.0], "66": [672.0984606701326, 408.3153865593428, 130.0], "67": [819.8302085170889, 402.7067698624807, 192.0], "68": [928.0406598789486, 406.58681219015637, 182.0], "69": [1036.730688697572, 411.5216896398883, 189.0], "70": [1036.730688697572, 411.5216896398883, 189.0], "71": [653.4050908620187, 440.62360903778915, 216.0], "72": [810.5640704862088, 431.1479052414497, 167.0], "73": [810.5640704862088, 431.1479052414497, 167.0], "74": [920.5456212398127, 438.31198122600017, 217.0], "75": [920.5456212398127, 438.31198122600017, 217.0], "76": [1016.249278627813, 442.27625327758636, 278.0], "77": [740.9468748960777, 469.59732007018704, 224.0], "78": [819.2162668086645, 468.1734927582239, 166.0], "79": [905.3488638366913, 470.39829512491144, 176.0], "80": [905.3488638366913, 470.39829512491144, 176.0], "81": [1002.1330670563739, 472.8472431583579, 254.0], "82": [1038.6054211293763, 472.239155824826, 166.0], "83": [984.290322916436, 474.53097117823035, 155.0], "84": [701.6842973629095, 530.7198344964082, 121.0], "85": [704.4134620375064, 528.7339748285285, 156.0], "86": [704.4134620375064, 528.7339748285285, 156.0], "87": [751.3197528660027, 529.6308626439522, 162.0], "88": [716.7312499017245, 571.7328106124029, 64.0], "89": [726.1182852075359, 576.3079992920303, 175.0], "90": [825.8167481128343, 578.5569352082007, 209.0], "91": [825.8167481128343, 578.5569352082007, 209.0], "92": [935.6912038741025, 569.1384009609006, 125.0], "93": [937.8485720988668, 569.7857111173113, 70.0], "94": [709.646272624575, 588.3522399106253, 201.0], "95": [709.646272624575, 588.3522399106253, 201.0], "96": [709.646272624575, 588.3522399106253, 201.0], "97": [841.9530437396653, 574.5699989371973, 230.0], "98": [919.3708642486355, 578.8181101490874, 127.0], "99": [1050.6871675418715, 577.6593579369802, 187.0], "100": [644.2365399691757, 611.7346177021277, 52.0], "101": [654.8190710124695, 614.3271703339665, 173.0], "102": [776.0770819478852, 609.0312506116055, 144.0], "103": [863.5197184943936, 600.1190149363409, 142.0], "104": [970.8578178961238, 602.6592446264867, 211.0], "105": [1042.5406234574978, 607.8117213467339, 128.0], "106": [1045.2321481103118, 606.9821459612489, 56.0], "107": [709.0051749278952, 655.550002235739, 58.0], "108": [709.0051749278952, 655.550002235739, 58.0], "109": [717.1790196768553, 659.2461533966593, 143.0], "110": [717.1790196768553, 659.2461533966593, 143.0], "111": [775.5428556464341, 640.6595261524932, 84.0], "112": [779.6964164618598, 637.5674271613923, 307.0], "113": [860.9644056002633, 638.1632764243395, 177.0], "114": [909.4925766177703, 638.0764196538393, 229.0], "115": [909.4925766177703, 638.0764196538393, 229.0], "116": [736.0516428673602, 648.1713109573699, 122.0], "117": [740.5048033102992, 651.0311999974612, 125.0], "118": [981.8378958050514, 641.8057910524388, 190.0], "119": [982.8311098186133, 642.2162968925788, 135.0], "120": [1057.4699578790498, 640.9771313866331, 223.0], "121": [764.5768144434124, 762.8289825096448, 207.0], "122": [764.5768144434124, 762.8289825096448, 207.0], "123": [764.5768144434124, 762.8289825096448, 207.0], "124": [861.1319569224415, 749.1247450319489, 194.0], "125": [985.752662791429, 751.9324457096017, 188.0], "126": [985.752662791429, 751.9324457096017, 188.0], "127": [870.4803796302199, 751.2164549193077, 158.0], "128": [760.4883553759311, 753.6747010170177, 249.0], "129": [760.4883553759311, 753.6747010170177, 249.0], "130": [831.2506334966902, 755.0898745708415, 158.0], "131": [831.2506334966902, 755.0898745708415, 158.0], "132": [899.4024253884304, 757.1327268145343, 165.0], "133": [899.4024253884304, 757.1327268145343, 165.0], "134": [1012.4489494418806, 760.515788780617, 190.0], "135": [1012.4489494418806, 760.515788780617, 190.0], "136": [592.4073678588625, 809.4989472117973, 95.0], "137": [598.8250048765041, 812.0239128997822, 92.0], "138": [677.0147980594955, 797.5327382030681, 223.0], "139": [677.0147980594955, 797.5327382030681, 223.0], "140": [590.8657601307553, 798.1169510001902, 295.0], "141": [590.8657601307553, 798.1169510001902, 295.0], "142": [644.3257897475114, 799.6515781018588, 190.0], "143": [769.8840776936923, 800.4761208608782, 201.0], "144": [769.8840776936923, 800.4761208608782, 201.0], "145": [852.1442061120263, 796.4060111420762, 233.0], "146": [960.7552950161215, 796.7647080070486, 85.0], "147": [963.9533933516797, 798.414027133522, 221.0], "148": [1045.1569556248173, 798.2238418956393, 151.0], "149": [1114.7147286294708, 794.6178290014659, 129.0],