{"0": [730.727381839728, 21.0, 168.0], "1": [1003.315746945614, 21.0, 254.0], "2": [949.7591959396425, 21.0, 125.0], "3": [962.2902456932493, 21.0, 164.0], "4": [1008.7720286968148, 21.0, 143.0], "5": [799.3550329374061, 87.0, 149.0], "6": [776.6692748904672, 87.0, 166.0], "7": [946.7298449104663, 87.0, 191.0], "8": [946.7298449104663, 87.0, 191.0], "9": [1048.2071877353364, 87.19188501014122, 174.0], "10": [1048.2071877353364, 87.0, 174.0], "11": [811.176812395723, 120.0, 138.0], "12": [761.5551735140153, 120.0, 174.0], "13": [936.9082517914757, 120.0, 176.0], "14": [936.9082517914757, 120.0, 176.0], "15": [884.4978336303601, 120.0, 231.0], "16": [884.4978336303601, 120.0, 231.0], "17": [914.0468487327366, 120.0, 143.0], "18": [913.4452328627699, 120.0, 143.0], "19": [914.0468487327366, 120.0, 143.0], "20": [657.4216374603686, 153.0, 171.0], "21": [650.418779271469, 149.53169851112787, 283.0], "22": [642.8611960749437, 150.69440361828563, 283.0], "23": [610.832450269462, 153.0, 126.0], "24": [981.4278261690199, 153.0, 225.0], "25": [979.6229785591195, 153.0, 225.0], "26": [927.9016451257149, 153.0, 243.0], "27": [1049.878442558669, 153.0, 167.0], "28": [1014.5166990171948, 153.0, 127.0], "29": [1013.3134672772611, 153.0, 127.0], "30": [1013.3134672772611, 153.0, 127.0], "31": [905.8006391669353, 153.0, 156.0], "32": [905.8006391669353, 153.0, 156.0], "33": [840.6916034973648, 153.0, 131.0], "34": [672.4939385584382, 186.0, 297.0], "35": [645.7261707275372, 185.25527181473205, 234.0], "36": [743.7577890052697, 186.0, 199.0], "37": [743.7577890052697, 186.0, 199.0], "38": [686.9169443698337, 186.0, 183.0], "39": [658.0936353902558, 186.0, 110.0], "40": [770.2606558106679, 186.0, 363.0], "41": [931.4937089617744, 186.0, 295.0], "42": [1059.036273394739, 186.0, 116.0], "43": [774.413698073163, 252.0, 146.0], "44": [709.2454543387455, 252.0, 154.0], "45": [709.2454543387455, 252.0, 154.0], "46": [848.4707189063538, 252.0, 127.0], "47": [960.4352944547923, 252.0, 187.0], "48": [906.2258424231682, 252.0, 225.0], "49": [1008.5005403175267, 252.0, 217.0], "50": [674.949483989815, 284.0, 194.0], "51": [649.3358659473381, 284.5, 172.0], "52": [623.4663835387651, 284.5, 383.0], "53": [649.3358659473381, 284.5, 227.0], "54": [709.7480618866324, 284.0, 129.0], "55": [814.7802301882123, 284.5, 218.0], "56": [944.1276422310774, 284.5, 195.0], "57": [911.7408694228502, 284.0, 115.0], "58": [1021.4123806728957, 284.0, 210.0], "59": [897.2605771965971, 284.0, 104.0], "60": [973.9810607488695, 284.0, 264.0], "61": [973.9810607488695, 284.0, 264.0], "62": [899.2740330714232, 284.0, 181.0], "63": [725.9108897470971, 318.0, 101.0], "64": [662.624800081048, 318.0, 246.0], "65": [662.624800081048, 318.0, 246.0], "66": [915.1307695626982, 318.0, 156.0], "67": [796.9055327213572, 318.0, 235.0], "68": [879.5648520271053, 318.0, 165.0], "69": [987.0982564791632, 318.0, 172.0], "70": [1036.0474575976023, 318.0, 177.0], "71": [1106.5956265794807, 318.0, 183.0], "72": [739.190214541053, 351.0, 235.0], "73": [935.3000017578063, 351.0, 163.0], "74": [865.2879563431551, 351.0, 191.0], "75": [897.4183426927632, 351.0, 169.0], "76": [712.144513520406, 416.0, 164.0], "77": [712.144513520406, 416.0, 164.0], "78": [635.1102438054907, 416.0, 205.0], "79": [764.9214660079954, 416.0, 205.0], "80": [764.9214660079954, 416.0, 205.0], "81": [764.9214660079954, 416.0, 205.0], "82": [691.7874350461237, 416.0, 191.0], "83": [646.6659826619411, 416.0, 291.0], "84": [646.6659826619411, 416.0, 291.0], "85": [749.8057162317964, 416.5, 287.0], "86": [892.9902932838983, 416.5, 147.0], "87": [991.053680088489, 416.5, 254.0], "88": [1020.7403559012125, 414.6284629430947, 254.0], "89": [854.6840919087311, 416.0, 220.0], "90": [896.7037385664065, 416.0, 321.0], "91": [701.6764466344512, 439.7387848106948, 167.0], "92": [842.2120484087908, 450.0, 249.0], "93": [842.2120484087908, 450.0, 249.0], "94": [842.2120484087908, 450.0, 249.0], "95": [792.5322591790676, 450.0, 186.0], "96": [792.5322591790676, 450.0, 186.0], "97": [1012.0542187299885, 450.0, 332.0], "98": [996.106531257494, 450.0, 199.0], "99": [996.106531257494, 450.0, 199.0], "100": [902.9293746522015, 450.0, 160.0], "101": [672.9458671614001, 483.0, 242.0], "102": [713.1071481638207, 483.0, 187.0], "103": [636.096936225716, 483.0, 261.0], "104": [648.3217144712414, 483.0, 152.0], "105": [831.5543480881506, 483.0, 230.0], "106": [831.5543480881506, 483.0, 230.0], "107": [736.5701670925264, 483.0, 124.0], "108": [653.1616647422688, 483.0, 180.0], "109": [735.9685512225597, 483.0, 148.0], "110": [997.9163934188952, 483.0, 183.0], "111": [970.0629399145432, 483.0, 170.0], "112": [812.1793097347037, 483.0, 261.0], "113": [812.1793097347037, 483.0, 261.0], "114": [763.9141593105832, 483.0, 113.0], "115": [763.9141593105832, 483.0, 113.0], "116": [1006.8362219973528, 483.0, 254.0], "117": [709.905188584555, 483.0, 135.0], "118": [709.905188584555, 483.0, 135.0], "119": [837.5494893054982, 483.0, 196.0], "120": [930.8920930918076, 483.0, 174.0], "121": [1008.002400850794, 483.0, 250.0], "122": [730.5000016680515, 516.0, 145.0], "123": [673.9013613545357, 516.0, 220.0], "124": [809.898649383246, 516.0, 148.0], "125": [943.8492761432568, 516.0, 207.0], "126": [880.1196898854522, 516.0, 193.0], "127": [998.4146946695879, 516.0, 279.0], "128": [1045.270688979481, 516.0, 232.0], "129": [643.0697436879907, 582.0, 195.0], "130": [762.0384695586131, 581.4766458202319, 199.0], "131": [735.9685512225597, 582.0, 199.0], "132": [770.7587578622962, 579.7325881594952, 199.0], "133": [632.3052895691577, 582.0, 227.0], "134": [701.6127648087804, 582.0, 188.0], "135": [701.6127648087804, 582.0, 188.0], "136": [701.6127648087804, 582.0, 188.0], "137": [923.071086782239, 582.0, 185.0], "138": [924.8759343921395, 581.7201301228631, 185.0], "139": [1013.7344392498993, 582.0, 151.0], "140": [1124.1741592007197, 582.0, 178.0], "141": [770.621428094767, 615.0, 196.0], "142": [706.6655379650206, 615.0, 177.0], "143": [706.6655379650206, 615.0, 177.0], "144": [844.8610236865532, 615.0, 342.0], "145": [845.4626395565199, 615.0, 342.0], "146": [1051.2152670851706, 615.0, 137.0], "147": [804.3412507485652, 615.0, 160.0], "148": [804.3412507485652, 615.0, 160.0], "149": [708.1222240594223, 615.0, 180.0], "150": [708.1222240594223, 615.0, 180.0], "151": [808.7441971624585, 615.0, 181.0], "152": [808.7441971624585, 615.0, 181.0], "153": [1022.3208334753735, 615.0, 216.0], "154": [1022.3208334753735, 615.0, 216.0], "155": [1022.3208334753735, 615.0, 216.0], "156": [1003.6876133577922, 615.0, 123.0], "157": [1003.0859974878254, 615.0, 123.0], "158": [708.7634295677668, 648.0, 175.0], "159": [643.748878927589, 648.0, 223.0], "160": [643.748878927589, 648.0, 223.0], "161": [746.5712309693921, 648.0, 219.0], "162": [746.5712309693921, 648.0, 219.0], "163": [746.5712309693921, 648.0, 219.0], "164": [719.046362167841, 648.0, 110.0], "165": [891.3135315449955, 648.0, 170.0], "166": [891.3135315449955, 648.0, 170.0], "167": [1023.1675453464721, 648.0, 228.0], "168": [1023.1675453464721, 648.0, 228.0], "169": [1023.1675453464721, 648.0, 228.0], "170": [1097.4725152196497, 648.0, 171.0], "171": [794.1033576644792, 681.0, 149.0], "172": [733.4141498592504, 681.0, 106.0], "173": [891.1854456739978, 681.0, 206.0], "174": [890.583829804031, 681.0, 206.0], "175": [941.1195628812435, 681.0, 127.0], "176": [958.6894753404409, 681.0, 171.0], "177": [767.252576460834, 681.0, 363.0], "178": [851.2250026611684, 681.0, 104.0], "179": [768.579131415266, 681.0, 345.0], "180": [868.4564357389037, 681.0, 303.0], "181": [922.7044687802975, 681.0, 179.0], "182": [715.855040336715, 747.0, 258.0], "183": [715.855040336715, 747.0, 258.0], "184": [715.855040336715, 747.0, 258.0], "185": [852.1105774257791, 747.0, 208.0], "186": [852.1105774257791, 747.0, 208.0], "187": [775.1285707011943, 747.0, 231.0], "188": [960.0318636476335, 747.0, 204.0], "189": [1061.1828253967392, 747.0, 262.0],