{"1" : [923.3, 570.0, 24.79521389716248], "3" : [1052.9, 565.8, 314.79521389716245], "5" : [1053.3, 567.4, 24.79521389716248], "7" : [1156.8, 571.6, 185.79521389716248], "9" : [1156.9, 570.7, 17.79521389716248], "11" : [1214.4, 566.0, 62.79521389716248], "13" : [959.1, 542.2, 574.7952138971625], "15" : [960.9, 547.2, 53.79521389716248], "17" : [444.2, 518.7, 68.79521389716248], "19" : [458.2, 521.5, 36.79521389716248], "21" : [222.4, 519.1, 168.79521389716248], "23" : [221.1, 516.7, 13.795213897162482], "25" : [179.1, 510.6, 226.79521389716248], "27" : [179.2, 511.6, 22.79521389716248], "29" : [251.2, 509.2, 395.79521389716245], "31" : [225.6, 504.5, 22.79521389716248], "33" : [340.7, 499.8, 320.79521389716245], "35" : [341.2, 504.6, 20.79521389716248], "37" : [455.6, 507.7, 207.79521389716248], "39" : [449.6, 509.6, 12.795213897162482], "41" : [419.4, 516.0, 196.79521389716248], "43" : [415.2, 517.7, 28.79521389716248], "45" : [600.1, 526.4, 178.79521389716248], "47" : [597.7, 528.2, 14.795213897162482], "49" : [550.9, 528.9, 241.79521389716248], "51" : [553.5, 527.9, 22.79521389716248], "53" : [668.9, 525.8, 219.79521389716248], "55" : [669.9, 524.0, 29.79521389716248], "57" : [830.2, 522.2, 327.79521389716245], "59" : [819.0, 514.1, 12.795213897162482], "61" : [781.5, 516.0, 215.79521389716248], "63" : [780.3, 520.0, 36.79521389716248], "65" : [1044.0, 515.6, 284.79521389716245], "67" : [1040.8, 513.6, 14.795213897162482], "69" : [988.9, 513.1, 189.79521389716248], "71" : [987.6, 512.5, 35.79521389716248], "73" : [1207.6, 516.4, 472.79521389716245], "75" : [1188.3, 516.0, 39.79521389716248], "77" : [1452.7, 511.4, 372.79521389716245], "79" : [1449.7, 514.6, 19.79521389716248], "81" : [1537.7, 518.0, 256.79521389716245], "83" : [1538.3, 515.8, 22.79521389716248], "85" : [1647.5, 516.6, 228.79521389716248], "87" : [1653.3, 517.0, 15.795213897162482], "89" : [1708.7, 515.5, 200.79521389716248]}