{"1" : [802.4, 505.8, 17.787147366880784], "3" : [859.8, 498.9, 144.7871473668808], "5" : [854.8, 496.4, 20.787147366880784], "7" : [949.3, 501.9, 220.7871473668808], "9" : [950.9, 502.8, 19.787147366880784], "11" : [1010.6, 498.0, 236.7871473668808], "13" : [1008.7, 496.7, 21.787147366880784], "15" : [1086.8, 498.0, 238.7871473668808], "17" : [1086.7, 498.3, 13.787147366880784], "19" : [1138.2, 503.4, 259.7871473668808], "21" : [1145.3, 504.6, 9.787147366880784], "23" : [1122.2, 508.6, 525.7871473668807], "25" : [956.6, 532.3, 535.7871473668807], "27" : [961.5, 526.7, 31.787147366880784], "29" : [733.1, 525.1, 42.78714736688079], "31" : [728.0, 525.1, 34.78714736688079], "33" : [594.4, 517.5, 165.7871473668808], "35" : [595.9, 520.1, 18.787147366880784], "37" : [674.0, 526.5, 242.7871473668808], "39" : [666.8, 527.2, 22.787147366880784], "41" : [798.5, 532.7, 308.7871473668808], "43" : [796.4, 529.2, 20.787147366880784], "45" : [921.3, 525.1, 173.7871473668808], "47" : [919.6, 523.2, 18.787147366880784], "49" : [980.8, 523.0, 144.7871473668808], "51" : [978.3, 521.1, 20.787147366880784], "53" : [1066.0, 517.2, 160.7871473668808], "55" : [1062.7, 520.0, 24.787147366880784], "57" : [1174.3, 516.2, 241.7871473668808], "59" : [1173.5, 520.6, 21.787147366880784], "61" : [1274.3, 523.7, 227.7871473668808], "63" : [1271.2, 526.9, 50.78714736688079]}