{"1": [587.7, 429.0, 120.0], "2": [326.7, 429.0, 148.0], "3": [277.3, 429.0, 215.0], "4": [275.4, 429.0, 186.0], "5": [328.7, 429.0, 271.0], "6": [398.9, 429.0, 384.0], "7": [324.6, 429.0, 238.0], "8": [374.1, 429.0, 320.0], "9": [421.2, 429.0, 386.0], "10": [498.7, 429.0, 339.0], "11": [345.7, 429.0, 434.0], "12": [601.3, 429.0, 174.0], "13": [561.5, 429.0, 302.0], "14": [657.4, 429.0, 275.0], "15": [771.7, 429.0, 214.0], "16": [752.3, 429.0, 186.0], "17": [836.1, 429.0, 257.0], "18": [922.3, 429.0, 336.0], "19": [1042.4, 429.0, 274.0], "20": [1020.8, 429.0, 241.0], "21": [1064.8, 429.0, 451.0], "22": [1107.9, 429.0, 266.0], "23": [1170.2, 429.0, 553.0], "24": [1166.3, 429.0, 183.0], "25": [1173.1, 429.0, 180.0], "26": [1228.5, 429.0, 322.0], "27": [1201.3, 429.0, 197.0], "28": [1271.7, 429.0, 261.0], "29": [1348.5, 429.0, 256.0], "30": [1391.2, 429.0, 241.0], "31": [1432.2, 429.0, 284.0], "32": [1484.1, 429.0, 215.0], "33": [1538.1, 429.0, 297.0], "34": [1571.1, 429.0, 105.0], "35": [289.3, 479.0, 124.0], "36": [221.4, 479.0, 300.0], "37": [304.7, 479.0, 222.0], "38": [454.9, 479.0, 323.0], "39": [546.2, 479.0, 257.0], "40": [825.9, 479.0, 311.0], "41": [713.3, 479.0, 258.0], "42": [651.8, 479.0, 202.0], "43": [889.4, 479.0, 267.0], "44": [843.5, 479.0, 170.0], "45": [981.7, 479.0, 348.0], "46": [1036.1, 479.0, 281.0], "47": [1092.4, 479.0, 274.0], "48": [1135.2, 479.0, 411.0], "49": [1178.8, 479.0, 108.0], "50": [1243.6, 479.0, 412.0], "51": [1220.8, 479.0, 166.0], "52": [1259.9, 479.0, 204.0], "53": [1347.6, 479.0, 317.0], "54": [1407.1, 479.0, 300.0], "55": [1456.6, 479.0, 271.0], "56": [1530.1, 479.0, 684.0], "57": [1613.1, 479.0, 220.0], "58": [1649.9, 479.0, 139.0], "59": [1649.6, 479.0, 168.0], "60": [351.8, 529.0, 118.0], "61": [211.7, 529.0, 196.0], "62": [184.72680300412708, 526.8788320705809, 273.0], "63": [223.9, 529.0, 293.0], "64": [333.8, 529.0, 360.0], "65": [403.0, 529.0, 460.0], "66": [470.3, 529.0, 354.0], "67": [536.8, 529.0, 340.0], "68": [702.9, 529.0, 217.0], "69": [650.5673320323092, 527.9596685648459, 217.0], "70": [506.0, 529.0, 634.0], "71": [583.2, 529.0, 387.0], "72": [710.2, 529.0, 309.0], "73": [688.4, 529.0, 118.0], "74": [607.5, 529.0, 183.0], "75": [604.4, 529.0, 161.0], "76": [710.4, 529.0, 355.0], "77": [753.7, 529.0, 277.0], "78": [815.6, 529.0, 361.0], "79": [796.6, 529.0, 163.0], "80": [910.1, 529.0, 547.0], "81": [948.2, 529.0, 185.0], "82": [1090.467785198133, 527.9596685648459, 203.0], "83": [1035.4, 529.0, 197.0], "84": [1272.0, 529.0, 544.0], "85": [1470.4, 529.0, 268.0], "86": [1203.8, 529.0, 255.0], "87": [1311.4, 529.0, 288.0], "88": [1389.1, 529.0, 309.0], "89": [1444.2, 529.0, 220.0], "90": [1494.4, 529.0, 203.0], "91": [1542.1, 529.0, 288.0], "92": [1619.6, 529.0, 820.0], "93": [1612.3, 529.0, 139.0], "94": [301.2, 579.0, 108.0], "95": [242.01113720016804, 580.9206567838271, 398.0], "96": [251.5, 579.0, 322.0], "97": [304.8, 579.0, 313.0], "98": [367.4, 579.0, 197.0], "99": [333.8, 579.0, 211.0], "100": [284.4, 579.0, 787.0], "101": [343.9, 579.0, 288.0], "102": [429.7, 579.0, 190.0], "103": [573.0, 579.0, 155.0], "104": [507.8969147893392, 578.7589837952972, 266.0], "105": [726.9, 579.0, 253.0], "106": [808.1, 579.0, 301.0], "107": [965.4, 579.0, 210.0], "108": [908.8872541616258, 577.6781473010323, 218.0], "109": [1085.8, 579.0, 200.0], "110": [1171.1, 579.0, 113.0], "111": [1165.5, 579.0, 150.0], "112": [1385.3, 579.0, 248.0], "113": [1229.895692958308, 577.6781473010323, 233.0], "114": [1517.6, 579.0, 191.0], "115": [1574.7, 579.0, 135.0], "116": [568.1, 629.0, 112.0], "117": [458.7, 629.0, 196.0], "118": [456.0167630646229, 628.4774625314838, 175.0], "119": [686.3, 629.0, 248.0], "120": [627.5, 629.0, 167.0], "121": [808.0, 629.0, 218.0], "122": [765.1360004243911, 626.3157895429538, 184.0], "123": [1042.2, 629.0, 377.0], "124": [1100.5, 629.0, 235.0], "125": [1197.7, 629.0, 323.0], "126": [1281.2, 629.0, 282.0], "127": [1394.1828400865766, 628.4774625314838, 210.0]}