{"1" : [830.4, 627.4, 666.0375046204089], "3" : [833.7, 645.1, 175.03750462040892], "5" : [836.6, 656.8, 22.037504620408914], "7" : [943.8, 647.4, 203.03750462040892], "9" : [949.0, 654.9, 24.037504620408914], "11" : [1064.4, 650.1, 184.03750462040892], "13" : [1063.9, 662.3, 18.037504620408914], "15" : [1134.4, 659.6, 260.0375046204089], "17" : [1134.3, 650.8, 44.03750462040892], "19" : [907.8, 440.1, 204.03750462040892], "21" : [970.8, 574.6, 591.0375046204089], "23" : [961.7, 581.8, 35.03750462040892], "25" : [832.4, 443.5, 400.0375046204089], "27" : [823.1, 452.6, 15.037504620408914], "29" : [785.4, 448.5, 161.03750462040892], "31" : [783.1, 455.1, 33.03750462040892], "33" : [969.5, 453.2, 250.03750462040892], "35" : [985.4, 452.1, 27.037504620408914], "37" : [1096.4, 437.4, 113.03750462040891], "39" : [1092.5, 435.9, 28.037504620408914], "41" : [917.9, 502.1, 201.03750462040892], "43" : [921.3, 504.3, 20.037504620408914], "45" : [1009.8, 503.8, 136.03750462040892], "47" : [1006.9, 500.2, 33.03750462040892], "49" : [843.6, 553.8, 163.03750462040892], "51" : [844.8, 548.7, 26.037504620408914], "53" : [970.1, 556.3, 141.03750462040892], "55" : [972.9, 555.8, 20.037504620408914], "57" : [1064.1, 551.9, 213.03750462040892], "59" : [1064.3, 550.7, 34.03750462040892], "61" : [830.9, 581.2, 242.03750462040892], "63" : [831.2, 582.5, 22.037504620408914]}