{"1" : [1631.0, 456.4, 15.90445061740333], "3" : [1570.4, 452.9, 126.90445061740333], "5" : [1570.0, 453.1, 32.90445061740333], "7" : [1701.8, 462.1, 120.90445061740333], "9" : [1698.1, 461.2, 74.90445061740333], "11" : [906.2, 551.8, 221.90445061740334], "13" : [899.4, 555.0, 8.904450617403329], "15" : [884.1, 546.9, 88.90445061740333], "17" : [881.9, 559.8, 147.90445061740334], "19" : [962.9, 545.3, 554.9044506174033], "21" : [965.0, 553.9, 200.90445061740334], "23" : [312.2, 602.2, 55.90445061740333], "25" : [305.3, 565.7, 340.9044506174033], "27" : [475.8, 630.2, 216.90445061740334], "29" : [457.8, 520.3, 18.904450617403327], "31" : [382.6, 504.4, 198.90445061740334], "33" : [377.3, 504.9, 45.90445061740333], "35" : [699.2, 520.9, 70.90445061740333], "37" : [693.3, 506.0, 279.9044506174033], "39" : [759.7, 621.9, 52.90445061740333], "41" : [749.5, 568.1, 32.90445061740333], "43" : [878.0, 515.3, 374.9044506174033], "45" : [870.7, 536.5, 21.904450617403327], "47" : [985.5, 536.3, 212.90445061740334], "49" : [977.0, 536.5, 9.904450617403329], "51" : [951.4, 532.3, 112.90445061740333], "53" : [952.0, 527.4, 26.904450617403327], "55" : [1084.2, 517.6, 120.90445061740333], "57" : [1087.3, 506.3, 197.90445061740334], "59" : [1168.4, 616.6, 39.90445061740333], "61" : [1167.9, 594.7, 322.9044506174033], "63" : [1124.6, 561.6, 102.90445061740333], "65" : [1111.8, 521.3, 12.904450617403329], "67" : [1081.4, 538.0, 173.90445061740334], "69" : [1084.2, 534.7, 289.9044506174033], "71" : [1198.0, 551.2, 272.9044506174033], "73" : [1195.7, 539.7, 22.904450617403327], "75" : [1302.4, 530.9, 223.90445061740334], "77" : [1307.1, 507.8, 262.9044506174033], "79" : [1396.4, 509.6, 263.9044506174033], "81" : [1377.4, 516.7, 267.9044506174033], "83" : [1491.3, 566.3, 33.90445061740333], "85" : [1480.5, 524.9, 25.904450617403327]}