{"1" : [1201.8, 519.3, 242.0150369672006], "3" : [1204.8, 518.4, 17.01503696720058], "5" : [1269.1, 520.1, 490.01503696720056], "7" : [1271.3, 530.9, 193.0150369672006], "9" : [1202.6, 513.0, 237.0150369672006], "11" : [960.6, 528.0, 543.0150369672006], "13" : [952.1, 530.4, 37.01503696720058], "15" : [708.6, 507.2, 154.0150369672006], "17" : [710.6, 512.7, 18.01503696720058], "19" : [645.8, 508.4, 186.0150369672006], "21" : [644.1, 512.6, 14.015036967200578], "23" : [603.3, 514.4, 389.01503696720056], "25" : [600.5, 528.5, 191.0150369672006], "27" : [863.0, 509.3, 192.0150369672006], "29" : [858.6, 510.7, 10.015036967200578], "31" : [832.5, 526.1, 344.01503696720056], "33" : [832.8, 536.1, 17.01503696720058], "35" : [894.4, 525.1, 251.01503696720056], "37" : [889.9, 525.0, 19.01503696720058], "39" : [959.6, 530.5, 148.0150369672006], "41" : [960.0, 529.5, 30.01503696720058], "43" : [1125.6, 525.4, 285.01503696720056], "45" : [1131.6, 524.9, 13.015036967200578], "47" : [1181.8, 519.4, 173.0150369672006], "49" : [1183.9, 522.9, 236.0150369672006]}