{"1" : [846.0, 469.0, 36.306807990222296], "3" : [724.9, 464.1, 337.3068079902223], "5" : [725.4, 475.0, 25.3068079902223], "7" : [817.6, 488.2, 146.3068079902223], "9" : [815.4, 480.6, 35.306807990222296], "11" : [961.0, 494.0, 250.30680799022232], "13" : [960.6, 493.9, 24.3068079902223], "15" : [1045.0, 507.3, 306.3068079902223], "17" : [1047.6, 515.0, 35.306807990222296], "19" : [948.2, 612.0, 425.3068079902223], "21" : [934.5, 615.3, 189.3068079902223], "23" : [794.9, 484.4, 222.3068079902223], "25" : [801.2, 490.5, 24.3068079902223], "27" : [717.6, 501.8, 243.3068079902223], "29" : [704.0, 510.1, 25.3068079902223], "31" : [798.2, 511.7, 129.3068079902223], "33" : [959.1, 542.1, 571.3068079902223], "35" : [958.8, 542.5, 15.3068079902223], "37" : [978.5, 510.1, 134.3068079902223], "39" : [978.1, 509.5, 37.306807990222296], "41" : [739.1, 403.3, 172.3068079902223], "43" : [732.5, 407.2, 8.3068079902223], "45" : [714.1, 406.5, 186.3068079902223], "47" : [710.8, 406.5, 26.3068079902223], "49" : [826.9, 413.5, 149.3068079902223], "51" : [824.3, 413.3, 24.3068079902223], "53" : [922.5, 414.4, 238.3068079902223], "55" : [919.1, 413.8, 22.3068079902223], "57" : [983.7, 416.2, 179.3068079902223], "59" : [986.7, 417.5, 7.306807990222299], "61" : [998.4, 415.5, 304.3068079902223], "63" : [997.3, 414.5, 22.3068079902223], "65" : [1085.1, 409.0, 171.3068079902223], "67" : [1082.9, 428.1, 136.3068079902223], "69" : [1082.9, 409.8, 610.3068079902223], "71" : [1085.3, 414.5, 21.3068079902223]}