{"0": [655.53, 224.5, 144.0], "1": [579.4626415, 183.0, 212.0], "2": [680.2658537000001, 183.0, 164.0], "3": [710.9239286000001, 183.0, 112.0], "4": [658.6013793, 224.5, 116.0], "5": [758.3761538, 224.5, 104.0], "6": [847.6918182000001, 224.5, 220.0], "7": [899.3179365, 224.5, 252.0], "8": [670.6076471, 266.5, 136.0], "9": [643.4639024, 266.5, 164.0], "10": [663.9040800173887, 262.41338542899763, 140.0], "11": [707.9495745, 266.0, 376.0], "12": [747.2989362000001, 266.0, 188.0], "13": [692.8946377000001, 266.0, 276.0], "14": [755.4377272999999, 266.0, 176.0], "15": [742.9024074, 266.0, 216.0], "16": [888.0082143, 266.0, 112.0], "17": [677.227451, 266.5, 204.0], "18": [740.2240660594291, 306.5, 176.0], "19": [639.2697297, 266.5, 148.0], "20": [725.8608181633654, 268.46173089813624, 136.0], "21": [1094.495484, 266.5, 248.0], "22": [686.3322222, 351.5, 144.0], "23": [685.25, 351.5, 136.0], "24": [713.0928261, 351.5, 184.0], "25": [785.3865574, 391.5, 244.0], "26": [652.7381481000001, 520.5, 108.0], "27": [646.7565714, 520.5, 140.0], "28": [716.3308451, 520.5, 284.0], "29": [715.3102564, 520.5, 156.0], "30": [634.98, 562.5, 164.0], "31": [693.851831, 562.5, 284.0], "32": [641.9826471, 562.5, 136.0], "33": [746.5342222, 562.5, 180.0], "34": [747.1298795, 520.5, 332.0], "35": [784.0927272999999, 562.5, 132.0], "36": [685.4364772999999, 562.5, 352.0], "37": [697.6955882, 562.5, 136.0], "38": [626.6173332999999, 562.5, 180.0], "39": [621.256875, 562.5, 128.0], "40": [907.8637037000001, 604.5, 108.0], "41": [656.6560783005125, 520.4714439836193, 188.0], "42": [654.0445786830463, 517.8599443661532, 128.0], "43": [631.7184783, 604.5, 184.0], "44": [709.3153623, 604.5, 276.0], "45": [845.8170968000001, 604.5, 124.0], "46": [853.5159375, 604.5, 128.0], "47": [902.5315555999999, 604.5, 180.0], "48": [1009.976585, 604.5, 164.0], "49": [989.4716667000001, 604.5, 216.0], "50": [1166.8944900000001, 604.5, 196.0], "51": [1150.528913, 604.5, 184.0], "52": [1215.408966, 604.5, 116.0], "53": [662.5502564, 647.5, 156.0], "54": [769.398, 647.5, 120.0], "55": [775.4793108952222, 647.1291754307274, 104.0], "56": [839.4610515231427, 641.9061761957951, 108.0], "57": [839.9862069000001, 647.5, 116.0], "58": [955.877027, 647.5, 148.0], "59": [1041.852271876769, 648.4349252394604, 180.0], "60": [968.730282587717, 686.3016696927195, 160.0], "61": [947.8382856479877, 686.3016696927195, 172.0], "62": [1148.7423529999999, 684.5676471, 204.0], "63": [749.3643147205607, 694.136168545118, 160.0], "64": [693.2170729450386, 691.5246689276519, 132.0], "65": [807.5754206, 689.5, 428.0], "66": [981.1635185, 689.5, 216.0], "67": [706.8360606000001, 774.5, 132.0], "68": [781.4416667, 774.5, 120.0], "69": [783.5494286, 774.5, 140.0], "70": [802.5538333, 689.5, 240.0], "71": [1080.437018, 689.5, 228.0], "72": [1079.661, 689.5, 120.0], "73": [762.2612121000001, 689.5, 132.0], "74": [903.1816216, 689.5, 148.0], "75": [906.4406977, 689.5, 172.0], "76": [715.4705455, 816.5, 220.0], "77": [596.5504444000001, 183.0, 180.0], "78": [663.1760975999999, 183.0, 164.0], "79": [773.0391228, 266.5, 228.0], "80": [760.5453659, 266.5, 164.0], "81": [794.4797674, 266.5, 172.0], "82": [799.1820339, 266.5, 236.0], "83": [854.65, 266.5, 116.0], "84": [903.4751428999999, 266.5, 280.0], "85": [748.3375, 306.5, 144.0], "86": [686.6883239013732, 265.8502312806701, 160.0], "87": [635.7635897000001, 266.5, 156.0], "88": [822.7061111, 306.5, 144.0], "89": [821.8908332999999, 306.5, 144.0], "90": [791.5717857000001, 351.5, 112.0], "91": [738.6315625, 351.5, 128.0], "92": [733.2242857000001, 351.5, 280.0], "93": [714.7354839, 351.5, 124.0], "94": [786.9664706, 351.5, 680.0], "95": [782.1685714, 391.5, 140.0], "96": [781.6831944, 391.5, 288.0], "97": [802.7184314, 266.5, 204.0], "98": [808.3937837999999, 391.5, 148.0], "99": [784.0775, 391.5, 160.0], "100": [694.5983332999999, 520.5, 120.0], "101": [636.4876922999999, 520.5, 104.0], "102": [756.8148276000001, 562.5, 232.0], "103": [858.0875714, 562.5, 280.0], "104": [1065.5734380000001, 520.5, 256.0], "105": [982.3707406999999, 562.5, 108.0], "106": [1066.997959, 520.5, 196.0], "107": [1097.772667, 520.5, 120.0], "108": [642.435, 562.5, 176.0], "109": [652.2447059, 520.5, 136.0], "110": [634.2271429, 520.5, 168.0], "111": [756.1698039, 562.5, 408.0], "112": [765.18125, 604.5, 128.0], "113": [928.0892857000001, 604.5, 112.0], "114": [1027.0752, 689.5, 200.0], "115": [1112.141667, 689.5, 192.0], "116": [776.0289188999999, 689.5, 148.0], "117": [717.6641667, 689.5, 144.0], "118": [783.2440625, 689.5, 128.0], "119": [918.7041303999999, 689.5, 184.0], "120": [923.8575862, 689.5, 116.0], "121": [915.8323214, 689.5, 224.0], "122": [1067.737818, 689.5, 220.0], "123": [1098.6041300000002, 774.5, 184.0], "124": [1160.875385, 774.5, 104.0], "125": [741.9185714, 774.5, 112.0], "126": [921.0689286, 774.5, 112.0], "127": [944.0909375, 774.5, 128.0], "128": [1099.205625, 774.5, 320.0], "129": [1136.420645, 774.5, 124.0], "130": [1087.093704, 689.5, 108.0], "131": [1231.336667, 604.5, 120.0], "132": [1068.302333, 647.5, 120.0]}