{"1" : [1380.4, 380.1, 804.6389142003712], "3" : [772.8, 449.2, 322.6389142003712], "5" : [764.6, 442.9, 18.638914200371193], "7" : [792.9, 371.8, 363.6389142003712], "9" : [959.6, 541.4, 548.6389142003712], "11" : [958.4, 550.2, 22.638914200371193], "13" : [882.9, 458.5, 145.6389142003712], "15" : [884.0, 461.9, 24.638914200371193], "17" : [1027.0, 457.0, 74.63891420037119], "19" : [1022.7, 459.1, 176.6389142003712], "21" : [1051.7, 432.9, 338.6389142003712], "23" : [1056.7, 443.6, 25.638914200371193], "25" : [896.1, 461.5, 161.6389142003712], "27" : [891.7, 464.0, 23.638914200371193], "29" : [966.1, 547.3, 153.6389142003712], "31" : [966.5, 549.5, 720.6389142003712]}