{"1" : [364.2, 505.9, 32.637006527602956], "3" : [532.4, 506.6, 323.637006527603], "5" : [530.2, 509.2, 38.637006527602956], "7" : [266.8, 505.0, 177.63700652760295], "9" : [269.3, 505.7, 15.637006527602956], "11" : [211.5, 512.4, 171.63700652760295], "13" : [208.5, 511.9, 24.637006527602956], "15" : [336.3, 514.5, 225.63700652760295], "17" : [335.0, 515.8, 36.637006527602956], "19" : [623.4, 510.8, 212.63700652760295], "21" : [622.8, 512.6, 21.637006527602956], "23" : [746.5, 512.9, 93.63700652760295], "25" : [739.7, 503.5, 251.63700652760295], "27" : [655.3, 545.2, 181.63700652760295], "29" : [655.7, 511.3, 16.637006527602956], "31" : [608.7, 489.6, 340.637006527603], "33" : [610.9, 494.8, 25.637006527602956], "35" : [468.0, 488.0, 243.63700652760295], "37" : [471.6, 491.9, 10.637006527602956], "39" : [502.9, 497.2, 227.63700652760295], "41" : [501.1, 497.1, 55.637006527602956], "43" : [1134.9, 509.5, 31.637006527602956], "45" : [961.3, 534.9, 639.6370065276029], "47" : [960.8, 546.4, 26.637006527602956], "49" : [871.4, 436.8, 87.63700652760295], "51" : [868.3, 423.7, 202.63700652760295], "53" : [976.8, 418.9, 108.63700652760295], "55" : [982.7, 430.9, 12.637006527602956], "57" : [1032.6, 453.8, 204.63700652760295], "59" : [1029.7, 461.8, 7.637006527602956], "61" : [1016.8, 467.5, 253.63700652760295], "63" : [1022.8, 467.8, 14.637006527602956], "65" : [1077.0, 465.8, 164.63700652760295], "67" : [1077.3, 466.7, 28.637006527602956], "69" : [891.7, 460.8, 208.63700652760295]}