{"1" : [1300.4, 518.4, 19.79521389716248], "3" : [1205.0, 510.1, 234.79521389716248], "5" : [1203.7, 510.1, 40.79521389716248], "7" : [1506.0, 517.7, 188.79521389716248], "9" : [1498.7, 522.3, 15.795213897162482], "11" : [1454.3, 513.3, 258.79521389716245], "13" : [1452.5, 519.4, 23.79521389716248], "15" : [1572.1, 520.9, 294.79521389716245], "17" : [960.8, 547.5, 597.7952138971625], "19" : [959.2, 544.1, 52.79521389716248], "21" : [444.7, 529.0, 127.79521389716247], "23" : [454.5, 533.0, 27.79521389716248], "25" : [306.3, 534.0, 289.79521389716245], "27" : [309.0, 538.6, 36.79521389716248], "29" : [611.8, 543.0, 247.79521389716248], "31" : [616.3, 543.1, 31.79521389716248], "33" : [408.3, 537.3, 203.79521389716248], "35" : [411.5, 538.4, 37.79521389716248], "37" : [712.9, 536.0, 182.79521389716248], "39" : [713.3, 532.1, 18.79521389716248], "41" : [623.2, 534.2, 240.79521389716248], "43" : [622.2, 536.9, 25.79521389716248], "45" : [483.2, 536.5, 283.79521389716245], "47" : [483.9, 537.3, 14.795213897162482], "49" : [546.5, 536.6, 255.79521389716248], "51" : [554.7, 539.5, 11.795213897162482], "53" : [600.4, 541.5, 214.79521389716248], "55" : [602.4, 533.7, 15.795213897162482], "57" : [661.1, 536.1, 180.79521389716248], "59" : [658.9, 541.7, 35.79521389716248], "61" : [924.5, 538.2, 152.79521389716248], "63" : [921.4, 534.9, 19.79521389716248], "65" : [837.5, 532.1, 228.79521389716248], "67" : [838.1, 527.8, 9.795213897162482], "69" : [863.6, 533.4, 111.79521389716248], "71" : [858.8, 534.7, 37.79521389716248], "73" : [1144.5, 534.9, 195.79521389716248], "75" : [1143.2, 538.4, 21.79521389716248], "77" : [1045.3, 532.2, 231.79521389716248], "79" : [1046.1, 526.5, 41.79521389716248]}