{"1" : [972.8, 607.7, 1165.3068079902223], "3" : [979.6, 612.2, 23.3068079902223], "5" : [903.8, 553.8, 167.3068079902223], "7" : [962.1, 523.4, 553.3068079902223], "9" : [962.8, 519.7, 16.3068079902223], "11" : [929.5, 483.5, 202.3068079902223], "13" : [928.2, 482.7, 20.3068079902223], "15" : [957.2, 440.8, 152.3068079902223], "17" : [952.7, 439.1, 38.306807990222296], "19" : [672.9, 371.2, 338.3068079902223], "21" : [673.8, 376.0, 24.3068079902223], "23" : [747.1, 377.4, 149.3068079902223], "25" : [749.5, 378.0, 23.3068079902223], "27" : [811.8, 367.1, 244.3068079902223], "29" : [816.2, 358.3, 23.3068079902223], "31" : [716.8, 353.5, 363.3068079902223], "33" : [711.0, 354.9, 23.3068079902223], "35" : [800.5, 354.6, 171.3068079902223], "37" : [803.4, 354.5, 20.3068079902223], "39" : [830.3, 352.8, 164.3068079902223], "41" : [832.5, 356.7, 19.3068079902223], "43" : [789.3, 357.9, 240.3068079902223], "45" : [792.5, 362.5, 26.3068079902223], "47" : [903.9, 380.7, 277.3068079902223], "49" : [904.3, 386.8, 31.3068079902223], "51" : [996.5, 381.2, 620.3068079902223], "53" : [986.4, 375.6, 7.306807990222299], "55" : [976.7, 371.4, 151.3068079902223], "57" : [975.6, 367.9, 25.3068079902223], "59" : [1080.4, 377.0, 306.3068079902223], "61" : [1077.3, 380.0, 18.3068079902223], "63" : [1135.2, 380.3, 188.3068079902223], "65" : [1132.7, 380.5, 25.3068079902223], "67" : [1227.0, 385.4, 175.3068079902223], "69" : [1229.0, 384.8, 34.306807990222296], "71" : [950.5, 438.2, 193.3068079902223], "73" : [946.9, 452.4, 192.3068079902223], "75" : [952.0, 458.7, 103.3068079902223], "77" : [955.1, 462.0, 24.3068079902223], "79" : [955.9, 522.4, 163.3068079902223], "81" : [957.4, 519.4, 33.306807990222296], "83" : [915.4, 585.5, 187.3068079902223], "85" : [914.4, 590.2, 20.3068079902223], "87" : [1001.3, 590.8, 225.3068079902223], "89" : [1000.6, 602.1, 32.306807990222296], "91" : [959.0, 665.1, 205.3068079902223], "93" : [960.5, 669.1, 19.3068079902223]}