{"1" : [1133.6, 557.8, 210.15366639506263], "3" : [1138.9, 558.8, 9.153666395062626], "5" : [1165.3, 559.0, 155.15366639506263], "7" : [1170.5, 556.8, 49.15366639506262], "9" : [767.2, 501.4, 211.15366639506263], "11" : [773.9, 507.0, 12.153666395062626], "13" : [744.2, 508.3, 327.1536663950626], "15" : [737.1, 508.5, 24.153666395062626], "17" : [855.4, 533.1, 288.1536663950626], "19" : [854.1, 535.5, 14.153666395062626], "21" : [818.0, 525.4, 94.15366639506263], "23" : [959.5, 532.9, 60.15366639506262], "25" : [957.5, 531.5, 13.153666395062626], "27" : [941.1, 521.9, 444.1536663950626], "29" : [944.8, 519.9, 40.15366639506262], "31" : [660.2, 479.0, 364.1536663950626], "33" : [650.3, 474.6, 20.153666395062626], "35" : [746.1, 487.8, 231.15366639506263], "37" : [752.8, 487.0, 23.153666395062626], "39" : [884.8, 506.6, 280.1536663950626], "41" : [882.4, 506.0, 22.153666395062626], "43" : [992.0, 517.7, 218.15366639506263], "45" : [997.6, 515.5, 15.153666395062626], "47" : [1047.8, 519.3, 258.1536663950626], "49" : [1049.8, 518.3, 28.153666395062626], "51" : [1203.9, 520.5, 271.1536663950626], "53" : [1206.8, 521.5, 48.15366639506262], "55" : [921.3, 498.0, 229.15366639506263], "57" : [924.9, 499.3, 25.153666395062626], "59" : [853.2, 494.5, 288.1536663950626], "61" : [848.1, 498.6, 19.153666395062626], "63" : [934.9, 503.0, 209.15366639506263], "65" : [945.2, 497.9, 11.153666395062626]}