{"1" : [1371.7, 510.6, 20.904450617403327], "3" : [1275.5, 509.1, 147.90445061740334], "5" : [1277.2, 509.2, 48.90445061740333], "7" : [1604.7, 493.0, 242.90445061740334], "9" : [1606.1, 492.3, 17.904450617403327], "11" : [1532.3, 500.0, 192.90445061740334], "13" : [1531.2, 502.1, 23.904450617403327], "15" : [1641.7, 498.4, 279.9044506174033], "17" : [1638.8, 502.4, 68.90445061740333], "19" : [1031.7, 535.4, 226.90445061740334], "21" : [1034.2, 534.8, 19.904450617403327], "23" : [1099.8, 539.0, 94.90445061740333], "25" : [1099.2, 542.9, 152.90445061740334], "27" : [954.4, 526.7, 597.9044506174033], "29" : [954.6, 526.5, 57.90445061740333], "31" : [464.0, 463.0, 122.90445061740333], "33" : [463.4, 476.1, 16.904450617403327], "35" : [390.5, 492.4, 100.90445061740333], "37" : [387.2, 487.0, 181.90445061740334], "39" : [449.1, 756.6, 21.904450617403327], "41" : [444.8, 714.3, 22.904450617403327], "43" : [521.0, 567.7, 85.90445061740333], "45" : [514.1, 535.2, 297.9044506174033], "47" : [566.2, 547.9, 406.9044506174033], "49" : [572.1, 486.5, 25.904450617403327], "51" : [705.5, 495.9, 208.90445061740334], "53" : [697.2, 494.5, 14.904450617403329], "55" : [642.8, 483.1, 483.9044506174033], "57" : [634.1, 477.7, 36.90445061740333], "59" : [813.2, 479.1, 379.9044506174033], "61" : [808.6, 479.4, 26.904450617403327], "63" : [972.1, 473.9, 241.90445061740334], "65" : [967.5, 476.7, 13.904450617403329], "67" : [925.4, 479.8, 103.90445061740333], "69" : [923.9, 477.7, 187.90445061740334], "71" : [895.0, 507.3, 138.90445061740334], "73" : [887.0, 472.9, 45.90445061740333]}