{"1": [55.3, 385.0, 177.0], "2": [128.0, 385.0, 406.0], "3": [168.4, 385.0, 255.0], "4": [171.6, 385.0, 172.0], "5": [72.8, 385.0, 253.0], "6": [170.8, 385.0, 170.0], "7": [151.5, 385.0, 149.0], "8": [76.3, 385.0, 164.0], "9": [53.1797641340013, 384.7842860679159, 162.0], "10": [141.6, 385.0, 366.0], "11": [213.7, 385.0, 186.0], "12": [253.5, 385.0, 163.0], "13": [316.8, 385.0, 172.0], "14": [303.7, 385.0, 212.0], "15": [326.3, 385.0, 134.0], "16": [402.5, 385.0, 246.0], "17": [469.5169506691175, 386.2100983505704, 259.0], "18": [532.1, 385.0, 271.0], "19": [484.7, 385.0, 175.0], "20": [474.7, 385.0, 150.0], "21": [535.8, 385.0, 150.0], "22": [202.7, 385.0, 139.0], "23": [160.8, 385.0, 163.0], "24": [12.30647869790543, 383.35847378526137, 217.0], "25": [85.4, 385.0, 165.0]}