{"1": [40.4, 385.0, 125.0], "2": [47.001244242498444, 381.93266150260683, 192.0], "3": [95.00359109186685, 384.309015307031, 177.0], "4": [47.7, 385.0, 232.0], "5": [93.4, 385.0, 200.0], "6": [133.4, 385.0, 167.0], "7": [207.5, 385.0, 225.0], "8": [259.3, 385.0, 184.0], "9": [311.9, 385.0, 330.0], "10": [380.6413183836532, 381.93266150260683, 272.0], "11": [428.0, 385.0, 235.0], "12": [452.6, 385.0, 138.0], "13": [517.5192975184858, 382.8832030243765, 293.0], "14": [489.2, 385.0, 287.0], "15": [454.0, 385.0, 185.0], "16": [501.0, 385.0, 143.0]}