{"1": [548.4, 478.0, 120.0], "2": [350.0, 478.0, 145.0], "3": [248.5, 478.0, 426.0], "4": [501.3, 478.0, 313.0], "5": [745.3, 478.0, 283.0], "6": [789.6, 478.0, 194.0], "7": [1056.5, 478.0, 416.0], "8": [1085.1, 478.0, 114.0], "9": [1268.2, 478.0, 570.0], "10": [1259.0, 478.0, 352.0], "11": [1330.1, 478.0, 205.0], "12": [1448.2629471145437, 479.73728042872335, 185.0], "13": [1581.5, 478.0, 215.0], "14": [1525.8, 478.0, 224.0], "15": [1638.3, 478.0, 425.0], "16": [1676.6213121907444, 478.2919743206462, 150.0], "17": [1678.0666182988216, 479.73728042872335, 101.0], "18": [366.5, 564.0, 177.0], "19": [325.9, 564.0, 226.0], "20": [422.2, 564.0, 188.0], "21": [510.4, 564.0, 229.0], "22": [609.1, 564.0, 263.0], "23": [694.3, 564.0, 234.0], "24": [827.2, 564.0, 116.0], "25": [829.2, 564.0, 191.0], "26": [906.2, 564.0, 190.0], "27": [857.8, 564.0, 250.0], "28": [953.4, 564.0, 236.0], "29": [1012.8, 564.0, 202.0], "30": [1203.4, 564.0, 732.0], "31": [1283.4, 564.0, 319.0], "32": [1326.5, 564.0, 257.0], "33": [1472.1, 564.0, 585.0], "34": [1491.4, 564.0, 222.0], "35": [1577.2, 564.0, 894.0], "36": [1204.4, 564.0, 586.0], "37": [932.6, 564.0, 516.0], "38": [868.9, 564.0, 267.0], "39": [707.0, 564.0, 205.0], "40": [572.8, 564.0, 281.0], "41": [663.6, 564.0, 523.0], "42": [1059.7, 564.0, 144.0], "43": [1294.4, 564.0, 183.0], "44": [1485.1, 564.0, 375.0], "45": [1483.0, 564.0, 121.0], "46": [790.0, 564.0, 298.0], "47": [805.2, 564.0, 120.0], "48": [1119.3, 564.0, 196.0], "49": [1337.4, 564.0, 204.0], "50": [987.0, 564.0, 169.0]}