{"1": [107.40212178160704, 385.0, 334.0], "2": [153.0, 385.0, 158.0], "3": [185.1, 385.0, 169.0], "4": [241.73223511673694, 380.0531367064783, 222.0], "5": [284.81051284145104, 381.44275856856586, 254.0], "6": [318.5, 385.0, 190.0], "7": [365.8, 385.0, 166.0], "8": [416.36138245240585, 384.68520958010345, 322.0], "9": [444.3, 385.0, 229.0], "10": [412.3, 385.0, 287.0], "11": [409.8, 385.0, 133.0]}