{"1": [31.3, 385.0, 166.0], "2": [101.0, 385.0, 171.0], "3": [147.5, 385.0, 159.0], "4": [249.14355171453724, 381.90596585592834, 218.0], "5": [304.26521891067677, 383.2955877180159, 191.0], "6": [361.4, 385.0, 320.0], "7": [376.6, 385.0, 411.0], "8": [487.4, 385.0, 340.0], "9": [469.9, 385.0, 494.0]}