{"1": [77.94221536696787, 383.58710456295887, 131.0], "2": [134.9, 385.0, 208.0], "3": [214.1, 385.0, 226.0], "4": [283.0, 385.0, 210.0], "5": [342.2, 385.0, 174.0], "6": [413.48095484703373, 384.8876423128816, 209.0], "7": [465.0, 385.0, 222.0], "8": [533.0, 385.0, 257.0], "9": [524.8013634288524, 383.8053097345133, 124.0]}