{"1" : [986.5, 525.7, 18.93034356873612], "3" : [900.1, 476.3, 163.9303435687361], "5" : [898.6, 472.8, 19.93034356873612], "7" : [917.1, 382.8, 203.9303435687361], "9" : [914.8, 385.6, 18.93034356873612], "11" : [980.1, 381.0, 182.9303435687361], "13" : [984.4, 383.8, 13.930343568736118], "15" : [1021.1, 379.0, 427.93034356873613], "17" : [1013.8, 375.2, 11.930343568736118], "19" : [1048.6, 376.2, 107.93034356873612], "21" : [1051.5, 377.5, 27.93034356873612], "23" : [875.0, 449.1, 277.93034356873613], "25" : [873.1, 450.3, 16.93034356873612], "27" : [868.7, 512.8, 139.9303435687361], "29" : [867.3, 507.8, 42.93034356873612], "31" : [943.5, 677.9, 108.93034356873612], "33" : [915.0, 608.4, 20.93034356873612], "35" : [974.8, 515.7, 87.93034356873612], "37" : [970.1, 511.0, 204.9303435687361], "39" : [1010.3, 569.2, 263.93034356873613], "41" : [981.6, 493.2, 17.93034356873612], "43" : [1046.8, 495.3, 284.93034356873613], "45" : [1048.5, 499.8, 34.93034356873612], "47" : [852.4, 512.6, 233.9303435687361], "49" : [851.5, 516.3, 17.93034356873612], "51" : [879.2, 590.6, 196.9303435687361], "53" : [881.4, 589.8, 20.93034356873612], "55" : [875.8, 662.6, 141.9303435687361], "57" : [879.0, 659.9, 44.93034356873612], "59" : [924.1, 412.6, 155.9303435687361], "61" : [921.0, 410.7, 14.930343568736118], "63" : [909.7, 379.8, 816.9303435687361], "65" : [901.2, 386.1, 21.93034356873612], "67" : [871.2, 475.6, 138.9303435687361], "69" : [872.1, 478.4, 154.9303435687361], "71" : [858.0, 494.4, 209.9303435687361], "73" : [855.4, 498.6, 45.93034356873612]}