{"1" : [1104.1, 602.6, 23.860133540640202], "3" : [1220.9, 607.8, 226.8601335406402], "5" : [1220.1, 609.9, 24.860133540640202], "7" : [1082.3, 609.4, 369.8601335406402], "9" : [1090.4, 600.8, 259.8601335406402], "11" : [1023.2, 559.9, 103.8601335406402], "13" : [965.5, 549.9, 620.8601335406402], "15" : [969.9, 546.3, 34.860133540640206], "17" : [799.0, 522.3, 150.8601335406402], "19" : [801.5, 521.9, 25.860133540640202], "21" : [641.5, 532.8, 168.8601335406402], "23" : [640.8, 526.9, 211.8601335406402], "25" : [793.8, 499.9, 90.8601335406402], "27" : [792.3, 518.2, 25.860133540640202], "29" : [931.6, 533.6, 253.8601335406402], "31" : [932.7, 535.0, 16.860133540640202], "33" : [1001.6, 537.0, 140.8601335406402], "35" : [1001.5, 538.5, 16.860133540640202], "37" : [1073.9, 538.8, 125.8601335406402], "39" : [1074.8, 541.1, 24.860133540640202]}