{"1" : [578.5, 711.9, 17.838369805990286], "3" : [591.2, 672.5, 408.8383698059903], "5" : [615.7, 675.5, 538.8383698059903], "7" : [620.1, 661.2, 160.83836980599028], "9" : [614.3, 674.4, 15.838369805990286], "11" : [578.3, 637.4, 244.83836980599028], "13" : [565.6, 631.2, 719.8383698059903], "15" : [591.7, 750.6, 31.838369805990286], "17" : [946.9, 528.6, 544.8383698059903], "19" : [929.8, 521.0, 39.83836980599029], "21" : [685.0, 483.2, 263.8383698059903], "23" : [695.0, 487.6, 23.838369805990286], "25" : [779.8, 492.4, 100.83836980599028], "27" : [776.4, 493.2, 116.83836980599028], "29" : [770.3, 486.3, 191.83836980599028], "31" : [776.0, 507.7, 13.838369805990288], "33" : [832.4, 515.1, 171.83836980599028], "35" : [842.7, 521.2, 16.838369805990286], "37" : [904.7, 526.3, 180.83836980599028], "39" : [903.0, 530.6, 27.838369805990286], "41" : [1056.6, 523.7, 346.8383698059903], "43" : [1058.3, 522.5, 13.838369805990288], "45" : [1112.3, 521.0, 26.838369805990286], "47" : [1140.1, 519.9, 8.838369805990288], "49" : [1174.5, 521.9, 282.8383698059903], "51" : [1168.3, 525.1, 40.83836980599029], "53" : [853.7, 520.6, 324.8383698059903], "55" : [857.0, 525.9, 14.838369805990288], "57" : [792.5, 516.5, 65.83836980599028], "59" : [786.7, 515.2, 23.838369805990286], "61" : [679.0, 513.3, 181.83836980599028], "63" : [680.2, 510.7, 12.838369805990288], "65" : [736.2, 503.5, 178.83836980599028], "67" : [741.3, 503.6, 19.838369805990286], "69" : [814.0, 513.7, 129.83836980599028], "71" : [810.5, 500.2, 57.83836980599029]}