{"1" : [961.6, 688.0, 15.037504620408914], "3" : [1036.4, 682.8, 192.03750462040892], "5" : [1043.3, 683.3, 15.037504620408914], "7" : [1097.2, 683.2, 26.037504620408914], "9" : [1043.3, 683.3, 21.037504620408914], "11" : [1097.0, 681.2, 70.03750462040891], "13" : [1095.4, 677.6, 51.03750462040892], "15" : [862.8, 670.6, 34.03750462040892], "17" : [1095.4, 677.6, 31.037504620408914], "19" : [867.4, 666.6, 268.0375046204089], "21" : [866.8, 664.2, 20.037504620408914], "23" : [940.9, 662.9, 24.037504620408914], "25" : [938.5, 663.3, 98.03750462040891], "27" : [936.0, 666.6, 81.03750462040891], "29" : [933.7, 670.2, 81.03750462040891], "31" : [1019.6, 682.6, 105.03750462040891], "33" : [1010.0, 670.7, 575.0375046204089], "35" : [833.5, 539.5, 276.0375046204089], "37" : [825.4, 543.1, 15.037504620408914], "39" : [842.6, 494.0, 53.03750462040892], "41" : [958.2, 521.2, 113.03750462040891], "43" : [950.9, 524.7, 10.037504620408914], "45" : [938.2, 536.6, 435.0375046204089], "47" : [952.8, 519.0, 21.037504620408914], "49" : [870.6, 448.0, 178.03750462040892], "51" : [874.1, 450.2, 20.037504620408914], "53" : [955.9, 455.8, 166.03750462040892], "55" : [953.6, 459.4, 15.037504620408914], "57" : [1004.6, 465.9, 367.0375046204089], "59" : [1007.5, 471.1, 19.037504620408914], "61" : [922.0, 467.6, 256.0375046204089], "63" : [925.3, 470.5, 22.037504620408914], "65" : [1025.6, 470.9, 101.03750462040891], "67" : [1022.0, 464.1, 18.037504620408914]}