{"1" : [918.5, 446.0, 319.40419064397395], "3" : [920.2, 451.2, 20.40419064397397], "5" : [953.4, 507.6, 391.40419064397395], "7" : [962.5, 504.4, 728.404190643974], "9" : [903.3, 471.1, 293.40419064397395], "11" : [910.2, 473.9, 19.40419064397397], "13" : [953.3, 514.3, 209.40419064397398], "15" : [965.2, 541.3, 576.404190643974], "17" : [974.4, 533.8, 26.40419064397397], "19" : [857.0, 463.8, 89.40419064397396], "21" : [855.9, 461.2, 18.40419064397397], "23" : [788.1, 458.8, 146.40419064397398], "25" : [788.5, 461.7, 28.40419064397397]}