{"1" : [889.9, 399.8, 24.904450617403327], "3" : [752.2, 388.2, 233.90445061740334], "5" : [748.0, 381.8, 42.90445061740333], "7" : [979.3, 371.7, 304.9044506174033], "9" : [981.8, 371.2, 18.904450617403327], "11" : [1058.2, 377.7, 287.9044506174033], "13" : [1057.0, 388.7, 46.90445061740333], "15" : [804.2, 378.6, 132.90445061740334], "17" : [803.0, 379.9, 23.904450617403327], "19" : [888.6, 460.6, 87.90445061740333], "21" : [889.7, 469.6, 211.90445061740334], "23" : [976.8, 741.6, 81.90445061740333], "25" : [976.3, 684.4, 332.9044506174033], "27" : [902.4, 593.3, 336.9044506174033], "29" : [887.4, 539.9, 22.904450617403327], "31" : [992.3, 559.1, 251.90445061740334], "33" : [990.9, 561.5, 26.904450617403327], "35" : [846.8, 551.2, 293.9044506174033], "37" : [844.7, 547.8, 23.904450617403327], "39" : [900.9, 638.0, 267.9044506174033], "41" : [902.1, 634.6, 21.904450617403327], "43" : [999.1, 616.0, 228.90445061740334], "45" : [1000.0, 613.6, 20.904450617403327], "47" : [970.4, 684.6, 200.90445061740334], "49" : [964.0, 684.7, 8.904450617403329], "51" : [945.8, 682.2, 162.90445061740334], "53" : [949.4, 681.7, 19.904450617403327], "55" : [1018.0, 681.4, 106.90445061740333], "57" : [1018.1, 683.7, 46.90445061740333], "59" : [803.1, 559.6, 76.90445061740333], "61" : [802.8, 569.5, 715.9044506174033], "63" : [955.5, 539.9, 299.9044506174033], "65" : [958.0, 528.2, 265.9044506174033], "67" : [974.6, 805.7, 29.904450617403327], "69" : [970.5, 773.5, 305.9044506174033], "71" : [410.2, 359.4, 31.90445061740333], "73" : [399.2, 298.9, 21.904450617403327], "75" : [353.7, 191.6, 131.90445061740334], "77" : [365.6, 204.4, 19.904450617403327]}