{"1" : [947.0, 547.2, 299.9044506174033], "3" : [975.5, 905.5, 25.904450617403327], "5" : [972.8, 878.6, 287.9044506174033], "7" : [639.3, 747.0, 131.90445061740334], "9" : [608.8, 625.0, 12.904450617403329], "11" : [545.1, 579.3, 107.90445061740333], "13" : [544.1, 571.0, 290.9044506174033], "15" : [668.0, 610.6, 157.90445061740334], "17" : [654.7, 519.2, 26.904450617403327], "19" : [793.3, 493.0, 324.9044506174033], "21" : [793.9, 493.7, 38.90445061740333], "23" : [995.9, 494.6, 253.90445061740334], "25" : [997.0, 494.0, 15.90445061740333], "27" : [1042.0, 496.7, 113.90445061740333], "29" : [1037.3, 494.4, 20.904450617403327], "31" : [945.6, 488.9, 90.90445061740333], "33" : [942.0, 482.9, 670.9044506174033], "35" : [1088.0, 624.1, 150.90445061740334], "37" : [1076.9, 503.6, 26.904450617403327], "39" : [1236.2, 507.2, 244.90445061740334], "41" : [1241.6, 507.0, 155.90445061740334], "43" : [-100.8, 86.6, 56.90445061740333], "45" : [-107.5, 95.7, 308.9044506174033], "47" : [505.8, 592.7, 43.90445061740333]}