{"1" : [1164.0, 582.0, 134.3068079902223], "3" : [1162.6, 577.0, 21.3068079902223], "5" : [1228.0, 586.0, 103.3068079902223], "7" : [971.3, 539.0, 543.3068079902223], "9" : [983.7, 537.3, 41.306807990222296], "11" : [762.1, 447.0, 85.3068079902223], "13" : [765.6, 448.1, 35.306807990222296], "15" : [663.1, 430.2, 152.3068079902223], "17" : [657.8, 432.8, 10.3068079902223], "19" : [631.0, 431.1, 174.3068079902223], "21" : [625.8, 434.0, 24.3068079902223], "23" : [753.1, 442.8, 217.3068079902223], "25" : [751.1, 446.5, 25.3068079902223], "27" : [880.6, 448.5, 484.3068079902223], "29" : [880.3, 447.8, 26.3068079902223], "31" : [1023.1, 467.9, 175.3068079902223], "33" : [1022.8, 471.1, 23.3068079902223], "35" : [1121.9, 484.0, 523.3068079902223], "37" : [1116.9, 478.5, 23.3068079902223], "39" : [1217.5, 475.2, 403.3068079902223], "41" : [1225.1, 475.7, 23.3068079902223], "43" : [1292.1, 479.6, 189.3068079902223], "45" : [1295.7, 479.5, 15.3068079902223], "47" : [1336.9, 484.0, 234.3068079902223], "49" : [1339.0, 482.9, 40.306807990222296], "51" : [958.9, 571.1, 142.3068079902223], "53" : [955.0, 574.4, 243.3068079902223], "55" : [977.3, 529.7, 67.3068079902223], "57" : [980.2, 523.4, 244.3068079902223], "59" : [909.3, 502.3, 249.3068079902223], "61" : [901.6, 515.6, 288.3068079902223], "63" : [938.5, 563.8, 586.3068079902223], "65" : [939.6, 562.3, 23.3068079902223]}