{"1": [47.349592023085386, 382.19398915555377, 211.0], "2": [106.9, 384.9, 195.0], "3": [205.55861349745982, 382.65124066270516, 287.0], "4": [241.22423105526678, 382.65124066270516, 126.0], "5": [309.35470562082105, 383.1084921698565, 229.0], "6": [388.0019648508569, 383.1084921698565, 294.0], "7": [490.426302452764, 382.65124066270516, 275.0], "8": [553.5270104396532, 380.36498312694823, 264.0]}