{"1" : [920.6, 534.7, 52.90445061740333], "3" : [963.6, 563.3, 75.90445061740333], "5" : [962.1, 560.3, 222.90445061740334], "7" : [967.6, 642.0, 62.90445061740332], "9" : [962.5, 613.8, 329.9044506174033], "11" : [977.8, 620.3, 141.90445061740334], "13" : [970.8, 552.7, 22.904450617403327], "15" : [938.9, 441.8, 85.90445061740333], "17" : [939.2, 453.6, 22.904450617403327], "19" : [905.5, 398.3, 154.90445061740334], "21" : [904.0, 399.1, 20.904450617403327], "23" : [983.5, 378.1, 238.90445061740334], "25" : [985.5, 370.0, 13.904450617403329], "27" : [1022.2, 367.4, 128.90445061740334], "29" : [1021.2, 367.2, 25.904450617403327], "31" : [944.3, 463.4, 246.90445061740334], "33" : [945.6, 461.7, 20.904450617403327], "35" : [960.2, 552.9, 467.9044506174033], "37" : [970.2, 565.4, 18.904450617403327], "39" : [962.4, 636.6, 245.90445061740334], "41" : [962.6, 648.6, 17.904450617403327], "43" : [964.9, 705.5, 126.90445061740333], "45" : [962.7, 707.1, 127.90445061740333], "47" : [-289.1, 751.4, 119.90445061740333], "49" : [-572.1, 678.8, 17.904450617403327], "51" : [-633.1, 638.0, 74.90445061740333], "53" : [-637.6, 637.1, 282.9044506174033], "55" : [902.4, 728.1, 226.90445061740334]}