{"1" : [808.3, 513.3, 23.79521389716248], "3" : [919.6, 510.5, 112.79521389716248], "5" : [914.9, 510.2, 30.79521389716248], "7" : [1104.2, 517.4, 269.79521389716245], "9" : [1098.8, 517.2, 8.795213897162482], "11" : [1078.4, 509.6, 68.79521389716248], "13" : [1076.6, 506.0, 31.79521389716248], "15" : [1249.5, 505.8, 146.79521389716248], "17" : [1243.8, 505.6, 25.79521389716248], "19" : [1356.0, 508.6, 351.79521389716245], "21" : [1339.5, 515.7, 62.79521389716248], "23" : [495.3, 517.7, 130.79521389716248], "25" : [958.4, 551.1, 586.7952138971625], "27" : [948.2, 554.5, 11.795213897162482], "29" : [927.6, 543.7, 101.79521389716248]}