{"1" : [907.7, 483.8, 576.3068079902223], "3" : [900.0, 496.8, 251.30680799022232], "5" : [957.0, 553.7, 298.3068079902223], "7" : [947.4, 559.6, 35.306807990222296], "9" : [1173.6, 499.2, 308.3068079902223], "11" : [1172.8, 506.0, 24.3068079902223], "13" : [1297.6, 520.1, 171.3068079902223], "15" : [1298.2, 514.9, 50.306807990222296], "17" : [959.4, 535.2, 79.3068079902223], "19" : [954.3, 531.5, 339.3068079902223], "21" : [957.1, 529.4, 34.306807990222296], "23" : [890.3, 490.3, 184.3068079902223], "25" : [893.3, 491.1, 20.3068079902223], "27" : [914.5, 466.8, 62.306807990222296], "29" : [912.1, 469.7, 24.3068079902223], "31" : [1002.4, 468.8, 164.3068079902223], "33" : [1007.9, 466.4, 14.3068079902223], "35" : [1036.1, 484.4, 129.3068079902223], "37" : [1036.6, 488.5, 31.3068079902223], "39" : [773.4, 390.5, 413.3068079902223], "41" : [766.1, 386.3, 50.306807990222296], "43" : [1016.3, 532.3, 331.3068079902223], "45" : [1016.4, 539.6, 27.3068079902223], "47" : [976.7, 547.6, 169.3068079902223], "49" : [977.7, 549.3, 30.3068079902223], "51" : [904.2, 397.2, 211.3068079902223], "53" : [909.5, 396.2, 22.3068079902223], "55" : [942.9, 438.6, 121.3068079902223], "57" : [944.8, 440.9, 22.3068079902223], "59" : [1027.4, 431.7, 161.3068079902223], "61" : [1027.4, 433.2, 25.3068079902223]}