{"1": [1009.3, 461.0, 210.0], "2": [863.7, 461.0, 135.0], "3": [794.1, 461.0, 128.0], "4": [751.4, 461.0, 209.0], "5": [976.4, 461.0, 144.0], "6": [874.7, 461.0, 202.0], "7": [1132.620408474465, 459.8669694261556, 264.0], "8": [1252.7, 461.0, 487.0], "9": [1139.9, 461.0, 357.0], "10": [972.2, 527.0, 263.0], "11": [973.7374438175211, 591.7290217264763, 225.0], "12": [885.1088512877975, 460.9478059204206, 275.0], "13": [956.6, 593.0, 123.0], "14": [948.8, 593.0, 865.0], "15": [1056.9618538759203, 457.70529643762575, 169.0]}