{"1" : [932.8, 537.0, 70.97100735984273], "3" : [428.7, 515.4, 158.97100735984273], "5" : [427.1, 516.1, 22.971007359842737], "7" : [288.9, 521.6, 227.97100735984273], "9" : [290.6, 520.3, 38.97100735984274], "11" : [469.6, 520.3, 111.97100735984273], "13" : [469.6, 524.7, 23.971007359842737], "15" : [601.7, 528.1, 228.97100735984273], "17" : [601.5, 528.4, 14.971007359842737], "19" : [549.9, 527.9, 252.97100735984273], "21" : [548.0, 531.8, 18.971007359842737], "23" : [652.5, 526.0, 183.97100735984273], "25" : [654.0, 523.7, 26.971007359842737], "27" : [813.5, 526.7, 319.97100735984276], "29" : [813.5, 531.7, 38.97100735984274], "31" : [1054.1, 514.7, 264.97100735984276], "33" : [1053.3, 515.1, 22.971007359842737], "35" : [1147.4, 522.2, 195.97100735984273], "37" : [1147.6, 519.7, 35.97100735984274], "39" : [1367.1, 503.7, 183.97100735984273], "41" : [1364.4, 504.3, 9.971007359842737], "43" : [1338.8, 503.8, 153.97100735984273], "45" : [1335.5, 507.6, 37.97100735984274], "47" : [1528.9, 504.2, 417.97100735984276], "49" : [1531.3, 509.4, 21.971007359842737], "51" : [1649.3, 507.0, 134.97100735984273], "53" : [947.7, 537.6, 549.9710073598427], "55" : [956.4, 545.5, 51.97100735984274]}