{"1" : [1065.5, 531.2, 24.928838589869507], "3" : [1104.3, 537.1, 356.9288385898695], "5" : [1105.3, 538.4, 25.928838589869507], "7" : [1151.7, 539.3, 187.9288385898695], "9" : [1154.8, 536.7, 22.928838589869507], "11" : [1206.3, 537.1, 157.9288385898695], "13" : [1205.7, 537.1, 37.92883858986951], "15" : [1054.9, 539.8, 250.92883858986954], "17" : [1050.3, 538.7, 25.928838589869507], "19" : [1092.8, 536.4, 130.9288385898695], "21" : [965.9, 537.4, 548.9288385898695], "23" : [967.3, 537.3, 36.92883858986951], "25" : [691.1, 516.4, 141.9288385898695], "27" : [688.1, 516.5, 17.928838589869507], "29" : [663.8, 525.1, 236.9288385898695], "31" : [661.5, 521.8, 23.928838589869507], "33" : [764.7, 518.6, 188.9288385898695], "35" : [766.3, 516.8, 32.92883858986951], "37" : [667.5, 523.6, 149.9288385898695], "39" : [666.5, 527.2, 24.928838589869507], "41" : [809.3, 524.5, 61.92883858986951], "43" : [811.9, 525.4, 37.92883858986951], "45" : [857.6, 525.1, 193.9288385898695], "47" : [851.9, 524.2, 20.928838589869507], "49" : [903.2, 522.1, 186.9288385898695], "51" : [902.5, 520.3, 37.92883858986951], "53" : [1065.3, 520.2, 300.9288385898695], "55" : [1066.9, 525.0, 14.928838589869507]}