{"1" : [535.4, 496.1, 26.3068079902223], "3" : [626.9, 502.5, 164.3068079902223], "5" : [630.9, 504.7, 23.3068079902223], "7" : [703.4, 511.5, 338.3068079902223], "9" : [704.3, 511.3, 24.3068079902223], "11" : [856.9, 517.6, 51.306807990222296], "13" : [971.3, 535.6, 529.3068079902223], "15" : [975.8, 536.4, 21.3068079902223], "17" : [894.9, 478.6, 107.3068079902223], "19" : [898.9, 477.3, 24.3068079902223], "21" : [845.2, 448.7, 166.3068079902223], "23" : [841.6, 447.0, 15.3068079902223], "25" : [898.2, 451.9, 145.3068079902223], "27" : [896.1, 450.2, 20.3068079902223], "29" : [964.4, 455.4, 159.3068079902223], "31" : [962.5, 454.2, 21.3068079902223], "33" : [1037.1, 460.5, 192.3068079902223], "35" : [1036.3, 461.4, 19.3068079902223], "37" : [1098.3, 470.9, 180.3068079902223], "39" : [1103.2, 470.8, 30.3068079902223], "41" : [937.8, 447.3, 438.3068079902223], "43" : [941.4, 444.1, 33.306807990222296], "45" : [869.1, 442.4, 240.3068079902223], "47" : [866.5, 438.3, 35.306807990222296], "49" : [996.5, 522.4, 184.3068079902223], "51" : [987.2, 535.5, 216.3068079902223], "53" : [1003.2, 487.8, 121.3068079902223], "55" : [998.4, 496.1, 21.3068079902223], "57" : [1067.4, 492.1, 245.3068079902223], "59" : [1069.2, 487.7, 32.306807990222296], "61" : [993.7, 522.5, 152.3068079902223], "63" : [986.9, 525.7, 274.3068079902223], "65" : [985.4, 523.8, 177.3068079902223]}