{"1" : [1197.8, 540.9, 52.01503696720058], "3" : [737.7, 533.8, 238.0150369672006], "5" : [729.2, 532.5, 9.015036967200578], "7" : [709.7, 533.3, 383.01503696720056], "9" : [712.6, 532.7, 44.01503696720058], "11" : [1099.4, 528.5, 355.01503696720056], "13" : [1095.0, 529.9, 25.01503696720058], "15" : [1201.9, 523.9, 215.0150369672006], "17" : [1201.4, 526.2, 45.01503696720058], "19" : [815.5, 522.5, 217.0150369672006], "21" : [955.9, 550.3, 572.0150369672006], "23" : [958.6, 557.2, 30.01503696720058], "25" : [805.5, 538.1, 174.0150369672006], "27" : [802.6, 536.7, 15.015036967200578], "29" : [756.1, 548.5, 286.01503696720056], "31" : [758.6, 547.4, 15.015036967200578], "33" : [817.7, 543.8, 193.0150369672006], "35" : [816.7, 547.8, 160.0150369672006], "37" : [905.2, 538.1, 350.01503696720056], "39" : [903.9, 549.3, 32.01503696720058], "41" : [1053.9, 556.7, 421.01503696720056], "43" : [1047.2, 554.7, 8.015036967200578], "45" : [1025.9, 547.4, 197.0150369672006], "47" : [1022.5, 550.8, 24.01503696720058], "49" : [914.9, 551.3, 534.0150369672006], "51" : [912.1, 560.7, 260.01503696720056], "53" : [1094.0, 557.3, 249.0150369672006], "55" : [1092.1, 565.3, 13.015036967200578]}