{"1" : [908.1, 517.7, 20.128087937511108], "3" : [1006.3, 513.3, 216.1280879375111], "5" : [1004.6, 518.0, 18.128087937511108], "7" : [1064.0, 516.7, 279.1280879375111], "9" : [1062.0, 516.5, 22.128087937511108], "11" : [1181.4, 500.0, 369.1280879375111], "13" : [1177.4, 500.9, 15.128087937511108], "15" : [1114.5, 500.2, 153.1280879375111], "17" : [1117.6, 504.2, 43.12808793751111], "19" : [804.7, 505.1, 284.1280879375111], "21" : [806.9, 506.4, 19.128087937511108], "23" : [890.1, 508.5, 150.1280879375111], "25" : [893.8, 498.9, 212.1280879375111], "27" : [1055.1, 457.0, 191.1280879375111], "29" : [1060.4, 450.6, 276.1280879375111], "31" : [757.9, 454.7, 255.12808793751114], "33" : [962.8, 552.4, 423.1280879375111], "35" : [960.1, 548.5, 8.128087937511108], "37" : [941.2, 552.9, 160.1280879375111], "39" : [942.0, 554.9, 22.128087937511108], "41" : [857.4, 487.1, 399.1280879375111], "43" : [856.1, 494.2, 17.128087937511108], "45" : [931.6, 489.9, 139.1280879375111], "47" : [925.4, 493.6, 24.128087937511108], "49" : [793.5, 496.2, 195.1280879375111], "51" : [795.7, 497.2, 35.12808793751111], "53" : [1058.2, 493.5, 342.1280879375111], "55" : [1067.6, 489.0, 81.12808793751111], "57" : [1016.5, 409.2, 297.1280879375111], "59" : [1019.7, 388.8, 237.1280879375111], "61" : [1108.6, 449.4, 203.1280879375111], "63" : [1102.3, 462.5, 22.128087937511108], "65" : [992.5, 470.1, 180.1280879375111], "67" : [990.6, 471.4, 17.128087937511108], "69" : [915.5, 478.8, 314.1280879375111], "71" : [923.6, 464.5, 203.1280879375111], "73" : [1005.9, 348.4, 80.12808793751111], "75" : [1013.7, 341.6, 237.1280879375111], "77" : [993.6, 315.7, 24.128087937511108], "79" : [1004.1, 287.3, 30.128087937511108], "81" : [923.7, 431.9, 430.1280879375111], "83" : [917.6, 449.0, 29.128087937511108], "85" : [1101.4, 431.7, 181.1280879375111], "87" : [1097.4, 438.7, 27.128087937511108]}