{"1" : [782.2182261948201, 476.8571456625471, 203.0], "3" : [611.9875030405026, 75.78988152270499, 168.0], "5" : [656.0351820106783, 62.30370146779724, 162.0], "7" : [771.8578698582584, 61.256480724849176, 216.0], "9" : [812.4183808210983, 60.18896954255697, 136.0], "11" : [895.9117683382177, 61.34771254466603, 153.0], "13" : [751.0631137521743, 95.1340182924285, 244.0], "15" : [751.0631137521743, 95.1340182924285, 244.0], "17" : [751.0631137521743, 95.1340182924285, 244.0], "19" : [902.9525586175982, 95.06325631055508, 215.0], "21" : [902.9525586175982, 95.06325631055508, 215.0], "23" : [983.8638170148344, 89.21447362694018, 152.0], "25" : [610.8281566020122, 145.57184490891433, 103.0], "27" : [606.2669326308568, 148.37338975044275, 124.0], "29" : [661.3543478493176, 144.71793385944596, 184.0], "31" : [753.3999996689605, 140.35395769495076, 202.0], "33" : [816.9301893578918, 137.30188505243694, 159.0], "35" : [816.9301893578918, 137.30188505243694, 159.0], "37" : [887.7308187447533, 133.2647791739748, 159.0], "39" : [887.7308187447533, 133.2647791739748, 159.0], "41" : [961.2615844651149, 124.05549060911956, 164.0], "43" : [691.243580547814, 174.62840571681485, 257.0], "45" : [775.3028366863003, 167.26666828794816, 141.0], "47" : [775.3028366863003, 167.26666828794816, 141.0], "49" : [862.6236957525717, 165.38435844901886, 211.0], "51" : [862.6236957525717, 165.38435844901886, 211.0], "53" : [986.4437204921578, 149.67721205222182, 215.0], "55" : [986.4437204921578, 149.67721205222182, 215.0], "57" : [1046.929266626128, 144.5414604169974, 82.0], "59" : [626.6801268091366, 251.4429519918705, 156.0], "61" : [626.6801268091366, 251.4429519918705, 156.0], "63" : [684.1995879908497, 239.18966793232096, 242.0], "65" : [774.9065565118915, 232.98142184599925, 183.0], "67" : [829.3401353974696, 235.7408153235135, 147.0], "69" : [927.4885063458198, 231.33965564569, 174.0], "71" : [966.6205830998896, 236.53823475366696, 102.0], "73" : [1063.4353760094193, 227.44693804453672, 147.0], "75" : [645.5225817336271, 279.67741739651854, 279.0], "77" : [744.7710533821878, 274.1815804465618, 114.0], "79" : [747.1395063120794, 274.33086468608144, 81.0], "81" : [855.2951471257932, 273.5296976893867, 165.0], "83" : [962.9073430805424, 265.4395480416889, 177.0], "85" : [962.9073430805424, 265.4395480416889, 177.0], "87" : [1037.0878794570967, 259.58106102405776, 132.0], "89" : [1037.0878794570967, 259.58106102405776, 132.0], "91" : [574.0834825303067, 306.8441951101737, 224.0], "93" : [662.215675288738, 304.22810706258804, 185.0], "95" : [769.365882484662, 301.007647566725, 170.0], "97" : [901.9283031051502, 300.48490568362706, 106.0], "99" : [901.9283031051502, 300.48490568362706, 106.0], "101" : [977.9592249218227, 297.01165098842625, 103.0], "103" : [977.9592249218227, 297.01165098842625, 103.0], "105" : [733.3167342480644, 343.0804778056135, 251.0], "107" : [741.5312486242046, 341.3039066354379, 128.0], "109" : [913.6156901427379, 336.2565024136222, 223.0], "111" : [913.6156901427379, 336.2565024136222, 223.0], "113" : [988.2607159292271, 334.8464284423184, 140.0], "115" : [588.2561226479744, 419.5377554842358, 98.0], "117" : [588.52917088598, 421.63333492573696, 72.0], "119" : [648.9473680881974, 406.5964886775758, 57.0], "121" : [653.9042552886633, 408.906382970966, 141.0], "123" : [754.8825322412877, 398.3755456932247, 229.0], "125" : [869.1911897276718, 399.5559462345586, 227.0], "127" : [890.8344803920226, 399.79540113319274, 87.0], "129" : [955.3192328965874, 402.0897442350812, 156.0], "131" : [955.3192328965874, 402.0897442350812, 156.0], "133" : [1047.6527764686389, 396.49388989077573, 180.0], "135" : [1095.203193397738, 396.2031907430054, 94.0], "137" : [611.6518549661391, 441.9370336449113, 108.0], "139" : [612.0494034239852, 438.55662428671945, 83.0], "141" : [661.0851200098454, 432.0494055099655, 168.0], "143" : [767.5098190999624, 423.87484806198813, 163.0], "145" : [767.5098190999624, 423.87484806198813, 163.0], "147" : [866.265572961279, 425.4775977681487, 183.0], "149" : [866.265572961279, 425.4775977681487, 183.0], "151" : [917.0426361297178, 435.61705320851024, 129.0], "153" : [917.0426361297178, 435.61705320851024, 129.0], "155" : [1035.3896543257747, 437.5755458844414, 319.0], "157" : [631.143306357352, 474.4389771314165, 254.0], "159" : [738.5440805664742, 465.5105246473152, 152.0], "161" : [738.5440805664742, 465.5105246473152, 152.0], "163" : [829.9526984889702, 468.8253113290215, 241.0], "165" : [898.6245907217052, 466.1530028218677, 183.0], "167" : [982.222127839496, 475.2791487547849, 235.0], "169" : [1063.0703710285661, 473.569447787838, 108.0], "171" : [673.5276904433265, 508.8292310671218, 195.0], "173" : [760.5708590841631, 505.7365723480827, 175.0], "175" : [850.9172799650478, 504.3469143073662, 81.0], "177" : [853.2778486003898, 500.849366878352, 158.0], "179" : [960.2712247948888, 497.3693385533656, 212.0], "181" : [960.2712247948888, 497.3693385533656, 212.0], "183" : [1025.6753789927232, 497.0919591391685, 199.0], "185" : [1025.6753789927232, 497.0919591391685, 199.0], "187" : [1025.6753789927232, 497.0919591391685, 199.0], "189" : [573.6398639587296, 573.3349640025989, 143.0], "191" : [651.3761368477182, 566.8693177398778, 176.0], "193" : [724.1129723696337, 569.7697277911788, 185.0], "195" : [800.8063564008804, 568.6849702214062, 173.0], "197" : [891.8659585756822, 571.3707417881699, 188.0], "199" : [881.2598830468029, 572.8279034642791, 172.0], "201" : [881.2598830468029, 572.8279034642791, 172.0], "203" : [987.3713634610814, 566.9536367750222, 220.0], "205" : [1107.1223175719558, 564.6480692971653, 233.0], "207" : [1148.989872576985, 561.8367096092417, 79.0], "209" : [679.7248769205113, 609.2850756799318, 201.0], "211" : [773.0285722525233, 599.3912119600141, 182.0], "213" : [847.3480312060163, 602.1661440163972, 127.0], "215" : [917.8122426231829, 598.5734711515237, 147.0], "217" : [1012.78621068002, 598.2390817279213, 174.0], "219" : [986.6306684477044, 598.2906697727459, 150.0], "221" : [986.6306684477044, 598.2906697727459, 150.0], "223" : [611.3513979843862, 648.8306767377202, 251.0], "225" : [714.131252643057, 640.883336056776, 144.0], "227" : [810.4336638921467, 641.1475273304003, 202.0], "229" : [895.7351673405789, 641.4851652208197, 182.0], "231" : [989.6097568438521, 633.8713427785435, 164.0], "233" : [1081.9222183120442, 637.6934635516828, 153.0], "235" : [1081.9222183120442, 637.6934635516828, 153.0], "237" : [721.7109262439459, 677.3264901857078, 302.0], "239" : [825.444658612782, 671.8729006290835, 262.0], "241" : [711.6440016606448, 768.5755996931714, 250.0], "243" : [698.9132249945204, 751.013222737073, 121.0], "245" : [700.8680014758395, 753.9733339530455, 75.0], "247" : [700.8680014758395, 753.9733339530455, 75.0], "249" : [799.6096059519415, 752.1375525398756, 229.0], "251" : [799.6096059519415, 752.1375525398756, 229.0], "253" : [799.6096059519415, 752.1375525398756, 229.0], "255" : [916.5666638573725, 753.8141856749446, 141.0], "257" : [916.5666638573725, 753.8141856749446, 141.0], "259" : [916.5666638573725, 753.8141856749446, 141.0], "261" : [1036.4755111780387, 755.4734719271876, 147.0], "263" : [738.0384987811021, 803.1725002867406, 200.0], "265" : [729.1885133860592, 793.473617860007, 235.0], "267" : [729.1885133860592, 793.473617860007, 235.0], "269" : [742.3379302439974, 817.2448252894411, 58.0], "271" : [744.4316368507003, 817.3005637747001, 177.0], "273" : [851.4290305636598, 817.9266130666529, 248.0], "275" : [851.4290305636598, 817.9266130666529, 248.0], "277" : [852.4057697676909, 822.7807713286124, 52.0], "279" : [852.4057697676909, 822.7807713286124, 52.0], "281" : [1118.2772711824905, 809.5196994744479, 198.0], "283" : [1163.005071228589, 821.9731873032744, 138.0], "285" : [599.6617432357466, 846.722143907443, 149.0], "287" : [663.3280825251128, 855.4116433439175, 146.0], "289" : [663.3280825251128, 855.4116433439175, 146.0], "291" : [789.887058167973, 843.7564671996911, 85.0],