{"1": [239.36783198042468, 169.0, 300.0], "2": [364.5, 169.0, 250.0], "3": [360.5, 169.0, 250.0], "4": [464.17, 169.0, 200.0], "5": [612.5, 169.0, 150.0], "6": [719.17, 169.0, 450.0], "7": [893.17, 169.0, 150.0], "8": [478.17, 219.0, 200.0], "9": [724.17, 219.0, 450.0], "10": [894.17, 219.0, 150.0], "11": [1004.2653013926683, 219.0, 150.0], "12": [261.17, 268.0, 350.0], "13": [370.7612623089083, 268.0, 150.0], "14": [473.5, 268.0, 450.0], "15": [634.83, 268.0, 500.0], "16": [779.17, 268.0, 150.0], "17": [951.5, 268.0, 450.0], "18": [285.3555325953939, 318.0, 300.0], "19": [399.85552188164394, 318.0, 300.0], "20": [628.17, 318.0, 150.0], "21": [686.1054950972689, 318.0, 400.0], "22": [846.83, 318.0, 300.0], "23": [337.5, 368.0, 250.0], "24": [415.17, 368.0, 300.0], "25": [549.5, 368.0, 300.0], "26": [629.7940249564901, 368.0, 200.0], "27": [739.83, 368.0, 200.0], "28": [809.5, 368.0, 250.0], "29": [1028.6669384536724, 368.0, 250.0], "30": [427.17, 368.0, 300.0], "31": [547.5, 368.0, 300.0], "32": [631.6710739611829, 368.0, 200.0], "33": [745.83, 368.0, 200.0], "34": [812.5, 368.0, 250.0], "35": [897.17, 368.0, 200.0], "36": [1022.83, 368.0, 250.0], "37": [235.83, 417.0, 200.0], "38": [322.5, 417.0, 150.0], "39": [376.5, 417.0, 250.0], "40": [492.83, 417.0, 400.0], "41": [586.6218978485599, 413.1828301442071, 450.0], "42": [755.83, 417.0, 200.0], "43": [798.7284353788261, 415.05987914889977, 500.0], "44": [1032.4210364630578, 368.0, 150.0], "45": [267.83, 417.0, 400.0], "46": [410.83, 417.0, 400.0], "47": [644.83, 417.0, 200.0], "48": [712.17, 417.0, 200.0], "49": [802.4825333882113, 417.0, 450.0]}