{"1": [247.17, 169.0, 300.0], "2": [354.5, 169.0, 250.0], "3": [350.5, 169.0, 250.0], "4": [425.1956834449943, 169.0, 200.0], "5": [602.5, 169.0, 150.0], "6": [709.17, 169.0, 450.0], "7": [883.17, 169.0, 150.0], "8": [468.17, 219.0, 200.0], "9": [714.17, 219.0, 450.0], "10": [884.17, 219.0, 150.0], "11": [1008.9579239043999, 219.0, 150.0], "12": [251.17, 268.0, 350.0], "13": [372.5, 268.0, 150.0], "14": [463.5, 268.0, 450.0], "15": [624.83, 268.0, 500.0], "16": [769.17, 268.0, 150.0], "17": [941.5, 268.0, 450.0], "18": [294.5, 318.0, 300.0], "19": [395.17, 318.0, 300.0], "20": [618.17, 318.0, 150.0], "21": [684.2284460925762, 319.330379909576, 400.0], "22": [836.83, 318.0, 300.0], "23": [327.5, 368.0, 250.0], "24": [405.17, 368.0, 300.0], "25": [539.5, 368.0, 300.0], "26": [626.039926947105, 368.0, 200.0], "27": [737.7243427263159, 368.0, 200.0], "28": [799.5, 368.0, 250.0], "29": [1030.83, 368.0, 250.0], "30": [417.17, 368.0, 300.0], "31": [537.5, 368.0, 300.0], "32": [627.9169759517974, 368.0, 200.0], "33": [735.83, 368.0, 200.0], "34": [802.5, 368.0, 250.0], "35": [887.17, 368.0, 200.0], "36": [1012.83, 368.0, 250.0], "37": [225.83, 417.0, 200.0], "38": [312.5, 417.0, 150.0], "39": [366.5, 417.0, 250.0], "40": [482.83, 417.0, 400.0], "41": [582.8677998391745, 417.0, 450.0], "42": [745.83, 417.0, 200.0], "43": [786.5276168483242, 416.93692815359236, 500.0], "44": [1027.7284139513263, 368.0, 150.0], "45": [257.83, 417.0, 400.0], "46": [400.83, 417.0, 400.0], "47": [634.83, 417.0, 200.0], "48": [682.3513970878837, 417.0, 200.0], "49": [812.83, 417.0, 450.0]}