{"1" : [947.6, 547.8, 71.10245520888296], "3" : [598.7, 392.0, 57.10245520888296], "5" : [596.5, 391.1, 27.102455208882954], "7" : [438.7, 398.0, 236.10245520888296], "9" : [443.8, 397.7, 22.102455208882954], "11" : [550.5, 395.4, 187.10245520888296], "13" : [552.0, 393.1, 26.102455208882954], "15" : [684.0, 404.4, 158.10245520888296], "17" : [681.7, 405.4, 21.102455208882954], "19" : [751.5, 405.7, 146.10245520888296], "21" : [752.2, 406.9, 21.102455208882954], "23" : [817.8, 402.3, 160.10245520888296], "25" : [812.4, 402.0, 25.102455208882954], "27" : [911.4, 394.9, 169.10245520888296], "29" : [910.0, 391.0, 29.102455208882954], "31" : [1069.8, 391.8, 160.10245520888296], "33" : [1067.4, 395.4, 22.102455208882954], "35" : [1189.4, 385.0, 178.10245520888296], "37" : [1186.6, 380.0, 22.102455208882954], "39" : [1267.0, 373.8, 192.10245520888296], "41" : [1265.3, 373.3, 19.102455208882954], "43" : [1199.6, 380.0, 172.10245520888296], "45" : [1201.0, 382.3, 23.102455208882954], "47" : [1097.7, 387.8, 180.10245520888296], "49" : [1095.5, 387.6, 27.102455208882954], "51" : [890.9, 383.5, 74.10245520888296], "53" : [886.6, 384.9, 24.102455208882954], "55" : [784.4, 390.5, 158.10245520888296], "57" : [783.5, 393.1, 23.102455208882954], "59" : [691.3, 390.5, 269.10245520888293], "61" : [686.1, 389.2, 22.102455208882954], "63" : [780.3, 384.5, 492.10245520888293], "65" : [786.4, 380.4, 27.102455208882954], "67" : [1027.6, 383.5, 163.10245520888296], "69" : [1027.3, 384.8, 25.102455208882954], "71" : [1141.7, 374.9, 187.10245520888296], "73" : [1142.2, 371.8, 24.102455208882954], "75" : [1242.9, 365.7, 257.10245520888293], "77" : [1237.8, 370.6, 25.102455208882954], "79" : [1344.7, 364.0, 233.10245520888296], "81" : [1339.7, 367.8, 10.102455208882956], "83" : [1323.6, 366.9, 174.10245520888296], "85" : [1328.5, 368.0, 47.10245520888296], "87" : [949.4, 510.4, 329.10245520888293], "89" : [951.2, 511.3, 16.102455208882954], "91" : [920.0, 565.3, 702.1024552088829], "93" : [929.0, 581.7, 25.102455208882954], "95" : [989.9, 450.0, 287.10245520888293], "97" : [989.8, 440.7, 26.102455208882954], "99" : [1109.8, 381.5, 640.1024552088829], "101" : [1101.8, 390.1, 11.102455208882956], "103" : [1078.3, 394.0, 182.10245520888296]}