{"1": [701.9779055979826, 72.20000219336818, 86.0], "2": [617.6962100692363, 62.88181848303799, 132.0], "3": [617.6962100692363, 62.88181848303799, 132.0], "4": [587.7389870430022, 61.42259670559519, 177.0], "5": [654.6927076167239, 58.93176998194358, 192.0], "6": [653.2633567723282, 64.19007721858547, 131.0], "7": [722.0863605673154, 62.82651349463797, 132.0], "8": [722.0863605673154, 62.82651349463797, 132.0], "9": [770.4641391711347, 62.530807158400464, 198.0], "10": [770.4641391711347, 62.530807158400464, 198.0], "11": [842.6490686817684, 61.82608621318231, 161.0], "12": [705.5137168147538, 79.422568011284, 226.0], "13": [752.8641027703084, 81.74786280025918, 117.0], "14": [828.8170649984086, 79.17645175717456, 293.0], "15": [874.5397803011475, 73.9535962905237, 181.0], "16": [874.5397803011475, 73.9535962905237, 181.0], "17": [927.2881993591482, 82.61863379172127, 161.0], "18": [927.2881993591482, 82.61863379172127, 161.0], "19": [903.1744907665302, 80.65357095543933, 196.0], "20": [941.2477789569552, 78.65911414622512, 203.0], "21": [915.3447643105693, 79.72441834638758, 172.0], "22": [717.7333336353809, 115.77719024565623, 57.0], "23": [719.6296553853085, 118.675862400879, 145.0], "24": [806.3975815318198, 117.70040433987977, 248.0], "25": [911.7931399949271, 106.84114282302019, 175.0], "26": [895.9027319208299, 107.11639444420886, 183.0], "27": [1005.3029869356019, 106.0859687805639, 335.0], "28": [635.0142856136902, 151.32619085653567, 84.0], "29": [641.9751669941911, 148.22819168987064, 149.0], "30": [719.0371889422261, 144.53140316183143, 121.0], "31": [810.234904315814, 130.90377036958884, 212.0], "32": [910.782396760326, 129.1039976027686, 125.0], "33": [910.782396760326, 129.1039976027686, 125.0], "34": [886.4138260773024, 132.44680603379393, 188.0], "35": [975.3666685506407, 134.9299984271054, 90.0], "36": [1018.9982429172848, 134.13333054913025, 57.0], "37": [1056.947665927715, 133.52429801332755, 214.0], "38": [887.3455331013254, 201.5571418358134, 224.0], "39": [691.1576939687872, 248.76538557040487, 104.0], "40": [693.9303726070201, 249.5844453924372, 135.0], "41": [683.3568986825903, 252.78448540513892, 116.0], "42": [756.7587143355181, 249.11284643183555, 109.0], "43": [874.4093448524568, 238.3672903800117, 107.0], "44": [831.8927824848522, 234.72628658360577, 194.0], "45": [1015.9097539234889, 242.35488062000474, 164.0], "46": [982.4674434752724, 237.78682129981462, 129.0], "47": [955.1911782338341, 241.19117582685595, 136.0], "48": [955.1911782338341, 241.19117582685595, 136.0], "49": [663.0315362438629, 278.2485478608241, 241.0], "50": [768.1006291221546, 274.87799050070134, 159.0], "51": [826.953614739453, 274.20963975480703, 166.0], "52": [915.5237681411791, 275.292758132497, 345.0], "53": [964.0039987637712, 272.56222360261654, 225.0], "54": [964.0039987637712, 272.56222360261654, 225.0], "55": [1029.840839273559, 275.597910443235, 191.0], "56": [688.7596688506076, 311.61436294614714, 181.0], "57": [780.6599243498164, 312.98988554289934, 267.0], "58": [857.9869239325994, 309.885384596494, 130.0], "59": [803.8150540241171, 315.49247134839806, 93.0], "60": [979.7783006726007, 309.4894416790248, 341.0], "61": [633.0989148480041, 388.57173945095667, 92.0], "62": [616.6390086578688, 388.56098880525116, 182.0], "63": [658.5800891037535, 423.0597305237371, 221.0], "64": [658.5800891037535, 423.0597305237371, 221.0], "65": [658.5800891037535, 423.0597305237371, 221.0], "66": [760.1313279854478, 424.65241199081385, 166.0], "67": [760.1313279854478, 424.65241199081385, 166.0], "68": [760.1313279854478, 424.65241199081385, 166.0], "69": [725.2170195129644, 421.06170282758296, 141.0], "70": [725.2170195129644, 421.06170282758296, 141.0], "71": [831.6431249595871, 418.1806263768217, 160.0], "72": [906.9873337042482, 426.78067246493606, 150.0], "73": [906.9873337042482, 426.78067246493606, 150.0], "74": [960.4145266877229, 419.2581021805026, 179.0], "75": [1045.2873563210585, 412.02356149380927, 174.0], "76": [1070.817327134179, 419.37970364226857, 202.0], "77": [973.8815784689982, 419.9934220685176, 152.0], "78": [973.8815784689982, 419.9934220685176, 152.0], "79": [647.303032706697, 449.41717324778233, 198.0], "80": [712.0978050159409, 456.9120880929882, 182.0], "81": [712.0978050159409, 456.9120880929882, 182.0], "82": [752.88923161972, 455.33000517832073, 130.0], "83": [752.88923161972, 455.33000517832073, 130.0], "84": [830.8936858065772, 445.8957867698673, 95.0], "85": [981.6639745997938, 453.3360247968274, 161.0], "86": [955.5130089188732, 450.7073179792948, 123.0], "87": [1023.2340352200979, 455.1979030998918, 238.0], "88": [1023.2340352200979, 455.1979030998918, 238.0], "89": [1066.2214762646436, 451.5466675526385, 135.0], "90": [692.3915621500877, 482.0970435448756, 237.0], "91": [746.8680396315171, 490.2340223765972, 97.0], "92": [746.8680396315171, 490.2340223765972, 97.0], "93": [842.5709308496229, 490.3808168967673, 172.0], "94": [842.5709308496229, 490.3808168967673, 172.0], "95": [806.4113282456013, 490.1968762064917, 256.0], "96": [806.4113282456013, 490.1968762064917, 256.0], "97": [1003.9840484750638, 485.81411127017674, 163.0], "98": [1003.9840484750638, 485.81411127017674, 163.0], "99": [919.8510333981556, 490.6086238601905, 290.0], "100": [919.8510333981556, 490.6086238601905, 290.0], "101": [585.4060857598877, 556.6252168402666, 115.0], "102": [664.4225516675589, 556.5019650113278, 102.0], "103": [883.9393608234187, 561.9712781557427, 94.0], "104": [886.0118402910123, 563.4526317940592, 76.0], "105": [962.7852022547215, 560.7816346270293, 196.0], "106": [1055.6390024792074, 559.5300012061657, 300.0], "107": [1114.927152401833, 561.3678824955566, 302.0], "108": [645.5503038313641, 599.012121002472, 165.0], "109": [651.6723053475775, 599.4569243647743, 65.0], "110": [767.6493517225321, 590.2928583646352, 154.0], "111": [767.6493517225321, 590.2928583646352, 154.0], "112": [729.5763753539457, 596.5791234259954, 182.0], "113": [729.5763753539457, 596.5791234259954, 182.0], "114": [784.9960760129358, 592.423859129116, 306.0], "115": [784.9960760129358, 592.423859129116, 306.0], "116": [838.6952857020814, 595.327226715713, 191.0], "117": [838.6952857020814, 595.327226715713, 191.0], "118": [838.6952857020814, 595.327226715713, 191.0], "119": [838.6952857020814, 595.327226715713, 191.0], "120": [891.5711250234302, 601.7449226725861, 187.0], "121": [1028.6374980681387, 592.4267880594305, 56.0], "122": [1028.6374980681387, 592.4267880594305, 56.0], "123": [1028.6374980681387, 592.4267880594305, 56.0], "124": [1028.1718761372342, 592.0312498147163, 128.0], "125": [1028.1718761372342, 592.0312498147163, 128.0], "126": [1028.1718761372342, 592.0312498147163, 128.0], "127": [1008.2275117055109, 593.5825347131862, 229.0], "128": [1008.2275117055109, 593.5825347131862, 229.0], "129": [672.0499991536469, 622.7866665325557, 270.0], "130": [672.0499991536469, 622.7866665325557, 270.0], "131": [799.8108943781256, 627.5844329529624, 257.0], "132": [799.8108943781256, 627.5844329529624, 257.0], "133": [799.8108943781256, 627.5844329529624, 257.0], "134": [754.9989025238715, 627.6912095713355, 182.0], "135": [754.9989025238715, 627.6912095713355, 182.0], "136": [699.9606988215587, 630.38793803532, 257.0], "137": [884.3825003627272, 627.3787494677964, 160.0], "138": [884.3825003627272, 627.3787494677964, 160.0], "139": [953.1684491248687, 628.8689813609294, 187.0], "140": [953.1684491248687, 628.8689813609294, 187.0], "141": [959.2417909316845, 631.5223883568659, 67.0], "142": [1106.158677603628, 632.5595044909076, 121.0], "143": [1106.1831461826268, 634.6988763014504, 89.0], "144": [645.9500036630183, 668.6318221856062, 176.0], "145": [743.7455552551186, 667.7838928415132, 180.0], "146": [851.5142037210204, 662.4667597819273, 352.0], "147": [851.5142037210204, 662.4667597819273, 352.0], "148": [991.1167541095027, 666.2243464089936, 382.0], "149": [597.3055854825179, 731.6675133618465, 197.0],