{"1": [679.3416670497772, 6.703571588099, 168.0], "2": [651.8570058793505, 60.513692677763146, 314.0], "3": [617.6381169642999, 65.922871947447, 223.0], "4": [617.6381169642999, 65.922871947447, 223.0], "5": [638.8980022492661, 67.908402254166, 250.0], "6": [638.8980022492661, 67.908402254166, 250.0], "7": [763.2744016501942, 64.99760211889279, 500.0], "8": [851.7373909216276, 60.56782439231441, 230.0], "9": [851.7373909216276, 60.56782439231441, 230.0], "10": [914.2176444039195, 71.59839617994155, 187.0], "11": [904.2800011687075, 66.95139270032092, 360.0], "12": [917.2842855614765, 72.44428752977264, 210.0], "13": [956.9722520284472, 81.71937233844464, 191.0], "14": [1036.2678214523203, 85.21388161943045, 317.0], "15": [1036.2678214523203, 85.21388161943045, 317.0], "16": [1028.9541673417916, 75.76190807869678, 168.0], "17": [980.0490683709241, 72.07639936803366, 322.0], "18": [980.0490683709241, 72.07639936803366, 322.0], "19": [684.9774066151818, 105.52468531216672, 239.0], "20": [743.1837978773884, 94.50391144673718, 179.0], "21": [743.1837978773884, 94.50391144673718, 179.0], "22": [780.3228565738905, 84.53285763012285, 140.0], "23": [840.4090918351943, 79.24983235144995, 297.0], "24": [866.1865994083438, 83.39278218428821, 97.0], "25": [866.4882317214642, 86.75294208723223, 51.0], "26": [895.4972472062925, 89.49541415726412, 109.0], "27": [917.3064323570328, 88.88801229679734, 342.0], "28": [939.0757019095728, 90.85140442049742, 107.0], "29": [664.9255383316215, 118.06984780060239, 325.0], "30": [688.8076930008275, 122.41991023223218, 221.0], "31": [688.8076930008275, 122.41991023223218, 221.0], "32": [691.7016407819508, 124.11639239790733, 61.0], "33": [691.7016407819508, 124.11639239790733, 61.0], "34": [793.4598591352266, 118.82136187278246, 426.0], "35": [898.6090224450838, 119.07593930878413, 266.0], "36": [898.6090224450838, 119.07593930878413, 266.0], "37": [914.1746329925426, 126.18599122135535, 414.0], "38": [914.1746329925426, 126.18599122135535, 414.0], "39": [1019.4047843951363, 135.07990305807746, 209.0], "40": [1065.0066173097937, 145.50220577198903, 272.0], "41": [657.1082788503841, 175.42484426939112, 157.0], "42": [662.4358290643842, 171.62125957606997, 254.0], "43": [687.7243066410039, 174.15972220827007, 144.0], "44": [831.4554011709935, 163.8930287060138, 287.0], "45": [831.4554011709935, 163.8930287060138, 287.0], "46": [897.3463978449415, 159.819308387234, 347.0], "47": [897.3463978449415, 159.819308387234, 347.0], "48": [940.7544757116336, 160.0977596728852, 134.0], "49": [940.7544757116336, 160.0977596728852, 134.0], "50": [991.1094753631035, 160.65261708344752, 401.0], "51": [991.1094753631035, 160.65261708344752, 401.0], "52": [991.1094753631035, 160.65261708344752, 401.0], "53": [964.3801078109914, 161.19005417645158, 181.0], "54": [964.3801078109914, 161.19005417645158, 181.0], "55": [964.3801078109914, 161.19005417645158, 181.0], "56": [942.3189154504338, 162.17229364284964, 148.0], "57": [942.3189154504338, 162.17229364284964, 148.0], "58": [638.4289130716254, 227.46976140142064, 377.0], "59": [661.5607780093125, 230.1819784468011, 283.0], "60": [888.9596151952297, 224.53461316142707, 104.0], "61": [888.9596151952297, 224.53461316142707, 104.0], "62": [929.5814632726874, 229.5268278256908, 205.0], "63": [991.1044932886498, 226.09550598747055, 89.0], "64": [992.9531428738673, 226.53776309444748, 143.0], "65": [1024.2990877143775, 228.36392749864902, 219.0], "66": [1105.9746968302968, 231.8054213381979, 166.0], "67": [792.0174593238511, 244.81428349619284, 63.0], "68": [798.7384592154704, 245.75055167480875, 91.0], "69": [737.4351791779336, 256.5447237731855, 199.0], "70": [737.4351791779336, 256.5447237731855, 199.0], "71": [697.746000023988, 253.94650035460526, 200.0], "72": [771.4033095679561, 252.70132610747746, 151.0], "73": [771.4033095679561, 252.70132610747746, 151.0], "74": [871.1459679762379, 255.33467743553447, 372.0], "75": [977.8993637542792, 253.5751610820804, 314.0], "76": [661.2648998179377, 290.00612258508164, 245.0], "77": [661.2648998179377, 290.00612258508164, 245.0], "78": [709.0135818891614, 293.90370795776283, 81.0], "79": [709.0135818891614, 293.90370795776283, 81.0], "80": [709.0135818891614, 293.90370795776283, 81.0], "81": [712.7596628380403, 295.64829782308743, 176.0], "82": [712.7596628380403, 295.64829782308743, 176.0], "83": [747.497870808917, 295.64361590256635, 94.0], "84": [747.497870808917, 295.64361590256635, 94.0], "85": [747.497870808917, 295.64361590256635, 94.0], "86": [817.3044681703128, 298.2427672972128, 470.0], "87": [817.3044681703128, 298.2427672972128, 470.0], "88": [813.236711015163, 299.9291149776657, 79.0], "89": [813.236711015163, 299.9291149776657, 79.0], "90": [877.8205270824441, 302.3289462660545, 190.0], "91": [879.0257635685878, 305.7365633861844, 361.0], "92": [924.6427903501921, 313.141394284278, 215.0], "93": [924.6427903501921, 313.141394284278, 215.0], "94": [921.8652780488728, 323.6368052388809, 144.0], "95": [921.8652780488728, 323.6368052388809, 144.0], "96": [921.8652780488728, 323.6368052388809, 144.0], "97": [1005.4403221220134, 325.03225916409457, 62.0], "98": [1005.4403221220134, 325.03225916409457, 62.0], "99": [1004.5519468809342, 318.4139626743758, 308.0], "100": [1052.1656093628728, 318.6587307582291, 189.0], "101": [752.2268715223661, 339.7180627424406, 227.0], "102": [835.8955548519954, 334.7711121311664, 135.0], "103": [833.7349994739009, 327.39300152878536, 100.0], "104": [833.7349994739009, 327.39300152878536, 100.0], "105": [833.7349994739009, 327.39300152878536, 100.0], "106": [868.7812157500961, 326.270165146815, 181.0], "107": [868.7812157500961, 326.270165146815, 181.0], "108": [911.4722797995455, 327.23368320218117, 285.0], "109": [911.4722797995455, 327.23368320218117, 285.0], "110": [989.758035509227, 331.51294752557567, 224.0], "111": [989.758035509227, 331.51294752557567, 224.0], "112": [648.9185206101525, 419.3265433862415, 162.0], "113": [648.9185206101525, 419.3265433862415, 162.0], "114": [693.7556891634232, 423.20813245468855, 246.0], "115": [693.7556891634232, 423.20813245468855, 246.0], "116": [736.8586585050003, 413.61272103344726, 283.0], "117": [820.265978364907, 412.76598079425474, 97.0], "118": [817.0263158389887, 411.50420758542657, 95.0], "119": [783.5704136950861, 415.0976344957356, 169.0], "120": [946.7270486390646, 415.00983649716125, 122.0], "121": [940.6733341984674, 414.5896292052033, 135.0], "122": [969.4665583123874, 413.4028385219903, 317.0], "123": [969.4665583123874, 413.4028385219903, 317.0], "124": [972.8945003399343, 415.72617844005663, 382.0], "125": [972.8945003399343, 415.72617844005663, 382.0], "126": [1002.9219494051414, 415.55284608129307, 123.0], "127": [1002.6948571575882, 411.8182833360991, 175.0], "128": [1042.948998135017, 407.728998417756, 400.0], "129": [665.5009473873944, 434.45308095736254, 211.0], "130": [702.6311104261978, 441.3416647861369, 180.0], "131": [750.9326283433736, 439.0286995537847, 331.0], "132": [836.1267969278889, 443.6908432481691, 153.0], "133": [834.3541161530292, 444.23176102321827, 85.0], "134": [920.2030611124397, 451.1623641329247, 457.0], "135": [925.7105280164529, 452.7605230228912, 76.0], "136": [1031.9898419255817, 443.98866877722685, 256.0], "137": [1048.7012080323732, 452.8148055336261, 331.0], "138": [657.6675679094253, 481.65405121052197, 74.0], "139": [660.9450169793429, 480.0823144603666, 311.0], "140": [659.6287422678655, 473.7922174714782, 167.0], "141": [704.3027594708262, 471.7586208852795, 145.0], "142": [793.9399038443528, 473.8384250173469, 203.0], "143": [828.101705831529, 476.17406328124105, 293.0], "144": [889.0666657547854, 470.94166430573546, 72.0], "145": [891.6823217642543, 470.0375688465783, 181.0], "146": [891.6823217642543, 470.0375688465783, 181.0], "147": [937.7422073868719, 469.02053143206024, 263.0], "148": [962.7660799500389, 468.06783471589324, 171.0], "149": [991.4898537007415, 466.536230691513, 69.0],