{"1" : [736.2976217233455, 313.38690410845913, 84.0], "3" : [744.9122803252159, 241.06666674921675, 57.0], "5" : [717.8457257950049, 68.35018713096164, 269.0], "7" : [717.8457257950049, 68.35018713096164, 269.0], "9" : [719.9862942703667, 14.912182866723924, 197.0], "11" : [933.0855781112291, 1.9464714384164965, 312.0], "13" : [1035.5146257732054, 9.937612446259635, 335.0], "15" : [647.4947239373821, 100.51972170319192, 360.0], "17" : [619.3769646570714, 89.37808984184376, 178.0], "19" : [619.3769646570714, 89.37808984184376, 178.0], "21" : [701.4069997882517, 92.22700124901033, 200.0], "23" : [701.4069997882517, 92.22700124901033, 200.0], "25" : [821.4337916737136, 85.65479604533583, 219.0], "27" : [1006.7894751149473, 84.55902226011685, 266.0], "29" : [1086.52642806468, 81.52357077212808, 140.0], "31" : [1119.1423054791644, 85.86827037135966, 104.0], "33" : [743.0645901060727, 117.73112846574672, 257.0], "35" : [830.0166677172349, 123.3382381322603, 102.0], "37" : [934.1236445165331, 122.20504047649612, 258.0], "39" : [630.5539712935218, 161.4031733769317, 63.0], "41" : [630.5539712935218, 161.4031733769317, 63.0], "43" : [630.5539712935218, 161.4031733769317, 63.0], "45" : [636.0940398071365, 160.42715129081267, 151.0], "47" : [636.0940398071365, 160.42715129081267, 151.0], "49" : [636.0940398071365, 160.42715129081267, 151.0], "51" : [716.9953084943676, 151.16353966092606, 277.0], "53" : [838.9227428150292, 156.24113660009348, 299.0], "55" : [814.3065790228612, 160.4820177395167, 228.0], "57" : [814.3065790228612, 160.4820177395167, 228.0], "59" : [954.5606339130352, 161.2538435120006, 221.0], "61" : [954.5606339130352, 161.2538435120006, 221.0], "63" : [1064.3624400198414, 160.63708989533754, 213.0], "65" : [1064.3624400198414, 160.63708989533754, 213.0], "67" : [1102.8644075043562, 157.8339000492628, 59.0], "69" : [662.4092468430923, 190.65966316470835, 238.0], "71" : [755.5038465779832, 192.52436202240443, 78.0], "73" : [834.077550772906, 193.26081763161852, 245.0], "75" : [943.0234732677281, 190.13286343011495, 213.0], "77" : [1039.3322428297922, 183.70467381487248, 214.0], "79" : [1041.4341440121207, 181.3195128767762, 82.0], "81" : [656.8660854714935, 268.21347917298556, 230.0], "83" : [657.8141693801382, 259.9607286108136, 247.0], "85" : [657.8141693801382, 259.9607286108136, 247.0], "87" : [628.4813306949337, 253.42133526071396, 150.0], "89" : [627.7174989997067, 254.673125203042, 160.0], "91" : [765.4758177319022, 251.9595369603119, 215.0], "93" : [696.5520939462797, 258.30239585920253, 167.0], "95" : [696.5520939462797, 258.30239585920253, 167.0], "97" : [805.2304577329934, 254.42182840178353, 197.0], "99" : [789.3255327134177, 257.8829792085621, 94.0], "101" : [789.3255327134177, 257.8829792085621, 94.0], "103" : [938.5026429042878, 261.2955948245567, 227.0], "105" : [938.5026429042878, 261.2955948245567, 227.0], "107" : [938.5026429042878, 261.2955948245567, 227.0], "109" : [1058.589396262809, 257.7549252721338, 264.0], "111" : [707.3100027150886, 287.13999805940483, 210.0], "113" : [707.3100027150886, 287.13999805940483, 210.0], "115" : [791.5154540438318, 291.5281834205279, 110.0], "117" : [791.5154540438318, 291.5281834205279, 110.0], "119" : [848.4107392085716, 313.3986574583128, 149.0], "121" : [941.68679211806, 304.7540868095065, 159.0], "123" : [1057.2778351357902, 300.91752613795336, 194.0], "125" : [691.8453792313892, 351.7306713985458, 238.0], "127" : [817.3515628268035, 329.2624997160272, 192.0], "129" : [817.3515628268035, 329.2624997160272, 192.0], "131" : [1054.0301210588207, 328.2524071542728, 166.0], "133" : [675.7729176442994, 418.16979232461165, 96.0], "135" : [662.5905061630857, 440.46592034397213, 179.0], "137" : [662.5905061630857, 440.46592034397213, 179.0], "139" : [724.5149983109545, 435.06944468550444, 180.0], "141" : [824.7943241472314, 435.04090839461145, 264.0], "143" : [861.3456666259317, 433.56127308696944, 173.0], "145" : [861.3456666259317, 433.56127308696944, 173.0], "147" : [986.8591286774134, 432.87023891204467, 252.0], "149" : [986.8591286774134, 432.87023891204467, 252.0], "151" : [1073.1359595781003, 430.8059099421472, 203.0], "153" : [684.0716124666357, 474.7381391320765, 236.0], "155" : [742.6378668016151, 474.42610395518193, 272.0], "157" : [865.0799993901704, 463.4646488818714, 215.0], "159" : [865.0799993901704, 463.4646488818714, 215.0], "161" : [958.7583326479764, 461.1268503786109, 108.0], "163" : [958.7583326479764, 461.1268503786109, 108.0], "165" : [958.7765651648996, 462.67656328905707, 128.0], "167" : [958.7765651648996, 462.67656328905707, 128.0], "169" : [1075.4225822500678, 462.0209659918644, 248.0], "171" : [676.8246095628106, 485.4633498708754, 191.0], "173" : [699.1271355331884, 500.6959797990131, 199.0], "175" : [879.8626764764996, 498.9599074335719, 217.0], "177" : [879.8626764764996, 498.9599074335719, 217.0], "179" : [1066.9230460454874, 494.1191493221412, 282.0], "181" : [638.5455457952256, 589.307922221102, 101.0], "183" : [638.5455457952256, 589.307922221102, 101.0], "185" : [619.2627872490344, 613.531977924617, 172.0], "187" : [660.4007987732707, 612.3568035022639, 125.0], "189" : [660.4007987732707, 612.3568035022639, 125.0], "191" : [801.6465359980097, 605.0461535797807, 260.0], "193" : [801.6465359980097, 605.0461535797807, 260.0], "195" : [803.4773622118298, 602.2396264226627, 53.0], "197" : [803.4773622118298, 602.2396264226627, 53.0], "199" : [870.8924413366251, 608.9348844922723, 172.0], "201" : [947.4805254739516, 602.7468448158621, 190.0], "203" : [1013.9663696198338, 605.0932733543428, 223.0], "205" : [735.4486866274959, 635.1549350718199, 304.0], "207" : [687.6036879631215, 641.8304175863452, 217.0], "209" : [802.8526980609843, 642.1746033914835, 315.0], "211" : [875.1971907831362, 647.1359559409864, 178.0], "213" : [949.7545411898328, 643.7805181544963, 77.0], "215" : [951.6528709773648, 642.3201172981996, 174.0], "217" : [1033.5574862711844, 643.5589363705593, 207.0], "219" : [1033.5574862711844, 643.5589363705593, 207.0], "221" : [1084.3113623297297, 639.5170455286577, 88.0], "223" : [690.7515390148135, 677.3851276302671, 390.0], "225" : [775.4396724113266, 682.9847819792243, 184.0], "227" : [877.6736855826821, 684.9959503379553, 247.0], "229" : [1037.1263518428186, 686.0243244375889, 296.0], "231" : [700.9213171957928, 724.2612390721656, 258.0], "233" : [749.9875692500016, 723.2491899039948, 185.0], "235" : [614.4245127502219, 795.6763245006138, 359.0], "237" : [731.1325960071546, 789.8599983854654, 135.0], "239" : [731.1325960071546, 789.8599983854654, 135.0], "241" : [731.01618790889, 791.9722529914741, 173.0], "243" : [731.01618790889, 791.9722529914741, 173.0], "245" : [854.8471750329701, 787.8342720844627, 248.0], "247" : [854.8471750329701, 787.8342720844627, 248.0], "249" : [1016.0957070490092, 785.9798272346156, 233.0], "251" : [1016.0957070490092, 785.9798272346156, 233.0], "253" : [747.3123215306354, 827.6455009658874, 211.0], "255" : [849.038626144861, 820.9592174522093, 510.0], "257" : [849.038626144861, 820.9592174522093, 510.0], "259" : [953.5466134856471, 821.4772918879412, 251.0], "261" : [953.5466134856471, 821.4772918879412, 251.0], "263" : [1015.0816856697957, 816.926005669443, 819.0], "265" : [1008.7907000964906, 811.8860491479417, 129.0], "267" : [893.5849468351623, 813.3062480471982, 352.0], "269" : [890.1193639037174, 806.9589966859616, 439.0], "271" : [759.2112580301646, 804.6225163447442, 151.0], "273" : [759.8376264358719, 810.4366336717079, 101.0], "275" : [895.598126198812, 478.58937551187694, 480.0], "277" : [895.598126198812, 478.58937551187694, 480.0], "279" : [910.2651534346003, 780.3132571403652, 264.0], "281" : [1017.6500013075671, 809.354273821304, 468.0], "283" : [763.9016052929428, 817.5746875862084, 561.0], "285" : [763.9016052929428, 817.5746875862084, 561.0], "287" : [763.9016052929428, 817.5746875862084, 561.0], "289" : [736.0809568456566, 811.4654749179509, 168.0],