{"1" : [792.1, 661.1, 182.12890406279675], "3" : [787.6, 668.4, 38.12890406279675], "5" : [949.0, 655.5, 194.12890406279675], "7" : [948.0, 652.4, 16.12890406279675], "9" : [893.1, 650.5, 172.12890406279675], "11" : [894.2, 646.3, 38.12890406279675], "13" : [773.4, 651.5, 137.12890406279675], "15" : [773.9, 651.0, 55.12890406279675], "17" : [1049.9, 641.4, 100.12890406279675], "19" : [1052.6, 643.1, 33.12890406279675], "21" : [806.0, 580.0, 114.12890406279675], "23" : [803.6, 562.3, 614.1289040627968], "25" : [956.5, 538.7, 537.1289040627968], "27" : [958.9, 534.0, 27.12890406279675], "29" : [852.0, 429.2, 86.12890406279675], "31" : [850.5, 428.2, 26.12890406279675], "33" : [838.2, 351.2, 92.12890406279675], "35" : [838.4, 349.4, 23.12890406279675], "37" : [762.9, 382.1, 237.12890406279675], "39" : [759.4, 383.4, 38.12890406279675], "41" : [982.9, 387.7, 183.12890406279675], "43" : [981.9, 385.3, 13.12890406279675], "45" : [942.6, 387.0, 115.12890406279675], "47" : [940.9, 388.5, 31.12890406279675], "49" : [1109.2, 394.6, 229.12890406279675], "51" : [1108.7, 399.4, 25.12890406279675], "53" : [1034.2, 398.8, 234.12890406279675], "55" : [1034.9, 395.6, 23.12890406279675], "57" : [978.3, 391.6, 132.12890406279675], "59" : [979.8, 392.5, 200.12890406279675], "61" : [855.8, 488.8, 84.12890406279675], "63" : [862.9, 437.7, 22.12890406279675], "65" : [899.4, 443.7, 309.1289040627968], "67" : [894.4, 448.2, 24.12890406279675], "69" : [844.1, 504.2, 173.12890406279675], "71" : [844.9, 504.5, 19.12890406279675], "73" : [820.7, 516.9, 27.12890406279675], "75" : [817.3, 519.6, 42.12890406279675], "77" : [1016.6, 515.3, 129.12890406279675], "79" : [1014.9, 515.1, 35.12890406279675], "81" : [923.5, 504.8, 293.1289040627968], "83" : [923.3, 499.5, 38.12890406279675], "85" : [796.7, 510.2, 151.12890406279675]}