{"1" : [1025.0950006644428, 0.7668720356715142, 160.0], "3" : [1051.8869909176046, 8.117657558719632, 538.0], "5" : [613.8355760207675, 70.20961615395265, 208.0], "7" : [575.0792115705189, 68.33876670116462, 178.0], "9" : [661.8592224158635, 71.38212296265611, 179.0], "11" : [711.7581339524352, 72.99930998803877, 289.0], "13" : [773.5153011536636, 69.0540972938355, 183.0], "15" : [888.0612721124361, 71.96185092308343, 173.0], "17" : [977.050763124329, 76.63604196652905, 197.0], "19" : [1150.7182955521355, 73.25064344669798, 235.0], "21" : [737.1004868167614, 102.50242458117839, 206.0], "23" : [737.1004868167614, 102.50242458117839, 206.0], "25" : [704.0334859790968, 104.81513846303302, 218.0], "27" : [812.4651425298435, 99.0093684383606, 459.0], "29" : [812.4651425298435, 99.0093684383606, 459.0], "31" : [912.2241931062798, 99.56827612662381, 186.0], "33" : [912.2241931062798, 99.56827612662381, 186.0], "35" : [624.4201022184408, 129.53266105128614, 199.0], "37" : [624.4201022184408, 129.53266105128614, 199.0], "39" : [664.5115197413049, 128.35496989119815, 191.0], "41" : [664.5115197413049, 128.35496989119815, 191.0], "43" : [699.0552513906307, 127.7033139322367, 181.0], "45" : [699.0552513906307, 127.7033139322367, 181.0], "47" : [795.5373352814407, 122.58267373911549, 75.0], "49" : [797.7426767482696, 122.82548481996187, 157.0], "51" : [797.7426767482696, 122.82548481996187, 157.0], "53" : [851.9418078362888, 125.21299473252076, 177.0], "55" : [851.9418078362888, 125.21299473252076, 177.0], "57" : [851.9418078362888, 125.21299473252076, 177.0], "59" : [1015.1531096579016, 134.74019238169558, 209.0], "61" : [1015.1531096579016, 134.74019238169558, 209.0], "63" : [1152.7624541922908, 138.24440098879302, 277.0], "65" : [751.4555226868343, 164.14018271119326, 326.0], "67" : [751.4555226868343, 164.14018271119326, 326.0], "69" : [751.4555226868343, 164.14018271119326, 326.0], "71" : [824.5290191316486, 156.04073987210936, 324.0], "73" : [975.7435384548072, 160.61387405566683, 209.0], "75" : [975.7435384548072, 160.61387405566683, 209.0], "77" : [601.0521758347974, 226.4818846566872, 138.0], "79" : [774.8291074333838, 226.40187886059647, 213.0], "81" : [863.023857277972, 229.82284161399778, 197.0], "83" : [1038.4527467436524, 234.95439434519324, 182.0], "85" : [1100.6472972760032, 237.46959359978055, 148.0], "87" : [696.7215913771659, 264.28408848603084, 176.0], "89" : [696.7215913771659, 264.28408848603084, 176.0], "91" : [748.889505453718, 265.8333311209357, 162.0], "93" : [748.889505453718, 265.8333311209357, 162.0], "95" : [748.889505453718, 265.8333311209357, 162.0], "97" : [812.9475919803596, 261.6638540711699, 166.0], "99" : [812.9475919803596, 261.6638540711699, 166.0], "101" : [812.9475919803596, 261.6638540711699, 166.0], "103" : [874.1025796391391, 264.1483880727874, 155.0], "105" : [874.1025796391391, 264.1483880727874, 155.0], "107" : [1062.6181830503651, 268.4596388028485, 275.0], "109" : [603.267124628908, 308.5369842773549, 73.0], "111" : [607.0839991538771, 309.39279779784056, 250.0], "113" : [781.9110293350916, 299.55809369627514, 272.0], "115" : [781.9110293350916, 299.55809369627514, 272.0], "117" : [732.7654130227328, 310.242102773189, 133.0], "119" : [634.6123363969698, 319.22337824558446, 154.0], "121" : [634.6123363969698, 319.22337824558446, 154.0], "123" : [931.3645581241033, 304.6734173564314, 237.0], "125" : [931.3645581241033, 304.6734173564314, 237.0], "127" : [1042.946197293047, 307.2485348064319, 171.0], "129" : [1179.1135691065451, 315.46633010650686, 199.0], "131" : [812.8130232153794, 349.87968768130753, 192.0], "133" : [751.9724554277254, 349.5455069333338, 167.0], "135" : [906.6253408506274, 344.87534296398064, 292.0], "137" : [1014.300949256001, 330.2649286827268, 211.0], "139" : [1014.300949256001, 330.2649286827268, 211.0], "141" : [611.4441178653918, 419.12016872588777, 238.0], "143" : [580.9318807805928, 418.45869685216746, 138.0], "145" : [700.5270030677541, 413.4464153792783, 237.0], "147" : [873.9529227220423, 410.0783612743721, 342.0], "149" : [1022.1945644148045, 405.83115962629375, 276.0], "151" : [975.6639606102707, 407.6720736498137, 111.0], "153" : [1110.000665411237, 401.04999999928674, 150.0], "155" : [744.6025818928301, 441.4477401642469, 155.0], "157" : [748.7679473291621, 444.0820440254759, 156.0], "159" : [798.2564257299941, 446.88770868425394, 179.0], "161" : [839.5350023522183, 448.30399990689, 100.0], "163" : [987.3933069141817, 441.4216519530777, 254.0], "165" : [987.3933069141817, 441.4216519530777, 254.0], "167" : [959.9770717181217, 440.9598712593572, 157.0], "169" : [1102.2211413869113, 428.38399983888667, 175.0], "171" : [692.0620495748472, 469.74035939995537, 166.0], "173" : [692.0620495748472, 469.74035939995537, 166.0], "175" : [662.0265141383171, 472.09488278837597, 215.0], "177" : [798.5982036547664, 470.8580820468837, 167.0], "179" : [847.7296301720111, 472.21296055179266, 54.0], "181" : [850.2603182819821, 474.5571459999639, 63.0], "183" : [1003.0635554723374, 473.08400066314096, 225.0], "185" : [979.3713333717058, 473.5326688204859, 150.0], "187" : [775.114734709897, 500.1684219801697, 190.0], "189" : [809.3762210783631, 501.85243826153345, 164.0], "191" : [876.0337350775195, 503.03916002679773, 166.0], "193" : [923.8509424871572, 502.76100928680614, 159.0], "195" : [620.7826089346196, 562.1594213520475, 69.0], "197" : [629.5079035342361, 571.4707487898589, 253.0], "199" : [692.2731720446307, 573.6560985248926, 123.0], "201" : [696.0973337800025, 570.7319991846034, 75.0], "203" : [825.3816331041619, 570.8167349355344, 245.0], "205" : [887.1681814100622, 566.3662330730807, 154.0], "207" : [1022.4009946462563, 565.6706467937277, 201.0], "209" : [994.672181257424, 568.0728462404358, 151.0], "211" : [1076.7077860631887, 572.5479001598609, 167.0], "213" : [1089.264425719272, 568.3754792472472, 208.0], "215" : [751.6866319794868, 607.8705885647767, 187.0], "217" : [790.8938192513054, 601.6646087042557, 178.0], "219" : [791.7761095129038, 606.8161109201848, 180.0], "221" : [948.8779552779298, 602.668372951805, 313.0], "223" : [948.8779552779298, 602.668372951805, 313.0], "225" : [1019.9350617999695, 603.2718426760845, 174.0], "227" : [1044.9676473095426, 604.2676441270792, 68.0], "229" : [625.0779774247853, 631.1624966289322, 168.0], "231" : [625.0779774247853, 631.1624966289322, 168.0], "233" : [553.7322123481877, 643.8701891432258, 208.0], "235" : [553.7322123481877, 643.8701891432258, 208.0], "237" : [667.8815642389269, 636.5793315010548, 179.0], "239" : [751.2815176312076, 637.6246450188686, 211.0], "241" : [854.1281870232449, 638.9095741178553, 188.0], "243" : [824.2443805113725, 641.5544371971741, 169.0], "245" : [1024.793671824293, 631.8999984511602, 316.0], "247" : [1024.793671824293, 631.8999984511602, 316.0], "249" : [1146.7654656875975, 627.7304106158376, 194.0], "251" : [772.4780332157637, 667.9583817128986, 173.0], "253" : [798.1519138523786, 670.5098380347689, 183.0], "255" : [728.9408107486051, 672.8928258206097, 223.0], "257" : [790.8627898666545, 669.9110471924275, 172.0], "259" : [988.5223572845028, 670.9833343018931, 246.0], "261" : [985.8844643130867, 674.1067970200461, 103.0], "263" : [1162.9743189786263, 662.3533098618151, 257.0], "265" : [670.7744666133626, 724.4219859197399, 141.0], "267" : [606.9106280630924, 743.0652186384618, 207.0], "269" : [606.9106280630924, 743.0652186384618, 207.0], "271" : [700.4394713114035, 743.830262891197, 76.0], "273" : [703.3167991944181, 742.7311984674125, 125.0], "275" : [850.0638054989103, 740.927347765097, 373.0], "277" : [993.1402655761319, 739.966108118125, 298.0], "279" : [766.3528864445406, 778.2951928017835, 104.0], "281" : [772.9840132324332, 779.1680262729421, 294.0], "283" : [772.9840132324332, 779.1680262729421, 294.0], "285" : [883.0480562361333, 778.026500270136, 283.0], "287" : [936.1534490466664, 776.21896470111, 174.0], "289" : [1049.2542367977087, 774.9027110770343, 295.0],