{"1" : [669.113244325814, 35.25165521169866, 151.0], "3" : [695.7258854962885, 29.080001277412286, 85.0], "5" : [804.467647676274, 3.7947052705216695, 170.0], "7" : [768.9748422653886, 58.75974668051579, 159.0], "9" : [957.3196646752779, 5.138201508579606, 178.0], "11" : [1000.3071436599402, 5.432657846099792, 98.0], "13" : [860.7798815644285, 63.801180871555985, 169.0], "15" : [860.7798815644285, 63.801180871555985, 169.0], "17" : [762.8093345290816, 58.93099835028118, 300.0], "19" : [916.7069660796789, 60.85245634676544, 244.0], "21" : [959.9734606528326, 63.38268944702889, 260.0], "23" : [727.3061338226731, 99.4580179784518, 212.0], "25" : [727.3061338226731, 99.4580179784518, 212.0], "27" : [661.0383003193148, 93.09234113460263, 235.0], "29" : [661.0383003193148, 93.09234113460263, 235.0], "31" : [906.8093222170962, 83.00321592594557, 311.0], "33" : [912.571267318034, 89.58176982874654, 181.0], "35" : [728.4252878375304, 126.50345108546735, 174.0], "37" : [728.4252878375304, 126.50345108546735, 174.0], "39" : [614.9443321093464, 120.86443004477431, 388.0], "41" : [764.4627908896366, 126.2930261826546, 129.0], "43" : [764.4627908896366, 126.2930261826546, 129.0], "45" : [975.9405107150768, 130.6689753411373, 274.0], "47" : [975.9405107150768, 130.6689753411373, 274.0], "49" : [975.9405107150768, 130.6689753411373, 274.0], "51" : [1080.8523863638695, 128.5935282814563, 649.0], "53" : [1080.8523863638695, 128.5935282814563, 649.0], "55" : [797.3632903310044, 155.8588615259802, 158.0], "57" : [708.3104779463678, 164.4876173383954, 105.0], "59" : [708.3104779463678, 164.4876173383954, 105.0], "61" : [708.3104779463678, 164.4876173383954, 105.0], "63" : [884.2549974565771, 154.77321440699612, 280.0], "65" : [994.0354777987006, 155.42956951942378, 186.0], "67" : [994.0354777987006, 155.42956951942378, 186.0], "69" : [949.4178159026093, 160.73217746252882, 202.0], "71" : [949.4178159026093, 160.73217746252882, 202.0], "73" : [916.7114933072959, 160.47356469916392, 174.0], "75" : [916.7114933072959, 160.47356469916392, 174.0], "77" : [559.782242637657, 224.6710284847018, 107.0], "79" : [734.5544973180093, 241.91005355760353, 189.0], "81" : [704.7314470084548, 246.07044180868203, 159.0], "83" : [845.4455891704094, 240.3814694338331, 340.0], "85" : [845.4455891704094, 240.3814694338331, 340.0], "87" : [951.9692721168873, 245.02178579538543, 179.0], "89" : [829.712879889432, 241.3560607749265, 132.0], "91" : [760.5932943785713, 240.49512129596968, 328.0], "93" : [1060.0298018511542, 246.38636398233598, 198.0], "95" : [1060.0298018511542, 246.38636398233598, 198.0], "97" : [996.8471598007233, 254.60043800797172, 229.0], "99" : [615.1917930687052, 292.1097499220809, 195.0], "101" : [615.1917930687052, 292.1097499220809, 195.0], "103" : [600.4686405767002, 283.4639044955269, 169.0], "105" : [720.929524326422, 273.9942871245286, 105.0], "107" : [720.929524326422, 273.9942871245286, 105.0], "109" : [721.3174231797916, 272.6537902305367, 132.0], "111" : [721.3174231797916, 272.6537902305367, 132.0], "113" : [891.8513809385717, 278.5370191796464, 181.0], "115" : [1045.3504626845713, 280.65740626590554, 216.0], "117" : [924.3039745324988, 266.7935791449346, 327.0], "119" : [924.3039745324988, 266.7935791449346, 327.0], "121" : [884.9727824210986, 269.78765617770586, 316.0], "123" : [884.9727824210986, 269.78765617770586, 316.0], "125" : [881.4868425359083, 270.386837247292, 76.0], "127" : [881.4868425359083, 270.386837247292, 76.0], "129" : [818.2012232622204, 279.0556572974089, 327.0], "131" : [813.5730031927575, 280.0024985860305, 200.0], "133" : [813.5730031927575, 280.0024985860305, 200.0], "135" : [899.5805879857829, 275.7535343716627, 170.0], "137" : [1056.2416317170282, 283.10652750961174, 245.0], "139" : [1026.9578968235348, 282.6105234069897, 133.0], "141" : [782.303093408545, 306.79741974567224, 194.0], "143" : [746.105180070087, 303.46424531091697, 193.0], "145" : [902.7624463415981, 299.08646887120005, 229.0], "147" : [902.7624463415981, 299.08646887120005, 229.0], "149" : [885.7444441971286, 302.72982575901244, 171.0], "151" : [885.7444441971286, 302.72982575901244, 171.0], "153" : [866.7349977671595, 300.696252990047, 80.0], "155" : [866.7349977671595, 300.696252990047, 80.0], "157" : [1010.0858401893207, 302.05221200057827, 113.0], "159" : [1037.9921358163306, 283.17827571181203, 267.0], "161" : [862.9536083781278, 306.0522197941573, 360.0], "163" : [961.8225358982762, 363.41878017894635, 213.0], "165" : [948.9852605349623, 363.1105284181012, 285.0], "167" : [984.0651431167256, 362.5982864175224, 175.0], "169" : [982.7017380575309, 361.2443478551212, 115.0], "171" : [720.506096887196, 417.25244036847334, 164.0], "173" : [790.3601034925849, 412.00517951044554, 193.0], "175" : [893.594599216583, 401.58972902077545, 185.0], "177" : [966.3395459427212, 402.1265534026577, 177.0], "179" : [966.3395459427212, 402.1265534026577, 177.0], "181" : [890.0716500158261, 401.5025774476357, 194.0], "183" : [1081.320160420898, 406.2633737337651, 243.0], "185" : [851.0229620483195, 433.0059262584544, 135.0], "187" : [677.5337982097872, 444.3967563862747, 648.0], "189" : [785.2306971789338, 457.3261424560332, 329.0], "191" : [785.2306971789338, 457.3261424560332, 329.0], "193" : [909.3814927365441, 444.6940843073235, 389.0], "195" : [1041.2792426981732, 440.9617895179889, 212.0], "197" : [863.8835449033692, 475.8411422778456, 158.0], "199" : [863.8835449033692, 475.8411422778456, 158.0], "201" : [791.0439023738919, 473.6658548974433, 246.0], "203" : [918.1859758781775, 468.2839051153504, 435.0], "205" : [1005.3594957522732, 477.25232242352456, 237.0], "207" : [892.2732593306149, 485.11366143276075, 344.0], "209" : [1004.3824008998649, 481.6599979801953, 250.0], "211" : [984.8555562455743, 487.334006902396, 297.0], "213" : [894.43759331711, 492.5510641027808, 141.0], "215" : [894.43759331711, 492.5510641027808, 141.0], "217" : [882.4519600795105, 590.7666628070209, 102.0], "219" : [882.4519600795105, 590.7666628070209, 102.0], "221" : [759.1204557155536, 583.1081810538737, 220.0], "223" : [718.6115382526912, 582.2807682759955, 208.0], "225" : [719.6624995662706, 581.2499988384193, 56.0], "227" : [948.7427666593284, 577.9000010864698, 325.0], "229" : [1042.022562453656, 579.3046149368549, 195.0], "231" : [1042.2854532017873, 583.3345448424798, 55.0], "233" : [972.240886155315, 582.6422224491641, 225.0], "235" : [972.240886155315, 582.6422224491641, 225.0], "237" : [931.6176470937417, 582.0561071806773, 221.0], "239" : [931.6176470937417, 582.0561071806773, 221.0], "241" : [704.5840436693404, 612.4468096842928, 94.0], "243" : [751.1011239300864, 611.1651703582825, 89.0], "245" : [752.3333341175945, 614.5433347048405, 120.0], "247" : [794.9248966633849, 616.7523209355952, 237.0], "249" : [796.940384859007, 615.5461518972546, 52.0], "251" : [994.3529385601013, 608.5852957679282, 204.0], "253" : [1023.9502869884465, 614.2377174591546, 175.0], "255" : [977.2795744740268, 620.0923420149684, 235.0], "257" : [977.2795744740268, 620.0923420149684, 235.0], "259" : [977.2795744740268, 620.0923420149684, 235.0], "261" : [977.2795744740268, 620.0923420149684, 235.0], "263" : [1066.7462336422925, 621.7806457628931, 186.0], "265" : [953.074998741724, 624.9250052653315, 72.0], "267" : [953.074998741724, 624.9250052653315, 72.0], "269" : [953.074998741724, 624.9250052653315, 72.0], "271" : [950.1637780429631, 626.6283481994582, 127.0], "273" : [950.1637780429631, 626.6283481994582, 127.0], "275" : [950.1637780429631, 626.6283481994582, 127.0], "277" : [1099.025579847952, 624.8186085612375, 86.0], "279" : [1094.3724779939896, 629.6986205003418, 218.0], "281" : [1094.3724779939896, 629.6986205003418, 218.0], "283" : [1189.410185918273, 634.5810177778515, 216.0], "285" : [1152.7166016885008, 633.0773583534191, 265.0], "287" : [1154.3611954985854, 629.4977591206216, 134.0], "289" : [1188.2745625255407, 627.1701748811616, 114.0], "291" : [750.27262567913, 662.4810066511956, 179.0],