{"1" : [645.8493700493605, 116.76265807057527, 158.0], "3" : [547.271206937213, 93.83839125772862, 323.0], "5" : [621.7904716356835, 84.7714286136494, 189.0], "7" : [676.8388884898188, 87.65317713924335, 126.0], "9" : [678.5829828664506, 93.07127726464124, 94.0], "11" : [678.5829828664506, 93.07127726464124, 94.0], "13" : [753.4882359431597, 91.86764936080824, 204.0], "15" : [753.4882359431597, 91.86764936080824, 204.0], "17" : [713.0735949328505, 92.8112571487467, 231.0], "19" : [713.0735949328505, 92.8112571487467, 231.0], "21" : [713.0735949328505, 92.8112571487467, 231.0], "23" : [816.9888888465377, 92.06322000001983, 261.0], "25" : [816.9888888465377, 92.06322000001983, 261.0], "27" : [906.1826100910733, 86.65652271544029, 276.0], "29" : [994.363314095037, 71.57939745699927, 199.0], "31" : [991.3777793624704, 69.79999991240645, 54.0], "33" : [1099.7920010713178, 69.68720113988827, 250.0], "35" : [1136.087425424742, 71.98383493815838, 167.0], "37" : [1041.7676440203131, 63.946320592317974, 136.0], "39" : [655.5171297886686, 112.08865748549111, 432.0], "41" : [740.8043701306115, 106.30582390691892, 206.0], "43" : [890.7088079659312, 105.47869284583366, 352.0], "45" : [956.5721985466331, 102.19414587143862, 205.0], "47" : [956.5721985466331, 102.19414587143862, 205.0], "49" : [1031.4651523758007, 98.64040427778006, 198.0], "51" : [1031.4651523758007, 98.64040427778006, 198.0], "53" : [676.4438588440305, 135.42982580018779, 114.0], "55" : [676.4438588440305, 135.42982580018779, 114.0], "57" : [674.6352088696594, 139.78450075647646, 71.0], "59" : [566.1206079764203, 151.19878967927494, 165.0], "61" : [540.7965029200573, 153.2919999636198, 200.0], "63" : [671.6433505435131, 151.06878726688223, 173.0], "65" : [750.1989989797553, 150.33400181334522, 200.0], "67" : [834.395678553183, 147.0555567179523, 162.0], "69" : [902.0510005274932, 146.17999966513875, 200.0], "71" : [974.7514696234839, 142.2683793736548, 136.0], "73" : [976.9134824057263, 135.7926954773669, 178.0], "75" : [976.9134824057263, 135.7926954773669, 178.0], "77" : [976.9134824057263, 135.7926954773669, 178.0], "79" : [1062.500572614863, 130.99572417124784, 351.0], "81" : [1062.500572614863, 130.99572417124784, 351.0], "83" : [1106.5711935185748, 129.7156364332249, 243.0], "85" : [707.6729173516408, 170.0791673743166, 192.0], "87" : [665.215935790431, 168.98008040661756, 251.0], "89" : [665.215935790431, 168.98008040661756, 251.0], "91" : [772.9313939461786, 165.81589156666323, 258.0], "93" : [772.9313939461786, 165.81589156666323, 258.0], "95" : [899.4458209650232, 173.98823620617665, 323.0], "97" : [971.9523591731719, 171.46480493941485, 233.0], "99" : [1055.3847015749081, 174.05559703529684, 268.0], "101" : [931.7107405398796, 171.2377761840689, 270.0], "103" : [533.9667698243893, 247.88602459651128, 322.0], "105" : [610.1143978327352, 243.68295418258703, 264.0], "107" : [710.6952619598468, 240.4691933300364, 211.0], "109" : [667.463747591427, 244.73749724211666, 160.0], "111" : [786.0793360696658, 239.1876027463823, 242.0], "113" : [906.465887908197, 234.3822425126844, 214.0], "115" : [906.465887908197, 234.3822425126844, 214.0], "117" : [972.002438364821, 234.16991764346287, 246.0], "119" : [1046.068398564852, 236.95627650120954, 231.0], "121" : [1147.779061317104, 241.6281588620404, 277.0], "123" : [1181.0934569078474, 245.98878567953253, 107.0], "125" : [701.4707691146567, 289.033844780879, 130.0], "127" : [698.2953131189254, 291.67656736159313, 64.0], "129" : [698.2953131189254, 291.67656736159313, 64.0], "131" : [633.6671415313054, 291.7857188969135, 140.0], "133" : [633.6671415313054, 291.7857188969135, 140.0], "135" : [633.6671415313054, 291.7857188969135, 140.0], "137" : [757.7827574417523, 294.3482771319931, 116.0], "139" : [757.7827574417523, 294.3482771319931, 116.0], "141" : [757.7827574417523, 294.3482771319931, 116.0], "143" : [847.3090277952725, 294.1454873525582, 288.0], "145" : [847.3090277952725, 294.1454873525582, 288.0], "147" : [939.3564480353454, 290.4451607172617, 62.0], "149" : [939.3564480353454, 290.4451607172617, 62.0], "151" : [939.3564480353454, 290.4451607172617, 62.0], "153" : [944.0743433852481, 278.43455523058833, 191.0], "155" : [1052.5452219454128, 267.4970584440359, 272.0], "157" : [1052.5452219454128, 267.4970584440359, 272.0], "159" : [1052.5452219454128, 267.4970584440359, 272.0], "161" : [1086.8524613779985, 269.9073775324114, 122.0], "163" : [564.7574151520768, 310.105991336052, 317.0], "165" : [512.5771934404507, 311.1926316338419, 285.0], "167" : [606.7078048081016, 311.3478035728917, 205.0], "169" : [702.0973411998132, 310.25266031902356, 188.0], "171" : [764.5246598498414, 311.73561348825564, 219.0], "173" : [898.8980785601528, 310.3158650693786, 208.0], "175" : [973.1483468781007, 308.5041311734571, 242.0], "177" : [1041.635144899627, 314.65188137825, 239.0], "179" : [1126.957313177152, 316.8966412391515, 417.0], "181" : [1169.422219864862, 313.5656548925236, 99.0], "183" : [759.8587826076376, 339.83243025959325, 148.0], "185" : [756.9633342832392, 340.6116636425425, 60.0], "187" : [708.2630323210719, 347.0909088383198, 165.0], "189" : [675.2836873503704, 346.3609940144966, 141.0], "191" : [848.933786410213, 352.36006650018203, 293.0], "193" : [892.7269925681811, 348.7840720877816, 226.0], "195" : [985.7503010749685, 346.20868350505833, 334.0], "197" : [882.2872571266834, 350.79848806381017, 463.0], "199" : [597.0591627147257, 417.9764398184269, 191.0], "201" : [545.6817671899657, 423.5679595314152, 181.0], "203" : [517.8217958643299, 424.0679509157442, 234.0], "205" : [617.5868534845946, 422.5755870830576, 213.0], "207" : [617.5868534845946, 422.5755870830576, 213.0], "209" : [575.0088684258853, 424.07438574011996, 203.0], "211" : [756.903171562042, 417.5651228676583, 410.0], "213" : [815.9512703638494, 417.0903559891799, 197.0], "215" : [907.053929680127, 417.04678703494795, 280.0], "217" : [907.053929680127, 417.04678703494795, 280.0], "219" : [973.9585532317109, 419.45592041243617, 152.0], "221" : [976.6390632388839, 422.3125009824898, 64.0], "223" : [976.6390632388839, 422.3125009824898, 64.0], "225" : [1026.721901926037, 422.63649552528153, 137.0], "227" : [1026.721901926037, 422.63649552528153, 137.0], "229" : [909.6796804586278, 415.94171151017434, 374.0], "231" : [817.4068966182135, 424.20474585971635, 232.0], "233" : [817.4068966182135, 424.20474585971635, 232.0], "235" : [724.003595292458, 424.2410117019226, 139.0], "237" : [724.003595292458, 424.2410117019226, 139.0], "239" : [724.003595292458, 424.2410117019226, 139.0], "241" : [538.283570556332, 421.5017001446265, 353.0], "243" : [782.7005717961777, 426.3200062182764, 175.0], "245" : [782.7005717961777, 426.3200062182764, 175.0], "247" : [862.6389216946181, 421.75568786681123, 167.0], "249" : [862.6389216946181, 421.75568786681123, 167.0], "251" : [928.2285062124861, 416.2701375700794, 221.0], "253" : [990.8145812332787, 416.4369793895784, 192.0], "255" : [1087.0924537246963, 412.94339588555295, 265.0], "257" : [1054.2553326918053, 415.86133246243367, 150.0], "259" : [1054.2553326918053, 415.86133246243367, 150.0], "261" : [1134.848139611148, 427.35345986854605, 376.0], "263" : [701.2542543109654, 473.3787255741288, 94.0], "265" : [699.960524225811, 468.25526366319673, 76.0], "267" : [671.5933889975938, 462.99137864576574, 348.0], "269" : [671.5933889975938, 462.99137864576574, 348.0], "271" : [763.1752379788505, 459.0852371617844, 210.0], "273" : [763.1752379788505, 459.0852371617844, 210.0], "275" : [874.2000002122451, 460.2957250075411, 234.0], "277" : [874.2000002122451, 460.2957250075411, 234.0], "279" : [934.9897444537909, 464.2644208859399, 312.0], "281" : [934.9897444537909, 464.2644208859399, 312.0], "283" : [937.0777786450361, 467.9100017032913, 90.0], "285" : [1006.3025314888766, 469.8101273961791, 79.0], "287" : [1010.700000522615, 474.94240069980003, 125.0], "289" : [1010.700000522615, 474.94240069980003, 125.0],