{"1" : [1064.9, 638.9, 38.294122545214755], "3" : [782.4, 646.5, 255.29412254521478], "5" : [778.5, 646.0, 10.294122545214751], "7" : [757.6, 647.6, 105.29412254521475], "9" : [758.7, 642.0, 1041.2941225452148], "11" : [999.8, 668.4, 153.29412254521475], "13" : [1006.2, 677.4, 14.294122545214751], "15" : [1040.7, 640.0, 173.29412254521475], "17" : [1037.4, 640.8, 27.29412254521475], "19" : [834.4, 650.3, 353.29412254521475], "21" : [965.0, 540.9, 580.2941225452148], "23" : [970.5, 541.3, 36.294122545214755], "25" : [710.0, 520.6, 144.29412254521475], "27" : [710.5, 520.9, 18.29412254521475], "29" : [651.7, 522.2, 209.29412254521475], "31" : [653.2, 523.9, 22.29412254521475], "33" : [762.3, 522.2, 167.29412254521475], "35" : [763.4, 523.6, 15.294122545214751], "37" : [813.3, 526.5, 168.29412254521475], "39" : [816.0, 528.4, 18.29412254521475], "41" : [893.9, 527.3, 179.29412254521475], "43" : [895.0, 520.9, 185.29412254521475], "45" : [960.8, 505.6, 134.29412254521475], "47" : [961.8, 517.0, 21.29412254521475], "49" : [1073.1, 513.4, 327.29412254521475], "51" : [1068.7, 521.9, 24.29412254521475]}