{"1" : [948.4, 551.4, 970.0150369672006], "3" : [950.5, 553.1, 202.0150369672006], "5" : [942.7, 528.3, 366.01503696720056], "7" : [945.0, 533.3, 7.015036967200579], "9" : [946.3, 537.4, 342.01503696720056], "11" : [950.5, 543.0, 495.01503696720056], "13" : [948.0, 549.6, 233.0150369672006], "15" : [700.0, 546.1, 158.0150369672006], "17" : [703.6, 552.2, 21.01503696720058], "19" : [812.6, 528.6, 199.0150369672006], "21" : [814.3, 522.1, 37.01503696720058], "23" : [1002.8, 519.1, 157.0150369672006], "25" : [1004.4, 512.8, 30.01503696720058], "27" : [1149.8, 506.7, 213.0150369672006], "29" : [1142.6, 504.7, 59.01503696720058], "31" : [680.4, 501.9, 172.0150369672006], "33" : [676.6, 499.8, 15.015036967200578], "35" : [643.3, 499.5, 211.0150369672006], "37" : [640.3, 500.2, 19.01503696720058], "39" : [723.8, 502.4, 361.01503696720056], "41" : [724.0, 506.7, 18.01503696720058], "43" : [798.1, 501.6, 277.01503696720056], "45" : [801.4, 506.8, 15.015036967200578], "47" : [858.2, 498.4, 222.0150369672006], "49" : [857.7, 501.7, 13.015036967200578], "51" : [911.5, 501.2, 198.0150369672006], "53" : [907.2, 503.6, 28.01503696720058]}