{"1" : [1000.9, 528.6, 323.50555783782625], "3" : [1001.1, 529.4, 58.50555783782623], "5" : [649.4, 534.4, 241.50555783782622], "7" : [650.1, 533.7, 35.50555783782623], "9" : [885.0, 522.6, 42.50555783782623], "11" : [893.6, 522.6, 29.50555783782623], "13" : [1098.1, 537.3, 195.50555783782622], "15" : [1098.7, 541.6, 26.50555783782623], "17" : [1248.1, 558.1, 117.50555783782623], "19" : [1259.7, 554.2, 67.50555783782623], "21" : [953.1, 527.3, 542.5055578378262], "23" : [951.3, 522.8, 43.50555783782623], "25" : [680.7, 513.5, 244.50555783782622], "27" : [686.9, 517.1, 51.50555783782623], "29" : [1034.0, 528.4, 213.50555783782622], "31" : [1036.9, 532.4, 26.50555783782623], "33" : [1180.7, 531.2, 259.50555783782625], "35" : [1180.0, 532.8, 41.50555783782623]}