{"1" : [1039.2, 515.0, 161.29412254521475], "3" : [1107.0, 496.9, 78.29412254521475], "5" : [1105.7, 499.7, 22.29412254521475], "7" : [1210.5, 519.5, 276.29412254521475], "9" : [1213.3, 522.9, 18.29412254521475], "11" : [1282.1, 523.1, 198.29412254521475], "13" : [1283.8, 527.1, 23.29412254521475], "15" : [1165.2, 535.7, 247.29412254521475], "17" : [1169.0, 532.3, 24.29412254521475], "19" : [1331.6, 520.1, 242.29412254521475], "21" : [1335.7, 517.9, 14.294122545214751], "23" : [1380.8, 511.3, 116.29412254521475], "25" : [1381.2, 511.9, 67.29412254521475], "27" : [619.2, 501.6, 173.29412254521475], "29" : [621.9, 502.9, 18.29412254521475], "31" : [575.8, 509.9, 97.29412254521475], "33" : [964.3, 542.7, 579.2941225452148], "35" : [960.0, 543.0, 25.29412254521475], "37" : [799.7, 521.3, 155.29412254521475], "39" : [796.0, 523.0, 10.294122545214751], "41" : [773.4, 529.2, 155.29412254521475], "43" : [772.4, 522.9, 152.29412254521475], "45" : [836.1, 537.5, 193.29412254521475], "47" : [837.4, 546.9, 9.294122545214751], "49" : [863.4, 540.1, 141.29412254521475], "51" : [866.7, 542.5, 15.294122545214751], "53" : [902.3, 547.5, 586.2941225452148], "55" : [905.6, 549.9, 14.294122545214751], "57" : [962.6, 547.4, 257.29412254521475], "59" : [969.9, 547.9, 12.294122545214751], "61" : [1013.8, 552.0, 911.2941225452148], "63" : [1025.5, 559.2, 13.294122545214751], "65" : [1065.0, 552.4, 228.29412254521475], "67" : [1067.5, 551.3, 14.294122545214751], "69" : [1113.4, 546.8, 195.29412254521475], "71" : [1108.5, 541.2, 183.29412254521475]}