{"1" : [972.8, 512.1, 1805.637006527603], "3" : [1001.5, 759.4, 100.63700652760295], "5" : [994.2, 656.3, 9.637006527602956], "7" : [989.6, 574.5, 163.63700652760295], "9" : [985.8, 578.8, 14.637006527602956], "11" : [982.0, 522.6, 659.6370065276029], "13" : [954.5, 534.3, 603.6370065276029], "15" : [951.6, 535.8, 28.637006527602956], "17" : [877.5, 355.2, 123.63700652760295], "19" : [867.0, 353.7, 248.63700652760295], "21" : [800.7, 354.7, 201.63700652760295], "23" : [802.0, 364.7, 29.637006527602956]}