{"1" : [713.0598224242628, 296.13036044488047, 112.0], "3" : [713.0598224242628, 296.13036044488047, 112.0], "5" : [658.5772404962179, 22.866896256426966, 145.0], "7" : [660.8032539577221, 23.696746606584462, 123.0], "9" : [656.4119976046048, 19.171112755429288, 225.0], "11" : [759.8523816734254, 16.832037918664557, 231.0], "13" : [735.0027360773395, 15.910549473476824, 256.0], "15" : [821.5252672113288, 15.871176267404488, 281.0], "17" : [900.7918040947729, 34.10450734647398, 244.0], "19" : [704.4073084338867, 67.66345741780259, 301.0], "21" : [695.433131648519, 62.70180473781516, 166.0], "23" : [843.6974560290688, 61.984726865743276, 275.0], "25" : [892.6649662113973, 72.5700750321458, 137.0], "27" : [894.4792469297088, 80.96981250489287, 212.0], "29" : [870.5134756752976, 84.92978780459374, 141.0], "31" : [865.0227714681023, 89.73465530402875, 101.0], "33" : [971.530091117825, 106.52500069997097, 216.0], "35" : [953.1379853283917, 108.43876123660841, 129.0], "37" : [1010.1586731923803, 111.14834234568858, 271.0], "39" : [800.1769202778423, 134.50364243012697, 247.0], "41" : [800.1769202778423, 134.50364243012697, 247.0], "43" : [654.6980380042045, 107.0768626615107, 255.0], "45" : [646.9617999016987, 103.07977404762757, 89.0], "47" : [762.1848490454025, 125.71919370538917, 198.0], "49" : [762.1848490454025, 125.71919370538917, 198.0], "51" : [672.0679997332875, 92.51000181578169, 150.0], "53" : [672.0679997332875, 92.51000181578169, 150.0], "55" : [612.7436528424411, 87.34682507566761, 126.0], "57" : [722.2381917452565, 115.84375044636363, 288.0], "59" : [614.180984974385, 92.17253620384267, 142.0], "61" : [614.180984974385, 92.17253620384267, 142.0], "63" : [613.9000023409678, 95.9338745139375, 62.0], "65" : [613.9000023409678, 95.9338745139375, 62.0], "67" : [761.1725111978776, 128.1585654291214, 251.0], "69" : [761.1725111978776, 128.1585654291214, 251.0], "71" : [763.956075706598, 132.3280377750495, 107.0], "73" : [763.956075706598, 132.3280377750495, 107.0], "75" : [806.1286604295017, 142.0810948553419, 164.0], "77" : [863.0141165404217, 137.83823288886637, 170.0], "79" : [863.0141165404217, 137.83823288886637, 170.0], "81" : [963.3313898335201, 150.4331857227676, 223.0], "83" : [1058.0815241579594, 160.21956622254024, 184.0], "85" : [1093.8405259485025, 165.12857009178842, 343.0], "87" : [791.8726965572001, 173.00716643931577, 293.0], "89" : [766.0858490142557, 174.85094337906455, 106.0], "91" : [761.511290469595, 175.053227536084, 62.0], "93" : [885.1056890201827, 155.48658563942038, 246.0], "95" : [913.2896509026348, 159.184483269985, 116.0], "97" : [913.2896509026348, 159.184483269985, 116.0], "99" : [913.2896509026348, 159.184483269985, 116.0], "101" : [917.8839985465289, 162.19466196732847, 75.0], "103" : [917.8839985465289, 162.19466196732847, 75.0], "105" : [1008.7025780406981, 169.861341184394, 194.0], "107" : [622.5139027279479, 243.85989313414362, 187.0], "109" : [607.7134084481216, 223.84189810697367, 179.0], "111" : [787.0699987142997, 198.77444587486292, 90.0], "113" : [789.4969312563367, 194.84724210913305, 163.0], "115" : [695.5181013898749, 192.27758799229534, 116.0], "117" : [690.1223617719219, 194.28820013903294, 161.0], "119" : [846.6249998597735, 227.9899998160718, 200.0], "121" : [954.2759755174274, 229.14090843831795, 154.0], "123" : [960.4109496363761, 227.81532776325665, 137.0], "125" : [960.4109496363761, 227.81532776325665, 137.0], "127" : [1048.9394479311022, 234.7550454133622, 218.0], "129" : [1125.9672547029604, 240.0920347706951, 113.0], "131" : [734.7232770732385, 271.93275906751427, 232.0], "133" : [696.8654049832357, 266.47027239003063, 185.0], "135" : [696.8654049832357, 266.47027239003063, 185.0], "137" : [696.8654049832357, 266.47027239003063, 185.0], "139" : [809.753332916831, 249.84200096099852, 150.0], "141" : [811.6321411156646, 247.9107160260228, 84.0], "143" : [926.7052354195154, 245.8840316464208, 382.0], "145" : [939.0365155735268, 245.52359422007152, 178.0], "147" : [886.4811095236978, 256.51888880792006, 90.0], "149" : [886.4811095236978, 256.51888880792006, 90.0], "151" : [887.1266638829229, 254.37904638368713, 105.0], "153" : [1042.1487809508196, 247.84796994990631, 123.0], "155" : [1045.048174765836, 251.57664364370154, 137.0], "157" : [1026.8091278979527, 254.19881018506672, 252.0], "159" : [1091.3493482580143, 257.9545454611655, 154.0], "161" : [1091.3493482580143, 257.9545454611655, 154.0], "163" : [601.8167527411993, 275.5020964284948, 191.0], "165" : [663.3875008454108, 278.59779202407094, 136.0], "167" : [660.4242410861567, 271.0227284066609, 66.0], "169" : [795.4792074369976, 273.46138788581123, 101.0], "171" : [795.4792074369976, 273.46138788581123, 101.0], "173" : [795.6575549029178, 267.71294995173275, 139.0], "175" : [795.6575549029178, 267.71294995173275, 139.0], "177" : [934.6262077856875, 262.0537939576842, 145.0], "179" : [934.6262077856875, 262.0537939576842, 145.0], "181" : [934.6262077856875, 262.0537939576842, 145.0], "183" : [940.0457154339375, 258.04857048254996, 105.0], "185" : [940.0457154339375, 258.04857048254996, 105.0], "187" : [999.6849406437858, 259.8258684909362, 259.0], "189" : [999.6849406437858, 259.8258684909362, 259.0], "191" : [1037.8881083508159, 258.98702741358335, 185.0], "193" : [1037.8881083508159, 258.98702741358335, 185.0], "195" : [1123.9074708895532, 256.97816144293756, 174.0], "197" : [771.6597238365434, 267.41805451786877, 72.0], "199" : [771.025334173813, 278.34666702739673, 75.0], "201" : [769.657318606924, 291.1365849939579, 82.0], "203" : [769.657318606924, 291.1365849939579, 82.0], "205" : [812.570445842335, 313.51862222097384, 247.0], "207" : [853.6737810460515, 327.84877775292574, 164.0], "209" : [853.6737810460515, 327.84877775292574, 164.0], "211" : [801.2522219651819, 295.4311142755443, 90.0], "213" : [801.2522219651819, 295.4311142755443, 90.0], "215" : [798.296533622799, 308.23514836130437, 202.0], "217" : [767.7824021425332, 356.42479856815334, 125.0], "219" : [765.4419045262221, 361.32762018506656, 105.0], "221" : [839.9057600241498, 354.1947626380501, 191.0], "223" : [833.1264437172069, 355.3499994140554, 208.0], "225" : [810.441259298454, 350.0272718463666, 143.0], "227" : [805.1994170488512, 352.09005715706166, 171.0], "229" : [884.9413255673284, 363.91581707468544, 196.0], "231" : [607.9492111837127, 427.42540174176276, 63.0], "233" : [611.3583764634851, 426.60863217500395, 197.0], "235" : [611.3583764634851, 426.60863217500395, 197.0], "237" : [692.922488109609, 432.52822957892914, 209.0], "239" : [692.922488109609, 432.52822957892914, 209.0], "241" : [692.922488109609, 432.52822957892914, 209.0], "243" : [694.1467744538581, 425.19113312325334, 124.0], "245" : [694.1467744538581, 425.19113312325334, 124.0], "247" : [694.1467744538581, 425.19113312325334, 124.0], "249" : [840.5599991705345, 435.8723054319581, 130.0], "251" : [1027.970540060067, 418.65601585508415, 241.0], "253" : [1024.7066989181321, 413.39712882866746, 209.0], "255" : [1024.7066989181321, 413.39712882866746, 209.0], "257" : [1012.0995297465988, 404.0599050424155, 212.0], "259" : [1137.7974988651931, 391.54250033037204, 160.0], "261" : [695.3783987029906, 438.6767977666627, 125.0], "263" : [697.5530123707509, 441.51565710190215, 83.0], "265" : [678.1638579025333, 424.22711098815984, 166.0], "267" : [678.1638579025333, 424.22711098815984, 166.0], "269" : [678.1638579025333, 424.22711098815984, 166.0], "271" : [767.2274908401129, 423.01137610801584, 211.0], "273" : [767.2274908401129, 423.01137610801584, 211.0], "275" : [819.6774649984719, 421.150705126651, 71.0], "277" : [825.8630854426999, 421.84486137411176, 214.0], "279" : [825.8630854426999, 421.84486137411176, 214.0], "281" : [902.219309121175, 417.43890507383867, 347.0], "283" : [952.7155281970395, 425.8236051262262, 161.0], "285" : [952.7155281970395, 425.8236051262262, 161.0], "287" : [1069.5448252341278, 434.5557486442578, 174.0], "289" : [663.5963662733511, 459.1327269928381, 55.0],