{"1" : [702.9898873970471, 99.52696676613992, 89.0], "3" : [702.9898873970471, 99.52696676613992, 89.0], "5" : [723.7883310888375, 63.58999919650892, 120.0], "7" : [727.7765546553909, 13.222760186513673, 145.0], "9" : [653.8695885747317, 86.7572174699316, 194.0], "11" : [733.4416666488972, 83.31990592349023, 216.0], "13" : [798.9404624238828, 85.15086705565636, 173.0], "15" : [995.6232920696019, 84.15567866345755, 176.0], "17" : [893.86303785073, 92.00856234858286, 257.0], "19" : [893.86303785073, 92.00856234858286, 257.0], "21" : [893.86303785073, 92.00856234858286, 257.0], "23" : [1047.2253948930786, 88.04074143393811, 189.0], "25" : [987.5343066183281, 92.97226192346064, 137.0], "27" : [987.5343066183281, 92.97226192346064, 137.0], "29" : [718.6154314788841, 129.4469128249384, 162.0], "31" : [718.6154314788841, 129.4469128249384, 162.0], "33" : [677.4000005489517, 129.53244118546584, 262.0], "35" : [677.4000005489517, 129.53244118546584, 262.0], "37" : [913.0933572640783, 114.715766219761, 241.0], "39" : [837.3673079559202, 111.55961570381096, 208.0], "41" : [795.8965527343674, 114.87356484333476, 261.0], "43" : [900.5066263823084, 111.50722985671096, 166.0], "45" : [980.1939697431711, 115.00552657645774, 199.0], "47" : [671.323403905483, 153.9014175443385, 282.0], "49" : [628.1770964720731, 160.70801232058363, 262.0], "51" : [778.6566307521673, 147.52602138972046, 196.0], "53" : [736.4188157443745, 152.924140085856, 319.0], "55" : [696.2024398995802, 147.80731840615766, 164.0], "57" : [628.1802847834691, 156.44587886091256, 279.0], "59" : [563.5325590519939, 157.9348851438912, 86.0], "61" : [913.2783455873832, 160.52010263151917, 194.0], "63" : [913.2783455873832, 160.52010263151917, 194.0], "65" : [913.2783455873832, 160.52010263151917, 194.0], "67" : [1029.6642399497557, 151.53515261717732, 165.0], "69" : [1075.0958907355964, 145.96849252804708, 73.0], "71" : [1079.3129391018947, 142.14705516092565, 170.0], "73" : [865.0210528856135, 186.36644702887094, 152.0], "75" : [767.9660869476453, 184.3426595757287, 286.0], "77" : [893.178698835678, 174.05782598449127, 230.0], "79" : [970.1251710712389, 167.5673519576474, 147.0], "81" : [970.1251710712389, 167.5673519576474, 147.0], "83" : [632.5510550352078, 241.920526583494, 190.0], "85" : [758.3138769730289, 241.95885359039193, 209.0], "87" : [700.9532997605687, 247.41462572769686, 212.0], "89" : [700.9532997605687, 247.41462572769686, 212.0], "91" : [763.8439033896989, 239.21138105817346, 123.0], "93" : [763.8439033896989, 239.21138105817346, 123.0], "95" : [983.1070181041644, 238.77836233398318, 171.0], "97" : [932.113046131735, 236.60061973898905, 161.0], "99" : [1083.392890475469, 235.7336492931681, 211.0], "101" : [987.832767406538, 235.94689028649094, 354.0], "103" : [1045.8698664448375, 240.49177837814412, 73.0], "105" : [756.7383102334591, 279.790546236397, 201.0], "107" : [685.8348452762327, 284.62895710036577, 221.0], "109" : [767.3034264576651, 281.19451691223264, 146.0], "111" : [876.2029846723153, 276.66766257973, 201.0], "113" : [844.944394316117, 272.3191607743999, 214.0], "115" : [844.944394316117, 272.3191607743999, 214.0], "117" : [828.2040194146934, 274.6055297021081, 199.0], "119" : [828.2040194146934, 274.6055297021081, 199.0], "121" : [760.6030021766352, 276.91650143132415, 200.0], "123" : [716.35477704958, 275.5713398636954, 157.0], "125" : [716.35477704958, 275.5713398636954, 157.0], "127" : [870.9366153300709, 268.92913412557147, 254.0], "129" : [834.9389891784666, 269.90288440891277, 277.0], "131" : [1041.2158122609303, 266.7758151358862, 215.0], "133" : [1041.2158122609303, 266.7758151358862, 215.0], "135" : [954.8032224402591, 263.09032011603244, 93.0], "137" : [954.8032224402591, 263.09032011603244, 93.0], "139" : [869.187243246467, 267.7045304602032, 243.0], "141" : [1030.9105946049015, 269.3721859409609, 151.0], "143" : [1002.187801865495, 267.32195420194705, 164.0], "145" : [593.640250801535, 300.6239001799312, 159.0], "147" : [561.1873019833231, 306.2275110928495, 189.0], "149" : [561.1873019833231, 306.2275110928495, 189.0], "151" : [615.1840804921452, 305.5776117073524, 201.0], "153" : [755.3824991391383, 304.95999821453734, 200.0], "155" : [705.5844424518839, 311.61222059452746, 180.0], "157" : [980.9199980331995, 306.1327246648956, 55.0], "159" : [977.4361129197989, 312.156248491916, 144.0], "161" : [907.8483149260177, 330.92640321606945, 178.0], "163" : [907.8483149260177, 330.92640321606945, 178.0], "165" : [1084.7590926048988, 320.86433805865755, 286.0], "167" : [1141.4634898924214, 308.474602761481, 126.0], "169" : [783.8769899127104, 338.5398191335598, 113.0], "171" : [778.2100400140744, 337.06150632958173, 239.0], "173" : [896.2065935816095, 333.7274744366644, 182.0], "175" : [896.2065935816095, 333.7274744366644, 182.0], "177" : [978.7107003815731, 343.20329192554004, 243.0], "179" : [934.0424983058787, 343.2531251535124, 160.0], "181" : [1028.4781277574923, 344.424999259464, 96.0], "183" : [644.2637211150679, 399.4607840869103, 102.0], "185" : [644.2637211150679, 399.4607840869103, 102.0], "187" : [639.6249996506951, 400.9050037696948, 60.0], "189" : [639.6249996506951, 400.9050037696948, 60.0], "191" : [609.5623211902287, 406.34637480631517, 69.0], "193" : [611.1104817767982, 409.6542863244112, 105.0], "195" : [694.7452710849861, 404.2177157941168, 254.0], "197" : [694.7452710849861, 404.2177157941168, 254.0], "199" : [827.8666670807521, 400.52131136883594, 183.0], "201" : [763.3718181920897, 403.25090997838, 220.0], "203" : [1030.6310067568236, 404.4410837049196, 129.0], "205" : [1001.4011208538072, 403.8623587672187, 178.0], "207" : [1129.4939883314564, 409.1262285979013, 183.0], "209" : [1079.6050822580235, 410.98417891762256, 177.0], "211" : [738.4145454691517, 446.9827274754428, 110.0], "213" : [732.3455149954128, 448.9634628442079, 156.0], "215" : [732.3455149954128, 448.9634628442079, 156.0], "217" : [781.1020398211014, 452.9681640245255, 245.0], "219" : [867.1602934541488, 446.00734914968365, 204.0], "221" : [932.9438934695403, 441.1533934174596, 221.0], "223" : [887.3227712689103, 439.2148493673307, 101.0], "225" : [1022.3755567884531, 438.71518308219123, 270.0], "227" : [1051.2278120591732, 441.96982172230577, 169.0], "229" : [967.8173162335497, 442.0016691296529, 179.0], "231" : [933.5147933815401, 440.6573945914737, 169.0], "233" : [933.5568620611554, 438.1764707932012, 51.0], "235" : [661.5358697804554, 480.26159572975445, 276.0], "237" : [723.2050568130144, 473.1579758315631, 257.0], "239" : [817.0613034087696, 464.72825923998903, 230.0], "241" : [817.0613034087696, 464.72825923998903, 230.0], "243" : [817.0613034087696, 464.72825923998903, 230.0], "245" : [882.9849473399319, 459.5709675483402, 93.0], "247" : [882.9849473399319, 459.5709675483402, 93.0], "249" : [882.1168811096484, 461.3207776271101, 77.0], "251" : [882.1168811096484, 461.3207776271101, 77.0], "253" : [882.1168811096484, 461.3207776271101, 77.0], "255" : [1014.3932987760481, 463.202234957055, 179.0], "257" : [1014.3932987760481, 463.202234957055, 179.0], "259" : [972.5105834722334, 466.09364392598116, 189.0], "261" : [865.8508665221874, 473.38208168403816, 173.0], "263" : [972.3933832565452, 474.1322954505273, 257.0], "265" : [1065.827732264177, 475.61848812919925, 119.0], "267" : [1067.0557555118367, 476.07697208945643, 165.0], "269" : [750.0733958643237, 497.3651360400902, 109.0], "271" : [750.0733958643237, 497.3651360400902, 109.0], "273" : [841.7437918341021, 506.8071885662921, 153.0], "275" : [844.9153157170082, 503.5621622198549, 111.0], "277" : [921.3894501298796, 500.9316516253554, 218.0], "279" : [1025.2771291620438, 497.214892238086, 188.0], "281" : [1025.2771291620438, 497.214892238086, 188.0], "283" : [975.6932512592897, 499.51840509153465, 163.0], "285" : [1053.8319687654812, 500.57705053068935, 122.0], "287" : [677.574713315336, 590.144445706817, 261.0], "289" : [677.574713315336, 590.144445706817, 261.0],