{"1" : [680.2112426085037, 83.09999910352288, 169.0], "3" : [608.5372003186254, 83.58333317209167, 414.0], "5" : [685.6842967199723, 95.36492207269879, 191.0], "7" : [685.6842967199723, 95.36492207269879, 191.0], "9" : [745.196168983747, 100.7804590479183, 261.0], "11" : [745.196168983747, 100.7804590479183, 261.0], "13" : [875.2157164823922, 108.94224926156505, 490.0], "15" : [878.4808394146271, 106.39833225172741, 480.0], "17" : [944.7783216580373, 101.8369444234764, 203.0], "19" : [944.7783216580373, 101.8369444234764, 203.0], "21" : [944.7783216580373, 101.8369444234764, 203.0], "23" : [1021.0444456284714, 102.29100732431104, 189.0], "25" : [1021.0444456284714, 102.29100732431104, 189.0], "27" : [1073.363075763933, 100.29281916343801, 195.0], "29" : [1073.363075763933, 100.29281916343801, 195.0], "31" : [683.7067229855909, 121.12352940790998, 119.0], "33" : [686.7983609516499, 121.82786997509795, 61.0], "35" : [652.9733664775072, 124.32562813074027, 199.0], "37" : [802.8663401266506, 132.29316852481008, 205.0], "39" : [802.8663401266506, 132.29316852481008, 205.0], "41" : [802.8663401266506, 132.29316852481008, 205.0], "43" : [860.7577881316092, 129.42411933987538, 199.0], "45" : [860.7577881316092, 129.42411933987538, 199.0], "47" : [860.7577881316092, 129.42411933987538, 199.0], "49" : [967.8912634650376, 126.16288608436675, 229.0], "51" : [967.8912634650376, 126.16288608436675, 229.0], "53" : [933.023149595641, 129.24259241927635, 108.0], "55" : [933.023149595641, 129.24259241927635, 108.0], "57" : [876.7726314485817, 134.33947606591363, 190.0], "59" : [876.7726314485817, 134.33947606591363, 190.0], "61" : [999.0363000414013, 139.6513660918544, 146.0], "63" : [636.0236573201365, 161.23548215226646, 93.0], "65" : [640.9303929845424, 156.77549081021732, 102.0], "67" : [640.9303929845424, 156.77549081021732, 102.0], "69" : [611.452793578945, 159.57425048504982, 233.0], "71" : [767.7549522677214, 157.64108912666396, 202.0], "73" : [767.7549522677214, 157.64108912666396, 202.0], "75" : [767.7549522677214, 157.64108912666396, 202.0], "77" : [750.7288535053641, 159.26680084583117, 253.0], "79" : [750.7288535053641, 159.26680084583117, 253.0], "81" : [702.5665034912552, 158.3194162731797, 206.0], "83" : [702.5665034912552, 158.3194162731797, 206.0], "85" : [702.5665034912552, 158.3194162731797, 206.0], "87" : [635.3382680726309, 158.01516210923543, 277.0], "89" : [853.103050892001, 162.9176229062857, 295.0], "91" : [853.103050892001, 162.9176229062857, 295.0], "93" : [915.1695032409451, 156.31165921138148, 223.0], "95" : [984.3818173905669, 156.58181601496798, 55.0], "97" : [983.9589558123942, 154.62761327752443, 134.0], "99" : [1091.3927355046492, 157.82805193617062, 303.0], "101" : [764.894984891068, 181.4892967280937, 299.0], "103" : [738.0258932617621, 176.74643120030544, 112.0], "105" : [738.0258932617621, 176.74643120030544, 112.0], "107" : [915.2229336215357, 172.98106436464562, 375.0], "109" : [975.6804431000951, 180.24649345185372, 271.0], "111" : [805.948952198282, 32.46783047323495, 143.0], "113" : [780.2529186817707, 19.166062263361294, 274.0], "115" : [913.963240212417, 27.548646558586718, 185.0], "117" : [995.0855064573038, 31.050723922076624, 69.0], "119" : [995.0855064573038, 31.050723922076624, 69.0], "121" : [990.7049982416726, 32.667138962654356, 140.0], "123" : [990.7049982416726, 32.667138962654356, 140.0], "125" : [620.3343725591984, 309.50234114441446, 128.0], "127" : [592.8275601097332, 265.59212508123755, 127.0], "129" : [580.4244218738058, 252.755761442333, 217.0], "131" : [580.4244218738058, 252.755761442333, 217.0], "133" : [724.9818167235595, 244.61363558086524, 286.0], "135" : [724.9818167235595, 244.61363558086524, 286.0], "137" : [784.8284966706735, 251.0917104106878, 193.0], "139" : [735.638575697137, 252.19238213842922, 210.0], "141" : [892.7034516927102, 248.72260692193234, 261.0], "143" : [965.454126280665, 246.78256862800163, 218.0], "145" : [965.454126280665, 246.78256862800163, 218.0], "147" : [915.0099612998481, 246.03436418258087, 291.0], "149" : [1008.3920507230988, 248.9719679136023, 239.0], "151" : [1117.8598022891651, 255.67450864305422, 204.0], "153" : [1061.4025760808652, 253.51630916286422, 233.0], "155" : [1061.4025760808652, 253.51630916286422, 233.0], "157" : [1101.3984129394994, 259.40000062506016, 63.0], "159" : [723.8999986086894, 297.8000048996983, 55.0], "161" : [723.8999986086894, 297.8000048996983, 55.0], "163" : [727.1290002986312, 295.18300318538564, 100.0], "165" : [727.1290002986312, 295.18300318538564, 100.0], "167" : [727.1290002986312, 295.18300318538564, 100.0], "169" : [648.0696440354377, 289.9352686873054, 224.0], "171" : [648.0696440354377, 289.9352686873054, 224.0], "173" : [735.1089955536542, 288.4402111803771, 189.0], "175" : [803.7527778461485, 287.3138880023863, 252.0], "177" : [768.3614177290443, 289.6578716436789, 254.0], "179" : [768.3614177290443, 289.6578716436789, 254.0], "181" : [809.6175643466867, 293.1459479431409, 74.0], "183" : [809.6175643466867, 293.1459479431409, 74.0], "185" : [692.4392588234599, 297.12703833865174, 270.0], "187" : [692.4392588234599, 297.12703833865174, 270.0], "189" : [692.4392588234599, 297.12703833865174, 270.0], "191" : [807.2435483389836, 291.4729884968633, 248.0], "193" : [807.2435483389836, 291.4729884968633, 248.0], "195" : [849.4570618068976, 292.27006293082906, 177.0], "197" : [849.4570618068976, 292.27006293082906, 177.0], "199" : [849.4570618068976, 292.27006293082906, 177.0], "201" : [917.0676760866452, 292.03839074913896, 99.0], "203" : [917.0676760866452, 292.03839074913896, 99.0], "205" : [1006.2011337399097, 284.33131916914255, 265.0], "207" : [1058.1814302167402, 280.6542843399681, 140.0], "209" : [1053.4132984883277, 276.9460128970344, 376.0], "211" : [621.8048751354602, 311.8487791680546, 164.0], "213" : [549.7552947717713, 314.4073520333852, 340.0], "215" : [598.4734111629881, 311.68314429332713, 267.0], "217" : [681.803201399046, 313.94240097720143, 375.0], "219" : [739.4318440030606, 319.1201126641426, 179.0], "221" : [873.2951085152005, 320.4135910180501, 184.0], "223" : [946.7786035797044, 304.22838265264886, 229.0], "225" : [999.3799994561017, 301.4232444692476, 185.0], "227" : [1067.863386777774, 300.91830678984434, 295.0], "229" : [1067.863386777774, 300.91830678984434, 295.0], "231" : [1146.4097478960423, 306.3461827620575, 236.0], "233" : [764.2473139975591, 342.47365583030324, 186.0], "235" : [701.8166635336547, 346.8111091585493, 126.0], "237" : [704.1842705892841, 346.47191139600335, 89.0], "239" : [771.9278081665842, 346.20354947848256, 169.0], "241" : [877.8131069846544, 340.36292172211887, 267.0], "243" : [1002.6113151647661, 329.87672835550154, 159.0], "245" : [1002.6113151647661, 329.87672835550154, 159.0], "247" : [1001.653681509577, 330.2042089275099, 95.0], "249" : [1001.653681509577, 330.2042089275099, 95.0], "251" : [984.9446385087111, 328.7557086914601, 289.0], "253" : [984.9446385087111, 328.7557086914601, 289.0], "255" : [984.9446385087111, 328.7557086914601, 289.0], "257" : [719.482757899467, 401.64655153409893, 174.0], "259" : [719.482757899467, 401.64655153409893, 174.0], "261" : [607.2276951848677, 399.17046147284543, 325.0], "263" : [674.8179616264517, 414.9227543575058, 167.0], "265" : [722.8344699631522, 406.7736040525076, 322.0], "267" : [722.8344699631522, 406.7736040525076, 322.0], "269" : [778.2865473716655, 404.59707548835934, 171.0], "271" : [778.2865473716655, 404.59707548835934, 171.0], "273" : [820.7484751142547, 405.550847064071, 295.0], "275" : [954.0850002699955, 404.3274992905651, 200.0], "277" : [999.0819880046524, 398.20621127633893, 161.0], "279" : [1083.0397948939083, 400.91938844220346, 196.0], "281" : [1139.778483765273, 401.52509934715835, 251.0], "283" : [918.2082486805302, 451.590721794532, 97.0], "285" : [678.9564774379683, 440.01191604443875, 193.0], "287" : [656.3027230946527, 439.29591728606783, 147.0], "289" : [748.5155689183052, 442.33592243936187, 167.0],