{"1" : [608.3650373964246, 67.48252045454839, 143.0], "3" : [611.3323318524742, 63.64510895824395, 133.0], "5" : [744.001333182014, 68.85866459916203, 300.0], "7" : [880.422356128623, 59.975292942360376, 170.0], "9" : [880.422356128623, 59.975292942360376, 170.0], "11" : [685.0165661349581, 87.74785371038264, 163.0], "13" : [651.1678531511632, 87.40446501148043, 112.0], "15" : [651.1678531511632, 87.40446501148043, 112.0], "17" : [816.2352566609476, 92.00961629831397, 156.0], "19" : [816.2352566609476, 92.00961629831397, 156.0], "21" : [816.2352566609476, 92.00961629831397, 156.0], "23" : [790.688946933159, 91.36315980558669, 190.0], "25" : [877.8885547526762, 77.81506269074066, 166.0], "27" : [949.1874984252308, 71.42500281275734, 160.0], "29" : [616.6120004776536, 116.15199915526371, 125.0], "31" : [616.7808400702528, 118.78352651674938, 261.0], "33" : [723.7920266623681, 121.32101187052751, 138.0], "35" : [774.4621343644795, 118.1048548850103, 103.0], "37" : [769.7687502550781, 113.8546883096771, 64.0], "39" : [726.4597236199369, 120.42083240485232, 144.0], "41" : [934.6064218770674, 92.34220383962543, 109.0], "43" : [934.6064218770674, 92.34220383962543, 109.0], "45" : [935.0913053035475, 95.6652191034386, 69.0], "47" : [935.0913053035475, 95.6652191034386, 69.0], "49" : [1066.100934312702, 83.4000004863407, 214.0], "51" : [798.9257463567644, 140.7323315589823, 167.0], "53" : [747.6923713074899, 143.79152196099793, 236.0], "55" : [826.0683688579479, 140.03571143743633, 196.0], "57" : [761.9631582038353, 137.16183992982974, 76.0], "59" : [871.0955570692563, 134.7922246170389, 90.0], "61" : [871.0955570692563, 134.7922246170389, 90.0], "63" : [933.5859173128027, 130.25774922070198, 71.0], "65" : [933.5859173128027, 130.25774922070198, 71.0], "67" : [935.9157919712243, 127.42631689164706, 95.0], "69" : [935.9157919712243, 127.42631689164706, 95.0], "71" : [975.5261251651641, 129.39909849590038, 222.0], "73" : [975.5261251651641, 129.39909849590038, 222.0], "75" : [771.0422518922461, 200.31737222567227, 213.0], "77" : [799.3645799121329, 197.01111291145352, 144.0], "79" : [924.3647340463622, 199.23333591828646, 207.0], "81" : [924.3647340463622, 199.23333591828646, 207.0], "83" : [1023.7870401562146, 199.43055545818228, 108.0], "85" : [753.8563375056834, 229.3225365877926, 71.0], "87" : [754.8102028376512, 235.29693644192716, 98.0], "89" : [693.2819378106014, 251.61101524938496, 227.0], "91" : [693.2819378106014, 251.61101524938496, 227.0], "93" : [744.4452723857341, 253.09005063476434, 201.0], "95" : [858.3194015009187, 223.63134063219425, 67.0], "97" : [862.5880937334373, 224.00396750246992, 126.0], "99" : [1036.9429535162928, 232.25503499378553, 149.0], "101" : [1011.8941185122981, 234.17720650032987, 136.0], "103" : [1102.7538901098706, 223.75209381631475, 167.0], "105" : [611.1269258511877, 272.0903840084545, 52.0], "107" : [611.0157316333267, 274.15955076016627, 89.0], "109" : [551.2620002761051, 263.58149957904897, 200.0], "111" : [625.38081578213, 277.93139511070274, 344.0], "113" : [764.1729935257005, 280.5481737872287, 137.0], "115" : [731.0112234935416, 274.75902447266714, 205.0], "117" : [955.9980787207442, 257.25721156498986, 208.0], "119" : [955.9980787207442, 257.25721156498986, 208.0], "121" : [924.2612079631907, 255.41465581365682, 116.0], "123" : [1039.6149592489178, 265.6314945822329, 127.0], "125" : [1039.6149592489178, 265.6314945822329, 127.0], "127" : [1144.397916344667, 244.55729409267022, 96.0], "129" : [1140.1932666141545, 243.997756551231, 312.0], "131" : [745.0291458929452, 283.9735391234057, 223.0], "133" : [795.0487570742467, 278.1288566814852, 201.0], "135" : [795.0487570742467, 278.1288566814852, 201.0], "137" : [939.40491858261, 274.584154706343, 183.0], "139" : [939.40491858261, 274.584154706343, 183.0], "141" : [896.6974487260454, 270.32142504384177, 196.0], "143" : [1024.3824479638174, 276.1750008661314, 188.0], "145" : [637.1087917483416, 340.306594061048, 182.0], "147" : [642.8933339855915, 388.533846057071, 195.0], "149" : [642.8933339855915, 388.533846057071, 195.0], "151" : [801.4315130766391, 393.007273786532, 165.0], "153" : [865.2927264227593, 393.84909123194865, 55.0], "155" : [1047.197477403664, 358.20000075729484, 119.0], "157" : [1048.3482760731963, 355.8413781619166, 58.0], "159" : [745.7414360735202, 401.34640872193125, 181.0], "161" : [731.1834403657934, 413.48588938593355, 163.0], "163" : [851.3532020521496, 405.32019603220675, 203.0], "165" : [936.6267344020531, 413.3732679320268, 101.0], "167" : [936.6077945139839, 410.02727093281396, 154.0], "169" : [1061.1457642572275, 413.95819140796766, 177.0], "171" : [1063.4209116991406, 409.6009067565605, 110.0], "173" : [687.7913066954914, 450.1492758696043, 69.0], "175" : [687.0089913121516, 459.5303366090152, 89.0], "177" : [687.0089913121516, 459.5303366090152, 89.0], "179" : [653.6554211512998, 449.58072336671904, 166.0], "181" : [704.0410402219712, 465.9872793484606, 173.0], "183" : [704.0410402219712, 465.9872793484606, 173.0], "185" : [839.1757146681207, 452.1500009116182, 70.0], "187" : [863.1144563613938, 467.962648886987, 166.0], "189" : [1001.6318159157591, 457.60974043916485, 154.0], "191" : [1001.6318159157591, 457.60974043916485, 154.0], "193" : [1001.6318159157591, 457.60974043916485, 154.0], "195" : [947.2015140002964, 463.4954538596978, 198.0], "197" : [947.2015140002964, 463.4954538596978, 198.0], "199" : [947.2015140002964, 463.4954538596978, 198.0], "201" : [1009.8553569075484, 449.6857156344471, 56.0], "203" : [1115.6118516229194, 432.73161179944356, 329.0], "205" : [715.524225477932, 471.21801117957943, 161.0], "207" : [673.4598105450334, 482.32523302053454, 214.0], "209" : [673.4598105450334, 482.32523302053454, 214.0], "211" : [740.253021597656, 479.9295313897353, 149.0], "213" : [835.3111102487754, 487.56053726196825, 261.0], "215" : [835.3111102487754, 487.56053726196825, 261.0], "217" : [940.4586627333987, 486.6986641167571, 75.0], "219" : [944.6924356761106, 481.48487279103955, 119.0], "221" : [878.6109478645379, 497.29253343309114, 201.0], "223" : [878.6109478645379, 497.29253343309114, 201.0], "225" : [1027.250538498979, 496.41451553895354, 186.0], "227" : [1027.250538498979, 496.41451553895354, 186.0], "229" : [1064.067469964251, 509.5421707357956, 83.0], "231" : [969.1442828101839, 496.73928130960894, 140.0], "233" : [969.1442828101839, 496.73928130960894, 140.0], "235" : [1059.2625027094812, 516.952883111456, 104.0], "237" : [1056.3670752888745, 519.9024381106657, 82.0], "239" : [664.8990996178552, 560.4576591765717, 222.0], "241" : [784.9546084143456, 574.1453894457153, 141.0], "243" : [888.1636363176906, 559.984660844594, 176.0], "245" : [1002.5825493426524, 568.8416078700213, 149.0], "247" : [1076.0496016779982, 579.6639979589262, 125.0], "249" : [861.9341927119231, 600.5683894558003, 155.0], "251" : [765.7704163144152, 608.8745722467811, 409.0], "253" : [752.1419165755033, 604.6580836944717, 167.0], "255" : [933.0905815268749, 609.5550738385006, 138.0], "257" : [999.5488087482092, 609.219641977274, 168.0], "259" : [896.6742617595334, 612.4151903580319, 237.0], "261" : [750.8385539344439, 631.001204078334, 83.0], "263" : [826.2358048702192, 637.1197540526147, 81.0], "265" : [823.746581860246, 634.7712331447669, 73.0], "267" : [862.4583847385376, 647.3391296580934, 161.0], "269" : [922.4685176974926, 654.6851853621382, 54.0], "271" : [922.4685176974926, 654.6851853621382, 54.0], "273" : [923.4596150109383, 654.6717945251, 156.0], "275" : [923.4596150109383, 654.6717945251, 156.0], "277" : [1012.7958340088002, 647.3066671520041, 240.0], "279" : [1081.2380960075393, 645.6447622290792, 105.0], "281" : [1085.8264294121784, 643.7264248991888, 140.0], "283" : [1122.1225498073331, 648.5049006275426, 102.0], "285" : [729.1181818779272, 675.1409103446983, 66.0], "287" : [734.572255049859, 664.2491338241816, 173.0], "289" : [685.7293012030724, 671.1573278280335, 157.0], "291" : [643.0082895982421, 676.6284963502573, 193.0],