{"1" : [674.7742552437584, 257.21386325682414, 101.0], "3" : [691.2887581567837, 19.817162997975828, 169.0], "5" : [707.2093045073077, 1.3662775544596173, 86.0], "7" : [707.2093045073077, 1.3662775544596173, 86.0], "9" : [818.4656274007212, 1.3989563021811382, 96.0], "11" : [874.8274106354511, 1.8177639481738053, 197.0], "13" : [944.1266664762761, 60.47666406930909, 180.0], "15" : [681.503400920409, 82.91768627935618, 147.0], "17" : [614.3609902057144, 86.96648532581267, 182.0], "19" : [674.9762429016922, 86.74806770758302, 181.0], "21" : [777.0170967412744, 89.30881183915479, 193.0], "23" : [842.2573929771517, 97.09565727347508, 230.0], "25" : [842.2573929771517, 97.09565727347508, 230.0], "27" : [925.3867986004141, 97.39080354529314, 250.0], "29" : [925.3867986004141, 97.39080354529314, 250.0], "31" : [976.0952853824363, 94.55471936210347, 106.0], "33" : [976.0952853824363, 94.55471936210347, 106.0], "35" : [976.0952853824363, 94.55471936210347, 106.0], "37" : [855.143611725859, 99.84042427987093, 94.0], "39" : [855.143611725859, 99.84042427987093, 94.0], "41" : [856.7670980013135, 102.1717093704466, 152.0], "43" : [856.7670980013135, 102.1717093704466, 152.0], "45" : [910.490722167649, 104.4025746533227, 194.0], "47" : [1008.646920441016, 99.56161286374382, 211.0], "49" : [1008.646920441016, 99.56161286374382, 211.0], "51" : [1059.6457181375251, 94.33428674339108, 70.0], "53" : [1059.6457181375251, 94.33428674339108, 70.0], "55" : [647.3688771427037, 92.92847663389759, 151.0], "57" : [647.3688771427037, 92.92847663389759, 151.0], "59" : [647.3688771427037, 92.92847663389759, 151.0], "61" : [701.4573953528372, 93.92485225151195, 169.0], "63" : [701.4573953528372, 93.92485225151195, 169.0], "65" : [754.9108373765129, 98.80788237400084, 203.0], "67" : [754.9108373765129, 98.80788237400084, 203.0], "69" : [626.5192315849262, 94.15448831743012, 156.0], "71" : [626.5192315849262, 94.15448831743012, 156.0], "73" : [993.6117637369053, 88.9372556240052, 204.0], "75" : [928.5291830071254, 95.07276436215435, 257.0], "77" : [928.5291830071254, 95.07276436215435, 257.0], "79" : [844.8087147804739, 102.49170071972192, 241.0], "81" : [844.8087147804739, 102.49170071972192, 241.0], "83" : [935.7195306199866, 102.39609347764261, 256.0], "85" : [935.7195306199866, 102.39609347764261, 256.0], "87" : [845.8315629686435, 107.09749929997523, 320.0], "89" : [1073.3695268916604, 107.72403514983388, 233.0], "91" : [530.5336864831766, 125.92789837167017, 190.0], "93" : [578.9357134228246, 124.8831187553617, 154.0], "95" : [631.2915670264151, 128.23132500810507, 166.0], "97" : [631.2915670264151, 128.23132500810507, 166.0], "99" : [694.9346371244227, 129.49934435600375, 153.0], "101" : [694.9346371244227, 129.49934435600375, 153.0], "103" : [765.049227661698, 128.63005050716288, 193.0], "105" : [765.049227661698, 128.63005050716288, 193.0], "107" : [765.049227661698, 128.63005050716288, 193.0], "109" : [743.2909939159583, 123.28388644064479, 211.0], "111" : [633.5294136709579, 121.39804024948005, 51.0], "113" : [629.4521460260777, 119.97116481313434, 163.0], "115" : [603.9201767881588, 121.94932915496099, 223.0], "117" : [819.024841521829, 132.02165362167662, 157.0], "119" : [819.024841521829, 132.02165362167662, 157.0], "121" : [926.1275360540187, 137.28260609968805, 207.0], "123" : [995.6886849942, 140.78776391593647, 327.0], "125" : [1104.089841667123, 141.44921473967804, 128.0], "127" : [1099.0590904011085, 139.54908828184318, 110.0], "129" : [1065.8482544947628, 138.9749968024248, 172.0], "131" : [1122.0054533475063, 162.21091089997196, 165.0], "133" : [1126.1417703073619, 147.42278258880165, 79.0], "135" : [884.5980880031974, 155.93057344588158, 157.0], "137" : [746.5496952088241, 161.51939028753594, 165.0], "139" : [746.5496952088241, 161.51939028753594, 165.0], "141" : [764.1056975652341, 136.01139183020763, 158.0], "143" : [764.1056975652341, 136.01139183020763, 158.0], "145" : [636.9277793691775, 135.08686920028688, 198.0], "147" : [615.8256816082799, 138.46611701633935, 183.0], "149" : [698.4314732732112, 135.38324939114406, 197.0], "151" : [759.949360851811, 134.43012907297444, 156.0], "153" : [759.949360851811, 134.43012907297444, 156.0], "155" : [857.4823505765355, 139.88692547370354, 153.0], "157" : [959.8402521858025, 133.27924463055578, 159.0], "159" : [959.8402521858025, 133.27924463055578, 159.0], "161" : [1097.8602319965394, 134.40888075515826, 259.0], "163" : [716.8517411913385, 171.49552077718064, 201.0], "165" : [800.1464002855794, 173.0705875593078, 153.0], "167" : [891.5358889327088, 171.0495946550229, 248.0], "169" : [978.2862758757313, 172.60130635658422, 153.0], "171" : [635.4987702569761, 226.47622810944893, 244.0], "173" : [719.7990349840978, 235.85652109128054, 207.0], "175" : [798.0526567145595, 236.3681406530162, 226.0], "177" : [726.3532115086618, 228.33165159960174, 218.0], "179" : [726.3532115086618, 228.33165159960174, 218.0], "181" : [722.555382989078, 224.1969213127663, 65.0], "183" : [926.7493195451013, 234.1384184817016, 367.0], "185" : [908.3580256628297, 229.13147985469385, 162.0], "187" : [908.3580256628297, 229.13147985469385, 162.0], "189" : [1005.5205368702744, 229.91606946583974, 224.0], "191" : [1050.3891805267747, 231.33082115005575, 305.0], "193" : [940.1305417287998, 227.7546789841821, 203.0], "195" : [939.6956899458588, 225.2241372250716, 116.0], "197" : [1068.2781561960048, 232.75057714745049, 87.0], "199" : [1066.483849287442, 234.71770739003364, 192.0], "201" : [1122.1499994924477, 238.697552762112, 286.0], "203" : [684.0716997797792, 255.1194991377125, 159.0], "205" : [637.1773485860884, 248.93978059844582, 181.0], "207" : [729.0552391074513, 252.14539788007315, 315.0], "209" : [729.0552391074513, 252.14539788007315, 315.0], "211" : [786.8399039721022, 253.5995424543479, 218.0], "213" : [765.7463221965038, 251.35737126726852, 190.0], "215" : [765.7463221965038, 251.35737126726852, 190.0], "217" : [655.1658133897929, 243.071429988108, 196.0], "219" : [703.0677767793901, 248.7100042931816, 90.0], "221" : [882.0295843523351, 258.6970860910729, 240.0], "223" : [882.0295843523351, 258.6970860910729, 240.0], "225" : [854.3090881282465, 258.53889025412906, 198.0], "227" : [854.3090881282465, 258.53889025412906, 198.0], "229" : [854.3090881282465, 258.53889025412906, 198.0], "231" : [827.3908488336501, 258.5777796117224, 153.0], "233" : [827.3908488336501, 258.5777796117224, 153.0], "235" : [827.3908488336501, 258.5777796117224, 153.0], "237" : [1001.0615663494614, 255.53806036660245, 268.0], "239" : [1047.5995438095545, 255.07454430955573, 220.0], "241" : [1088.5224382448318, 256.6993590461887, 156.0], "243" : [1088.5224382448318, 256.6993590461887, 156.0], "245" : [605.752380962404, 278.58273885412075, 168.0], "247" : [691.0520406523462, 284.90509912923284, 196.0], "249" : [692.3588257012804, 287.0254908475688, 102.0], "251" : [602.530461526908, 287.36845639428594, 279.0], "253" : [721.3346919963873, 285.8290798255895, 196.0], "255" : [788.9529903485522, 288.7632452051317, 117.0], "257" : [788.9529903485522, 288.7632452051317, 117.0], "259" : [897.5870059085203, 290.611300797469, 177.0], "261" : [897.5870059085203, 290.611300797469, 177.0], "263" : [1006.6770734013672, 297.3614662924875, 205.0], "265" : [1006.6770734013672, 297.3614662924875, 205.0], "267" : [1006.6770734013672, 297.3614662924875, 205.0], "269" : [1073.9115887477658, 299.12918909415976, 233.0], "271" : [1073.9115887477658, 299.12918909415976, 233.0], "273" : [1162.7541663416694, 298.238754961393, 240.0], "275" : [789.7888235125264, 320.6352975658008, 170.0], "277" : [719.3276011765504, 314.35429899274294, 221.0], "279" : [710.9655182234238, 310.56551573288857, 145.0], "281" : [820.7090909704407, 316.73686756655775, 198.0], "283" : [910.2645748241284, 322.23767012591645, 223.0], "285" : [1002.1986095121653, 327.9782393630943, 216.0], "287" : [1002.1986095121653, 327.9782393630943, 216.0], "289" : [1054.1367989615726, 324.2336013374858, 125.0],