{"1" : [689.5309700587248, 23.978064968648212, 155.0], "3" : [721.7777745148377, 26.969310724080927, 189.0], "5" : [776.8000007925775, 28.974288020697358, 140.0], "7" : [849.8773584639155, 26.759904423966276, 212.0], "9" : [831.4374268700309, 28.101754431902158, 171.0], "11" : [671.7172377465267, 91.90431179261526, 116.0], "13" : [671.7172377465267, 91.90431179261526, 116.0], "15" : [630.8607143633886, 94.11012011069293, 168.0], "17" : [630.8607143633886, 94.11012011069293, 168.0], "19" : [681.7865044649998, 85.50736227220963, 163.0], "21" : [772.4661373214448, 77.66190770389349, 189.0], "23" : [857.2946263215917, 78.31745157645166, 149.0], "25" : [794.6013099739322, 71.49673338706108, 153.0], "27" : [876.8994065988912, 69.42202448896847, 168.0], "29" : [941.6005705429396, 81.0348554188695, 175.0], "31" : [901.704348030224, 83.7695630326904, 115.0], "33" : [982.7832077128475, 88.4977118147711, 131.0], "35" : [982.7832077128475, 88.4977118147711, 131.0], "37" : [886.933986488406, 76.54314215241479, 153.0], "39" : [886.933986488406, 76.54314215241479, 153.0], "41" : [831.3797814261703, 77.11639584573938, 183.0], "43" : [920.066050252112, 84.21172802426362, 162.0], "45" : [985.3365385470181, 89.5423096372911, 52.0], "47" : [617.3359646814024, 125.53245974085577, 114.0], "49" : [617.3359646814024, 125.53245974085577, 114.0], "51" : [578.7574358672385, 144.7169224178427, 195.0], "53" : [702.2324306189129, 132.16810571198832, 185.0], "55" : [702.2324306189129, 132.16810571198832, 185.0], "57" : [674.7999970593236, 147.37203661241216, 118.0], "59" : [807.5443043305985, 128.012659514096, 237.0], "61" : [807.5443043305985, 128.012659514096, 237.0], "63" : [807.5443043305985, 128.012659514096, 237.0], "65" : [899.969565787851, 127.12981470977515, 161.0], "67" : [899.969565787851, 127.12981470977515, 161.0], "69" : [979.3664800995838, 136.05195586376394, 179.0], "71" : [949.4386526724729, 140.46050055369162, 119.0], "73" : [1084.1040454865733, 161.3046234375364, 173.0], "75" : [1055.625233709703, 157.43878477364882, 214.0], "77" : [937.8681334146077, 155.54230705616754, 182.0], "79" : [962.0150937683657, 155.71584793352963, 265.0], "81" : [1065.0250008444473, 153.36071487731533, 56.0], "83" : [1055.3353806692378, 151.60144605267416, 277.0], "85" : [1046.9553551490612, 147.67857246608682, 56.0], "87" : [701.9316632210329, 185.15166583425446, 120.0], "89" : [701.9316632210329, 185.15166583425446, 120.0], "91" : [673.8541475732766, 183.51135570909, 229.0], "93" : [690.8827584887172, 169.42167288297316, 203.0], "95" : [834.8158794017195, 148.29828482385827, 233.0], "97" : [924.1057894882201, 155.31210381501512, 190.0], "99" : [924.3208551077292, 164.42138927019127, 187.0], "101" : [924.3208551077292, 164.42138927019127, 187.0], "103" : [924.3208551077292, 164.42138927019127, 187.0], "105" : [549.909019353859, 258.7409835318664, 122.0], "107" : [676.6065930437946, 266.60329523789676, 273.0], "109" : [676.6065930437946, 266.60329523789676, 273.0], "111" : [729.1436977417092, 263.9323514134114, 238.0], "113" : [729.1436977417092, 263.9323514134114, 238.0], "115" : [729.1436977417092, 263.9323514134114, 238.0], "117" : [777.7857128840986, 254.3043491121748, 161.0], "119" : [893.5196237371543, 239.213290265477, 158.0], "121" : [860.7628207569023, 238.1307684008948, 156.0], "123" : [942.5060454186287, 242.60697718527848, 215.0], "125" : [963.6738376765459, 248.1697692472202, 172.0], "127" : [963.6738376765459, 248.1697692472202, 172.0], "129" : [1078.3686354634347, 248.78413475083346, 271.0], "131" : [656.7572091746905, 299.73173193527805, 208.0], "133" : [656.7572091746905, 299.73173193527805, 208.0], "135" : [656.7572091746905, 299.73173193527805, 208.0], "137" : [618.9983218978762, 297.9111764184955, 179.0], "139" : [618.9983218978762, 297.9111764184955, 179.0], "141" : [694.4101601835553, 294.25187172381897, 187.0], "143" : [694.4101601835553, 294.25187172381897, 187.0], "145" : [694.4101601835553, 294.25187172381897, 187.0], "147" : [740.6066662182477, 293.6595870525481, 240.0], "149" : [740.6066662182477, 293.6595870525481, 240.0], "151" : [818.3106743352936, 284.4949423089967, 178.0], "153" : [800.7823287239067, 289.1458642816549, 266.0], "155" : [892.7228308387929, 290.0369844781819, 219.0], "157" : [892.7228308387929, 290.0369844781819, 219.0], "159" : [815.2915899026136, 295.4560755206919, 214.0], "161" : [815.2915899026136, 295.4560755206919, 214.0], "163" : [714.2895060218409, 300.3895051635503, 181.0], "165" : [714.2895060218409, 300.3895051635503, 181.0], "167" : [714.2895060218409, 300.3895051635503, 181.0], "169" : [750.3577166104687, 295.2463066112198, 149.0], "171" : [750.3577166104687, 295.2463066112198, 149.0], "173" : [869.2415313542947, 282.9994511742544, 183.0], "175" : [900.6109375125042, 279.34218734839726, 192.0], "177" : [972.6679322959665, 275.3005464986914, 184.0], "179" : [1036.0288470555731, 270.796793476609, 156.0], "181" : [991.0964781181109, 264.2943625279433, 142.0], "183" : [991.0964781181109, 264.2943625279433, 142.0], "185" : [991.0964781181109, 264.2943625279433, 142.0], "187" : [567.9370384964191, 319.12592677252815, 108.0], "189" : [520.984711438673, 325.1111580475805, 242.0], "191" : [565.4250002156183, 320.42127310422774, 268.0], "193" : [643.1633351955192, 310.2359990990263, 150.0], "195" : [719.812499431799, 320.0300602180786, 336.0], "197" : [682.2865031859842, 329.5055225189028, 163.0], "199" : [682.2865031859842, 329.5055225189028, 163.0], "201" : [862.8227480346065, 319.68669616045656, 233.0], "203" : [954.7846173161572, 318.5579880362008, 169.0], "205" : [918.6911907581357, 318.1709852053373, 193.0], "207" : [933.5739163979995, 323.18695565690587, 69.0], "209" : [933.5739163979995, 323.18695565690587, 69.0], "211" : [1032.5883095176114, 331.59999929877495, 154.0], "213" : [1032.5883095176114, 331.59999929877495, 154.0], "215" : [1032.5883095176114, 331.59999929877495, 154.0], "217" : [1027.9812534648513, 336.71785513633887, 112.0], "219" : [792.1666669782476, 365.1492076934326, 126.0], "221" : [907.1891873941697, 350.8387353249249, 111.0], "223" : [861.4284988476119, 349.9404989984641, 200.0], "225" : [861.4284988476119, 349.9404989984641, 200.0], "227" : [980.8897427416989, 357.2035910578967, 195.0], "229" : [980.8897427416989, 357.2035910578967, 195.0], "231" : [912.2717926172086, 358.91282107540985, 156.0], "233" : [1007.5121063129241, 363.27158012327345, 190.0], "235" : [574.7706520840032, 427.7494584107543, 184.0], "237" : [540.0248734944331, 427.4295379662083, 193.0], "239" : [933.1493859852324, 365.1185180248765, 81.0], "241" : [929.5434201534972, 361.1815827677637, 76.0], "243" : [986.8782601262744, 358.448695371265, 115.0], "245" : [986.8782601262744, 358.448695371265, 115.0], "247" : [545.4678001717978, 429.98813385771786, 59.0], "249" : [623.1630822118917, 415.6864500764804, 214.0], "251" : [701.1527570354734, 405.19965457396216, 290.0], "253" : [701.1527570354734, 405.19965457396216, 290.0], "255" : [807.3938463776752, 399.73230802446625, 65.0], "257" : [807.1485705633622, 401.7619042147755, 210.0], "259" : [847.7535734906728, 398.4185716047386, 140.0], "261" : [739.4636957980707, 409.90891507001174, 157.0], "263" : [744.2294089756618, 403.6450950198702, 51.0], "265" : [696.2876395486277, 433.2831456890787, 89.0], "267" : [700.2769250607076, 430.87500013058843, 52.0], "269" : [700.2769250607076, 430.87500013058843, 52.0], "271" : [700.2769250607076, 430.87500013058843, 52.0], "273" : [662.5104472008961, 429.6492527284226, 134.0], "275" : [662.5104472008961, 429.6492527284226, 134.0], "277" : [666.3603429165114, 424.1517259861197, 58.0], "279" : [666.3603429165114, 424.1517259861197, 58.0], "281" : [727.9877570273102, 418.56190501547707, 147.0], "283" : [802.0049793522231, 411.49539905734315, 261.0], "285" : [882.5717967915829, 408.40213734619624, 234.0], "287" : [957.0652792823578, 409.9851827394359, 216.0], "289" : [957.0652792823578, 409.9851827394359, 216.0],