{"1" : [944.0814211440903, 34.167756246222375, 183.0], "3" : [974.0932589176978, 33.76966026115729, 89.0], "5" : [689.6177668109082, 36.28883236888776, 197.0], "7" : [640.2951230404601, 35.924877587651736, 205.0], "9" : [879.0163760097018, 70.504628277517, 281.0], "11" : [879.0163760097018, 70.504628277517, 281.0], "13" : [951.1728190914321, 72.38923391278043, 195.0], "15" : [1026.962376203859, 77.05742806713282, 202.0], "17" : [1026.962376203859, 77.05742806713282, 202.0], "19" : [1086.3951453923091, 89.77572712836918, 206.0], "21" : [981.7128561708088, 94.74857097457374, 70.0], "23" : [981.7128561708088, 94.74857097457374, 70.0], "25" : [981.7128561708088, 94.74857097457374, 70.0], "27" : [699.4014494585423, 91.65362481905021, 69.0], "29" : [699.4014494585423, 91.65362481905021, 69.0], "31" : [697.5575496983791, 95.25377556947112, 106.0], "33" : [697.5575496983791, 95.25377556947112, 106.0], "35" : [647.380804317357, 89.22240092311985, 250.0], "37" : [647.380804317357, 89.22240092311985, 250.0], "39" : [701.6290316547962, 100.69354719102867, 155.0], "41" : [701.6290316547962, 100.69354719102867, 155.0], "43" : [788.1560741592568, 108.84813451634997, 214.0], "45" : [842.2087852602798, 121.50337832196404, 148.0], "47" : [894.6886238541039, 138.9668942256561, 290.0], "49" : [927.7852290991727, 138.71969296297095, 264.0], "51" : [1006.3976745673825, 140.39379576719847, 129.0], "53" : [952.8578176338892, 141.03364643079215, 211.0], "55" : [1028.7988460053366, 135.48844015093954, 173.0], "57" : [597.0279554851334, 136.77096625870786, 186.0], "59" : [567.8604997837805, 143.5829958185194, 200.0], "61" : [629.452829893622, 157.2254714135599, 106.0], "63" : [632.1321429270283, 157.557141086001, 112.0], "65" : [708.0727569072342, 169.59550857136622, 334.0], "67" : [708.0727569072342, 169.59550857136622, 334.0], "69" : [816.9513063175167, 177.90817069976703, 306.0], "71" : [942.2926235052764, 168.62258046719398, 217.0], "73" : [942.2926235052764, 168.62258046719398, 217.0], "75" : [980.5127189373511, 175.86272380051972, 228.0], "77" : [907.7126321641431, 224.75447272830178, 380.0], "79" : [907.7126321641431, 224.75447272830178, 380.0], "81" : [681.9160723817587, 227.42321535172982, 168.0], "83" : [635.1871262824819, 230.27277017331227, 202.0], "85" : [745.6636780897969, 252.05112274161715, 223.0], "87" : [836.3495687880766, 259.76206943753994, 232.0], "89" : [836.3495687880766, 259.76206943753994, 232.0], "91" : [757.8451365998397, 243.45447684402856, 257.0], "93" : [849.5932614324483, 256.0656021788261, 282.0], "95" : [849.5932614324483, 256.0656021788261, 282.0], "97" : [821.8024494288138, 254.62822148601882, 163.0], "99" : [911.9704070715038, 258.10357266462165, 196.0], "101" : [911.9704070715038, 258.10357266462165, 196.0], "103" : [911.9704070715038, 258.10357266462165, 196.0], "105" : [991.9373974053783, 261.4509483405606, 369.0], "107" : [991.9373974053783, 261.4509483405606, 369.0], "109" : [991.9373974053783, 261.4509483405606, 369.0], "111" : [1071.1369214722722, 264.1984609310151, 65.0], "113" : [1071.1369214722722, 264.1984609310151, 65.0], "115" : [556.6104501228507, 266.49253922284646, 201.0], "117" : [603.159997950789, 274.0900030027521, 160.0], "119" : [695.7845063867094, 290.7338054042384, 71.0], "121" : [695.7845063867094, 290.7338054042384, 71.0], "123" : [695.7845063867094, 290.7338054042384, 71.0], "125" : [699.7243608126962, 292.8179527512719, 234.0], "127" : [699.7243608126962, 292.8179527512719, 234.0], "129" : [757.8532106648253, 301.7981644907436, 109.0], "131" : [906.4276598710604, 303.41205765113426, 141.0], "133" : [981.6402603954108, 297.49826987161794, 231.0], "135" : [981.6402603954108, 297.49826987161794, 231.0], "137" : [1047.2930879591622, 300.97438923691374, 246.0], "139" : [1047.2930879591622, 300.97438923691374, 246.0], "141" : [1126.8431905319626, 297.8984470219012, 257.0], "143" : [718.5333350796781, 337.0300013414883, 90.0], "145" : [716.8955239246106, 330.8179099085074, 67.0], "147" : [716.8955239246106, 330.8179099085074, 67.0], "149" : [672.3840558689441, 321.989857828996, 207.0], "151" : [733.0936646919818, 330.54615101239966, 221.0], "153" : [733.0936646919818, 330.54615101239966, 221.0], "155" : [733.0936646919818, 330.54615101239966, 221.0], "157" : [733.0936646919818, 330.54615101239966, 221.0], "159" : [809.9534863959261, 336.07616311602266, 172.0], "161" : [895.2917194066797, 339.5257614339654, 326.0], "163" : [813.3101235028377, 331.45858978114063, 326.0], "165" : [813.3101235028377, 331.45858978114063, 326.0], "167" : [879.2926988652308, 334.94961761732304, 260.0], "169" : [945.9054055587259, 333.63784064452955, 222.0], "171" : [945.9054055587259, 333.63784064452955, 222.0], "173" : [1009.9583335001489, 338.8506919210643, 144.0], "175" : [546.840736971112, 394.6703691791808, 81.0], "177" : [638.0152553632564, 408.5067758958151, 59.0], "179" : [638.0152553632564, 408.5067758958151, 59.0], "181" : [640.7227540116571, 414.1169321794597, 189.0], "183" : [640.7227540116571, 414.1169321794597, 189.0], "185" : [700.9513822724565, 404.2691696021185, 253.0], "187" : [700.9513822724565, 404.2691696021185, 253.0], "189" : [772.4012515475731, 406.3170836852359, 240.0], "191" : [854.0311599094654, 403.396983213622, 199.0], "193" : [973.2254968591149, 397.25418396440347, 251.0], "195" : [1008.8783723016364, 391.21240931677903, 282.0], "197" : [1029.5495479765962, 395.538181991316, 220.0], "199" : [1138.9704901935006, 393.64590155069436, 244.0], "201" : [620.7430738224095, 420.0838464592057, 130.0], "203" : [706.2609890692354, 427.814286760538, 182.0], "205" : [706.2609890692354, 427.814286760538, 182.0], "207" : [786.9425339724341, 425.88656924894104, 268.0], "209" : [786.9425339724341, 425.88656924894104, 268.0], "211" : [852.0094913723366, 431.34493714549575, 158.0], "213" : [852.0094913723366, 431.34493714549575, 158.0], "215" : [853.8841424069992, 434.3475610930485, 82.0], "217" : [918.9702104966437, 430.65829895275533, 235.0], "219" : [918.9702104966437, 430.65829895275533, 235.0], "221" : [1005.6486344095495, 421.5765036284156, 183.0], "223" : [1005.6486344095495, 421.5765036284156, 183.0], "225" : [1051.041987531593, 425.33130195505885, 131.0], "227" : [1051.041987531593, 425.33130195505885, 131.0], "229" : [606.0825933460555, 460.49010130129074, 293.0], "231" : [690.7035153283181, 463.12851484195977, 256.0], "233" : [690.7035153283181, 463.12851484195977, 256.0], "235" : [738.2994603790729, 460.7972965487217, 185.0], "237" : [738.2994603790729, 460.7972965487217, 185.0], "239" : [823.8881482870752, 459.2811110769536, 270.0], "241" : [823.8881482870752, 459.2811110769536, 270.0], "243" : [823.8881482870752, 459.2811110769536, 270.0], "245" : [918.2636352564688, 452.7952565950492, 253.0], "247" : [965.4241195464477, 454.9875528476911, 257.0], "249" : [965.4241195464477, 454.9875528476911, 257.0], "251" : [1016.0660782924579, 454.06872311946324, 227.0], "253" : [1015.4198695901994, 457.9544875073315, 156.0], "255" : [1015.4198695901994, 457.9544875073315, 156.0], "257" : [989.3334901652281, 464.73868036830055, 212.0], "259" : [989.3334901652281, 464.73868036830055, 212.0], "261" : [1026.920163154675, 465.1370931290437, 124.0], "263" : [1026.920163154675, 465.1370931290437, 124.0], "265" : [1093.3986064008457, 460.55534898228, 215.0], "267" : [654.0010523888103, 498.37947396709376, 190.0], "269" : [654.0010523888103, 498.37947396709376, 190.0], "271" : [614.9609987565186, 502.58200024777557, 100.0], "273" : [736.556980318124, 498.6089146934792, 258.0], "275" : [736.556980318124, 498.6089146934792, 258.0], "277" : [815.0660855137535, 499.9216793685268, 286.0], "279" : [909.016229766903, 496.26648859202515, 191.0], "281" : [909.016229766903, 496.26648859202515, 191.0], "283" : [909.016229766903, 496.26648859202515, 191.0], "285" : [907.9019218830541, 492.7769258173228, 52.0], "287" : [907.9019218830541, 492.7769258173228, 52.0], "289" : [983.0884648528164, 490.02115592807206, 52.0],