{"1" : [889.0646168649533, 63.35923315538135, 130.0], "3" : [986.6959987912826, 31.975997089184556, 75.0], "5" : [701.1694450932954, 20.361114075161254, 144.0], "7" : [702.1348826267321, 18.09302722801329, 86.0], "9" : [685.5891328719387, 8.963043996801314, 92.0], "11" : [905.6111561170615, 36.331473883271535, 251.0], "13" : [978.1391820000512, 18.434507445763654, 171.0], "15" : [807.9917091057575, 76.05492356060218, 193.0], "17" : [807.9917091057575, 76.05492356060218, 193.0], "19" : [788.7267350012822, 69.77593632669357, 187.0], "21" : [893.443665073639, 72.47887285811112, 142.0], "23" : [950.0722164989808, 60.048485206400635, 198.0], "25" : [710.9151747244262, 96.43586468374089, 145.0], "27" : [710.9151747244262, 96.43586468374089, 145.0], "29" : [809.9609770008714, 109.91626559975364, 123.0], "31" : [809.9609770008714, 109.91626559975364, 123.0], "33" : [809.8755787301651, 112.37209165264183, 86.0], "35" : [809.8755787301651, 112.37209165264183, 86.0], "37" : [976.0439607543018, 94.14686072418128, 207.0], "39" : [976.0439607543018, 94.14686072418128, 207.0], "41" : [976.0439607543018, 94.14686072418128, 207.0], "43" : [1094.2928887901326, 73.92678110816512, 239.0], "45" : [1123.9886784660503, 69.13018894980995, 159.0], "47" : [768.3041661673499, 116.78750047942289, 216.0], "49" : [710.954100607608, 95.66776252931106, 183.0], "51" : [710.954100607608, 95.66776252931106, 183.0], "53" : [867.5689466587642, 118.43947604253978, 190.0], "55" : [931.7205554602904, 114.54055539494354, 180.0], "57" : [989.5886235939823, 106.3574860747929, 167.0], "59" : [997.9556745818008, 104.57837703180623, 185.0], "61" : [586.6918920082752, 154.1684675556294, 111.0], "63" : [586.6918920082752, 154.1684675556294, 111.0], "65" : [678.3378849637033, 154.96136383172689, 132.0], "67" : [755.532205465074, 176.38135572077795, 59.0], "69" : [760.1534736614819, 170.97916753701364, 144.0], "71" : [827.8590187071243, 180.52459177773687, 183.0], "73" : [827.8590187071243, 180.52459177773687, 183.0], "75" : [948.2906240530264, 174.93281616044356, 128.0], "77" : [951.739213210613, 174.12548896713128, 51.0], "79" : [1065.8502744215127, 153.1109296751355, 183.0], "81" : [1149.484037338329, 140.4779302692662, 213.0], "83" : [726.3440250297045, 178.2591214123192, 159.0], "85" : [990.9433327669793, 225.43333184032724, 180.0], "87" : [1078.0663002343026, 223.72197588455404, 273.0], "89" : [590.980720317687, 250.09156640850023, 83.0], "91" : [616.7684436923437, 232.4995136727381, 206.0], "93" : [717.4118578180994, 248.15375641476996, 253.0], "95" : [843.6742862180473, 274.5478595906031, 140.0], "97" : [843.6742862180473, 274.5478595906031, 140.0], "99" : [942.6693277290267, 269.0813331615248, 150.0], "101" : [1009.2351153213828, 262.91068509369416, 131.0], "103" : [1009.2351153213828, 262.91068509369416, 131.0], "105" : [1009.8092110636537, 261.53552690367184, 76.0], "107" : [1009.8092110636537, 261.53552690367184, 76.0], "109" : [1094.542246551755, 254.37005405663697, 187.0], "111" : [783.198794354675, 303.9662645696023, 83.0], "113" : [789.0205909685315, 305.0117624376362, 68.0], "115" : [710.989438253641, 292.4577506508361, 142.0], "117" : [710.989438253641, 292.4577506508361, 142.0], "119" : [710.989438253641, 292.4577506508361, 142.0], "121" : [876.4616342544408, 311.9119453259417, 159.0], "123" : [983.6639350619367, 306.29453339522126, 183.0], "125" : [1026.307282162563, 300.1325261584601, 412.0], "127" : [1026.307282162563, 300.1325261584601, 412.0], "129" : [1026.307282162563, 300.1325261584601, 412.0], "131" : [1037.9525761940215, 294.08350782817445, 194.0], "133" : [1037.9525761940215, 294.08350782817445, 194.0], "135" : [982.7427056725016, 297.3520860143568, 96.0], "137" : [982.7427056725016, 297.3520860143568, 96.0], "139" : [647.0137245284167, 351.60293565610607, 102.0], "141" : [650.5910696559897, 349.12857366945735, 56.0], "143" : [695.7457024206551, 362.77734435703894, 256.0], "145" : [695.7457024206551, 362.77734435703894, 256.0], "147" : [762.3210538508861, 363.03421176297576, 152.0], "149" : [729.5200066955717, 407.22159823910783, 125.0], "151" : [681.4149076742194, 403.47950231177725, 161.0], "153" : [813.4847671386758, 415.6569559630803, 151.0], "155" : [893.5412759220056, 415.50899571086177, 189.0], "157" : [969.4110308557259, 414.01034390610613, 145.0], "159" : [1049.549407785528, 416.7319531690083, 338.0], "161" : [685.731486130044, 440.7333316204417, 108.0], "163" : [623.8039999705293, 431.76866600190937, 150.0], "165" : [623.8039999705293, 431.76866600190937, 150.0], "167" : [789.5725476607346, 457.65228814916264, 153.0], "169" : [789.5725476607346, 457.65228814916264, 153.0], "171" : [862.2945040263262, 452.082416971278, 91.0], "173" : [861.4928853530171, 454.9308312996132, 253.0], "175" : [861.4928853530171, 454.9308312996132, 253.0], "177" : [1001.9885373798018, 449.9917007435367, 253.0], "179" : [1001.9885373798018, 449.9917007435367, 253.0], "181" : [1073.1183666129923, 440.16275614812986, 196.0], "183" : [701.7304345226222, 468.8898528099493, 69.0], "185" : [709.6969706051248, 465.23939127880953, 99.0], "187" : [709.6969706051248, 465.23939127880953, 99.0], "189" : [663.9896823365726, 467.0047577488262, 126.0], "191" : [663.9896823365726, 467.0047577488262, 126.0], "193" : [803.3136363544671, 478.69363784620174, 110.0], "195" : [774.1567803626201, 469.19576091589596, 118.0], "197" : [774.1567803626201, 469.19576091589596, 118.0], "199" : [895.5141506880365, 476.13915341916436, 212.0], "201" : [995.0366846224384, 480.99881603877424, 169.0], "203" : [1050.9730906357397, 482.4185421483742, 275.0], "205" : [829.9647877638936, 555.7788774181283, 71.0], "207" : [1121.2310820395749, 556.5076579459015, 222.0], "209" : [778.6435060564066, 580.5500005930177, 154.0], "211" : [732.5730701806609, 578.8701988731889, 453.0], "213" : [815.0312503862059, 578.3625001152108, 176.0], "215" : [898.7188403679709, 577.8492764478682, 138.0], "217" : [1002.190439610556, 582.8882340625021, 136.0], "219" : [1009.7995252165217, 586.7714294565143, 210.0], "221" : [1009.7995252165217, 586.7714294565143, 210.0], "223" : [1016.6847971292981, 590.6312000288634, 125.0], "225" : [1016.6847971292981, 590.6312000288634, 125.0], "227" : [744.155755260889, 604.1121230122415, 165.0], "229" : [660.7214284889911, 619.8750002981246, 196.0], "231" : [715.4607152524115, 616.3839313650084, 56.0], "233" : [715.6442618487755, 614.4229538989001, 122.0], "235" : [826.6408545908052, 617.4329277019744, 164.0], "237" : [759.9031286959956, 617.0984393180468, 64.0], "239" : [761.5597840966708, 619.0369586689131, 92.0], "241" : [851.1371544252922, 610.9624526461082, 253.0], "243" : [931.4403510246159, 609.6520467766579, 171.0], "245" : [1042.350832323027, 630.4508308433608, 120.0], "247" : [701.9019627882099, 636.3215715448837, 51.0], "249" : [713.6090949274397, 638.1231426716619, 121.0], "251" : [672.9554777867911, 638.5705484161141, 146.0], "253" : [796.3372425501518, 638.5165537665337, 145.0], "255" : [907.7929256983458, 641.4882124811895, 212.0], "257" : [1008.6529860082396, 643.4764914508754, 268.0], "259" : [994.8210491128723, 651.9373711200703, 190.0], "261" : [1084.1048366686239, 650.305376070293, 186.0], "263" : [783.2454981154796, 720.9502377608851, 211.0], "265" : [783.2454981154796, 720.9502377608851, 211.0], "267" : [863.9882344474349, 720.1421576594158, 102.0], "269" : [863.0650810071586, 718.723806498492, 126.0], "271" : [970.5163143266792, 720.9933059822288, 239.0], "273" : [973.405814427272, 719.4883719962952, 86.0], "275" : [1086.8328951828344, 720.3631573994385, 76.0], "277" : [744.3864052804583, 745.2233015987684, 103.0], "279" : [691.6177433927145, 753.859676201053, 124.0], "281" : [691.6177433927145, 753.859676201053, 124.0], "283" : [803.3406157003069, 754.889079441491, 293.0], "285" : [803.3406157003069, 754.889079441491, 293.0], "287" : [907.3533355428598, 746.7451863077545, 135.0], "289" : [974.9829797008816, 747.3340429890255, 141.0],