{"1" : [975.3, 561.4, 556.9044506174033], "3" : [593.9, 1303.8, 170.90445061740334], "5" : [952.3, 551.3, 408.9044506174033], "7" : [949.0, 553.2, 40.90445061740333], "9" : [818.8, 358.8, 232.90445061740334], "11" : [819.5, 353.4, 24.904450617403327], "13" : [968.5, 371.7, 243.90445061740334], "15" : [969.3, 377.1, 26.904450617403327], "17" : [1118.7, 364.0, 218.90445061740334], "19" : [1117.7, 364.7, 43.90445061740333], "21" : [860.2, 355.1, 95.90445061740333], "23" : [858.8, 363.3, 449.9044506174033], "25" : [949.6, 623.3, 181.90445061740334], "27" : [946.3, 568.6, 17.904450617403327], "29" : [958.0, 524.6, 188.90445061740334], "31" : [954.6, 534.3, 15.90445061740333], "33" : [905.8, 536.1, 103.90445061740333]}