{"1" : [720.7136987055331, 19.17671580152452, 219.0], "3" : [890.9069108985748, 14.915853001078046, 246.0], "5" : [1035.4807561156433, 15.218899631527576, 291.0], "7" : [955.5289500009903, 16.597371454618067, 190.0], "9" : [955.5289500009903, 16.597371454618067, 190.0], "11" : [619.1649959286017, 88.69583461576984, 240.0], "13" : [727.9841291432198, 88.47671914745659, 189.0], "15" : [844.9655355787986, 84.3199014338596, 206.0], "17" : [991.7956505165758, 75.5330467179813, 115.0], "19" : [924.4395229496464, 77.40286007130369, 210.0], "21" : [1096.8947380556217, 75.71579220512807, 152.0], "23" : [1008.885924493157, 75.30850638666466, 341.0], "25" : [1112.7669898941795, 82.00485621794543, 103.0], "27" : [762.6884819601346, 116.93298397663528, 191.0], "29" : [912.0856178693468, 111.08170044268914, 153.0], "31" : [893.5035920103716, 111.02667072683172, 195.0], "33" : [991.5034141531758, 105.58097538654901, 205.0], "35" : [884.1560240287731, 103.78072229713158, 166.0], "37" : [977.8805766160589, 107.71978604390037, 278.0], "39" : [959.8940831444596, 2.663311642909318, 169.0], "41" : [800.8745820908824, 11.708288348761494, 181.0], "43" : [1012.8571447462836, 82.7496751926706, 308.0], "45" : [1049.301521721984, 24.100000962869323, 197.0], "47" : [998.5545465859693, 109.95000397351293, 66.0], "49" : [617.2354809267514, 143.56497390769619, 217.0], "51" : [617.2354809267514, 143.56497390769619, 217.0], "53" : [686.367018577825, 134.16020904286853, 191.0], "55" : [686.367018577825, 134.16020904286853, 191.0], "57" : [764.5889190320256, 134.75541327627917, 388.0], "59" : [764.5889190320256, 134.75541327627917, 388.0], "61" : [634.6508558054326, 131.40399809054662, 175.0], "63" : [693.9058575546417, 132.5928857650926, 239.0], "65" : [693.9058575546417, 132.5928857650926, 239.0], "67" : [693.9058575546417, 132.5928857650926, 239.0], "69" : [808.5423054957, 136.8455106289118, 156.0], "71" : [711.788520263969, 132.0837019292173, 270.0], "73" : [711.788520263969, 132.0837019292173, 270.0], "75" : [829.1341832847467, 136.17448934645324, 196.0], "77" : [962.502740011894, 133.44657500783183, 219.0], "79" : [962.502740011894, 133.44657500783183, 219.0], "81" : [1014.0374043773012, 134.4129913902596, 254.0], "83" : [1014.0374043773012, 134.4129913902596, 254.0], "85" : [1094.5924780212843, 133.3212374676156, 226.0], "87" : [947.7042546307207, 134.99042576337234, 188.0], "89" : [947.7042546307207, 134.99042576337234, 188.0], "91" : [1099.8125020386703, 134.3187500562864, 224.0], "93" : [1070.3790900830747, 135.30403050560105, 397.0], "95" : [1123.985814211524, 135.8063818846493, 282.0], "97" : [707.0433042355218, 166.173213157985, 224.0], "99" : [707.0433042355218, 166.173213157985, 224.0], "101" : [707.0433042355218, 166.173213157985, 224.0], "103" : [754.5769229634503, 166.93574721847887, 221.0], "105" : [754.5769229634503, 166.93574721847887, 221.0], "107" : [754.5769229634503, 166.93574721847887, 221.0], "109" : [834.5796378605456, 170.18552044878905, 221.0], "111" : [779.9641968916901, 168.88518679446702, 162.0], "113" : [779.9641968916901, 168.88518679446702, 162.0], "115" : [888.1966514455657, 170.17512024620137, 209.0], "117" : [1047.4755193646026, 169.9421887666662, 384.0], "119" : [950.2391628382663, 170.24999980586475, 240.0], "121" : [1065.4845048189043, 161.77042078201464, 71.0], "123" : [1065.4845048189043, 161.77042078201464, 71.0], "125" : [1062.2282387142072, 169.21059050016837, 85.0], "127" : [1045.9868119057078, 172.91922891453964, 364.0], "129" : [725.374328844247, 232.22299603834486, 187.0], "131" : [725.374328844247, 232.22299603834486, 187.0], "133" : [678.6552986476479, 234.8071804803309, 557.0], "135" : [733.1708670765613, 236.09094232649426, 254.0], "137" : [733.1708670765613, 236.09094232649426, 254.0], "139" : [793.2208694228564, 236.75708604196308, 254.0], "141" : [813.5409110747755, 237.37396741989014, 242.0], "143" : [689.5156527819313, 231.83999980091696, 230.0], "145" : [837.5140010570473, 234.5313312608548, 150.0], "147" : [838.5960799914445, 233.59411646704368, 51.0], "149" : [923.406724353639, 231.99641356850768, 223.0], "151" : [912.5497692652021, 230.41095828683476, 219.0], "153" : [993.8145082531969, 233.11514091341252, 317.0], "155" : [993.8145082531969, 233.11514091341252, 317.0], "157" : [1069.3409240123751, 236.2710417284745, 259.0], "159" : [1001.739770955673, 237.6852265305759, 264.0], "161" : [688.1339238666496, 271.44275693049207, 283.0], "163" : [688.1339238666496, 271.44275693049207, 283.0], "165" : [754.1752882465361, 267.62278065526465, 259.0], "167" : [754.1752882465361, 267.62278065526465, 259.0], "169" : [888.8354261202815, 267.7883427200198, 223.0], "171" : [888.8354261202815, 267.7883427200198, 223.0], "173" : [888.8354261202815, 267.7883427200198, 223.0], "175" : [1015.8103955381472, 266.80297060324125, 202.0], "177" : [1015.8103955381472, 266.80297060324125, 202.0], "179" : [1040.3319435414246, 272.57986157944464, 144.0], "181" : [932.7029597454604, 272.53017713648734, 169.0], "183" : [1034.2314409251608, 270.97457040488194, 582.0], "185" : [636.2018880147165, 293.613201875043, 53.0], "187" : [636.2018880147165, 293.613201875043, 53.0], "189" : [636.2018880147165, 293.613201875043, 53.0], "191" : [636.2018880147165, 293.613201875043, 53.0], "193" : [637.4055569973929, 297.1050938937527, 216.0], "195" : [637.4055569973929, 297.1050938937527, 216.0], "197" : [637.4055569973929, 297.1050938937527, 216.0], "199" : [730.9074481709241, 299.7718114409676, 188.0], "201" : [730.9074481709241, 299.7718114409676, 188.0], "203" : [862.2379303453602, 300.881608412064, 87.0], "205" : [862.2379303453602, 300.881608412064, 87.0], "207" : [862.8874160528537, 300.6788080292936, 151.0], "209" : [862.8874160528537, 300.6788080292936, 151.0], "211" : [944.4423066966468, 298.1474427248258, 156.0], "213" : [944.4423066966468, 298.1474427248258, 156.0], "215" : [894.7384936606095, 302.4845241021653, 252.0], "217" : [894.7384936606095, 302.4845241021653, 252.0], "219" : [909.954878891623, 302.356097242847, 164.0], "221" : [995.8675454001524, 297.30566234001225, 265.0], "223" : [995.8675454001524, 297.30566234001225, 265.0], "225" : [995.8675454001524, 297.30566234001225, 265.0], "227" : [1053.696413936992, 298.02032431156744, 251.0], "229" : [1053.696413936992, 298.02032431156744, 251.0], "231" : [1053.696413936992, 298.02032431156744, 251.0], "233" : [1130.249564553705, 306.0330425015467, 230.0], "235" : [750.540415608121, 336.87416723119105, 240.0], "237" : [834.995651820654, 334.82802008909545, 207.0], "239" : [834.995651820654, 334.82802008909545, 207.0], "241" : [924.6007324135629, 331.3536771108906, 136.0], "243" : [924.6007324135629, 331.3536771108906, 136.0], "245" : [926.760000477859, 346.8746339904393, 205.0], "247" : [1008.0390700687238, 344.1172096649644, 215.0], "249" : [957.8422005644579, 333.8297883288257, 282.0], "251" : [957.8422005644579, 333.8297883288257, 282.0], "253" : [957.8422005644579, 333.8297883288257, 282.0], "255" : [672.7172025717224, 402.9139791899765, 186.0], "257" : [634.1953119179572, 411.2484351594287, 256.0], "259" : [738.4937499934853, 411.6196399933281, 336.0], "261" : [796.8888521954706, 413.15608211360876, 296.0], "263" : [720.3731277393786, 410.63843248934216, 294.0], "265" : [770.9305237193702, 411.1039466496624, 380.0], "267" : [810.6936306894204, 416.2203838506193, 157.0], "269" : [901.3238817582288, 413.1167901902303, 268.0], "271" : [878.5416675339851, 413.8272720971184, 132.0], "273" : [878.5416675339851, 413.8272720971184, 132.0], "275" : [997.5780469644905, 404.95609417767025, 82.0], "277" : [997.5780469644905, 404.95609417767025, 82.0], "279" : [998.8316436003012, 404.57721247390856, 79.0], "281" : [998.8316436003012, 404.57721247390856, 79.0], "283" : [1066.5083317487806, 406.1395855126546, 96.0], "285" : [1065.3647689010982, 403.92386237181944, 176.0], "287" : [1043.1352145579772, 404.010298565135, 301.0], "289" : [1091.8154692959909, 410.4900510789346, 181.0],