{"1" : [748.9141090178867, 16.709544100553348, 241.0], "3" : [885.4112427057361, 13.22891428619615, 249.0], "5" : [1047.5828082974392, 8.744985748851766, 349.0], "7" : [663.9677453127241, 84.91720350076224, 93.0], "9" : [662.082356842388, 87.30036590620362, 272.0], "11" : [750.7156672978518, 80.46635909647625, 217.0], "13" : [750.7156672978518, 80.46635909647625, 217.0], "15" : [832.3329333496382, 82.71676611278058, 167.0], "17" : [912.200478149051, 78.7928244339869, 209.0], "19" : [912.200478149051, 78.7928244339869, 209.0], "21" : [960.6790713854175, 73.53721161669213, 172.0], "23" : [1039.4402510953591, 62.88049947513998, 159.0], "25" : [794.7873711375729, 105.40525854402811, 95.0], "27" : [793.3176772928086, 107.76604848352203, 215.0], "29" : [886.625776970788, 105.02617183798179, 256.0], "31" : [964.5308725694338, 97.86129240399887, 217.0], "33" : [964.5308725694338, 97.86129240399887, 217.0], "35" : [906.1287414749859, 103.30089724374085, 334.0], "37" : [623.44467916838, 132.50886341647612, 282.0], "39" : [623.44467916838, 132.50886341647612, 282.0], "41" : [596.9393598617402, 129.07553002260772, 188.0], "43" : [596.9393598617402, 129.07553002260772, 188.0], "45" : [679.7474024195523, 129.6948033637445, 154.0], "47" : [768.0034865521598, 135.56411245227963, 287.0], "49" : [768.0034865521598, 135.56411245227963, 287.0], "51" : [855.8607785960153, 139.83006156848964, 153.0], "53" : [933.7435476634374, 140.7865547081997, 186.0], "55" : [1008.5680233125091, 140.28546241047627, 172.0], "57" : [1070.4092299586375, 140.21897021892931, 195.0], "59" : [749.5885715758368, 180.40285364149975, 70.0], "61" : [749.5885715758368, 180.40285364149975, 70.0], "63" : [723.1551010522886, 188.4000015526945, 147.0], "65" : [705.4571431237919, 173.39999934816603, 175.0], "67" : [705.4571431237919, 173.39999934816603, 175.0], "69" : [793.9845461423594, 179.3300005595967, 220.0], "71" : [902.2965229171036, 180.09347740432327, 230.0], "73" : [1021.0221870590071, 171.63978859965906, 284.0], "75" : [1064.0604422012466, 172.22924017683673, 407.0], "77" : [748.6757554896253, 244.92848415222215, 165.0], "79" : [689.2556975544718, 237.2373435762415, 158.0], "81" : [642.8877107395491, 235.78770715783207, 179.0], "83" : [711.2663480577104, 233.4086554877546, 208.0], "85" : [772.5470585679603, 233.59369662213285, 238.0], "87" : [858.2344867557262, 233.8206897566031, 174.0], "89" : [925.807820907596, 233.7078200970532, 179.0], "91" : [1011.689049717074, 233.15255460859333, 137.0], "93" : [654.0741942876534, 268.38387058729785, 186.0], "95" : [656.6338720487253, 272.0145156908831, 62.0], "97" : [728.4260607326703, 269.8739400598291, 165.0], "99" : [823.9099332747165, 271.7397365505039, 151.0], "101" : [914.8014904029565, 274.7507489535618, 201.0], "103" : [914.8014904029565, 274.7507489535618, 201.0], "105" : [994.2009104073607, 270.37899036278634, 219.0], "107" : [1081.1647676043697, 265.8024899743305, 281.0], "109" : [1032.5419954672348, 267.0550007742394, 100.0], "111" : [1032.5419954672348, 267.0550007742394, 100.0], "113" : [612.5217419435762, 297.55652369626296, 184.0], "115" : [612.5217419435762, 297.55652369626296, 184.0], "117" : [580.9286621044015, 303.9866232564026, 157.0], "119" : [659.2706658188241, 297.3800041946838, 225.0], "121" : [659.2706658188241, 297.3800041946838, 225.0], "123" : [744.643833381373, 298.7593691321593, 219.0], "125" : [744.643833381373, 298.7593691321593, 219.0], "127" : [812.553029775221, 300.3535369839871, 198.0], "129" : [812.553029775221, 300.3535369839871, 198.0], "131" : [888.6000010649271, 301.4481316305102, 214.0], "133" : [957.2261550442859, 299.31385243735235, 130.0], "135" : [957.2261550442859, 299.31385243735235, 130.0], "137" : [957.2261550442859, 299.31385243735235, 130.0], "139" : [960.7519998067775, 302.29466602864477, 75.0], "141" : [960.7519998067775, 302.29466602864477, 75.0], "143" : [1034.4357435484385, 309.6059556632499, 235.0], "145" : [1027.258880426921, 306.3065390671156, 107.0], "147" : [1131.2958323328676, 304.4819391496306, 216.0], "149" : [735.2567485873587, 347.0288366245802, 215.0], "151" : [815.3358976748912, 344.5269232480514, 234.0], "153" : [906.5513644322965, 341.8099988636013, 220.0], "155" : [893.8000010685404, 338.3156717740207, 134.0], "157" : [999.9776681931122, 336.0281544661877, 206.0], "159" : [618.843588651097, 416.0289374494921, 273.0], "161" : [618.843588651097, 416.0289374494921, 273.0], "163" : [690.9028791335668, 409.55395396928265, 139.0], "165" : [693.1692304783915, 408.4884592822991, 104.0], "167" : [762.883193926881, 401.926891043224, 238.0], "169" : [842.0794759056279, 404.2270737306966, 229.0], "171" : [912.3797794308051, 403.89180144118626, 183.0], "173" : [985.7176489121781, 404.8539184400484, 204.0], "175" : [1051.1830969889102, 409.16408250503946, 142.0], "177" : [1055.439997842235, 407.35333155173333, 60.0], "179" : [1088.9409278764665, 411.0957248529341, 281.0], "181" : [675.9535930946492, 465.2013012591464, 153.0], "183" : [675.9535930946492, 465.2013012591464, 153.0], "185" : [680.7964599899277, 459.3402687984783, 226.0], "187" : [680.7964599899277, 459.3402687984783, 226.0], "189" : [789.6046147382226, 444.01435538768396, 195.0], "191" : [792.669495133625, 446.05508426336655, 118.0], "193" : [848.3740735722366, 444.33861745410286, 189.0], "195" : [908.5491897220064, 444.68323593012843, 185.0], "197" : [1009.109914297814, 443.8659422901342, 232.0], "199" : [1077.0178426377663, 442.9516364164575, 213.0], "201" : [1078.9985392902738, 443.84962398247325, 137.0], "203" : [691.7660235315209, 477.3596168553505, 156.0], "205" : [648.1990044098753, 482.38033026175214, 300.0], "207" : [816.2710069122419, 476.96095154650527, 169.0], "209" : [794.1591575564403, 481.24013759581106, 142.0], "211" : [890.2123644842533, 481.6951612832756, 186.0], "213" : [954.0555546989007, 486.940740243583, 162.0], "215" : [1019.7709840275186, 485.2300499204653, 193.0], "217" : [1019.7709840275186, 485.2300499204653, 193.0], "219" : [1080.1907213195907, 481.7546373687072, 194.0], "221" : [702.1472742726487, 515.7759054358552, 220.0], "223" : [755.0723754784489, 516.0414359500197, 181.0], "225" : [831.1581732236328, 518.6658641593237, 208.0], "227" : [885.434373328035, 515.2348905318664, 192.0], "229" : [885.434373328035, 515.2348905318664, 192.0], "231" : [960.0164255542661, 516.6231887017018, 207.0], "233" : [1023.4686279832121, 516.2465676354273, 204.0], "235" : [648.9474018320644, 594.20844174789, 154.0], "237" : [648.9474018320644, 594.20844174789, 154.0], "239" : [606.0317439494621, 575.9190454357855, 63.0], "241" : [609.8293134351683, 581.0370684928662, 116.0], "243" : [723.5183510302683, 584.474157685297, 267.0], "245" : [791.5508466282503, 587.4915266691831, 177.0], "247" : [791.5508466282503, 587.4915266691831, 177.0], "249" : [961.1664697063304, 589.0417670541167, 170.0], "251" : [961.1664697063304, 589.0417670541167, 170.0], "253" : [931.4686715041297, 585.1038671581584, 233.0], "255" : [931.4686715041297, 585.1038671581584, 233.0], "257" : [1049.2868847452494, 584.6118049188149, 305.0], "259" : [1133.5304366833686, 584.924639089002, 207.0], "261" : [711.9065948385954, 630.8406569427748, 182.0], "263" : [711.9065948385954, 630.8406569427748, 182.0], "265" : [703.6302041840623, 623.422820166038, 149.0], "267" : [703.6302041840623, 623.422820166038, 149.0], "269" : [784.7519992227186, 624.1702893001035, 175.0], "271" : [784.7519992227186, 624.1702893001035, 175.0], "273" : [844.8452835374084, 623.9556625294258, 212.0], "275" : [844.8452835374084, 623.9556625294258, 212.0], "277" : [909.7130043089473, 618.1600882660672, 223.0], "279" : [1005.8813281507973, 617.6684620544479, 241.0], "281" : [1072.6133726370758, 621.4024337432106, 329.0], "283" : [605.6791642473347, 661.9875006813617, 72.0], "285" : [669.5285716143499, 662.03103491823, 203.0], "287" : [669.5285716143499, 662.03103491823, 203.0], "289" : [733.2702689293357, 664.0454043833464, 185.0], "291" : [824.4860926513777, 661.2813060601765, 230.0],