{"1" : [921.4, 581.3, 201.83836980599028], "3" : [1031.8, 556.8, 39.83836980599029], "5" : [955.4, 532.3, 528.8383698059903], "7" : [951.9, 524.2, 43.83836980599029], "9" : [672.7, 449.8, 72.83836980599028], "11" : [681.7, 454.8, 18.838369805990286], "13" : [602.3, 441.1, 177.83836980599028], "15" : [605.4, 437.3, 17.838369805990286], "17" : [678.1, 434.0, 276.8383698059903], "19" : [677.3, 432.0, 30.838369805990286], "21" : [850.4, 442.7, 317.8383698059903], "23" : [835.3, 445.3, 25.838369805990286], "25" : [1009.6, 434.2, 231.83836980599028], "27" : [1004.7, 433.9, 11.838369805990288], "29" : [970.7, 437.6, 275.8383698059903], "31" : [980.7, 436.1, 21.838369805990286], "33" : [1084.3, 431.3, 73.83836980599028], "35" : [1086.4, 442.2, 89.83836980599028], "37" : [1130.4, 424.5, 165.83836980599028], "39" : [1130.9, 434.8, 19.838369805990286], "41" : [1194.6, 439.4, 276.8383698059903], "43" : [1198.5, 442.3, 15.838369805990286], "45" : [1240.2, 444.1, 152.83836980599028], "47" : [1238.3, 445.2, 26.838369805990286], "49" : [1086.6, 435.6, 424.8383698059903], "51" : [1082.4, 437.2, 24.838369805990286], "53" : [955.4, 516.9, 158.83836980599028]}