{"1" : [1434.6, 534.4, 10.928838589869507], "3" : [1462.9, 530.8, 72.92883858986951], "5" : [1463.5, 529.7, 41.92883858986951], "7" : [1489.1, 527.7, 38.92883858986951], "9" : [945.4, 534.4, 331.9288385898695], "11" : [939.5, 532.5, 29.928838589869507], "13" : [942.9, 522.7, 224.9288385898695], "15" : [943.9, 520.6, 48.92883858986951], "17" : [535.4, 468.6, 35.92883858986951], "19" : [528.9, 469.2, 42.92883858986951], "21" : [296.8, 455.3, 116.92883858986951], "23" : [298.6, 452.2, 22.928838589869507], "25" : [207.7, 460.8, 156.9288385898695], "27" : [206.5, 463.5, 28.928838589869507], "29" : [426.1, 475.7, 119.92883858986951], "31" : [431.0, 490.5, 189.9288385898695], "33" : [565.2, 486.2, 167.9288385898695], "35" : [565.5, 484.8, 22.928838589869507], "37" : [669.3, 484.9, 267.9288385898695], "39" : [673.1, 488.5, 16.928838589869507], "41" : [633.0, 492.7, 66.92883858986951], "43" : [631.8, 492.2, 28.928838589869507], "45" : [861.3, 484.9, 229.9288385898695], "47" : [862.1, 484.2, 24.928838589869507], "49" : [1035.7, 483.3, 188.9288385898695], "51" : [1035.0, 482.4, 10.928838589869507], "53" : [1009.2, 484.1, 236.9288385898695], "55" : [1009.6, 482.3, 21.928838589869507], "57" : [1102.0, 478.7, 185.9288385898695], "59" : [1100.9, 476.5, 22.928838589869507], "61" : [1222.1, 481.4, 195.9288385898695], "63" : [1225.5, 478.2, 21.928838589869507], "65" : [1364.7, 483.8, 101.92883858986951], "67" : [1364.6, 485.7, 25.928838589869507], "69" : [1486.2, 488.6, 169.9288385898695], "71" : [1485.1, 490.4, 24.928838589869507], "73" : [1621.8, 491.0, 86.92883858986951], "75" : [1621.7, 493.5, 35.92883858986951], "77" : [1443.2, 491.2, 179.9288385898695], "79" : [1439.4, 492.2, 29.928838589869507], "81" : [1363.2, 486.0, 166.9288385898695], "83" : [1356.9, 484.8, 35.92883858986951], "85" : [1563.5, 485.0, 257.9288385898695], "87" : [1559.4, 485.6, 68.92883858986951], "89" : [783.9, 558.5, 285.9288385898695], "91" : [783.3, 566.9, 24.928838589869507]}