{"1" : [1060.5, 577.5, 16.971007359842737], "3" : [1010.8, 575.7, 53.97100735984274], "5" : [1011.3, 576.7, 22.971007359842737], "7" : [900.6, 568.4, 655.9710073598427], "9" : [902.0, 577.0, 18.971007359842737], "11" : [980.1, 581.6, 240.97100735984273], "13" : [978.9, 581.9, 16.971007359842737], "15" : [1035.2, 581.2, 298.97100735984276], "17" : [1037.6, 578.2, 17.971007359842737], "19" : [1120.2, 568.9, 62.97100735984274], "21" : [953.5, 549.7, 66.97100735984273], "23" : [947.5, 551.1, 14.971007359842737], "25" : [904.8, 558.2, 461.97100735984276], "27" : [899.3, 568.3, 41.97100735984274], "29" : [518.0, 560.8, 73.97100735984273], "31" : [514.4, 561.4, 25.971007359842737], "33" : [348.9, 563.8, 135.97100735984273], "35" : [353.1, 563.9, 21.971007359842737], "37" : [249.1, 576.2, 254.97100735984273], "39" : [251.5, 579.1, 38.97100735984274], "41" : [445.3, 564.3, 342.97100735984276], "43" : [441.0, 568.3, 19.971007359842737], "45" : [520.6, 559.3, 207.97100735984273], "47" : [521.9, 560.5, 21.971007359842737], "49" : [603.1, 548.9, 208.97100735984273], "51" : [601.9, 547.3, 27.971007359842737], "53" : [790.4, 549.3, 350.97100735984276], "55" : [794.4, 545.1, 20.971007359842737], "57" : [899.4, 538.0, 172.97100735984273], "59" : [899.4, 536.7, 20.971007359842737], "61" : [989.4, 538.8, 378.97100735984276], "63" : [990.2, 537.4, 12.971007359842737], "65" : [1038.6, 534.7, 254.97100735984273], "67" : [1039.7, 533.2, 36.97100735984274], "69" : [1179.3, 532.1, 624.9710073598427], "71" : [1186.4, 536.2, 28.971007359842737], "73" : [1371.1, 547.3, 274.97100735984276], "75" : [1372.5, 547.0, 45.97100735984274], "77" : [971.5, 531.3, 320.97100735984276], "79" : [969.8, 535.6, 23.971007359842737], "81" : [833.1, 540.3, 233.97100735984273], "83" : [829.3, 544.3, 14.971007359842737], "85" : [777.1, 537.2, 145.97100735984273]}