{"1" : [909.2887692916862, 333.04572067720716, 374.0], "3" : [762.7228575609672, 74.17714551781704, 105.0], "5" : [647.8160896878325, 102.50434628693566, 230.0], "7" : [647.8160896878325, 102.50434628693566, 230.0], "9" : [709.1630093534349, 104.68901520095937, 173.0], "11" : [709.1630093534349, 104.68901520095937, 173.0], "13" : [807.7091887625211, 103.50857491434324, 653.0], "15" : [807.7091887625211, 103.50857491434324, 653.0], "17" : [858.9375021527039, 108.64728563604967, 184.0], "19" : [946.2567940786911, 112.48689366606033, 206.0], "21" : [1069.2291340812837, 63.78661389623259, 127.0], "23" : [1137.6490892848208, 31.097576843480006, 165.0], "25" : [744.5758975091007, 126.78154139651106, 195.0], "27" : [744.5758975091007, 126.78154139651106, 195.0], "29" : [718.0694428996238, 122.09305737379677, 216.0], "31" : [803.4806833502956, 128.0022702113571, 176.0], "33" : [803.4806833502956, 128.0022702113571, 176.0], "35" : [880.2240871107844, 142.29109553370498, 191.0], "37" : [957.4263623522241, 151.6774081829654, 239.0], "39" : [1009.3626482157816, 146.7807235067639, 249.0], "41" : [1009.3626482157816, 146.7807235067639, 249.0], "43" : [1022.8115388713243, 145.59038459516904, 104.0], "45" : [668.1752056932892, 158.01859561230583, 242.0], "47" : [668.1752056932892, 158.01859561230583, 242.0], "49" : [649.3830212054983, 155.88176040070056, 159.0], "51" : [649.3830212054983, 155.88176040070056, 159.0], "53" : [722.621235914988, 158.8513295893945, 113.0], "55" : [722.621235914988, 158.8513295893945, 113.0], "57" : [831.5095224981126, 170.83511856300163, 168.0], "59" : [950.6450968260826, 164.81764843306584, 51.0], "61" : [950.6450968260826, 164.81764843306584, 51.0], "63" : [835.0674088444763, 174.94481587343338, 270.0], "65" : [1003.4181490512053, 181.48861356633364, 281.0], "67" : [1065.7213359920756, 182.33232065017023, 164.0], "69" : [697.1210251863912, 198.65795157125345, 195.0], "71" : [664.6976080142723, 192.72215698154523, 167.0], "73" : [951.0415519600602, 146.59726199948625, 219.0], "75" : [674.20171315841, 253.5634315922766, 175.0], "77" : [654.0020692429746, 244.47448421240819, 145.0], "79" : [702.1537477657536, 255.36812601973838, 160.0], "81" : [798.4061265405851, 254.89118822543475, 261.0], "83" : [910.3308642308459, 264.0181067120798, 243.0], "85" : [910.3308642308459, 264.0181067120798, 243.0], "87" : [941.3448573963994, 266.3079440058387, 214.0], "89" : [941.3448573963994, 266.3079440058387, 214.0], "91" : [923.7579388510329, 263.48491928145717, 126.0], "93" : [923.7579388510329, 263.48491928145717, 126.0], "95" : [1021.0631583630861, 277.8499994342179, 152.0], "97" : [758.6231595121889, 293.844737109161, 190.0], "99" : [758.6231595121889, 293.844737109161, 190.0], "101" : [860.3476554086333, 284.39999703320564, 128.0], "103" : [860.4438611239833, 288.385963858591, 57.0], "105" : [780.6752457491132, 293.1320159290808, 303.0], "107" : [780.6752457491132, 293.1320159290808, 303.0], "109" : [780.6752457491132, 293.1320159290808, 303.0], "111" : [765.2984478828226, 292.5496200835381, 129.0], "113" : [765.2984478828226, 292.5496200835381, 129.0], "115" : [923.1727884161422, 293.7823146764238, 147.0], "117" : [923.1727884161422, 293.7823146764238, 147.0], "119" : [923.2793086212542, 297.3086194674903, 58.0], "121" : [923.2793086212542, 297.3086194674903, 58.0], "123" : [971.2917104224321, 306.3082873445723, 181.0], "125" : [991.0117634841753, 304.5039195088859, 255.0], "127" : [1008.0361131125908, 310.9535679283901, 252.0], "129" : [659.9164949640337, 312.96339864822943, 194.0], "131" : [743.2893095520236, 316.7779288118975, 290.0], "133" : [706.8275181979766, 320.31938294932706, 258.0], "135" : [700.4616801513174, 319.2102813770483, 107.0], "137" : [880.0635422070727, 327.69374989433453, 192.0], "139" : [880.0635422070727, 327.69374989433453, 192.0], "141" : [956.7102576817622, 338.21099004600705, 273.0], "143" : [1032.1773986689996, 343.0339004735106, 177.0], "145" : [1060.0344867380682, 343.06748719774873, 203.0], "147" : [735.1912158960027, 352.8234292458133, 239.0], "149" : [735.1912158960027, 352.8234292458133, 239.0], "151" : [773.7558826464034, 355.5294110782379, 68.0], "153" : [776.3693159822608, 358.04318384830214, 88.0], "155" : [879.6589520551789, 356.66000032199537, 190.0], "157" : [1007.8783342317706, 405.1483341454775, 60.0], "159" : [1005.1215705540832, 395.02352879852606, 51.0], "161" : [1005.1215705540832, 395.02352879852606, 51.0], "163" : [656.8552347652475, 412.48047587425503, 210.0], "165" : [610.3810833473077, 416.67621665959274, 370.0], "167" : [746.713968506425, 413.41066007290766, 272.0], "169" : [858.67619120365, 427.0850377078143, 147.0], "171" : [858.67619120365, 427.0850377078143, 147.0], "173" : [955.8769659574801, 424.7115179077191, 191.0], "175" : [955.8769659574801, 424.7115179077191, 191.0], "177" : [934.624776873217, 423.82964748152614, 226.0], "179" : [934.624776873217, 423.82964748152614, 226.0], "181" : [964.6853387696815, 427.5659723398097, 191.0], "183" : [964.6853387696815, 427.5659723398097, 191.0], "185" : [933.9118779749068, 457.0087511663124, 160.0], "187" : [933.9118779749068, 457.0087511663124, 160.0], "189" : [759.8591969894787, 451.17356423942283, 174.0], "191" : [814.4490450261111, 452.04840843889605, 157.0], "193" : [814.4490450261111, 452.04840843889605, 157.0], "195" : [1005.8364084533596, 513.3393187981895, 206.0], "197" : [1020.7958630346814, 509.6179289318016, 145.0], "199" : [650.6365990822567, 494.98169924957796, 153.0], "201" : [650.6365990822567, 494.98169924957796, 153.0], "203" : [728.1950273421371, 482.8801073086758, 181.0], "205" : [728.1950273421371, 482.8801073086758, 181.0], "207" : [678.0464470482303, 485.60599055343357, 267.0], "209" : [826.7077938665929, 491.5583327094152, 372.0], "211" : [826.7077938665929, 491.5583327094152, 372.0], "213" : [873.469116600996, 491.3761036368867, 272.0], "215" : [873.469116600996, 491.3761036368867, 272.0], "217" : [888.736405723073, 488.11705094536177, 217.0], "219" : [888.736405723073, 488.11705094536177, 217.0], "221" : [978.8025635901021, 482.9371726863353, 234.0], "223" : [1050.7643913179675, 485.7199993327898, 205.0], "225" : [1093.0472988053552, 490.3445969636941, 74.0], "227" : [1093.0472988053552, 490.3445969636941, 74.0], "229" : [793.0475210641991, 520.2290774464085, 141.0], "231" : [793.0475210641991, 520.2290774464085, 141.0], "233" : [958.3608259757857, 521.1092734014516, 194.0], "235" : [1020.407147652147, 518.5720765470061, 154.0], "237" : [925.4562520348976, 512.7906242921655, 96.0], "239" : [1018.1066670518654, 523.9766655625042, 60.0], "241" : [1014.1245299634121, 509.2283023139394, 53.0], "243" : [1006.0929828399758, 478.76140157448646, 57.0], "245" : [1002.966255191955, 474.5515355912229, 163.0], "247" : [1048.3046359387497, 525.0993371014204, 151.0], "249" : [631.9900506398096, 581.8099499239188, 201.0], "251" : [593.7397057854391, 577.7095587654595, 136.0], "253" : [644.1105878619229, 579.4564690813331, 170.0], "255" : [747.2369089003861, 567.7953032895949, 149.0], "257" : [747.2369089003861, 567.7953032895949, 149.0], "259" : [747.3920659346146, 571.0634892714459, 63.0], "261" : [747.3920659346146, 571.0634892714459, 63.0], "263" : [700.692738279356, 578.4871516671105, 179.0], "265" : [815.9226736181092, 574.0802309611165, 172.0], "267" : [948.6694895453344, 573.3478809978532, 236.0], "269" : [1035.6098654673362, 576.7201802018319, 223.0], "271" : [1035.6098654673362, 576.7201802018319, 223.0], "273" : [1104.6751072420607, 582.9763942679211, 233.0], "275" : [1120.5822908850157, 590.179167253243, 288.0], "277" : [1133.0797305018884, 596.8946005599256, 74.0], "279" : [735.1056442998731, 620.2282270412462, 124.0], "281" : [735.1056442998731, 620.2282270412462, 124.0], "283" : [732.1062501860598, 616.8140623862101, 128.0], "285" : [842.9598964664373, 609.7947926017374, 192.0], "287" : [915.1004453187512, 605.6244444405615, 225.0], "289" : [1007.7415078937155, 612.2264182256486, 53.0],