{"1" : [687.4219918622181, 93.49529016953288, 191.0], "3" : [638.970807459246, 31.19441065664409, 161.0], "5" : [590.908649195236, 1.8243203479430465, 185.0], "7" : [732.1451803282555, 70.14873272951057, 197.0], "9" : [640.2727785680742, 62.05027448030524, 360.0], "11" : [756.766143313107, 68.67323316653862, 127.0], "13" : [948.3267027815097, 11.301703710510488, 176.0], "15" : [865.372941490291, 36.57725419166206, 255.0], "17" : [748.2470591162887, 71.4953984829341, 391.0], "19" : [815.9609639155886, 84.8278084997924, 187.0], "21" : [911.0821974699381, 82.47500020826108, 264.0], "23" : [963.4777755512741, 85.14444645699075, 72.0], "25" : [682.7085202547344, 98.35815074279675, 270.0], "27" : [682.7085202547344, 98.35815074279675, 270.0], "29" : [620.4197049704821, 91.55547635177075, 137.0], "31" : [622.3827828502659, 89.02131078436868, 122.0], "33" : [685.9752728953939, 95.58494788383994, 93.0], "35" : [685.9752728953939, 95.58494788383994, 93.0], "37" : [685.0806811388103, 107.20568470517688, 88.0], "39" : [861.6473838091731, 109.13924667878682, 344.0], "41" : [974.8243565395798, 103.47025498138031, 427.0], "43" : [679.5829396949315, 146.21904687231597, 252.0], "45" : [806.8512728394288, 144.35890682961443, 275.0], "47" : [923.6305993110143, 143.43942876648947, 317.0], "49" : [817.4742135102067, 200.69496527660556, 159.0], "51" : [945.5045650794427, 194.92602979919778, 219.0], "53" : [1044.3500007084958, 199.51851946938947, 54.0], "55" : [821.773953297306, 227.20232465692658, 215.0], "57" : [764.121852127564, 231.16218585335537, 238.0], "59" : [943.4363017800727, 234.12133728551842, 314.0], "61" : [970.0993793221944, 239.44866054154735, 485.0], "63" : [731.2643844580389, 275.6410962545988, 219.0], "65" : [670.0922651714715, 269.70718411799146, 181.0], "67" : [720.1761415502313, 272.9761447935233, 197.0], "69" : [822.5928590611339, 284.8694782058358, 154.0], "71" : [942.5957006193252, 283.1757822473468, 256.0], "73" : [949.2243555668913, 275.82564540640203, 78.0], "75" : [746.3094131294985, 299.2753259377043, 308.0], "77" : [746.3094131294985, 299.2753259377043, 308.0], "79" : [857.652323069179, 303.61744111722595, 172.0], "81" : [953.8069462326791, 313.5777780398939, 144.0], "83" : [957.366667928794, 316.16449003008944, 138.0], "85" : [837.3927607381796, 341.6588225752884, 221.0], "87" : [837.3927607381796, 341.6588225752884, 221.0], "89" : [756.8592788916924, 342.88865803359636, 194.0], "91" : [961.7715171280913, 353.080803149433, 323.0], "93" : [961.7715171280913, 353.080803149433, 323.0], "95" : [1012.1842884413678, 362.17500110955723, 140.0], "97" : [1012.1842884413678, 362.17500110955723, 140.0], "99" : [793.1852316308723, 408.6409228943163, 325.0], "101" : [872.0716338990774, 412.8903854756124, 208.0], "103" : [954.27910498261, 416.35821071031614, 268.0], "105" : [1009.6827579324182, 420.02629373016646, 232.0], "107" : [789.0336999560902, 450.96740249337563, 181.0], "109" : [662.194756597185, 456.25508662334846, 305.0], "111" : [662.194756597185, 456.25508662334846, 305.0], "113" : [662.194756597185, 456.25508662334846, 305.0], "115" : [738.7860592696071, 450.5466352750338, 208.0], "117" : [826.2957765388182, 451.2938980437025, 213.0], "119" : [881.3391476939381, 445.91351886462013, 281.0], "121" : [901.144556405493, 448.6074260850726, 202.0], "123" : [1005.6758074970926, 449.08279745745665, 186.0], "125" : [1133.4451608496993, 455.11889864999387, 217.0], "127" : [697.7926919103292, 483.0265363044613, 260.0], "129" : [757.33889037439, 481.084722642637, 72.0], "131" : [760.6263445117494, 484.6253649188517, 205.0], "133" : [833.62980749738, 484.54903813694364, 208.0], "135" : [927.0608250495851, 487.08453553988664, 97.0], "137" : [1048.4449961278171, 460.59166554365794, 60.0], "139" : [1047.6849451501153, 465.7026837083356, 186.0], "141" : [747.7045455936125, 501.67954565471837, 88.0], "143" : [853.1790544843692, 508.1256731462871, 148.0], "145" : [857.9758825086151, 512.2333308724059, 141.0], "147" : [766.7923146442978, 524.739817555307, 221.0], "149" : [1018.3497913146203, 530.149386967231, 243.0], "151" : [975.3760640007552, 531.5728728382261, 188.0], "153" : [771.293247451847, 581.1004212256285, 237.0], "155" : [769.0201492838588, 584.3059709801522, 134.0], "157" : [884.052249116517, 571.4400893366984, 222.0], "159" : [981.8915492443507, 577.4887300044857, 213.0], "161" : [1047.1115376490861, 580.5894242732071, 208.0], "163" : [723.5373790597135, 626.4404785740853, 420.0], "165" : [723.5373790597135, 626.4404785740853, 420.0], "167" : [834.0239508179973, 626.4723457735778, 405.0], "169" : [834.0239508179973, 626.4723457735778, 405.0], "171" : [960.4116995161194, 615.8060374677216, 265.0], "173" : [1020.5672529816727, 618.9519667862522, 229.0], "175" : [1097.9030479242751, 620.9510162410517, 394.0], "177" : [770.191765849904, 663.3929390946631, 85.0], "179" : [770.191765849904, 663.3929390946631, 85.0], "181" : [770.191765849904, 663.3929390946631, 85.0], "183" : [768.4683111546583, 670.2468334710518, 284.0], "185" : [853.1903529418178, 665.6030408578642, 197.0], "187" : [998.1122493861748, 648.9463583488113, 302.0], "189" : [1052.019160497216, 652.6271027731186, 214.0], "191" : [1052.019160497216, 652.6271027731186, 214.0], "193" : [798.263106994053, 744.031069254761, 206.0], "195" : [699.049361617961, 735.0834071363162, 235.0], "197" : [676.8588235828933, 749.4261460187163, 153.0], "199" : [819.0965225474356, 735.2113027389746, 115.0], "201" : [820.1873027207702, 737.1222234139797, 126.0], "203" : [913.0807880807282, 738.3395485089713, 354.0], "205" : [1012.165704604585, 735.0516258279513, 277.0], "207" : [1071.4585568424004, 735.0177188845436, 333.0], "209" : [1100.885929281533, 732.8472393773494, 199.0], "211" : [888.2846138308713, 775.2076914908994, 143.0], "213" : [784.8533329734822, 771.269999982642, 120.0], "215" : [792.7970149252795, 777.944772700986, 67.0], "217" : [924.332353062451, 773.0607871818193, 204.0], "219" : [1008.3458719313162, 765.127522546353, 218.0], "221" : [882.8613957334281, 808.816176718206, 272.0], "223" : [1011.8403988726398, 809.9821228499918, 151.0], "225" : [1011.8403988726398, 809.9821228499918, 151.0], "227" : [1013.3038167915236, 808.3763304729796, 131.0], "229" : [1013.3038167915236, 808.3763304729796, 131.0], "231" : [1079.5305400623, 803.5491017083599, 167.0], "233" : [817.6255097368147, 827.8096955617912, 196.0], "235" : [817.6255097368147, 827.8096955617912, 196.0], "237" : [917.3442293104235, 831.969874585977, 156.0], "239" : [919.1950945709191, 841.1960760301109, 204.0], "241" : [1001.3497956721649, 844.0680084082097, 247.0], "243" : [711.5958957818167, 931.7479476396743, 146.0], "245" : [758.4012109600964, 937.3911276565447, 248.0], "247" : [885.6664153711409, 934.3358227007791, 134.0], "249" : [886.0060961582707, 927.5621964988978, 82.0], "251" : [886.0060961582707, 927.5621964988978, 82.0], "253" : [957.6576366332233, 932.4832518650398, 203.0], "255" : [1036.8376718691602, 934.8273981972076, 146.0], "257" : [884.7620919198062, 89.05098130154661, 153.0], "259" : [714.6200939298756, 15.791519542574557, 224.0], "261" : [579.1580639639109, 1.6032243906206642, 62.0], "263" : [520.0889671407004, 9.104827579579252, 290.0], "265" : [520.0889671407004, 9.104827579579252, 290.0], "267" : [990.9260641825824, 8.28521184189317, 399.0], "269" : [895.5773632327489, 9.847170312193667, 53.0], "271" : [896.5759621700346, 11.627887246173902, 208.0], "273" : [739.324228847765, 66.68678521548601, 227.0], "275" : [634.7808354879099, 73.40916906629434, 120.0], "277" : [628.7484842957969, 79.98106199429606, 396.0], "279" : [709.2166679687328, 82.30312377803878, 192.0], "281" : [911.1647492986916, 88.54061535409713, 261.0], "283" : [860.4116135775823, 84.07365418563694, 353.0], "285" : [860.4116135775823, 84.07365418563694, 353.0], "287" : [914.3653484773212, 78.52938685139951, 228.0], "289" : [995.8017591669577, 69.5590285072424, 227.0], "291" : [1084.742577582677, 74.46679871339937, 256.0],