{"1" : [579.6, 631.0, 47.90445061740333], "3" : [908.5, 712.0, 217.90445061740334], "5" : [907.4, 716.9, 23.904450617403327], "7" : [1007.6, 722.9, 237.90445061740334], "9" : [1004.7, 726.5, 40.90445061740333], "11" : [835.3, 613.2, 273.9044506174033], "13" : [965.8, 544.8, 566.9044506174033], "15" : [963.6, 554.4, 41.90445061740333], "17" : [764.3, 457.5, 233.90445061740334], "19" : [761.2, 464.7, 15.90445061740333], "21" : [710.7, 467.4, 57.90445061740333], "23" : [705.4, 453.6, 251.90445061740334], "25" : [647.8, 500.5, 137.90445061740334], "27" : [642.0, 461.9, 47.90445061740333], "29" : [974.2, 456.4, 218.90445061740334], "31" : [971.4, 452.7, 15.90445061740333], "33" : [914.9, 454.4, 138.90445061740334], "35" : [911.0, 455.9, 45.90445061740333], "37" : [630.6, 436.4, 56.90445061740333], "39" : [629.8, 439.6, 295.9044506174033], "41" : [715.8, 550.3, 148.90445061740334], "43" : [704.6, 465.3, 20.904450617403327], "45" : [814.2, 448.7, 71.90445061740333], "47" : [815.9, 455.4, 298.9044506174033], "49" : [943.6, 465.7, 180.90445061740334], "51" : [941.9, 443.1, 21.904450617403327], "53" : [1036.9, 444.7, 251.90445061740334], "55" : [1038.1, 448.2, 25.904450617403327], "57" : [1174.3, 440.7, 160.90445061740334], "59" : [1177.6, 440.5, 16.904450617403327], "61" : [1231.9, 435.7, 202.90445061740334], "63" : [1228.2, 434.2, 23.904450617403327], "65" : [1094.0, 426.9, 116.90445061740333]}