{"1" : [988.5, 668.2, 16.79521389716248], "3" : [935.7, 668.1, 166.79521389716248], "5" : [938.0, 670.9, 503.7952138971624], "7" : [943.4, 617.0, 86.79521389716248], "11" : [968.3, 533.4, 462.79521389716245], "13" : [971.6, 530.0, 40.79521389716248], "15" : [730.2, 510.7, 154.79521389716248], "17" : [732.5, 512.0, 14.795213897162482], "19" : [688.4, 514.4, 146.79521389716248], "21" : [690.0, 516.0, 32.79521389716248], "23" : [906.7, 520.6, 231.79521389716248], "25" : [905.1, 522.8, 24.79521389716248], "27" : [1030.3, 526.4, 177.79521389716248], "29" : [1026.2, 526.0, 21.79521389716248], "31" : [1130.0, 518.9, 235.79521389716248], "33" : [1120.2, 514.2, 29.79521389716248], "35" : [1296.9, 517.5, 243.79521389716248]}