{"1": [29.6, 385.0, 151.0], "2": [93.21096428667218, 385.07097796627954, 148.0], "3": [108.4726677895242, 384.34423018042946, 166.0], "4": [170.0, 385.0, 184.0], "5": [234.92678252744088, 385.07097796627954, 330.0], "6": [260.5, 385.0, 142.0], "7": [200.76963659248636, 382.8907346087293, 301.0], "8": [241.1, 385.0, 513.0], "9": [271.5, 385.0, 243.0], "10": [311.23530004170095, 382.8907346087293, 236.0], "11": [320.7, 385.0, 146.0], "12": [351.1, 385.0, 183.0], "13": [391.3, 385.0, 185.0], "14": [475.9, 385.0, 296.0], "15": [590.6, 385.0, 218.0], "16": [643.3590381751948, 381.4372390370291, 234.0], "17": [685.5104097545003, 384.34423018042946, 257.0], "18": [643.8, 385.0, 123.0], "19": [707.3128433300033, 381.4372390370291, 236.0], "20": [737.1095025498572, 384.34423018042946, 224.0], "21": [763.8, 385.0, 217.0], "22": [798.9, 385.0, 136.0], "23": [879.552068576476, 384.34423018042946, 262.0], "24": [843.2, 385.0, 598.0], "25": [874.8, 385.0, 152.0], "26": [516.8, 385.0, 220.0], "27": [113.3, 385.0, 225.0], "28": [60.0, 385.0, 184.0], "29": [110.6, 385.0, 124.0], "30": [201.49638437833647, 380.710491251179, 228.0], "31": [254.9, 385.0, 224.0], "32": [233.4, 385.0, 255.0], "33": [311.3, 385.0, 259.0], "34": [351.2, 385.0, 321.0], "35": [317.0, 385.0, 240.0], "36": [418.06722456166506, 385.07097796627954, 242.0], "37": [456.1, 385.0, 212.0], "38": [411.9, 385.0, 306.0], "39": [604.9, 385.0, 259.0], "40": [683.3301663969501, 385.7977257521296, 215.0], "41": [604.8414055251397, 383.6174823945794, 282.0], "42": [681.2, 385.0, 215.0], "43": [738.9, 385.0, 213.0], "44": [779.1, 385.0, 194.0], "45": [833.4, 385.0, 296.0], "46": [883.1858075057264, 386.52447353797976, 827.0], "47": [893.6, 385.0, 562.0]}