{"1": [61.2, 385.0, 110.0], "2": [115.9, 385.0, 157.0], "3": [176.3, 385.0, 273.0], "4": [239.7, 385.0, 191.0], "5": [311.96204782755103, 382.16398682287917, 161.0], "6": [370.0, 385.0, 202.0], "7": [480.9, 385.0, 361.0], "8": [608.4, 385.0, 192.0], "9": [670.6, 385.0, 188.0], "10": [710.4, 385.0, 215.0], "11": [765.4, 385.0, 152.0], "12": [879.4, 385.0, 248.0], "13": [874.8, 385.0, 282.0], "14": [682.6034186111, 385.07097796627954, 113.0], "15": [110.65291114707449, 381.4372390370291, 201.0], "16": [52.8, 385.0, 181.0], "17": [203.67662773588677, 385.07097796627954, 206.0], "18": [234.7, 385.0, 181.0], "19": [374.4, 385.0, 207.0], "20": [501.1, 385.0, 251.0], "21": [680.6, 385.0, 181.0], "22": [863.2, 385.0, 278.0], "23": [883.1858075057264, 382.8907346087293, 596.0], "24": [944.8, 385.0, 696.0]}