{"1" : [976.3, 561.1, 186.83836980599028], "3" : [942.1, 547.4, 101.83836980599028], "5" : [963.1, 527.9, 541.8383698059903], "7" : [953.7, 519.5, 31.838369805990286], "9" : [740.7, 436.6, 54.83836980599029], "11" : [731.7, 432.4, 14.838369805990288], "13" : [684.7, 417.0, 216.83836980599028], "15" : [690.8, 416.2, 24.838369805990286], "17" : [839.3, 418.9, 221.83836980599028], "19" : [835.6, 420.5, 20.838369805990286], "21" : [913.9, 417.0, 264.8383698059903], "23" : [911.6, 414.7, 24.838369805990286], "25" : [1055.5, 409.9, 165.83836980599028], "27" : [1048.6, 407.8, 21.838369805990286], "29" : [1160.2, 405.6, 713.8383698059903], "31" : [1170.1, 406.4, 35.83836980599029], "33" : [933.8, 480.1, 208.83836980599028], "35" : [936.7, 490.1, 884.8383698059903], "37" : [1000.3, 583.0, 73.83836980599028], "39" : [995.0, 588.4, 21.838369805990286], "41" : [956.3, 509.3, 107.83836980599028], "43" : [961.2, 523.6, 11.838369805990288], "45" : [913.6, 529.9, 205.83836980599028], "47" : [919.3, 541.8, 24.838369805990286]}