{"0": [1047.950795995226, 21.0, 126.0], "1": [1134.8465105561206, 21.0, 172.0], "2": [1163.4776298868383, 21.0, 152.0], "3": [786.2718798445173, 87.0, 183.0], "4": [906.1189657128696, 87.0, 116.0], "5": [902.2300980648187, 87.0, 103.0], "6": [963.7148260153838, 87.0, 320.0], "7": [1093.565458809296, 87.0, 186.0], "8": [670.5226732363694, 120.0, 146.0], "9": [771.0547170102822, 120.0, 159.0], "10": [886.0632984065645, 120.0, 297.0], "11": [956.9958921566786, 120.0, 292.0], "12": [898.4957299062243, 120.0, 126.0], "13": [897.9081704818175, 120.0, 126.0], "14": [583.5295234941088, 153.0, 105.0], "15": [667.4587574729295, 153.0, 274.0], "16": [706.6897442653261, 153.0, 234.0], "17": [830.8063061111794, 153.0, 222.0], "18": [930.2104974281282, 153.0, 181.0], "19": [926.5315811175582, 153.0, 114.0], "20": [959.449682508406, 153.0, 314.0], "21": [1037.2795793925184, 153.0, 333.0], "22": [622.4209062294252, 186.0, 110.0], "23": [625.696260951423, 186.0, 107.0], "24": [728.216518009286, 186.0, 224.0], "25": [728.216518009286, 186.0, 224.0], "26": [818.0526108465186, 186.0, 230.0], "27": [909.6593589699543, 186.0, 222.0], "28": [993.337897567292, 186.0, 219.0], "29": [924.0287662720733, 186.0, 292.0], "30": [924.0287662720733, 186.0, 292.0], "31": [1050.9280686651764, 186.0, 171.0], "32": [1044.388956599158, 186.0, 163.0], "33": [618.2298844641604, 252.0, 162.0], "34": [618.2298844641604, 252.0, 162.0], "35": [761.7634036089186, 252.0, 194.0], "36": [737.7823037563766, 252.0, 226.0], "37": [834.345359945582, 252.0, 291.0], "38": [907.419830524849, 252.0, 353.0], "39": [906.444812046951, 252.0, 212.0], "40": [1028.8113101514482, 252.0, 168.0], "41": [934.3272744419831, 252.0, 352.0], "42": [956.7479481469168, 252.0, 219.0], "43": [1007.3933512632119, 252.0, 391.0], "44": [1041.4594392074673, 252.0, 143.0], "45": [778.7203812450443, 285.0, 157.0], "46": [778.7203812450443, 285.0, 157.0], "47": [873.9201638707796, 285.0, 243.0], "48": [873.9201638707796, 285.0, 243.0], "49": [958.0078787927812, 285.0, 165.0], "50": [958.0078787927812, 285.0, 165.0], "51": [597.1330188933397, 318.0, 106.0], "52": [605.4669469433783, 318.0, 118.0], "53": [738.0240765465887, 318.0, 270.0], "54": [738.0240765465887, 318.0, 270.0], "55": [926.9325582824171, 318.0, 301.0], "56": [926.9325582824171, 318.0, 301.0], "57": [1015.0779620169035, 318.0, 363.0], "58": [1015.0779620169035, 318.0, 363.0], "59": [1019.2492448345691, 318.0, 199.0], "60": [1019.2492448345691, 318.0, 199.0], "61": [649.5358984305028, 351.0, 117.0], "62": [649.5358984305028, 351.0, 117.0], "63": [749.8431955312931, 351.0, 102.0], "64": [751.0183143801066, 351.0, 102.0], "65": [861.9327153373135, 351.0, 162.0], "66": [861.9327153373135, 351.0, 162.0], "67": [955.3379699676852, 351.0, 187.0], "68": [923.1732257313115, 351.0, 248.0], "69": [922.5856663069047, 351.0, 248.0], "70": [612.3542902200919, 416.5, 150.0], "71": [537.7342433204229, 406.29286653159204, 134.0], "72": [763.2606575225647, 416.0, 183.0], "73": [693.4374907882361, 416.5, 146.0], "74": [798.5539329706869, 416.0, 178.0], "75": [907.8966806967336, 416.5, 261.0], "76": [909.0717995455473, 416.5, 261.0], "77": [880.6413191241702, 416.0, 167.0], "78": [1030.309075552153, 415.2730121113643, 105.0], "79": [1028.9339221245432, 416.5, 180.0], "80": [1029.5214815489499, 416.5, 180.0], "81": [1059.682388903381, 416.0, 176.0], "82": [728.1034968282398, 450.9473827865121, 144.0], "83": [837.4293588127554, 450.0, 109.0], "84": [830.879687784013, 450.0, 128.0], "85": [830.879687784013, 450.0, 128.0], "86": [937.2746519170757, 450.0, 203.0], "87": [938.4497707658894, 450.0, 203.0], "88": [937.2746519170757, 450.0, 203.0], "89": [890.0055185230912, 450.0, 145.0], "90": [890.0055185230912, 450.0, 145.0], "91": [890.0055185230912, 450.0, 145.0], "92": [889.2714277086664, 450.0, 105.0], "93": [889.2714277086664, 450.0, 105.0], "94": [889.2714277086664, 450.0, 105.0], "95": [961.4778940785883, 450.0, 285.0], "96": [986.1093439466506, 450.0, 182.0], "97": [555.8112101075974, 483.0, 223.0], "98": [659.3590441726393, 483.0, 159.0], "99": [659.9466035970461, 483.0, 159.0], "100": [802.8627111942108, 483.0, 118.0], "101": [802.8627111942108, 483.0, 118.0], "102": [802.8627111942108, 483.0, 118.0], "103": [776.0028015204613, 485.2701845676121, 120.0], "104": [800.3733060302815, 483.0, 120.0], "105": [718.3703967196299, 483.0, 152.0], "106": [836.6146787829526, 483.0, 218.0], "107": [939.8229260316019, 483.0, 205.0], "108": [939.8229260316019, 483.0, 205.0], "109": [939.8229260316019, 483.0, 205.0], "110": [998.2611975653674, 483.0, 317.0], "111": [998.2611975653674, 483.0, 317.0], "112": [902.0210864526653, 483.0, 171.0], "113": [902.608645877072, 483.0, 171.0], "114": [901.4335270282584, 483.0, 171.0], "115": [1076.5718250789187, 483.0, 181.0], "116": [622.930359859415, 516.0, 104.0], "117": [622.930359859415, 516.0, 104.0], "118": [597.077745185514, 516.0, 139.0], "119": [824.6571425356284, 516.0, 196.0], "120": [824.6571425356284, 516.0, 196.0], "121": [850.743451043761, 516.0, 168.0], "122": [850.743451043761, 516.0, 168.0], "123": [983.1945141919132, 516.0, 237.0], "124": [983.1945141919132, 516.0, 237.0], "125": [983.1945141919132, 516.0, 237.0], "126": [938.0108903332791, 516.0, 303.0], "127": [938.0108903332791, 516.0, 303.0], "128": [1029.6555545585973, 516.0, 216.0], "129": [1069.653809162637, 516.0, 223.0], "130": [572.4002493604266, 582.0, 146.0], "131": [572.9878087848334, 582.0, 146.0], "132": [761.4005530000317, 582.0, 181.0], "133": [570.045105352431, 582.0, 286.0], "134": [676.3982674804377, 582.0, 156.0], "135": [721.1051528541518, 582.0, 194.0], "136": [863.3868787312589, 582.0, 221.0], "137": [863.3868787312589, 582.0, 221.0], "138": [618.7206688072957, 582.0, 179.0], "139": [618.7206688072957, 582.0, 179.0], "140": [914.3598343652088, 582.0, 206.0], "141": [914.3598343652088, 582.0, 206.0], "142": [1022.8612081476074, 582.0, 116.0], "143": [1085.3396268676001, 582.0, 221.0], "144": [1084.752067443193, 582.0, 221.0], "145": [648.8723393117372, 615.0, 235.0], "146": [727.8751092891184, 615.0, 229.0], "147": [727.8751092891184, 615.0, 229.0], "148": [840.7702705948619, 615.0, 333.0], "149": [808.0115785475705, 615.0, 265.0], "150": [808.5991379719773, 615.0, 265.0], "151": [808.0115785475705, 615.0, 265.0], "152": [886.7445414180872, 615.0, 101.0], "153": [989.9510864921078, 615.0, 184.0], "154": [702.0962863776147, 648.0, 350.0], "155": [702.0962863776147, 615.0, 350.0], "156": [775.2944992230308, 615.0, 200.0], "157": [909.851122346766, 615.0, 178.0], "158": [856.1939275442451, 615.0, 247.0], "159": [1035.0278522027047, 615.0, 219.0], "160": [688.5323649068627, 648.0, 275.0], "161": [795.6728306350267, 648.0, 181.0], "162": [899.9931059009881, 648.0, 145.0], "163": [894.8339865363198, 648.0, 256.0], "164": [1007.7219923617852, 648.0, 241.0], "165": [1007.7219923617852, 648.0, 241.0], "166": [920.2354286092773, 648.0, 240.0], "167": [999.4615968656093, 648.0, 263.0], "168": [741.1203374959777, 681.0, 177.0], "169": [723.3005287714226, 681.0, 189.0], "170": [716.4236495725462, 681.0, 296.0], "171": [777.9422931013688, 681.0, 279.0], "172": [777.5901624532311, 681.0, 183.0], "173": [777.5901624532311, 681.0, 183.0], "174": [854.7829656855995, 681.0, 182.0], "175": [851.9315368899372, 681.0, 130.0], "176": [766.5635832907557, 681.0, 162.0], "177": [892.8173929089724, 681.0, 138.0], "178": [593.9819665640441, 747.0, 183.0], "179": [702.5548225764696, 747.0, 197.0], "180": [660.7362829564828, 747.0, 113.0], "181": [802.0968750509902, 747.0, 160.0], "182": [789.952035727454, 780.0, 221.0], "183": [859.7546873633911, 780.0, 128.0], "184": [998.24413292715, 780.0, 179.0], "185": [648.1137950127519, 813.0, 116.0], "186": [648.1137950127519, 813.0, 116.0], "187": [782.1589638736693, 813.0, 201.0], "188": [771.9741872783753, 844.3204288935453, 182.0], "189": [857.1093854427031, 846.0, 213.0], "190": [928.5865659394766, 847.3418895751099, 141.0],