{"1": [703.6336287020725, 21.0, 113.0], "2": [654.2560050458429, 21.0, 149.0], "3": [654.8548705349633, 21.0, 149.0], "4": [744.085828413887, 21.0, 160.0], "5": [879.6469588168981, 21.0, 230.0], "6": [879.6469588168981, 21.0, 230.0], "7": [757.328085748935, 87.0, 235.0], "8": [937.519381399742, 87.0, 272.0], "9": [670.7299403561295, 120.0, 167.0], "10": [729.3204578650109, 120.0, 220.0], "11": [877.8189662589789, 120.0, 290.0], "12": [1011.4945618643983, 120.0, 239.0], "13": [1036.9310525937108, 121.25381662470136, 178.0], "14": [699.1061730488298, 153.0, 162.0], "15": [699.1061730488298, 153.0, 162.0], "16": [793.9260486990587, 153.0, 215.0], "17": [793.9260486990587, 153.0, 215.0], "18": [793.9260486990587, 153.0, 215.0], "19": [883.7237187499306, 153.0, 215.0], "20": [1038.7276490610716, 153.0, 517.0], "21": [1038.1287835719513, 153.5925530371972, 517.0], "22": [702.7620322341403, 186.0, 187.0], "23": [794.3905294999918, 186.0, 211.0], "24": [812.3564941736006, 186.0, 171.0], "25": [947.206841956513, 186.0, 263.0], "26": [1009.3040450106952, 186.0, 272.0], "27": [666.5737361363944, 252.0, 377.0], "28": [666.5737361363944, 252.0, 377.0], "29": [800.7180702655397, 252.0, 249.0], "30": [947.3059478030386, 252.0, 185.0], "31": [947.3059478030386, 252.0, 185.0], "32": [1005.0325374277662, 252.0, 209.0], "33": [1005.0325374277662, 252.0, 209.0], "34": [739.9515022711973, 285.0, 233.0], "35": [739.9515022711973, 285.0, 233.0], "36": [800.8216737406415, 285.0, 143.0], "37": [800.8216737406415, 285.0, 143.0], "38": [801.8805732387184, 285.0, 139.0], "39": [801.8805732387184, 285.0, 139.0], "40": [923.1696831569071, 285.0, 221.0], "41": [923.1696831569071, 285.0, 221.0], "42": [1012.9764330288989, 285.0, 348.0], "43": [1011.7787020506584, 285.3429606436619, 348.0], "44": [656.0624130458848, 318.0, 141.0], "45": [636.8889058613545, 317.68169705615776, 364.0], "46": [795.777889017421, 318.0, 199.0], "47": [1054.303418960549, 318.0, 117.0], "48": [803.7362837325941, 351.0, 226.0], "49": [803.7362837325941, 351.0, 226.0], "50": [1000.999123246493, 351.0, 373.0], "51": [1000.4002577573727, 351.0, 373.0], "52": [620.1937487943109, 416.0, 144.0], "53": [853.3162948191311, 416.0, 178.0], "54": [954.0646707419295, 416.0, 167.0], "55": [1102.4482734836056, 416.0, 203.0], "56": [727.9164602076391, 450.0, 210.0], "57": [834.104716244747, 450.0, 212.0], "58": [959.0785390080725, 450.0, 111.0], "59": [657.2643446051133, 483.0, 115.0], "60": [721.3289398273158, 483.0, 253.0], "61": [718.9334778708346, 483.0, 253.0], "62": [870.6488819364081, 483.0, 268.0], "63": [1030.8520175242782, 483.0, 198.0], "64": [1030.8520175242782, 483.0, 198.0], "65": [1103.89154155341, 483.0, 201.0], "66": [706.9561680884287, 514.7084429767344, 185.0], "67": [744.6846939030073, 516.0, 413.0], "68": [744.6846939030073, 517.1039049332157, 413.0], "69": [905.8585685442449, 516.0, 461.0], "70": [905.8585685442449, 516.0, 461.0], "71": [1021.2367066057361, 516.0, 188.0], "72": [1021.2367066057361, 516.0, 188.0], "73": [1083.0436952559733, 516.0, 109.0], "74": [1083.6425607450938, 516.0, 109.0], "75": [777.5659413688606, 516.0, 138.0], "76": [871.279215392895, 516.0, 178.0], "77": [871.279215392895, 516.0, 178.0], "78": [975.0458523656046, 516.0, 205.0], "79": [1044.7163039522745, 516.0, 189.0], "80": [689.1213806719678, 516.0, 145.0], "81": [687.1936069474591, 516.0, 178.0], "82": [809.5060452040418, 516.0, 215.0], "83": [940.2128201292861, 516.0, 273.0], "84": [805.757673231742, 516.0, 215.0], "85": [805.757673231742, 516.0, 215.0], "86": [864.8810247982518, 516.0, 195.0], "87": [1005.7900471594553, 516.0, 268.0], "88": [1006.3889126485758, 516.0, 268.0], "89": [1064.1020764650157, 516.0, 241.0], "90": [938.743478435883, 516.0, 207.0], "91": [830.3224588472093, 516.0, 222.0], "92": [980.7059825002043, 516.0, 234.0], "93": [1081.039321036458, 516.0, 384.0], "94": [661.3674713820352, 516.0, 166.0], "95": [743.3180323390698, 516.0, 183.0], "96": [854.8759439011415, 516.0, 199.0], "97": [907.2388720274828, 516.0, 319.0], "98": [907.2388720274828, 516.0, 319.0], "99": [1043.2295161104778, 516.0, 227.0], "100": [784.8533768821915, 516.0, 148.0], "101": [857.2714058576225, 515.3073084658548, 190.0], "102": [854.2770784120211, 515.3073084658548, 190.0], "103": [984.2308895511248, 516.5050394440955, 180.0], "104": [730.6213640205832, 516.0, 323.0], "105": [873.5075290601275, 516.0, 239.0], "106": [1001.5979887356134, 515.9061739549752, 174.0], "107": [1001.5979887356134, 516.5050394440955, 174.0], "108": [741.4808518113059, 516.0, 141.0], "109": [819.7149307751464, 516.0, 221.0], "110": [819.7149307751464, 516.0, 221.0], "111": [985.7765723083132, 516.0, 175.0], "112": [703.9618406428274, 517.1039049332157, 121.0], "113": [748.7513658700743, 516.0, 183.0], "114": [854.8620534008315, 516.0, 282.0], "115": [854.8620534008315, 516.0, 282.0], "116": [966.946399252217, 516.0, 125.0], "117": [771.470985094586, 516.0, 193.0], "118": [771.470985094586, 516.0, 193.0], "119": [821.4973112414519, 516.0, 223.0], "120": [963.8070222631042, 516.0, 299.0], "121": [963.8070222631042, 516.0, 299.0], "122": [1052.2732295000578, 516.0, 127.0], "123": [755.4642727071725, 516.5050394440955, 127.0], "124": [750.07448330509, 515.9061739549752, 159.0], "125": [899.5122154907829, 516.0, 262.0], "126": [899.5122154907829, 516.0, 262.0], "127": [1024.953742811305, 514.1095774876142, 198.0], "128": [713.6929676923704, 516.0, 199.0], "129": [860.1414886381003, 516.0, 188.0], "130": [939.3159778671028, 515.3073084658548, 254.0], "131": [1070.1849340124336, 516.0, 239.0], "132": [781.1212753622568, 516.0, 141.0], "133": [781.1212753622568, 516.0, 141.0], "134": [781.8938203060179, 516.0, 178.0], "135": [781.8938203060179, 516.0, 178.0], "136": [1024.4999997504576, 516.0, 281.0], "137": [769.8370444460597, 515.3073084658548, 180.0], "138": [905.5147553364304, 516.0, 122.0], "139": [1045.3151694413948, 515.3073084658548, 188.0], "140": [808.7633012388787, 514.7084429767345, 368.0], "141": [929.3211334938062, 516.0, 194.0], "142": [929.3211334938062, 516.0, 194.0], "143": [929.3211334938062, 516.0, 194.0], "144": [1057.030397456202, 516.0, 227.0], "145": [1080.5383190168982, 516.0, 167.0], "146": [660.2446599370459, 581.7813777582074, 217.0], "147": [660.8435254261663, 581.7813777582074, 217.0], "148": [647.3240227340494, 582.0, 179.0], "149": [845.4266667475312, 582.0, 195.0], "150": [915.9602237914113, 580.5836467799669, 188.0], "151": [655.9770046744841, 582.0, 287.0], "152": [736.8994425444434, 579.9847812908465, 436.0], "153": [917.157954769652, 581.1825122690872, 165.0], "154": [763.2495240657364, 581.1825122690872, 194.0], "155": [907.4994501628909, 582.0, 182.0], "156": [665.5538469689774, 615.0, 182.0], "157": [785.4075471631872, 615.0, 275.0], "158": [784.2098161849467, 615.0, 275.0], "159": [783.6109506958264, 615.0, 275.0], "160": [905.6034833814139, 615.0, 201.0], "161": [1063.879999604124, 615.0, 269.0], "162": [1015.2780640537911, 615.0, 310.0], "163": [1068.072058027966, 620.1087690619063, 117.0], "164": [736.7734523919898, 648.0, 339.0], "165": [777.6047625630104, 648.0, 189.0], "166": [944.6007221300038, 648.0, 276.0], "167": [944.6007221300038, 648.0, 276.0], "168": [783.5972522716879, 681.0, 182.0], "169": [867.4521191726676, 681.1930489521762, 216.0], "170": [1022.9906867167109, 681.0, 204.0], "171": [847.840202432007, 747.0, 296.0], "172": [1001.4057001725953, 747.0, 228.0], "173": [1069.4344366880396, 747.0, 241.0], "174": [702.1652441754665, 781.2035856352654, 113.0], "175": [802.1757808585555, 812.3445910695207, 176.0], "176": [916.8103571871786, 813.0, 251.0], "177": [1032.1401286807484, 813.0, 320.0], "178": [1032.1401286807484, 813.0, 320.0], "179": [829.1454541436842, 846.0, 275.0], "180": [829.1454541436842, 846.0, 275.0], "181": [994.3320369414942, 846.0, 206.0], "182": [994.3320369414942, 846.0, 206.0], "183": [1011.179836561538, 846.0, 265.0], "184": [668.5677013119363, 912.0, 161.0],