{"0": [714.2193005014914, 21.0, 171.0], "1": [617.1567194296301, 21.0, 238.0], "2": [740.7917532856022, 21.0, 194.0], "3": [945.89090757651, 21.0, 209.0], "4": [908.6009460259436, 21.0, 106.0], "5": [1065.3254868355327, 21.0, 204.0], "6": [646.4507187355003, 87.0, 209.0], "7": [760.87307751552, 85.89465079052536, 157.0], "8": [852.9342842944619, 87.0, 175.0], "9": [961.6011308351481, 87.0, 177.0], "10": [871.4924863304793, 87.0, 173.0], "11": [810.1267170862594, 87.0, 262.0], "12": [762.6357557887407, 86.4822102149322, 271.0], "13": [762.6357557887407, 85.89465079052536, 271.0], "14": [710.9625785309319, 87.0, 163.0], "15": [710.9625785309319, 87.0, 163.0], "16": [1036.4384475623292, 77.08125942442268, 160.0], "17": [1036.4384475623292, 76.49370000001585, 160.0], "18": [1092.1598121477336, 87.0, 107.0], "19": [822.8370660689861, 120.0, 116.0], "20": [729.9758089239375, 120.0, 186.0], "21": [948.482786464769, 120.0, 122.0], "22": [838.4309215372233, 120.0, 120.0], "23": [837.8433621128165, 119.97309740612224, 120.0], "24": [834.9055649907823, 120.0, 162.0], "25": [833.1428867175616, 120.0, 162.0], "26": [699.2862601064686, 153.0, 262.0], "27": [699.2862601064686, 153.0, 262.0], "28": [624.3294135034904, 153.0, 136.0], "29": [832.5390136893939, 153.0, 223.0], "30": [835.8455550721225, 153.0, 180.0], "31": [1041.0418739724425, 153.0, 160.0], "32": [979.2388715291248, 153.0, 301.0], "33": [1069.6328393377655, 153.0, 204.0], "34": [726.2070714755164, 186.0, 294.0], "35": [725.0319526267026, 186.0, 294.0], "36": [645.1238709073721, 186.0, 218.0], "37": [644.5363114829652, 186.0, 218.0], "38": [643.3611926341515, 186.0, 218.0], "39": [750.2970078761969, 186.0, 194.0], "40": [749.70944845179, 186.0, 194.0], "41": [856.794555874201, 186.0, 239.0], "42": [794.36396470671, 186.0, 149.0], "43": [794.36396470671, 186.0, 149.0], "44": [1006.3831486123395, 186.0, 178.0], "45": [955.8577548338408, 186.0, 187.0], "46": [686.7475208731047, 252.0, 141.0], "47": [925.5714983035826, 252.0, 407.0], "48": [1028.268481601402, 252.0, 184.0], "49": [1070.8876837713492, 252.0, 203.0], "50": [810.4609562522104, 285.0, 146.0], "51": [810.4609562522104, 285.0, 146.0], "52": [755.6260445971557, 285.0, 311.0], "53": [878.1602323726617, 285.0, 259.0], "54": [878.1602323726617, 285.0, 259.0], "55": [978.8576239704587, 285.0, 245.0], "56": [979.4451833948656, 285.0, 245.0], "57": [703.2017982141053, 318.0, 111.0], "58": [703.2017982141053, 318.0, 111.0], "59": [703.2017982141053, 318.0, 111.0], "60": [670.9764855812732, 316.80550458241447, 164.0], "61": [777.6052973514032, 318.0, 151.0], "62": [964.9276159466827, 318.0, 210.0], "63": [964.9276159466827, 318.0, 210.0], "64": [918.125943880235, 318.0, 185.0], "65": [1072.2185642357717, 318.0, 237.0], "66": [754.0297524072055, 351.0, 242.0], "67": [720.9766362816337, 351.0, 107.0], "68": [720.9766362816337, 351.0, 107.0], "69": [896.0117451290939, 351.0, 275.0], "70": [1004.7102386443598, 351.0, 196.0], "71": [981.2053845392646, 351.0, 130.0], "72": [981.2053845392646, 351.0, 130.0], "73": [1057.5905868409754, 351.0, 192.0], "74": [767.3686293290795, 416.0, 306.0], "75": [843.9360212911589, 416.0, 186.0], "76": [947.5040919003314, 416.0, 171.0], "77": [1016.778567651802, 416.0, 266.0], "78": [682.678089970072, 450.0, 178.0], "79": [751.1958078023026, 450.0, 167.0], "80": [874.0652401182093, 450.0, 187.0], "81": [811.4031880145085, 449.59393449836097, 163.0], "82": [811.4031880145085, 448.4188156495473, 163.0], "83": [881.2141867663036, 450.0, 141.0], "84": [994.4307669528665, 450.0, 117.0], "85": [766.9050281132792, 483.0, 179.0], "86": [766.9050281132792, 483.0, 179.0], "87": [693.2618880283794, 483.0, 307.0], "88": [693.2618880283794, 483.0, 307.0], "89": [693.2618880283794, 483.0, 307.0], "90": [759.2776285690259, 483.0, 295.0], "91": [759.2776285690259, 483.0, 295.0], "92": [836.404650573903, 483.0, 516.0], "93": [836.404650573903, 483.0, 516.0], "94": [836.404650573903, 483.0, 516.0], "95": [1002.4790686276424, 483.0, 215.0], "96": [1068.0618448656614, 483.0, 249.0], "97": [1068.0618448656614, 483.0, 249.0], "98": [710.7329206175841, 516.0, 161.0], "99": [813.2343928693825, 516.0, 189.0], "100": [746.1840919053489, 515.4005900319273, 253.0], "101": [824.4104290173448, 516.0, 307.0], "102": [685.157426744988, 582.0, 256.0], "103": [685.157426744988, 582.0, 256.0], "104": [776.7282391757198, 582.0, 216.0], "105": [1047.0145172016523, 582.0, 183.0], "106": [982.5855258799817, 582.0, 152.0], "107": [1144.9050898569067, 582.0, 334.0], "108": [787.3132516138279, 615.0, 139.0], "109": [708.5004523495852, 615.0, 222.0], "110": [708.5004523495852, 615.0, 222.0], "111": [764.4965963757261, 615.0, 294.0], "112": [764.4965963757261, 615.0, 294.0], "113": [844.0789475737193, 615.0, 152.0], "114": [914.4022591260901, 615.0, 221.0], "115": [769.3127070065201, 615.0, 181.0], "116": [896.0471169824599, 615.0, 208.0], "117": [938.2083829170466, 615.0, 179.0], "118": [938.2083829170466, 615.0, 179.0], "119": [1055.3803028757955, 615.0, 198.0], "120": [708.4921095489758, 648.0, 152.0], "121": [663.1829702327138, 648.0, 182.0], "122": [778.9302512245519, 648.0, 119.0], "123": [957.7817256000105, 648.0, 197.0], "124": [1059.4373799018379, 648.0, 206.0], "125": [1100.3519361900762, 648.0, 181.0], "126": [1010.4575006000262, 648.0, 160.0], "127": [777.0141838503517, 681.0, 141.0], "128": [705.6898888361276, 681.0, 178.0], "129": [856.2526803799574, 681.0, 205.0], "130": [809.0529503168812, 681.0, 262.0], "131": [940.5366360441321, 681.0, 232.0], "132": [907.6620275983051, 681.0, 158.0], "133": [1062.878621660637, 681.0, 290.0], "134": [970.6317920287627, 681.0, 257.0], "135": [703.4120190226762, 747.0, 208.0], "136": [648.4443866156271, 747.0, 187.0], "137": [746.972185535007, 747.0, 320.0], "138": [856.0495189496627, 747.0, 420.0], "139": [1026.7240526453552, 747.0, 237.0], "140": [993.712585517985, 747.0, 143.0], "141": [1102.5053213473486, 747.0, 188.0], "142": [794.0551732543094, 780.0, 116.0], "143": [789.4197719733668, 780.0, 177.0], "144": [914.1208553332268, 780.0, 163.0], "145": [786.0322320337057, 780.0, 152.0], "146": [786.5422547503514, 780.0, 310.0], "147": [935.6989059980767, 780.0, 274.0], "148": [1007.3739151196698, 780.0, 299.0], "149": [1007.3739151196698, 780.0, 299.0], "150": [686.0722996119338, 813.0, 444.0], "151": [717.1328967551535, 813.0, 456.0], "152": [812.6752934695993, 813.0, 255.0], "153": [802.414814789394, 813.0, 162.0], "154": [953.6089610874909, 813.0, 279.0], "155": [924.273809745058, 813.0, 336.0], "156": [1029.1405803546418, 813.0, 138.0], "157": [1101.2453137173393, 813.0, 128.0], "158": [1096.3007258068021, 813.0, 138.0], "159": [830.4094885967871, 846.0, 137.0], "160": [830.4094885967871, 846.0, 137.0], "161": [765.3059056222269, 846.0, 271.0], "162": [952.4174498721507, 846.0, 169.0], "163": [911.5297604904056, 846.0, 252.0], "164": [998.2506855029369, 846.0, 292.0], "165": [690.9535060111057, 846.0, 179.0], "166": [679.7898769473757, 846.0, 182.0], "167": [722.1928568353479, 846.0, 238.0], "168": [807.7325776694663, 846.0, 221.0], "169": [777.9123008233184, 846.0, 134.0], "170": [1001.2283149734194, 846.0, 226.0], "171": [1001.2283149734194, 846.0, 226.0], "172": [933.4758918554401, 846.0, 112.0], "173": [933.3172734375568, 846.0, 110.0], "174": [1011.173392312835, 846.7841053973866, 224.0], "175": [819.1072060818321, 846.0, 111.0], "176": [739.1650020861144, 846.0, 240.0], "177": [739.1650020861144, 846.0, 240.0], "178": [955.2832973965401, 846.8260657179992, 158.0], "179": [904.4133045777114, 846.0, 233.0], "180": [904.4133045777114, 846.0, 233.0], "181": [991.7079449749402, 846.0, 151.0], "182": [991.7079449749402, 846.0, 151.0], "183": [991.7079449749402, 846.0, 151.0], "184": [711.9390554404043, 846.0, 169.0], "185": [711.9390554404043, 846.0, 169.0], "186": [683.9027929182236, 845.021427124166, 224.0], "187": [720.4706354022503, 846.0, 126.0], "188": [880.628127521624, 846.0, 256.0],