{"1" : [960.4, 552.6, 172.8601335406402], "3" : [951.8, 523.1, 34.860133540640206], "5" : [898.6, 380.0, 114.8601335406402], "7" : [894.7, 377.4, 13.860133540640202], "9" : [846.5, 398.8, 164.8601335406402], "11" : [850.0, 412.0, 21.860133540640202], "13" : [953.1, 420.3, 73.8601335406402], "15" : [953.6, 424.8, 17.860133540640202], "17" : [1018.8, 433.5, 267.8601335406402], "19" : [1020.1, 436.3, 20.860133540640202], "21" : [977.7, 501.8, 289.8601335406402], "23" : [976.1, 503.5, 10.860133540640202], "25" : [943.4, 497.6, 81.8601335406402], "27" : [940.5, 499.7, 9.860133540640202], "29" : [917.7, 494.5, 317.8601335406402], "31" : [917.0, 483.3, 23.860133540640202], "33" : [983.5, 612.4, 58.860133540640206], "35" : [994.2, 634.8, 18.860133540640202], "37" : [1000.7, 732.9, 27.860133540640202], "39" : [1001.7, 766.7, 10.860133540640202], "41" : [997.3, 834.3, 24.860133540640202], "43" : [993.3, 877.1, 13.860133540640202], "45" : [990.3, 957.8, 166.8601335406402], "47" : [998.1, 877.4, 10.860133540640202], "49" : [972.1, 587.4, 557.8601335406402], "51" : [970.0, 536.3, 25.860133540640202], "53" : [980.7, 662.0, 261.8601335406402], "55" : [978.0, 653.7, 15.8601335406402], "57" : [958.1, 596.8, 207.8601335406402], "59" : [953.7, 581.5, 196.8601335406402], "61" : [956.1, 573.9, 309.8601335406402]}