{"1" : [1186.4, 488.0, 16.22277349484854], "3" : [1121.5, 484.5, 216.22277349484852], "5" : [1119.1, 486.2, 25.22277349484854], "7" : [1249.8, 501.8, 222.22277349484852], "9" : [1246.2, 501.1, 21.22277349484854], "11" : [1153.7, 482.2, 157.22277349484852], "13" : [1151.9, 482.7, 41.22277349484854], "15" : [761.8, 488.6, 245.22277349484852], "17" : [760.3, 492.0, 51.22277349484854], "19" : [960.1, 540.4, 452.2227734948485], "21" : [966.7, 536.3, 9.222773494848537], "23" : [981.5, 523.3, 132.22277349484852], "25" : [980.8, 523.1, 26.22277349484854], "27" : [833.1, 451.5, 200.22277349484852], "29" : [832.1, 456.2, 22.22277349484854], "31" : [943.2, 457.7, 343.2227734948485], "33" : [926.7, 460.0, 25.22277349484854], "35" : [1073.0, 446.6, 278.2227734948485], "37" : [1073.8, 449.7, 16.22277349484854], "39" : [1139.0, 442.0, 171.22277349484852], "41" : [1134.2, 447.0, 23.22277349484854], "43" : [1014.5, 456.4, 336.2227734948485], "45" : [1017.5, 456.7, 21.22277349484854], "47" : [959.1, 535.3, 638.2227734948485], "49" : [950.7, 527.9, 7.222773494848537], "51" : [961.9, 523.0, 586.2227734948485], "53" : [965.3, 515.2, 203.22277349484852]}