{"1" : [983.8, 639.1, 100.50555783782623], "3" : [979.2, 618.4, 22.50555783782623], "5" : [959.0, 524.8, 128.50555783782622], "7" : [957.6, 560.6, 558.5055578378262], "9" : [958.9, 554.1, 47.50555783782623], "11" : [624.6, 457.3, 152.50555783782622], "13" : [618.8, 463.7, 24.50555783782623], "15" : [519.3, 478.3, 257.50555783782625], "17" : [515.3, 480.5, 56.50555783782623], "19" : [1008.2, 464.8, 168.50555783782622], "21" : [1005.8, 465.5, 20.50555783782623], "23" : [928.0, 457.7, 197.50555783782622], "25" : [927.4, 457.3, 26.50555783782623], "27" : [789.1, 463.8, 69.50555783782623], "29" : [786.5, 460.4, 49.50555783782623], "31" : [469.3, 477.4, 199.50555783782622], "33" : [472.2, 468.7, 20.50555783782623], "35" : [559.9, 443.6, 161.50555783782622], "37" : [568.6, 430.8, 33.50555783782623], "39" : [725.7, 428.5, 273.50555783782625], "41" : [722.3, 440.5, 1005.5055578378262], "43" : [1137.0, 486.1, 54.50555783782623], "45" : [1137.9, 471.4, 107.50555783782623], "47" : [1148.7, 460.7, 38.50555783782623], "49" : [1137.9, 471.4, 21.50555783782623], "51" : [1156.3, 456.9, 73.50555783782623], "53" : [1155.2, 457.3, 28.50555783782623], "55" : [1341.0, 462.4, 148.50555783782622], "57" : [1336.4, 466.2, 23.50555783782623], "59" : [1454.6, 469.4, 59.50555783782623], "61" : [1447.3, 465.2, 201.50555783782622], "63" : [1112.2, 486.5, 199.50555783782622], "65" : [1113.1, 446.8, 75.50555783782623], "67" : [529.6, 486.9, 316.50555783782625], "69" : [538.3, 480.5, 23.50555783782623], "71" : [627.5, 478.8, 323.50555783782625], "73" : [637.8, 469.3, 37.50555783782623], "75" : [870.3, 448.9, 215.50555783782622], "77" : [874.1, 453.1, 24.50555783782623], "79" : [1018.1, 449.8, 215.50555783782622], "81" : [1022.0, 451.8, 33.50555783782623], "83" : [1168.0, 453.9, 181.50555783782622], "85" : [1164.4, 453.3, 44.50555783782623], "87" : [842.5, 458.4, 347.50555783782625], "89" : [827.8, 459.0, 41.50555783782623]}