{"1" : [1034.0, 537.2, 9.837318336834514], "3" : [1007.1, 534.8, 525.8373183368345], "5" : [1017.7, 522.7, 10.837318336834514], "7" : [1044.0, 480.0, 248.83731833683453], "9" : [1042.8, 474.9, 33.837318336834514], "11" : [832.8, 455.1, 248.83731833683453], "13" : [829.2, 457.5, 33.837318336834514], "15" : [954.9, 541.9, 537.8373183368345], "17" : [950.5, 547.6, 22.837318336834514], "19" : [868.4, 449.0, 93.83731833683451], "21" : [866.5, 448.8, 9.837318336834514], "23" : [867.5, 417.9, 253.83731833683453], "25" : [872.1, 416.2, 27.837318336834514], "27" : [1024.6, 404.4, 257.8373183368345], "29" : [1021.9, 402.5, 24.837318336834514], "31" : [906.1, 462.4, 184.83731833683453], "33" : [911.6, 464.8, 23.837318336834514], "35" : [808.9, 401.2, 265.8373183368345], "37" : [813.2, 401.7, 16.837318336834514], "39" : [891.5, 401.9, 113.83731833683451], "41" : [891.7, 400.4, 31.837318336834514], "43" : [1064.2, 413.7, 126.83731833683451], "45" : [1062.2, 409.2, 33.837318336834514], "47" : [957.3, 546.0, 270.8373183368345], "49" : [959.3, 549.9, 21.837318336834514], "51" : [975.2, 621.4, 445.8373183368345], "53" : [970.0, 617.8, 12.837318336834514], "55" : [925.0, 608.5, 249.83731833683453], "57" : [930.2, 610.3, 17.837318336834514]}