{"1": [235.8, 504.0, 249.0], "2": [317.7, 504.0, 134.0], "3": [415.1, 504.0, 152.0], "4": [516.6, 504.0, 271.0], "5": [647.1, 504.0, 129.0], "6": [764.3, 504.0, 245.0], "7": [712.0, 504.0, 189.0], "8": [647.5, 504.0, 101.0], "9": [644.7, 504.0, 273.0], "10": [966.1, 504.0, 528.0], "11": [1060.9, 504.0, 106.0], "12": [1060.1, 504.0, 143.0], "13": [997.8, 504.0, 355.0], "14": [922.9, 504.0, 348.0], "15": [984.9, 504.0, 207.0], "16": [941.4, 504.0, 283.0], "17": [1067.7, 504.0, 260.0], "18": [1027.9, 504.0, 208.0], "19": [1139.5, 504.0, 207.0], "20": [1266.9, 504.0, 282.0], "21": [1366.2, 504.0, 149.0], "22": [1462.4114458404506, 502.7049533257409, 235.0], "23": [1332.2, 504.0, 167.0], "24": [1540.3, 504.0, 210.0], "25": [1485.0, 504.0, 189.0], "26": [1630.3, 504.0, 352.0], "27": [1570.4, 504.0, 125.0], "28": [1701.8, 504.0, 119.0], "29": [906.2, 555.0, 220.0], "30": [881.9, 555.0, 146.0]}