{"1" : [969.9, 514.3, 47.15366639506262], "3" : [962.8, 542.6, 70.15366639506263], "5" : [962.2, 547.0, 84.15366639506263], "7" : [912.3, 531.2, 30.153666395062626], "9" : [784.5, 513.4, 160.15366639506263], "11" : [746.5, 513.1, 241.15366639506263], "13" : [743.7, 509.4, 12.153666395062626], "15" : [713.9, 503.8, 312.1536663950626], "17" : [716.6, 502.8, 20.153666395062626], "19" : [801.2, 506.5, 249.15366639506263], "21" : [802.8, 502.7, 22.153666395062626], "23" : [910.3, 514.7, 53.15366639506262], "25" : [916.6, 515.4, 297.1536663950626], "27" : [973.4, 520.5, 39.15366639506262], "29" : [1055.7, 524.1, 33.15366639506262], "31" : [1090.8, 515.2, 269.1536663950626], "33" : [1094.5, 514.3, 19.153666395062626], "35" : [1143.1, 513.9, 276.1536663950626], "37" : [1144.6, 512.0, 22.153666395062626], "39" : [1229.5, 507.0, 167.15366639506263], "41" : [1234.0, 506.6, 274.1536663950626], "43" : [836.4, 499.2, 26.153666395062626], "45" : [1234.0, 506.6, 76.15366639506263], "47" : [835.8, 499.7, 101.15366639506263], "49" : [1234.0, 506.6, 21.153666395062626], "51" : [836.9, 506.7, 275.1536663950626], "53" : [830.5, 507.5, 13.153666395062626], "55" : [793.5, 510.7, 227.15366639506263], "57" : [797.5, 511.0, 24.153666395062626], "59" : [922.6, 516.5, 343.1536663950626], "61" : [1080.1, 529.1, 29.153666395062626], "63" : [1056.1, 513.9, 38.15366639506262], "65" : [1080.1, 529.1, 42.15366639506262], "67" : [1054.4, 515.9, 105.15366639506263], "69" : [1080.1, 529.1, 31.153666395062626], "71" : [1056.7, 514.2, 94.15366639506263], "73" : [1052.8, 512.8, 122.15366639506263], "75" : [1005.3, 513.9, 23.153666395062626], "77" : [1007.7, 511.3, 28.153666395062626], "79" : [1193.7, 503.2, 283.1536663950626], "81" : [944.1, 538.1, 16.153666395062626]}