{"1" : [981.3, 445.4, 20.812449970694523], "3" : [962.8, 472.2, 221.81244997069453], "5" : [968.0, 476.9, 9.812449970694521], "7" : [996.1, 477.6, 183.81244997069453], "9" : [997.9, 494.5, 186.81244997069453], "11" : [930.2, 510.9, 335.8124499706945], "13" : [938.6, 455.5, 247.81244997069453], "15" : [994.6, 548.6, 160.81244997069453], "17" : [998.7, 485.1, 15.812449970694521], "19" : [957.4, 502.6, 409.8124499706945], "21" : [955.7, 523.5, 16.812449970694523], "23" : [1029.6, 540.5, 322.8124499706945], "25" : [961.4, 554.8, 558.8124499706945], "27" : [959.0, 557.0, 23.812449970694523], "29" : [905.3, 420.0, 142.81244997069453], "31" : [900.8, 412.6, 16.812449970694523], "33" : [838.4, 404.5, 177.81244997069453], "35" : [840.8, 401.8, 17.812449970694523], "37" : [920.8, 402.7, 187.81244997069453], "39" : [921.2, 402.6, 19.812449970694523], "41" : [1017.3, 404.2, 223.81244997069453], "43" : [1024.5, 401.2, 12.812449970694521], "45" : [1073.8, 403.2, 102.81244997069452], "47" : [1078.4, 402.5, 25.812449970694523]}