{"1": [169.16666666666666, 169.0, 300.0], "2": [298.5, 169.0, 250.0], "3": [400.1666666666667, 169.0, 200.0], "4": [466.5, 169.0, 150.0], "5": [547.5, 169.0, 150.0], "6": [462.5, 169.0, 150.0], "7": [531.5, 169.0, 150.0], "8": [638.1666666666666, 169.0, 450.0], "9": [811.1666666666666, 169.0, 150.0], "10": [876.5, 169.0, 150.0], "11": [987.1666666666666, 169.0, 150.0], "12": [184.16666666666666, 219.0, 350.0], "13": [306.5, 219.0, 150.0], "14": [410.5, 219.0, 450.0], "15": [573.8333333333334, 219.0, 500.0], "16": [712.1666666666666, 219.0, 150.0], "17": [764.1666666666666, 219.0, 150.0], "18": [883.5, 219.0, 450.0], "19": [155.16666666666666, 268.0, 150.0], "20": [229.5, 268.0, 300.0], "21": [337.1666666666667, 268.0, 300.0], "22": [421.1666666666667, 268.0, 200.0], "23": [554.1666666666666, 268.0, 150.0], "24": [643.1666666666666, 268.0, 400.0], "25": [787.8333333333334, 268.0, 300.0], "26": [930.1666666666666, 268.0, 200.0], "27": [170.16666666666666, 318.0, 200.0], "28": [260.5, 318.0, 250.0], "29": [365.1666666666667, 318.0, 300.0], "30": [475.5, 318.0, 300.0], "31": [586.1666666666666, 318.0, 200.0], "32": [669.8333333333334, 318.0, 200.0], "33": [746.5, 318.0, 250.0], "34": [831.1666666666666, 318.0, 200.0], "35": [968.8333333333334, 318.0, 250.0], "36": [162.83333333333334, 368.0, 200.0], "37": [250.5, 368.0, 150.0], "38": [306.5, 368.0, 250.0], "39": [317.5, 368.0, 250.0], "40": [412.8333333333333, 368.0, 400.0], "41": [553.1666666666666, 368.0, 450.0], "42": [687.8333333333334, 368.0, 200.0], "43": [781.1666666666666, 368.0, 500.0], "44": [942.1666666666666, 368.0, 200.0], "45": [942.1666666666666, 368.0, 200.0], "46": [1013.1666666666666, 368.0, 150.0], "47": [193.83333333333334, 417.0, 400.0], "48": [353.8333333333333, 417.0, 400.0], "49": [486.1666666666667, 417.0, 200.0], "50": [345.8333333333333, 417.0, 400.0], "51": [475.1666666666667, 417.0, 200.0], "52": [570.8333333333334, 417.0, 200.0], "53": [649.1666666666666, 417.0, 200.0], "54": [737.8333333333334, 417.0, 450.0]}