{"1": [176.16666666666666, 169.0, 300.0], "2": [304.5, 169.0, 250.0], "3": [297.5, 169.0, 250.0], "4": [394.1666666666667, 169.0, 200.0], "5": [466.5, 169.0, 150.0], "6": [532.5, 169.0, 150.0], "7": [654.1666666666666, 169.0, 450.0], "8": [823.1666666666666, 169.0, 150.0], "9": [872.5, 169.0, 150.0], "10": [978.1666666666666, 169.0, 150.0], "11": [190.16666666666666, 219.0, 350.0], "12": [317.5, 219.0, 150.0], "13": [403.5, 219.0, 450.0], "14": [570.8333333333334, 219.0, 500.0], "15": [712.1666666666666, 219.0, 150.0], "16": [778.1666666666666, 219.0, 150.0], "17": [869.5, 219.0, 450.0], "18": [155.16666666666666, 268.0, 150.0], "19": [229.5, 268.0, 300.0], "20": [336.1666666666667, 268.0, 300.0], "21": [434.1666666666667, 268.0, 200.0], "22": [561.1666666666666, 268.0, 150.0], "23": [642.1666666666666, 268.0, 400.0], "24": [772.8333333333334, 268.0, 300.0], "25": [559.1666666666666, 268.0, 150.0], "26": [638.1666666666666, 268.0, 400.0], "27": [787.8333333333334, 268.0, 300.0], "28": [923.1666666666666, 268.0, 200.0], "29": [177.16666666666666, 318.0, 200.0], "30": [253.5, 318.0, 250.0], "31": [361.1666666666667, 318.0, 300.0], "32": [476.5, 318.0, 300.0], "33": [580.1666666666666, 318.0, 200.0], "34": [662.8333333333334, 318.0, 200.0], "35": [751.5, 318.0, 250.0], "36": [825.1666666666666, 318.0, 200.0], "37": [963.8333333333334, 318.0, 250.0], "38": [165.83333333333334, 368.0, 200.0], "39": [234.5, 368.0, 150.0], "40": [304.5, 368.0, 250.0], "41": [404.8333333333333, 368.0, 400.0], "42": [566.1666666666666, 368.0, 450.0], "43": [675.8333333333334, 368.0, 200.0], "44": [788.1666666666666, 368.0, 500.0], "45": [948.1666666666666, 368.0, 200.0], "46": [1001.1666666666666, 368.0, 150.0], "47": [199.83333333333334, 417.0, 400.0], "48": [346.8333333333333, 417.0, 400.0], "49": [469.1666666666667, 417.0, 200.0], "50": [564.8333333333334, 417.0, 200.0], "51": [655.1666666666666, 417.0, 200.0], "52": [739.8333333333334, 417.0, 450.0]}