{"1": [639.1908463410207, 78.99366301274259, 284.0], "2": [766.8197309656223, 84.33673395285291, 147.0], "3": [764.869091452836, 86.62363577002282, 55.0], "4": [859.0004014879873, 98.5988005008845, 250.0], "5": [859.0004014879873, 98.5988005008845, 250.0], "6": [934.4039990099196, 94.71866936323812, 150.0], "7": [934.4039990099196, 94.71866936323812, 150.0], "8": [1007.9333332708866, 97.76071799991533, 84.0], "9": [1007.9333332708866, 97.76071799991533, 84.0], "10": [1007.7261372295152, 98.07386723804089, 176.0], "11": [1007.7261372295152, 98.07386723804089, 176.0], "12": [1036.2261593230567, 102.16624499637693, 237.0], "13": [1115.8300768019703, 102.90937482864165, 256.0], "14": [682.1663284487332, 122.04285677376426, 98.0], "15": [686.6823054041356, 120.77079476530913, 113.0], "16": [746.2053472080025, 121.82941232464027, 187.0], "17": [817.1109371711675, 121.15104219897947, 192.0], "18": [965.5205592020426, 116.46635513458928, 214.0], "19": [965.5205592020426, 116.46635513458928, 214.0], "20": [1026.8000012240966, 115.87633503864122, 262.0], "21": [1028.750000846638, 117.02222491462969, 54.0], "22": [655.7263726923437, 133.88571263462535, 91.0], "23": [655.7263726923437, 133.88571263462535, 91.0], "24": [661.389013243163, 134.34945079884758, 182.0], "25": [661.389013243163, 134.34945079884758, 182.0], "26": [780.2926731213701, 135.97509135711562, 273.0], "27": [780.2926731213701, 135.97509135711562, 273.0], "28": [862.3030038309629, 142.02918067778444, 233.0], "29": [1023.2375978799399, 151.82209521867017, 258.0], "30": [1085.337667638555, 148.9125575822535, 223.0], "31": [691.133333782802, 154.22244808072108, 147.0], "32": [696.2990204711421, 156.86372655427996, 102.0], "33": [769.5947568852924, 168.18127556299018, 267.0], "34": [769.5947568852924, 168.18127556299018, 267.0], "35": [908.7699999686105, 175.16190682373926, 210.0], "36": [1033.3466153277354, 177.49549321414867, 266.0], "37": [722.9635225103519, 235.31762163876812, 244.0], "38": [863.9234192019593, 238.00074325142407, 269.0], "39": [998.8428584329513, 238.6781517096959, 119.0], "40": [997.244713732259, 241.07642335081664, 123.0], "41": [981.8376721008507, 246.14726036882007, 146.0], "42": [1119.0874995228025, 247.76818435172055, 264.0], "43": [645.10549410677, 265.9159318889943, 182.0], "44": [645.10549410677, 265.9159318889943, 182.0], "45": [766.7241723633225, 270.8895724178816, 211.0], "46": [932.2011579075977, 245.4745652367974, 173.0], "47": [878.4497407700878, 242.3890059295274, 191.0], "48": [1098.344853448916, 296.21323733867763, 272.0], "49": [650.9558430639744, 294.3623401078184, 231.0], "50": [650.9558430639744, 294.3623401078184, 231.0], "51": [650.9558430639744, 294.3623401078184, 231.0], "52": [772.9878378452561, 297.972301315742, 148.0], "53": [772.9878378452561, 297.972301315742, 148.0], "54": [882.1308512393299, 304.61648865459904, 376.0], "55": [871.4817302329781, 305.7250018595217, 104.0], "56": [871.4817302329781, 305.7250018595217, 104.0], "57": [1029.9842363491873, 317.8610848811698, 203.0], "58": [712.7629896509138, 357.56039119359474, 154.0], "59": [712.7629896509138, 357.56039119359474, 154.0], "60": [657.7680180359268, 404.61015158640646, 197.0], "61": [643.6630635608522, 409.20495306777326, 222.0], "62": [688.5020848022109, 396.2034712669332, 144.0], "63": [794.7107629636484, 421.88565000011045, 223.0], "64": [794.7107629636484, 421.88565000011045, 223.0], "65": [1028.2982394181038, 402.25594696761544, 227.0], "66": [1086.2554797860985, 403.30890516125277, 146.0], "67": [1084.9275862762436, 403.7310341877812, 58.0], "68": [734.1790231219671, 392.8160920985499, 348.0], "69": [857.3154993209731, 436.9064978827974, 200.0], "70": [850.4633329709304, 439.1577759958465, 90.0], "71": [1020.5689894627335, 430.65644649650227, 287.0], "72": [1020.5689894627335, 430.65644649650227, 287.0], "73": [1029.1532726210676, 440.12522968948196, 107.0], "74": [621.9429693782628, 473.43253151335983, 249.0], "75": [673.8088544866854, 434.67564632632593, 271.0], "76": [788.6453771934273, 446.61554516484904, 238.0], "77": [917.2933524543748, 492.28405337941984, 301.0], "78": [917.2933524543748, 492.28405337941984, 301.0], "79": [1053.7665305258606, 479.73224635579334, 245.0], "80": [1083.6744319827744, 483.8176109292399, 176.0], "81": [746.176822415317, 505.08197457266135, 233.0], "82": [662.139576122593, 511.4468084359243, 235.0], "83": [846.6891519296903, 496.6146195975209, 212.0], "84": [846.6891519296903, 496.6146195975209, 212.0], "85": [924.6534347215033, 510.4133592052651, 262.0], "86": [1026.438855645401, 516.9350307894108, 157.0], "87": [654.4423523318449, 589.4561771544181, 340.0], "88": [654.4423523318449, 589.4561771544181, 340.0], "89": [737.4331230772871, 628.0910809925397, 157.0], "90": [737.4331230772871, 628.0910809925397, 157.0], "91": [737.4331230772871, 628.0910809925397, 157.0], "92": [789.3009555648697, 617.9885176938884, 209.0], "93": [789.3009555648697, 617.9885176938884, 209.0], "94": [920.93837354392, 583.3834735948477, 357.0], "95": [986.9280612106573, 588.935716185677, 196.0], "96": [986.9280612106573, 588.935716185677, 196.0], "97": [986.9280612106573, 588.935716185677, 196.0], "98": [1084.9140223201368, 581.8512911482987, 271.0], "99": [625.8400513383805, 608.5472880226168, 387.0], "100": [625.8400513383805, 608.5472880226168, 387.0], "101": [709.8088424210916, 632.1596679631796, 181.0], "102": [810.6059889343968, 631.7766450262927, 167.0], "103": [977.7404044138356, 621.3939408621482, 198.0], "104": [977.7404044138356, 621.3939408621482, 198.0], "105": [977.7404044138356, 621.3939408621482, 198.0], "106": [1093.6944137101384, 622.6435764025582, 179.0], "107": [1093.6944137101384, 622.6435764025582, 179.0], "108": [1046.0903327367446, 620.4204472025968, 269.0], "109": [1046.0903327367446, 620.4204472025968, 269.0], "110": [665.1585244739886, 637.3410149806095, 217.0], "111": [607.9064534136924, 649.5733863386232, 248.0], "112": [711.9430026471026, 646.0459995863567, 100.0], "113": [711.4126320519598, 648.093158232596, 190.0], "114": [808.3780783349004, 647.2333340463958, 333.0], "115": [791.750710826796, 643.2739330855029, 211.0], "116": [959.4457692696234, 667.3992324500541, 260.0], "117": [959.4457692696234, 667.3992324500541, 260.0], "118": [1079.8570890214446, 663.7723621084052, 275.0], "119": [664.052172515885, 678.2499986012125, 92.0], "120": [665.801561309773, 675.4882815151099, 128.0], "121": [769.2802326627113, 648.1872100819864, 86.0], "122": [765.427442204614, 652.7109764173266, 164.0], "123": [765.427442204614, 652.7109764173266, 164.0], "124": [979.7313642616497, 686.8768183880768, 220.0], "125": [650.7870654743402, 766.52712779067, 317.0], "126": [650.7870654743402, 766.52712779067, 317.0], "127": [652.7211252502017, 769.9443685699407, 142.0], "128": [652.7211252502017, 769.9443685699407, 142.0], "129": [812.3606468415809, 767.4799986554107, 155.0], "130": [805.8740468396211, 769.4244287332551, 131.0], "131": [867.1563623173375, 772.8727279283906, 55.0], "132": [867.1563623173375, 772.8727279283906, 55.0], "133": [874.6854711192445, 771.1760702775889, 117.0], "134": [954.0192159954659, 769.3133348145714, 255.0], "135": [923.0350571737237, 766.3304577024628, 174.0], "136": [1017.582103780329, 776.3810532409296, 190.0], "137": [969.7345500369622, 773.0134143518084, 246.0], "138": [992.325463481982, 766.5763965900292, 322.0], "139": [992.325463481982, 766.5763965900292, 322.0], "140": [599.6031845307539, 803.5452228661527, 157.0], "141": [599.6031845307539, 803.5452228661527, 157.0], "142": [666.2745103848474, 801.6210785531788, 204.0], "143": [666.2745103848474, 801.6210785531788, 204.0], "144": [839.0662723300244, 799.5437888548383, 169.0], "145": [1055.0191688174248, 807.6608342038634, 240.0], "146": [743.6302815405159, 842.2950670445955, 142.0], "147": [739.2704943669581, 846.2131108781124, 61.0], "148": [805.7779858574543, 849.0246267189776, 268.0], "149": [990.2178793916578, 853.1066258771411, 151.0],