{"1": [804.4060810247436, 18.0, 148.0], "2": [804.4060810247436, 18.0, 148.0], "3": [757.7477572655067, 87.0, 245.0], "4": [685.2288267665791, 87.0, 170.0], "5": [717.9948497841524, 87.50249975702957, 259.0], "6": [715.2357321092304, 86.81272033829907, 259.0], "7": [785.4735821700666, 87.0, 159.0], "8": [680.3312500263231, 87.0, 256.0], "9": [680.3312500263231, 87.0, 256.0], "10": [680.3312500263231, 87.0, 256.0], "11": [687.8608148755271, 87.0, 148.0], "12": [745.0981233898688, 87.0, 160.0], "13": [812.4946301502293, 86.81272033829907, 330.0], "14": [811.1150713127684, 86.12294091956863, 330.0], "15": [814.5639684064208, 86.12294091956863, 330.0], "16": [889.0601456293136, 82.67404382591616, 236.0], "17": [975.4083875526509, 87.0, 155.0], "18": [975.4083875526509, 87.0, 155.0], "19": [1043.9053897882593, 87.0, 167.0], "20": [688.2888076416211, 119.0, 134.0], "21": [659.3635991920607, 117.16301476244064, 187.0], "22": [777.226086118285, 119.0, 184.0], "23": [761.0142871244037, 119.0, 161.0], "24": [761.0142871244037, 119.0, 161.0], "25": [761.1518799726043, 153.0, 133.0], "26": [761.1518799726043, 153.0, 133.0], "27": [853.2585045454049, 153.0, 241.0], "28": [853.2585045454049, 153.0, 241.0], "29": [941.4833814528308, 150.96220628023462, 196.0], "30": [940.7936020341003, 148.89286802404314, 196.0], "31": [1013.2755840353835, 153.0, 172.0], "32": [665.5716139606352, 180.62272128564564, 342.0], "33": [671.0723069960867, 186.0, 130.0], "34": [762.5836025003907, 186.0, 311.0], "35": [860.9818498557736, 186.0, 281.0], "36": [841.6702701086841, 186.0, 296.0], "37": [841.6702701086841, 186.0, 296.0], "38": [955.2007371657509, 186.0, 272.0], "39": [1003.8201039017947, 186.0, 194.0], "40": [1003.8201039017947, 186.0, 194.0], "41": [942.0767155349316, 186.0, 189.0], "42": [988.3883819265042, 184.76139779802855, 218.0], "43": [1018.7386763506457, 186.14095663548954, 167.0], "44": [1017.3591175131847, 183.38183896056762, 363.0], "45": [658.4740501703598, 252.0, 158.0], "46": [658.4740501703598, 252.0, 158.0], "47": [658.4740501703598, 252.0, 158.0], "48": [652.8098165273791, 252.0, 163.0], "49": [760.7611737454426, 248.91088373996408, 246.0], "50": [786.9727916572012, 249.60066315869457, 246.0], "51": [760.0713943267122, 248.91088373996408, 246.0], "52": [867.5540979564141, 252.0, 183.0], "53": [921.7954768567151, 252.0, 177.0], "54": [975.2490194757866, 252.0, 153.0], "55": [1019.0419547336563, 252.0, 143.0], "56": [1019.0419547336563, 252.0, 143.0], "57": [1060.209017418987, 252.0, 122.0], "58": [616.5953855474266, 285.0, 195.0], "59": [616.5953855474266, 285.0, 195.0], "60": [621.425731161884, 282.7100752577581, 281.0], "61": [696.9700373590384, 285.0, 277.0], "62": [696.9700373590384, 285.0, 277.0], "63": [792.8621770765537, 285.0, 230.0], "64": [792.8621770765537, 285.0, 230.0], "65": [758.7655663726216, 285.0, 212.0], "66": [758.7655663726216, 285.0, 212.0], "67": [758.7655663726216, 285.0, 212.0], "68": [872.8305008326774, 285.0, 200.0], "69": [872.8305008326774, 285.0, 200.0], "70": [934.5045122018955, 285.0, 133.0], "71": [934.5045122018955, 285.0, 133.0], "72": [1050.600001978115, 285.0, 243.0], "73": [1050.4685296122486, 283.39985467648853, 345.0], "74": [674.6076161075711, 318.0, 302.0], "75": [674.6076161075711, 318.0, 302.0], "76": [668.0269210368407, 318.0, 130.0], "77": [710.4072761781172, 317.1990461942825, 168.0], "78": [711.0970555968477, 317.1990461942825, 168.0], "79": [791.3922666185642, 318.0, 181.0], "80": [889.060145629314, 315.1297079380911, 264.0], "81": [938.2887223361761, 318.0, 266.0], "82": [938.2887223361761, 318.0, 266.0], "83": [938.2887223361761, 318.0, 266.0], "84": [991.837279020157, 312.3705902631691, 237.0], "85": [1012.262870505741, 318.0, 237.0], "86": [1012.262870505741, 318.0, 237.0], "87": [1026.3262499566813, 314.4399285193606, 134.0], "88": [634.59612412051, 351.0, 129.0], "89": [640.0497754676072, 345.4800023622326, 452.0], "90": [958.2317759146911, 351.0, 321.0], "91": [1058.768302070964, 351.0, 347.0], "92": [692.6076535250888, 417.0, 196.0], "93": [699.0262139996445, 417.0, 103.0], "94": [837.7968589080887, 417.0, 223.0], "95": [837.7968589080887, 417.0, 223.0], "96": [976.0806275228546, 417.0, 191.0], "97": [976.5782275696117, 417.0, 124.0], "98": [976.5782275696117, 417.0, 124.0], "99": [685.5160907213407, 447.0, 230.0], "100": [759.7563775481073, 447.0, 447.0], "101": [920.6345753337057, 447.0, 295.0], "102": [920.6345753337057, 447.0, 295.0], "103": [1013.9102204195326, 446.18779749688406, 518.0], "104": [671.0524681138055, 483.0, 162.0], "105": [757.2286499277832, 483.0, 185.0], "106": [757.2286499277832, 483.0, 185.0], "107": [755.6327702398935, 483.0, 296.0], "108": [755.6327702398935, 483.0, 296.0], "109": [729.9815575413339, 516.0, 206.0], "110": [729.9815575413339, 516.0, 206.0], "111": [876.4553462346822, 516.0, 159.0], "112": [876.4553462346822, 516.0, 159.0], "113": [951.8916987826622, 516.0, 241.0], "114": [951.8916987826622, 516.0, 241.0], "115": [1012.4668594356673, 516.0, 172.0], "116": [1012.4668594356673, 516.0, 172.0], "117": [588.3163190628205, 580.005004730599, 125.0], "118": [586.9367602253595, 582.0743429867905, 125.0], "119": [743.7726236165994, 581.0, 179.0], "120": [744.159994964925, 581.0, 130.0], "121": [854.9704870607582, 581.0, 349.0], "122": [922.1695577283776, 580.005004730599, 308.0], "123": [919.4104400534557, 580.6947841493295, 308.0], "124": [990.3627900590412, 581.0, 172.0], "125": [1067.264285302495, 581.0, 336.0], "126": [1079.7890448351634, 581.0, 283.0], "127": [641.4293343050683, 613.804196248393, 174.0], "128": [648.3271284923732, 612.4246374109321, 174.0], "129": [646.2577902361817, 613.1144168296626, 174.0], "130": [585.1571417876521, 615.0, 140.0], "131": [585.1571417876521, 615.0, 140.0], "132": [701.1099410644174, 615.0, 161.0], "133": [694.1706909187444, 615.0, 116.0], "134": [694.1706909187444, 615.0, 116.0], "135": [785.5932328197407, 613.804196248393, 220.0], "136": [773.1772032825918, 617.9428727607759, 220.0], "137": [791.5681820262114, 615.0, 220.0], "138": [840.7755863181799, 614.4939756671236, 371.0], "139": [877.3338955108958, 611.7348579922016, 371.0], "140": [944.9322785464838, 612.4246374109321, 283.0], "141": [903.5455134226544, 613.804196248393, 283.0], "142": [945.6220579652143, 611.7348579922016, 283.0], "143": [994.7495876056372, 615.0, 244.0], "144": [994.7495876056372, 615.0, 244.0], "145": [1073.9691460498777, 615.0, 175.0], "146": [1073.9691460498777, 615.0, 175.0], "147": [602.2072606642215, 648.0, 179.0], "148": [698.487036924125, 648.0, 216.0], "149": [698.487036924125, 648.0, 216.0], "150": [802.0167712086907, 648.0, 322.0], "151": [962.2055556052761, 648.0, 162.0], "152": [955.4563649217125, 648.0, 165.0], "153": [647.3198753499514, 678.0, 156.0], "154": [768.8370228179217, 678.0, 262.0], "155": [768.8370228179217, 678.0, 262.0], "156": [1033.869228337332, 678.0, 182.0], "157": [1033.869228337332, 678.0, 182.0], "158": [649.853947889615, 747.0, 152.0], "159": [641.7061664020086, 747.0, 146.0], "160": [641.7061664020086, 747.0, 146.0], "161": [703.7905997979935, 747.0, 117.0], "162": [940.402159511747, 780.0, 139.0], "163": [1050.3211380898986, 780.0, 123.0], "164": [1050.3211380898986, 780.0, 123.0], "165": [1046.9782605242365, 780.0, 115.0], "166": [655.9147020984085, 813.1504482615044, 113.0], "167": [848.2412852610261, 813.0, 109.0], "168": [848.2412852610261, 813.0, 109.0], "169": [916.9881808273855, 813.0, 110.0], "170": [916.9881808273855, 813.0, 110.0], "171": [916.9881808273855, 813.0, 110.0], "172": [1092.0203111865987, 813.0, 128.0], "173": [1092.0203111865987, 813.0, 128.0], "174": [968.007103838674, 813.0, 197.0], "175": [968.007103838674, 813.0, 197.0], "176": [700.5836530790875, 846.0, 104.0], "177": [785.9755929913392, 846.0, 168.0], "178": [952.2612554345545, 846.0, 191.0], "179": [703.0923811622251, 912.0, 105.0], "180": [780.0749974698967, 911.0991257212339, 235.0], "181": [780.7647768886272, 909.7195668837729, 235.0],