{"1": [639.1908463410207, 87.0, 284.0], "2": [766.8197309656223, 87.0, 147.0], "3": [859.0004014879873, 87.0, 250.0], "4": [859.0004014879873, 87.0, 250.0], "5": [934.4039990099196, 87.0, 150.0], "6": [934.4039990099196, 87.0, 150.0], "7": [1007.7261372295152, 87.0, 176.0], "8": [1007.7261372295152, 87.0, 176.0], "9": [1036.2261593230567, 87.0, 237.0], "10": [1115.8300768019703, 87.0, 256.0], "11": [686.6823054041356, 119.0, 113.0], "12": [746.2053472080025, 119.0, 187.0], "13": [817.1109371711675, 119.0, 192.0], "14": [957.4238853040424, 117.99944696326475, 214.0], "15": [980.0966348936186, 116.73984976384389, 214.0], "16": [1026.8000012240966, 119.0, 262.0], "17": [661.389013243163, 153.0, 182.0], "18": [661.389013243163, 153.0, 182.0], "19": [767.2247081914875, 152.0085713476289, 273.0], "20": [767.8545067911979, 150.748974148208, 273.0], "21": [862.3030038309629, 153.0, 233.0], "22": [1023.2375978799399, 153.0, 258.0], "23": [1085.337667638555, 153.0, 223.0], "24": [691.133333782802, 186.0, 147.0], "25": [696.2990204711421, 186.0, 102.0], "26": [769.5947568852924, 186.0, 267.0], "27": [769.5947568852924, 186.0, 267.0], "28": [908.7699999686105, 186.0, 210.0], "29": [1033.3466153277354, 186.0, 266.0], "30": [722.9635225103519, 252.0, 244.0], "31": [863.9234192019593, 252.0, 269.0], "32": [998.8428584329513, 252.0, 119.0], "33": [997.244713732259, 252.0, 123.0], "34": [981.8376721008507, 252.0, 146.0], "35": [1099.7583688386035, 248.36775710332705, 264.0], "36": [645.10549410677, 285.0, 182.0], "37": [645.10549410677, 285.0, 182.0], "38": [766.7241723633225, 285.0, 211.0], "39": [932.2011579075977, 285.0, 173.0], "40": [878.4497407700878, 285.0, 191.0], "41": [1045.5956892635052, 282.37688148769115, 272.0], "42": [641.264988249398, 318.2754016711868, 231.0], "43": [672.12511963521, 316.3860058720554, 231.0], "44": [635.596800852004, 315.12640867263457, 231.0], "45": [772.9878378452561, 318.0, 148.0], "46": [772.9878378452561, 318.0, 148.0], "47": [915.2273791234425, 318.90520027089724, 376.0], "48": [856.0263107506605, 318.2754016711868, 104.0], "49": [871.4817302329781, 318.0, 104.0], "50": [1031.1103214701648, 313.23701287350303, 203.0], "51": [727.5473964097293, 351.02492885613003, 154.0], "52": [725.6580006105979, 345.356741458736, 154.0], "53": [657.7680180359268, 417.0, 197.0], "54": [643.6630635608522, 417.0, 222.0], "55": [688.5020848022109, 417.0, 144.0], "56": [794.7107629636484, 417.0, 223.0], "57": [794.7107629636484, 417.0, 223.0], "58": [1028.2982394181038, 417.0, 227.0], "59": [1086.2554797860985, 417.0, 146.0], "60": [728.1771950094399, 448.64371181124915, 348.0], "61": [857.3154993209731, 447.0, 200.0], "62": [1020.5689894627335, 447.0, 287.0], "63": [1020.5689894627335, 447.0, 287.0], "64": [1029.1532726210676, 447.0, 107.0], "65": [621.9429693782628, 483.0, 249.0], "66": [673.8088544866854, 483.0, 271.0], "67": [788.6453771934273, 483.0, 238.0], "68": [913.3379833243112, 482.02303759590285, 301.0], "69": [917.2933524543748, 483.0, 301.0], "70": [1053.7665305258606, 483.0, 245.0], "71": [1083.6744319827744, 483.0, 176.0], "72": [746.176822415317, 516.0, 233.0], "73": [662.139576122593, 516.0, 235.0], "74": [846.6891519296903, 516.0, 212.0], "75": [846.6891519296903, 516.0, 212.0], "76": [924.6534347215033, 516.0, 262.0], "77": [1026.438855645401, 516.0, 157.0], "78": [654.4423523318449, 581.0, 340.0], "79": [654.4423523318449, 581.0, 340.0], "80": [737.4331230772871, 581.0, 157.0], "81": [737.4331230772871, 581.0, 157.0], "82": [737.4331230772871, 581.0, 157.0], "83": [778.5610829862757, 585.3100079484159, 209.0], "84": [789.3009555648697, 581.0, 209.0], "85": [920.93837354392, 581.0, 357.0], "86": [978.837037694198, 580.2716191507325, 196.0], "87": [986.9280612106573, 581.0, 196.0], "88": [986.9280612106573, 581.0, 196.0], "89": [1084.9140223201368, 581.0, 271.0], "90": [654.490758843318, 613.0211463356757, 387.0], "91": [612.294252662718, 611.1317505365444, 387.0], "92": [709.8088424210916, 615.0, 181.0], "93": [810.6059889343968, 615.0, 167.0], "94": [977.7404044138356, 615.0, 198.0], "95": [977.7404044138356, 615.0, 198.0], "96": [977.7404044138356, 615.0, 198.0], "97": [1093.6944137101384, 615.0, 179.0], "98": [1093.6944137101384, 615.0, 179.0], "99": [1046.0903327367446, 615.0, 269.0], "100": [1046.0903327367446, 615.0, 269.0], "101": [665.1585244739886, 648.0, 217.0], "102": [607.9064534136924, 648.0, 248.0], "103": [711.4126320519598, 648.0, 190.0], "104": [808.3780783349004, 648.0, 333.0], "105": [791.750710826796, 648.0, 211.0], "106": [959.4457692696234, 648.0, 260.0], "107": [959.4457692696234, 648.0, 260.0], "108": [1079.8570890214446, 648.0, 275.0], "109": [665.801561309773, 648.0, 128.0], "110": [765.427442204614, 648.0, 164.0], "111": [765.427442204614, 648.0, 164.0], "112": [979.7313642616497, 648.0, 220.0], "113": [659.5291476410016, 647.0302707200399, 317.0], "114": [666.4569322378165, 647.0302707200399, 317.0], "115": [652.7211252502017, 648.0, 142.0], "116": [652.7211252502017, 648.0, 142.0], "117": [812.3606468415809, 648.0, 155.0], "118": [805.8740468396211, 648.0, 131.0], "119": [874.6854711192445, 648.0, 117.0], "120": [954.0192159954659, 648.0, 255.0], "121": [923.0350571737237, 648.0, 174.0], "122": [1017.582103780329, 648.0, 190.0], "123": [969.7345500369622, 648.0, 246.0], "124": [980.7264334933299, 647.0302707200399, 322.0], "125": [992.325463481982, 648.0, 322.0], "126": [599.6031845307539, 648.0, 157.0], "127": [599.6031845307539, 648.0, 157.0], "128": [666.2745103848474, 648.0, 204.0], "129": [666.2745103848474, 648.0, 204.0], "130": [839.0662723300244, 648.0, 169.0], "131": [1055.0191688174248, 648.0, 240.0], "132": [719.9898132132046, 645.1408749209086, 142.0], "133": [805.7779858574543, 648.0, 268.0], "134": [990.2178793916578, 648.0, 151.0], "135": [980.7264334933299, 648.2898679194608, 248.0], "136": [1061.7368817832555, 648.0, 263.0], "137": [590.8811002725628, 644.5110763211981, 255.0], "138": [663.9377378389747, 647.6600693197504, 245.0], "139": [659.5291476410016, 646.4004721203295, 245.0], "140": [911.3413145060744, 648.0, 213.0], "141": [911.3413145060744, 648.0, 213.0], "142": [1023.540942937144, 648.0, 276.0], "143": [672.7523354055863, 648.0, 107.0], "144": [672.7523354055863, 648.0, 107.0], "145": [674.3469023327567, 648.0, 113.0], "146": [674.3469023327567, 648.0, 113.0], "147": [761.556520794094, 643.8812777214877, 314.0], "148": [958.758941370577, 648.0, 151.0], "149": [1020.3497458865486, 648.0, 392.0], "150": [1050.2174188814092, 648.0, 155.0], "151": [1050.2174188814092, 648.0, 155.0], "152": [1050.2174188814092, 648.0, 155.0], "153": [1050.6539687053266, 648.0, 441.0], "154": [1050.6539687053266, 648.0, 441.0], "155": [1050.6539687053266, 648.0, 441.0], "156": [633.7074050528731, 645.770673520619, 184.0], "157": [581.9879785760444, 648.0, 208.0], "158": [664.4585686405993, 648.0, 391.0], "159": [790.1706880422738, 648.0, 232.0], "160": [978.207239094488, 648.9196665191712, 320.0], "161": [1073.574894429244, 648.0, 235.0], "162": [665.0852122454726, 648.0, 142.0], "163": [665.0852122454726, 648.0, 142.0], "164": [665.0852122454726, 648.0, 142.0], "165": [610.0280914766093, 648.0, 267.0], "166": [714.1519479802712, 648.0, 231.0], "167": [672.1232997526615, 648.0, 206.0], "168": [785.6083318287041, 648.0, 192.0], "169": [838.3919499587687, 647.6600693197504, 180.0], "170": [841.3277782019954, 648.0, 180.0], "171": [841.3277782019954, 648.0, 180.0], "172": [933.0248860412004, 648.0, 217.0], "173": [933.0248860412004, 648.0, 217.0], "174": [986.9399446240694, 648.0, 353.0], "175": [986.9399446240694, 648.0, 353.0], "176": [1086.2891889276575, 648.0, 370.0], "177": [692.4954336536355, 648.0, 219.0], "178": [761.556520794094, 646.4004721203295, 267.0], "179": [865.473289746318, 647.0302707200399, 375.0], "180": [958.5336464228208, 648.0, 214.0], "181": [992.6434751226101, 648.0, 184.0], "182": [655.7503560427389, 648.9196665191712, 291.0],