{"1": [752.467795930638, 18.0, 290.0], "2": [754.4540838220325, 18.0, 295.0], "3": [753.7919878582343, 19.780094522934405, 166.0], "4": [884.3020257490111, 18.0, 148.0], "5": [855.6507312950586, 18.0, 272.0], "6": [874.8341643441545, 18.0, 281.0], "7": [874.8341643441545, 18.0, 281.0], "8": [754.4540838220325, 20.442190486732557, 173.0], "9": [759.0887555686197, 15.80751874014544, 173.0], "10": [844.0276464802768, 18.0, 340.0], "11": [848.0589626369899, 18.0, 212.0], "12": [635.2768103383632, 85.98969090275062, 177.0], "13": [633.1293797998123, 87.0, 177.0], "14": [610.0709985730829, 87.0, 231.0], "15": [606.1445879312441, 85.32759493895242, 240.0], "16": [614.1083371640384, 87.0, 240.0], "17": [686.718075462294, 87.0, 166.0], "18": [639.7189072422136, 87.0, 201.0], "19": [639.7189072422136, 87.0, 201.0], "20": [639.9114820849504, 84.66549897515426, 294.0], "21": [656.4638811799045, 85.98969090275062, 106.0], "22": [655.8017852161063, 83.34130704755796, 106.0], "23": [662.9783056276736, 87.0, 106.0], "24": [686.8619439737233, 87.0, 381.0], "25": [686.8619439737233, 87.0, 381.0], "26": [753.7919878582343, 82.67921108375981, 346.0], "27": [753.1298918944362, 82.67921108375981, 346.0], "28": [643.6596383126645, 87.0, 166.0], "29": [609.7003532972557, 87.0, 285.0], "30": [647.1116469188536, 87.0, 146.0], "31": [647.1116469188536, 87.0, 146.0], "32": [613.4543324128284, 87.0, 127.0], "33": [613.4543324128284, 87.0, 127.0], "34": [713.1883559477503, 87.0, 249.0], "35": [713.1883559477503, 87.0, 249.0], "36": [713.1883559477503, 87.0, 249.0], "37": [788.7231871803241, 87.0, 276.0], "38": [788.7231871803241, 87.0, 276.0], "39": [839.2755805246801, 87.0, 172.0], "40": [839.2755805246801, 87.0, 172.0], "41": [839.2755805246801, 87.0, 172.0], "42": [872.7777031191646, 87.0, 148.0], "43": [872.7777031191646, 87.0, 148.0], "44": [990.2589473799455, 87.0, 285.0], "45": [1113.6574183435785, 87.0, 155.0], "46": [695.527543043996, 118.43239312886055, 204.0], "47": [752.9558336307501, 119.0, 240.0], "48": [752.9558336307501, 119.0, 240.0], "49": [709.7846171330674, 119.0, 182.0], "50": [709.7846171330674, 119.0, 182.0], "51": [709.7846171330674, 119.0, 182.0], "52": [876.7951213741807, 119.0, 328.0], "53": [973.3274074330654, 119.0, 270.0], "54": [1012.7035735732962, 119.0, 112.0], "55": [969.6957219545734, 119.0, 117.0], "56": [656.3504399564343, 153.0, 226.0], "57": [656.3504399564343, 153.0, 226.0], "58": [770.6972945452653, 153.0, 222.0], "59": [770.6972945452653, 153.0, 222.0], "60": [840.8360205613031, 153.0, 211.0], "61": [840.8360205613031, 153.0, 211.0], "62": [840.8360205613031, 153.0, 211.0], "63": [939.8409536855179, 152.1992872825668, 221.0], "64": [1052.9237453126816, 153.0, 219.0], "65": [1077.4149630637069, 153.0, 127.0], "66": [696.8517349715924, 185.30408547247492, 306.0], "67": [772.3306748445829, 185.30408547247492, 186.0], "68": [775.6483856215286, 186.0, 186.0], "69": [845.3000014974697, 186.0, 205.0], "70": [986.1876711513893, 182.65570161728226, 329.0], "71": [956.3771041801713, 186.0, 214.0], "72": [604.1583000398497, 248.2032020333003, 339.0], "73": [642.559865940143, 252.17577781608927, 339.0], "74": [679.876269929469, 252.0, 118.0], "75": [805.9643488805752, 252.0, 230.0], "76": [779.543615805907, 252.0, 188.0], "77": [956.393352780472, 251.5136818522911, 386.0], "78": [989.49815097038, 248.86529799709848, 386.0], "79": [1034.8858855708845, 252.0, 248.0], "80": [1100.7450428510267, 252.0, 242.0], "81": [640.7892861497404, 285.0, 252.0], "82": [705.7619055285484, 285.0, 378.0], "83": [800.2397490500914, 285.0, 244.0], "84": [880.001584293154, 285.0, 253.0], "85": [1020.4000018770195, 285.0, 262.0], "86": [620.0486031710057, 316.399086304511, 240.0], "87": [592.9026686552809, 316.39908630451083, 138.0], "88": [691.3232133169253, 318.0, 224.0], "89": [798.1524174327112, 315.0748943769147, 230.0], "90": [841.4680992933354, 318.0, 163.0], "91": [949.4257115103679, 318.0, 105.0], "92": [983.3987408491516, 318.0, 159.0], "93": [1028.5618128344718, 318.38537419590546, 178.0], "94": [1029.8860047620678, 318.38537419590534, 178.0], "95": [1101.3577872457258, 318.0, 244.0], "96": [648.9487721910623, 351.0, 244.0], "97": [710.7619805887598, 351.0, 192.0], "98": [710.7619805887598, 351.0, 192.0], "99": [771.6451094222887, 351.0, 317.0], "100": [746.9952380503673, 351.0, 231.0], "101": [710.0936542475556, 346.8555006392263, 250.0], "102": [708.6496033952012, 351.0, 250.0], "103": [773.7815805290612, 351.0, 152.0], "104": [858.4031501383439, 349.5038844944189, 309.0], "105": [934.5441859751325, 352.8143643134098, 163.0], "106": [937.8546657941233, 348.84178853062076, 163.0], "107": [1009.3619894369139, 351.0, 171.0], "108": [986.5361339380648, 351.0, 119.0], "109": [603.0930460322684, 417.0, 187.0], "110": [692.2180725692562, 417.0, 166.0], "111": [747.3656799125955, 417.0, 169.0], "112": [792.3209932525954, 417.0, 181.0], "113": [715.1673267890802, 417.0, 101.0], "114": [913.384735056856, 417.0, 439.0], "115": [1015.314117032989, 417.0, 170.0], "116": [913.3644867804153, 417.0, 138.0], "117": [1019.2924693412972, 412.4030010552443, 234.0], "118": [1066.021356106053, 417.0, 206.0], "119": [1023.3000015112127, 417.0, 174.0], "120": [1079.4474632557656, 417.0, 217.0], "121": [730.9414678194149, 447.0, 164.0], "122": [693.9624975206234, 447.0, 136.0], "123": [730.7715235521831, 447.0, 158.0], "124": [730.7715235521831, 447.0, 158.0], "125": [799.0553432718733, 447.0, 262.0], "126": [799.0553432718733, 447.0, 262.0], "127": [799.0553432718733, 447.0, 262.0], "128": [842.0195571945956, 447.0, 271.0], "129": [842.0195571945956, 447.0, 271.0], "130": [959.4853301741988, 447.0, 334.0], "131": [959.4853301741988, 447.0, 334.0], "132": [999.4351639412567, 447.0, 273.0], "133": [647.43473285077, 483.0, 167.0], "134": [614.4456635117261, 483.0, 438.0], "135": [771.9297676267513, 483.0, 215.0], "136": [771.9297676267513, 483.0, 215.0], "137": [757.648277361356, 483.0, 464.0], "138": [757.648277361356, 483.0, 464.0], "139": [904.2112568433736, 483.0, 231.0], "140": [904.2112568433736, 483.0, 231.0], "141": [904.2112568433736, 483.0, 231.0], "142": [872.8003168985215, 483.0, 315.0], "143": [872.8003168985215, 483.0, 315.0], "144": [1017.8127027194204, 483.0, 181.0], "145": [1075.4598104613049, 483.0, 209.0], "146": [696.8517349715922, 516.3520673715556, 195.0], "147": [695.5275430439959, 515.0278754439593, 195.0], "148": [667.057416600675, 514.3657794801611, 130.0], "149": [673.6783762386566, 513.0415875525648, 130.0], "150": [819.3394882742523, 516.3520673715556, 163.0], "151": [820.0015842380504, 513.0415875525648, 163.0], "152": [888.3189946536125, 516.0, 179.0], "153": [986.7222935739466, 516.0, 471.0], "154": [757.2336822470489, 581.0, 478.0], "155": [757.2336822470489, 581.0, 478.0], "156": [900.7772918214262, 578.5890879685828, 520.0], "157": [851.7821905003623, 579.251183932381, 520.0], "158": [955.360391747211, 581.0, 154.0], "159": [1037.042415100491, 581.0, 356.0], "160": [1037.042415100491, 581.0, 356.0], "161": [659.112265035097, 610.3696942308945, 196.0], "162": [662.4227448540878, 607.7213103757019, 196.0], "163": [654.4775932885099, 612.3559821222891, 196.0], "164": [610.9328248290914, 615.0, 390.0], "165": [610.9328248290914, 615.0, 390.0], "166": [610.9328248290914, 615.0, 390.0], "167": [670.5832286988186, 615.0, 322.0], "168": [603.5490729711241, 615.0, 108.0], "169": [603.5490729711241, 615.0, 108.0], "170": [759.1970480878061, 615.0, 237.0], "171": [759.1970480878061, 615.0, 237.0], "172": [806.7037502649881, 615.0, 160.0], "173": [864.0846586184244, 615.0, 176.0], "174": [940.5030496493159, 615.6664619412799, 215.0], "175": [905.4119635680133, 613.6801740498854, 215.0], "176": [1008.1884490659004, 615.0, 251.0], "177": [1051.7800004615406, 615.0, 230.0], "178": [659.7743609988952, 645.4607803121971, 222.0], "179": [635.2768103383632, 648.1091641673898, 222.0], "180": [631.3042345555742, 646.1228762759954, 222.0],