{"1": [855.8421671235526, 18.0, 230.0], "2": [632.3669468757365, 84.5823168521029, 106.0], "3": [632.3669468757365, 85.36946923245796, 111.0], "4": [600.336276084349, 87.0, 204.0], "5": [678.0217849363299, 85.36946923245796, 235.0], "6": [652.045756384613, 83.79516447174785, 196.0], "7": [652.8329087649681, 85.36946923245796, 196.0], "8": [724.4637753772785, 85.36946923245796, 173.0], "9": [724.4637753772785, 85.36946923245796, 173.0], "10": [763.0342420146764, 82.22085971103775, 250.0], "11": [826.4972099876971, 87.0, 215.0], "12": [849.9368412444168, 87.0, 190.0], "13": [764.6085467753865, 83.0080120913928, 269.0], "14": [765.3956991557416, 83.0080120913928, 269.0], "15": [808.0257151230938, 87.0, 140.0], "16": [883.1224481054666, 87.0, 245.0], "17": [933.8710641716563, 87.0, 235.0], "18": [933.8710641716563, 87.0, 235.0], "19": [982.0447061163495, 87.0, 255.0], "20": [982.0447061163495, 87.0, 255.0], "21": [1043.106410227501, 87.0, 156.0], "22": [1066.8750608317293, 86.94377399316812, 217.0], "23": [655.9815182863883, 117.64271682701542, 193.0], "24": [654.4072135256782, 113.7069549252401, 193.0], "25": [701.6363563469818, 116.85556444666037, 208.0], "26": [695.3391373041412, 117.64271682701542, 208.0], "27": [692.9776801630761, 118.42986920737047, 208.0], "28": [668.0711103251655, 119.0, 180.0], "29": [668.0711103251655, 119.0, 180.0], "30": [757.6176838467969, 119.0, 164.0], "31": [757.6176838467969, 119.0, 164.0], "32": [861.4282895590588, 117.64271682701542, 273.0], "33": [863.002594319769, 119.21702158772553, 273.0], "34": [885.2023937654677, 119.0, 167.0], "35": [885.2023937654677, 119.0, 167.0], "36": [938.7603441683414, 119.0, 232.0], "37": [989.6636917098241, 119.0, 157.0], "38": [619.6683755395038, 153.0, 234.0], "39": [682.5435732564936, 153.0, 140.0], "40": [682.5435732564936, 153.0, 140.0], "41": [682.5435732564936, 153.0, 140.0], "42": [744.0698701696155, 153.0, 239.0], "43": [744.0698701696155, 153.0, 239.0], "44": [716.2171787449464, 153.0, 163.0], "45": [716.2171787449464, 153.0, 163.0], "46": [716.2171787449464, 153.0, 163.0], "47": [811.5118932177189, 153.0, 227.0], "48": [896.8501466750365, 149.91596442157282, 268.0], "49": [894.4886895339713, 151.49026918228293, 268.0], "50": [899.3457153467498, 153.0, 105.0], "51": [993.6698894587088, 149.91596442157282, 229.0], "52": [667.7888039917142, 180.61490725542012, 155.0], "53": [666.2144992310041, 181.40205963577523, 155.0], "54": [663.8530420899389, 186.12497391790555, 350.0], "55": [661.4915849488738, 183.7635167768404, 350.0], "56": [721.3151658558583, 185.3378215375505, 201.0], "57": [696.0533009336574, 186.0, 197.0], "58": [696.0533009336574, 186.0, 197.0], "59": [831.5612913335212, 186.0, 248.0], "60": [877.6080636096287, 186.0, 186.0], "61": [814.7734383491089, 186.0, 128.0], "62": [766.9700039164517, 184.55066915719544, 263.0], "63": [840.820159121552, 186.0, 377.0], "64": [877.8938877739379, 186.0, 180.0], "65": [947.1373704397587, 186.0, 190.0], "66": [942.5049847356299, 182.97636439648534, 164.0], "67": [956.673727582021, 184.55066915719544, 150.0], "68": [968.6986630064906, 186.0, 150.0], "69": [1006.244446506527, 186.0, 180.0], "70": [645.7340594383023, 252.0, 138.0], "71": [589.3262014392806, 252.0, 229.0], "72": [645.7485373417726, 249.88431672666536, 266.0], "73": [720.5280134755031, 250.6714691070204, 208.0], "74": [766.1828515360967, 249.88431672666536, 220.0], "75": [766.9700039164517, 249.88431672666536, 220.0], "76": [838.6650659436417, 252.0, 229.0], "77": [904.721670478587, 246.7357072052451, 177.0], "78": [909.0141263600879, 252.0, 177.0], "79": [951.9508132998907, 246.7357072052451, 209.0], "80": [950.4812053470365, 252.0, 298.0], "81": [986.8836720435896, 252.0, 147.0], "82": [1018.8587656300707, 248.31001196595525, 181.0], "83": [1021.2202227711358, 249.0971643463103, 181.0], "84": [1027.3850833720455, 252.0, 181.0], "85": [1078.9999998027602, 252.0, 247.0], "86": [640.2384706792872, 279.00895479980255, 249.0], "87": [697.7005944452064, 280.58325956051266, 231.0], "88": [771.541508024161, 285.0, 106.0], "89": [770.0836856233717, 285.0, 282.0], "90": [818.1349086395305, 281.3704119408677, 149.0], "91": [828.021475730329, 285.0, 149.0], "92": [896.7536707789639, 285.0, 177.0], "93": [1016.4973084890055, 282.9447167015778, 207.0], "94": [628.9674079311962, 318.0, 135.0], "95": [628.9674079311962, 318.0, 135.0], "96": [586.5638911819252, 318.0, 144.0], "97": [666.2144992310041, 316.00511667649033, 227.0], "98": [744.142584886155, 316.7922690568454, 232.0], "99": [748.0783467879303, 316.00511667649033, 232.0], "100": [750.4398039289954, 315.2179642961353, 232.0], "101": [813.4119943574002, 317.57942143720044, 211.0], "102": [806.8289104882757, 318.0, 211.0], "103": [891.985714654995, 318.0, 182.0], "104": [891.985714654995, 318.0, 182.0], "105": [976.3525370908975, 316.7922690568454, 194.0], "106": [1027.5174418139763, 313.6436595354252, 204.0], "107": [1022.0073751514909, 312.85650715507006, 122.0], "108": [1087.728862986829, 318.0, 246.0], "109": [687.3050355355318, 351.0, 139.0], "110": [683.5318515988154, 349.06551665140285, 285.0], "111": [684.3190039791705, 350.63982141211295, 285.0], "112": [726.8252325183437, 345.1297547496275, 140.0], "113": [726.8252325183437, 350.63982141211295, 140.0], "114": [728.3995372790538, 349.06551665140285, 140.0], "115": [715.8264310587582, 351.0, 140.0], "116": [770.4159570658945, 351.0, 188.0], "117": [770.4159570658945, 351.0, 188.0], "118": [828.3553416544123, 351.0, 262.0], "119": [828.3553416544123, 351.0, 262.0], "120": [857.089469640776, 351.0, 209.0], "121": [857.089469640776, 351.0, 209.0], "122": [836.3372725265087, 351.0, 110.0], "123": [836.3372725265087, 351.0, 110.0], "124": [905.6983067742432, 351.0, 177.0], "125": [1002.0604378778062, 351.0, 273.0], "126": [667.2038761120774, 417.0, 129.0], "127": [605.6037659436645, 415.97346898158287, 255.0], "128": [607.3747583075475, 417.0, 103.0], "129": [663.3551406924357, 417.0, 214.0], "130": [720.351675077862, 417.0, 209.0], "131": [797.0712413783893, 417.0, 153.0], "132": [898.727307878314, 417.0, 260.0], "133": [966.6494768688914, 417.0, 192.0], "134": [1027.5497625206467, 417.0, 209.0], "135": [971.6296228087671, 413.61201184051765, 271.0], "136": [972.4167751891222, 416.76062136193787, 271.0], "137": [1066.43439897482, 417.0, 250.0], "138": [646.5356897221276, 448.2467165761403, 289.0], "139": [681.7842907768307, 447.0, 331.0], "140": [763.6377890494928, 447.0, 217.0], "141": [817.6774303170658, 447.0, 288.0], "142": [939.6453834597662, 447.0, 130.0], "143": [944.07928949634, 445.09810705472, 139.0], "144": [989.3726767808266, 447.0, 183.0], "145": [709.5078801505323, 482.8814213117629, 124.0], "146": [695.3725791719174, 483.0, 124.0], "147": [608.8135856423384, 483.0, 265.0], "148": [672.4448964845096, 483.0, 196.0], "149": [743.7558127730771, 483.0, 258.0], "150": [771.724403345052, 483.0, 168.0], "151": [851.1566101246161, 483.0, 242.0], "152": [920.4951369084915, 483.0, 144.0], "153": [1015.7101561086504, 478.94565940998757, 265.0], "154": [954.6872900368953, 483.0, 118.0], "155": [875.5357123072481, 483.0, 140.0], "156": [1018.326469782407, 483.0, 170.0], "157": [1013.8764196362908, 483.0, 106.0], "158": [1059.6926203907706, 483.0, 149.0], "159": [726.4385852409775, 516.0, 127.0], "160": [694.6139181113449, 516.0, 194.0], "161": [692.9776801630761, 515.1546689063204, 109.0], "162": [732.8788040291042, 516.0, 184.0], "163": [825.8516769504068, 516.0, 209.0], "164": [825.8516769504068, 516.0, 209.0], "165": [850.4479764170402, 516.0, 173.0], "166": [868.2969686413593, 516.0, 165.0], "167": [932.649845911107, 516.0, 325.0], "168": [957.460879962376, 513.5803641456101, 176.0], "169": [964.9562493131167, 516.0, 176.0], "170": [1011.2441179944248, 516.0, 102.0], "171": [691.6862387585414, 581.0, 109.0], "172": [641.4204935169855, 581.0, 366.0], "173": [673.24117577141, 581.0, 255.0], "174": [722.9678354843978, 581.0, 199.0],