{"1" : [697.5180624650343, 67.95859304588603, 227.0], "3" : [686.6123639518736, 67.13764380909836, 178.0], "5" : [624.1654320340962, 69.98765507702527, 162.0], "7" : [823.1537505147697, 61.293832739729794, 227.0], "9" : [791.1216444248939, 63.512116733160674, 231.0], "11" : [796.2187293910098, 60.010951101276156, 283.0], "13" : [944.7032633632871, 65.35632875684627, 245.0], "15" : [944.7032633632871, 65.35632875684627, 245.0], "17" : [949.2861069384334, 60.65138354902804, 72.0], "19" : [1121.1417329980522, 69.40748052562311, 254.0], "21" : [737.5675574567338, 84.03670315897315, 188.0], "23" : [670.9797541157948, 93.30368319928421, 163.0], "25" : [670.9797541157948, 93.30368319928421, 163.0], "27" : [942.1573253257594, 90.74137993459274, 232.0], "29" : [942.1573253257594, 90.74137993459274, 232.0], "31" : [1002.0338535848721, 90.97604297484264, 192.0], "33" : [665.8732473166276, 119.35222903360376, 157.0], "35" : [762.6355658777464, 117.05515585904968, 194.0], "37" : [546.9696633071397, 125.11910340078784, 178.0], "39" : [963.5263624871742, 124.74181961336946, 110.0], "41" : [963.5263624871742, 124.74181961336946, 110.0], "43" : [747.1448504219733, 121.45116275009848, 301.0], "45" : [914.2237611728386, 125.0445565125984, 202.0], "47" : [914.2237611728386, 125.0445565125984, 202.0], "49" : [859.4772957609168, 120.03729584527103, 185.0], "51" : [859.4772957609168, 120.03729584527103, 185.0], "53" : [984.8372097729854, 125.27093441214123, 86.0], "55" : [984.8372097729854, 125.27093441214123, 86.0], "57" : [987.4133106599398, 127.72661744461193, 278.0], "59" : [987.4133106599398, 127.72661744461193, 278.0], "61" : [1083.4633516949689, 128.9727726419217, 191.0], "63" : [1083.4633516949689, 128.9727726419217, 191.0], "65" : [759.6515011355239, 152.92750002635157, 200.0], "67" : [711.4612045796529, 161.9289577473995, 183.0], "69" : [711.4612045796529, 161.9289577473995, 183.0], "71" : [711.4612045796529, 161.9289577473995, 183.0], "73" : [817.919771577974, 161.02851606711758, 263.0], "75" : [817.919771577974, 161.02851606711758, 263.0], "77" : [955.3898863013865, 161.6513588416575, 257.0], "79" : [955.3898863013865, 161.6513588416575, 257.0], "81" : [724.4536895750583, 164.8704678861722, 149.0], "83" : [724.4536895750583, 164.8704678861722, 149.0], "85" : [685.6863434666761, 166.8273170345401, 205.0], "87" : [685.6863434666761, 166.8273170345401, 205.0], "89" : [955.5091959439629, 163.27470844434103, 87.0], "91" : [955.5091959439629, 163.27470844434103, 87.0], "93" : [1036.5563369472986, 172.46056308319626, 213.0], "95" : [634.6784296040072, 237.41241892646363, 153.0], "97" : [559.8357986671465, 244.69922261787042, 257.0], "99" : [731.5540328918986, 231.48508072394407, 248.0], "101" : [678.7347387308024, 243.0378934891149, 95.0], "103" : [680.470322163332, 248.27193652162364, 310.0], "105" : [808.6972055272556, 250.4089399195383, 179.0], "107" : [925.3727272448562, 236.72929226665053, 198.0], "109" : [1010.2042862052333, 229.062380037086, 210.0], "111" : [1165.7513143950678, 238.37237267011145, 76.0], "113" : [1167.3300783890923, 240.19512086580352, 123.0], "115" : [1128.9472200364662, 238.36180905344438, 144.0], "117" : [752.1184528590326, 261.99702293214847, 168.0], "119" : [752.1184528590326, 261.99702293214847, 168.0], "121" : [752.1184528590326, 261.99702293214847, 168.0], "123" : [795.2902705658398, 239.71459469087665, 185.0], "125" : [886.2423410826186, 223.56756854130248, 111.0], "127" : [675.9003895804859, 280.42929469550415, 256.0], "129" : [858.4207838808043, 277.80898777201014, 178.0], "131" : [863.7993584977737, 263.08974428662304, 156.0], "133" : [863.7993584977737, 263.08974428662304, 156.0], "135" : [1006.9746052214383, 253.55132363911915, 189.0], "137" : [1069.5393907038465, 261.58030173564674, 198.0], "139" : [1069.5393907038465, 261.58030173564674, 198.0], "141" : [697.7990923755427, 315.4509084791035, 110.0], "143" : [585.0324124612806, 314.14103403056026, 290.0], "145" : [722.6397431098319, 323.9196589716261, 234.0], "147" : [722.6397431098319, 323.9196589716261, 234.0], "149" : [575.7653057585296, 319.9319764697535, 147.0], "151" : [513.4465275327995, 322.50000173541304, 144.0], "153" : [954.0574167347985, 307.5870777777095, 209.0], "155" : [892.3981507019265, 315.11898098578047, 216.0], "157" : [894.1939399423097, 306.6515117948474, 66.0], "159" : [1081.1672589482241, 287.8273805875474, 168.0], "161" : [971.9268642330023, 292.7995047602604, 201.0], "163" : [971.9268642330023, 292.7995047602604, 201.0], "165" : [884.2381607094012, 306.11554658248343, 283.0], "167" : [884.2381607094012, 306.11554658248343, 283.0], "169" : [1123.3879675349242, 302.6029053689775, 241.0], "171" : [1055.4183297900809, 300.2783332489477, 60.0], "173" : [1055.4183297900809, 300.2783332489477, 60.0], "175" : [881.0402679132152, 314.59496578367674, 298.0], "177" : [881.0402679132152, 314.59496578367674, 298.0], "179" : [731.4775879810842, 355.8293103484418, 174.0], "181" : [917.379196013457, 352.53394037956787, 274.0], "183" : [877.0046165298638, 353.5092341922699, 65.0], "185" : [955.5951358425591, 353.1891871409569, 185.0], "187" : [848.872823908922, 345.17826327311724, 92.0], "189" : [781.0700002564167, 350.2159983980007, 200.0], "191" : [708.1592461535953, 351.9609194735388, 238.0], "193" : [864.6439015357927, 350.23853525003847, 205.0], "195" : [722.8933030510218, 358.2401683939981, 239.0], "197" : [1039.5008424831792, 312.1168753146697, 237.0], "199" : [1113.3676565325763, 309.52230378899134, 269.0], "201" : [710.1410488632878, 391.4552230883152, 134.0], "203" : [583.3144745870419, 419.2000022611907, 76.0], "205" : [584.8541406327059, 419.68662406680403, 157.0], "207" : [540.3873309677754, 424.53258060873395, 221.0], "209" : [608.8975470662247, 424.2171799780002, 163.0], "211" : [543.6398758666244, 428.89937692082907, 321.0], "213" : [662.9595755435845, 431.54680752487644, 188.0], "215" : [662.9595755435845, 431.54680752487644, 188.0], "217" : [786.2864615774059, 433.66092335715405, 325.0], "219" : [772.7636843632826, 435.29842012329726, 190.0], "221" : [944.237390029375, 433.0278271347612, 230.0], "223" : [1002.3238914469723, 430.69247808772815, 226.0], "225" : [1002.3238914469723, 430.69247808772815, 226.0], "227" : [1087.2835365979092, 427.6207328439386, 164.0], "229" : [718.7415850498262, 463.75445385960643, 202.0], "231" : [718.7415850498262, 463.75445385960643, 202.0], "233" : [806.1358758111662, 468.50941587708667, 223.0], "235" : [691.6578505378152, 465.9318166361253, 242.0], "237" : [691.6578505378152, 465.9318166361253, 242.0], "239" : [691.6578505378152, 465.9318166361253, 242.0], "241" : [972.5686168580678, 459.38510701360497, 188.0], "243" : [972.5686168580678, 459.38510701360497, 188.0], "245" : [972.5686168580678, 459.38510701360497, 188.0], "247" : [937.3085912633953, 461.90183834695165, 163.0], "249" : [937.3085912633953, 461.90183834695165, 163.0], "251" : [891.109090337843, 464.2831813194388, 220.0], "253" : [891.109090337843, 464.2831813194388, 220.0], "255" : [891.109090337843, 464.2831813194388, 220.0], "257" : [1037.7508344089138, 458.3441682393874, 120.0], "259" : [1037.7508344089138, 458.3441682393874, 120.0], "261" : [637.3556968921622, 497.4135028494614, 237.0], "263" : [767.754297256718, 496.24687434353035, 256.0], "265" : [767.754297256718, 496.24687434353035, 256.0], "267" : [912.0616640163499, 496.6649988885968, 300.0], "269" : [912.0616640163499, 496.6649988885968, 300.0], "271" : [1007.1383198472963, 491.26915923493334, 214.0], "273" : [1007.1383198472963, 491.26915923493334, 214.0], "275" : [846.1951461039439, 493.83527415801433, 309.0], "277" : [846.1951461039439, 493.83527415801433, 309.0], "279" : [750.1812950210298, 525.0633044903637, 139.0], "281" : [880.138984249857, 525.4038128204467, 236.0], "283" : [958.4574595715773, 527.7839761382083, 181.0], "285" : [762.4918386493758, 530.2394579281165, 294.0], "287" : [897.7349511157485, 525.642716899579, 103.0], "289" : [899.4218943838014, 527.6863924914338, 169.0],