{"1" : [596.2109440085202, 72.99204226142521, 201.0], "3" : [795.8645483332277, 35.26817770113336, 110.0], "5" : [925.8561098392412, 33.85701217347487, 221.0], "7" : [1001.4238066111287, 28.986189906789914, 210.0], "9" : [702.7449842286508, 84.35328822591258, 289.0], "11" : [779.8005949540722, 73.96786098360133, 168.0], "13" : [907.3444458643384, 70.23174672604908, 126.0], "15" : [1051.136957892693, 71.05598136150346, 184.0], "17" : [675.9462006378295, 111.45000035018882, 158.0], "19" : [628.293547189097, 123.96290671511409, 186.0], "21" : [588.4548198399802, 131.82891467031766, 166.0], "23" : [762.4127075659293, 102.23370064799329, 181.0], "25" : [762.4127075659293, 102.23370064799329, 181.0], "27" : [849.0674799765272, 100.63577137824487, 123.0], "29" : [849.0674799765272, 100.63577137824487, 123.0], "31" : [849.0674799765272, 100.63577137824487, 123.0], "33" : [969.6150266953141, 97.43730710935365, 193.0], "35" : [969.6150266953141, 97.43730710935365, 193.0], "37" : [969.6150266953141, 97.43730710935365, 193.0], "39" : [1037.2963655591057, 94.26848642318812, 165.0], "41" : [1037.2963655591057, 94.26848642318812, 165.0], "43" : [1120.2158960777772, 98.11949078719525, 195.0], "45" : [770.7566249911553, 137.47168375127077, 166.0], "47" : [729.9534369163837, 146.87022989854418, 131.0], "49" : [897.2999995676779, 133.74618600267158, 236.0], "51" : [897.2999995676779, 133.74618600267158, 236.0], "53" : [897.2999995676779, 133.74618600267158, 236.0], "55" : [978.1604393467042, 129.87362275099974, 91.0], "57" : [978.1604393467042, 129.87362275099974, 91.0], "59" : [978.1604393467042, 129.87362275099974, 91.0], "61" : [1051.798708664592, 135.9177987486488, 309.0], "63" : [1051.798708664592, 135.9177987486488, 309.0], "65" : [590.0458825829186, 244.44235392661483, 170.0], "67" : [563.2873701085219, 243.4989484012943, 190.0], "69" : [719.5162161867045, 225.45765730798433, 111.0], "71" : [696.3297863186593, 228.23652451844174, 282.0], "73" : [726.9882364676114, 241.533334411906, 153.0], "75" : [666.9580624770678, 259.16290375691665, 124.0], "77" : [666.9580624770678, 259.16290375691665, 124.0], "79" : [817.7394228301949, 248.1221191705486, 104.0], "81" : [848.4385131763589, 233.39729456975542, 148.0], "83" : [962.1041444231515, 245.78238466589383, 193.0], "85" : [962.1041444231515, 245.78238466589383, 193.0], "87" : [1061.4970537133865, 255.6739944865056, 373.0], "89" : [1061.4970537133865, 255.6739944865056, 373.0], "91" : [677.6380986812479, 301.1918381851357, 147.0], "93" : [579.1422931614643, 310.4738340042784, 279.0], "95" : [547.811110250413, 311.23271458903355, 162.0], "97" : [728.7483149988448, 303.80674063626316, 89.0], "99" : [883.73804775192, 288.36097494925593, 205.0], "101" : [883.73804775192, 288.36097494925593, 205.0], "103" : [983.2765333139658, 288.8039694466803, 277.0], "105" : [983.2765333139658, 288.8039694466803, 277.0], "107" : [945.3822357461189, 288.7223658945411, 152.0], "109" : [1095.0238585049124, 279.17106646446194, 197.0], "111" : [1077.4466687703646, 284.20666598900084, 180.0], "113" : [792.9622118478419, 324.0226749756602, 172.0], "115" : [792.9622118478419, 324.0226749756602, 172.0], "117" : [722.1420546866045, 328.6934563778471, 214.0], "119" : [722.1420546866045, 328.6934563778471, 214.0], "121" : [882.8959005107869, 321.3245917667468, 244.0], "123" : [882.8959005107869, 321.3245917667468, 244.0], "125" : [777.2348094574979, 324.3297494282871, 158.0], "127" : [777.2348094574979, 324.3297494282871, 158.0], "129" : [777.2348094574979, 324.3297494282871, 158.0], "131" : [903.054744869491, 327.22189801310856, 137.0], "133" : [903.054744869491, 327.22189801310856, 137.0], "135" : [995.6083320189731, 321.0613664695787, 132.0], "137" : [608.5049174456582, 391.3155738207729, 122.0], "139" : [608.9492964048841, 392.5169008952969, 71.0], "141" : [560.1335946961688, 408.4460936471236, 128.0], "143" : [517.4377255651804, 402.31796264888317, 167.0], "145" : [767.2554634037554, 401.3340339721727, 238.0], "147" : [767.2554634037554, 401.3340339721727, 238.0], "149" : [779.1486316200773, 411.4010914330129, 183.0], "151" : [947.0244447952496, 404.00388791356465, 180.0], "153" : [914.0047590750197, 410.23154606614565, 168.0], "155" : [953.5583892910381, 416.13020428917986, 149.0], "157" : [1048.6144932193085, 398.72898543802916, 138.0], "159" : [1048.6144932193085, 398.72898543802916, 138.0], "161" : [1101.7029286157608, 412.0338906978275, 239.0], "163" : [731.5840023317488, 433.67942722618415, 175.0], "165" : [731.5840023317488, 433.67942722618415, 175.0], "167" : [693.2721035244645, 449.54806981143724, 233.0], "169" : [752.4188989877198, 450.6661420220611, 127.0], "171" : [857.3508425265258, 444.6593147179751, 118.0], "173" : [947.9096366265612, 427.7216889913653, 166.0], "175" : [947.9096366265612, 427.7216889913653, 166.0], "177" : [1021.9544439745139, 439.14722022646464, 180.0], "179" : [671.3069077894359, 460.5156345049898, 275.0], "181" : [671.3069077894359, 460.5156345049898, 275.0], "183" : [746.931342524162, 479.1895531711347, 67.0], "185" : [819.133928428643, 455.7011914397171, 168.0], "187" : [819.133928428643, 455.7011914397171, 168.0], "189" : [819.133928428643, 455.7011914397171, 168.0], "191" : [908.8689493968317, 467.6015772004816, 380.0], "193" : [1017.4720129979688, 473.1773649511036, 243.0], "195" : [1017.4720129979688, 473.1773649511036, 243.0], "197" : [828.2547441061052, 481.3890502359567, 137.0], "199" : [932.2832313520837, 469.40745229334254, 161.0], "201" : [1019.838598134378, 469.4179823637751, 228.0], "203" : [779.9638290705176, 491.50496461187635, 282.0], "205" : [779.9638290705176, 491.50496461187635, 282.0], "207" : [850.1671426400686, 503.98785856339845, 140.0], "209" : [850.1671426400686, 503.98785856339845, 140.0], "211" : [775.1923388622498, 506.6383054896648, 248.0], "213" : [849.569072516969, 506.32834834845374, 194.0], "215" : [849.569072516969, 506.32834834845374, 194.0], "217" : [901.0041393783032, 514.1220661964543, 145.0], "219" : [835.6864976324824, 512.109704996811, 237.0], "221" : [958.527058599718, 520.0726429448479, 340.0], "223" : [586.9175530860751, 587.3563826818695, 188.0], "225" : [655.4405574273126, 571.6503480746794, 143.0], "227" : [593.7931811105307, 580.0357947402645, 176.0], "229" : [595.7761954678532, 587.6619049432852, 63.0], "231" : [800.6683656850893, 575.6040858941778, 98.0], "233" : [801.0204326424152, 578.0912406568775, 137.0], "235" : [962.575159126596, 585.2904442220985, 314.0], "237" : [932.0514990959465, 583.5544929200037, 167.0], "239" : [932.0514990959465, 583.5544929200037, 167.0], "241" : [998.3317056742322, 584.0719530216402, 164.0], "243" : [1093.9708064058327, 587.0224844659253, 298.0], "245" : [1093.9708064058327, 587.0224844659253, 298.0], "247" : [847.7671754580117, 590.1755724004884, 131.0], "249" : [847.7671754580117, 590.1755724004884, 131.0], "251" : [721.6238571184183, 602.1066022950511, 197.0], "253" : [721.6238571184183, 602.1066022950511, 197.0], "255" : [786.4324811950987, 604.752867170768, 157.0], "257" : [864.9847836291356, 606.3293486926149, 92.0], "259" : [905.0390819949321, 596.5494281134361, 174.0], "261" : [905.0390819949321, 596.5494281134361, 174.0], "263" : [989.7561064155626, 611.6171785280075, 262.0], "265" : [639.7508880667384, 626.7834318748756, 169.0], "267" : [538.6724996983252, 641.9200026999875, 80.0], "269" : [537.503922953497, 642.8529434902451, 153.0], "271" : [616.3000012492955, 640.9114304944335, 105.0], "273" : [735.0453369920309, 630.2386631852695, 75.0], "275" : [735.0453369920309, 630.2386631852695, 75.0], "277" : [735.0453369920309, 630.2386631852695, 75.0], "279" : [737.367950724588, 630.1653841684192, 156.0], "281" : [737.367950724588, 630.1653841684192, 156.0], "283" : [737.367950724588, 630.1653841684192, 156.0], "285" : [707.3281541525382, 632.0004842665833, 206.0], "287" : [707.3281541525382, 632.0004842665833, 206.0], "289" : [767.4613639000768, 631.4795436648492, 88.0],