{"1" : [702.6230080350136, 70.65221488707816, 113.0], "3" : [588.6138671602347, 71.02263056992837, 137.0], "5" : [588.6138671602347, 71.02263056992837, 137.0], "7" : [577.3588662856705, 67.5602848377125, 141.0], "9" : [787.4531814127172, 27.74318053671337, 220.0], "11" : [887.4795573653007, 25.951379896254654, 181.0], "13" : [936.0718119348578, 21.570472556736554, 149.0], "15" : [1011.043352072215, 24.013873000363827, 173.0], "17" : [1062.5104959608295, 29.774077825679633, 162.0], "19" : [734.1555554364393, 61.91874761433269, 144.0], "21" : [670.1493576849149, 80.9012812742665, 156.0], "23" : [754.110981970164, 63.516185270910974, 173.0], "25" : [672.767002991884, 61.617257956659046, 197.0], "27" : [687.1941184570525, 59.37720411393081, 136.0], "29" : [648.186958522721, 70.41391047608838, 115.0], "31" : [588.8773803153002, 77.17262241891396, 168.0], "33" : [588.8773803153002, 77.17262241891396, 168.0], "35" : [551.7748780480853, 83.75024684102472, 203.0], "37" : [619.8529734983998, 88.6077401202631, 168.0], "39" : [676.5029414676184, 93.12647367229417, 68.0], "41" : [676.5029414676184, 93.12647367229417, 68.0], "43" : [675.1695358391407, 88.07351155391957, 151.0], "45" : [762.175910268477, 77.58227564204317, 220.0], "47" : [819.3485697032631, 74.36000419804178, 70.0], "49" : [821.5752504845273, 71.79108999931509, 101.0], "51" : [888.1975607814338, 76.55427100586844, 164.0], "53" : [944.7213106772352, 75.95464761125473, 183.0], "55" : [944.7213106772352, 75.95464761125473, 183.0], "57" : [994.514750444857, 80.91912497922631, 183.0], "59" : [1064.211112732955, 86.57989412446658, 189.0], "61" : [1064.211112732955, 86.57989412446658, 189.0], "63" : [1123.4698935132785, 87.76720562619174, 186.0], "65" : [728.5609287640543, 103.63112455856357, 151.0], "67" : [692.8369229270543, 124.3946176966753, 130.0], "69" : [828.1842929372224, 114.63245939705207, 191.0], "71" : [807.2803583497558, 118.25238074823112, 168.0], "73" : [904.046562728399, 116.47301719888827, 189.0], "75" : [1020.8592136448623, 129.27171019907937, 152.0], "77" : [1020.8592136448623, 129.27171019907937, 152.0], "79" : [981.4424887622553, 126.42489522132773, 233.0], "81" : [981.4424887622553, 126.42489522132773, 233.0], "83" : [1051.3969701340766, 133.4409074450457, 264.0], "85" : [1051.3969701340766, 133.4409074450457, 264.0], "87" : [544.4388473190356, 223.8237400327372, 139.0], "89" : [591.1187480874364, 245.185715921854, 112.0], "91" : [554.608974755709, 245.0884609407833, 78.0], "93" : [540.9783647433313, 232.19883146644028, 171.0], "95" : [962.6152180409877, 195.43478552606584, 184.0], "97" : [1034.8107140619857, 193.69241113259707, 224.0], "99" : [675.2201444270597, 250.86691064918907, 139.0], "101" : [641.7500001474172, 249.85977288995494, 174.0], "103" : [641.7500001474172, 249.85977288995494, 174.0], "105" : [692.0575270879928, 249.99247614191933, 186.0], "107" : [767.4703063229556, 248.2339414346072, 165.0], "109" : [824.6623743488726, 246.0953606662117, 194.0], "111" : [804.1392170139601, 247.64183140824406, 153.0], "113" : [952.9309078363387, 238.43636524099594, 220.0], "115" : [1039.317044913456, 228.11533971229852, 176.0], "117" : [1082.2427592205122, 231.24689488377626, 145.0], "119" : [540.3478897544221, 296.94436783029204, 142.0], "121" : [583.6669181952509, 304.5563899216196, 133.0], "123" : [676.9535227739759, 305.6894350682796, 142.0], "125" : [545.4340673999088, 308.4494495308854, 91.0], "127" : [545.3696071502737, 305.43725445097425, 102.0], "129" : [727.5424099361121, 305.7952868136652, 191.0], "131" : [696.5976197980591, 303.7923799522707, 210.0], "133" : [762.0336915919283, 295.2903740136703, 187.0], "135" : [762.0336915919283, 295.2903740136703, 187.0], "137" : [762.0336915919283, 295.2903740136703, 187.0], "139" : [877.7894793094853, 290.8763157472506, 76.0], "141" : [877.7894793094853, 290.8763157472506, 76.0], "143" : [877.7894793094853, 290.8763157472506, 76.0], "145" : [879.3447079499173, 293.2211780212059, 170.0], "147" : [879.3447079499173, 293.2211780212059, 170.0], "149" : [879.3447079499173, 293.2211780212059, 170.0], "151" : [962.0085213850504, 294.869318267561, 176.0], "153" : [962.0085213850504, 294.869318267561, 176.0], "155" : [1033.7461922819334, 298.6395958039745, 197.0], "157" : [1033.7461922819334, 298.6395958039745, 197.0], "159" : [948.5012157868576, 305.0500004155089, 82.0], "161" : [941.5028167246978, 305.5640837857917, 142.0], "163" : [927.3675166629696, 312.7687884613865, 157.0], "165" : [1060.7453467322011, 314.0947364662021, 247.0], "167" : [1060.7453467322011, 314.0947364662021, 247.0], "169" : [1009.6725668408102, 312.4491119764086, 226.0], "171" : [1093.0921044576316, 318.67842292041325, 190.0], "173" : [1135.6874220572888, 319.31886929047454, 159.0], "175" : [780.8342095573695, 343.0782892982919, 152.0], "177" : [721.7770109692416, 347.13793291546244, 261.0], "179" : [848.4211860199803, 335.8550857654073, 118.0], "181" : [847.6400003276699, 334.25200004232903, 100.0], "183" : [829.3367081323053, 336.28607420764666, 158.0], "185" : [829.3367081323053, 336.28607420764666, 158.0], "187" : [959.2831697892294, 338.2999982876295, 101.0], "189" : [960.9193544016944, 340.28171981042857, 93.0], "191" : [990.5405216947787, 342.98496734279973, 153.0], "193" : [661.557602172499, 397.6399998631073, 125.0], "195" : [574.7708350371928, 402.9097221310488, 144.0], "197" : [539.1170928923752, 404.5259491961879, 158.0], "199" : [613.5586847090809, 394.64092691450884, 259.0], "201" : [605.0368394632447, 397.9210546119913, 57.0], "203" : [605.0368394632447, 397.9210546119913, 57.0], "205" : [745.426623273403, 394.6220789327451, 154.0], "207" : [782.2731725868566, 394.74146372114717, 164.0], "209" : [668.4212482521765, 396.51874965066156, 160.0], "211" : [829.6736566227871, 394.0129029302265, 186.0], "213" : [893.634942235523, 391.9706826961603, 249.0], "215" : [931.7510062912481, 390.27046982510893, 149.0], "217" : [987.4579263262643, 392.3902427341942, 164.0], "219" : [1054.7653177260227, 396.3959538940471, 173.0], "221" : [1054.7653177260227, 396.3959538940471, 173.0], "223" : [1112.7877324647893, 394.21003766210896, 269.0], "225" : [1170.5924347686173, 388.5226897858513, 119.0], "227" : [672.6052218679089, 413.89029876413605, 134.0], "229" : [647.5242669076063, 426.31765291621656, 136.0], "231" : [647.5242669076063, 426.31765291621656, 136.0], "233" : [730.1420784371361, 423.21202384371065, 183.0], "235" : [730.1420784371361, 423.21202384371065, 183.0], "237" : [730.1420784371361, 423.21202384371065, 183.0], "239" : [730.1420784371361, 423.21202384371065, 183.0], "241" : [789.7060596952732, 420.69272880571503, 165.0], "243" : [896.8558374652838, 427.03350566268136, 197.0], "245" : [896.8558374652838, 427.03350566268136, 197.0], "247" : [958.1168562110688, 427.43034006192033, 178.0], "249" : [958.1168562110688, 427.43034006192033, 178.0], "251" : [958.1168562110688, 427.43034006192033, 178.0], "253" : [917.1515770022925, 423.8926331615829, 95.0], "255" : [917.1515770022925, 423.8926331615829, 95.0], "257" : [1046.5953842033787, 431.936925122355, 65.0], "259" : [1046.5953842033787, 431.936925122355, 65.0], "261" : [1046.5953842033787, 431.936925122355, 65.0], "263" : [1038.1586337083556, 431.2188759013637, 249.0], "265" : [1038.1586337083556, 431.2188759013637, 249.0], "267" : [676.8490562747854, 449.51195031562867, 159.0], "269" : [625.4791535637403, 455.0782500673521, 331.0], "271" : [625.4791535637403, 455.0782500673521, 331.0], "273" : [693.388732154197, 449.87253679172613, 142.0], "275" : [753.5908237667644, 450.8412862546102, 218.0], "277" : [734.5467948799175, 451.86987038182855, 156.0], "279" : [811.9724129399395, 452.4965518671755, 145.0], "281" : [888.6617874028511, 455.650816252085, 246.0], "283" : [888.6617874028511, 455.650816252085, 246.0], "285" : [888.6617874028511, 455.650816252085, 246.0], "287" : [925.8353270415174, 456.36848256518823, 184.0], "289" : [925.8353270415174, 456.36848256518823, 184.0],