{"1" : [628.670554380604, 96.03666715260836, 180.0], "3" : [628.670554380604, 96.03666715260836, 180.0], "5" : [628.670554380604, 96.03666715260836, 180.0], "7" : [743.9911902067435, 82.95958482732239, 193.0], "9" : [771.067939320419, 85.55038129424939, 262.0], "11" : [664.3616249323444, 88.32913310603871, 357.0], "13" : [773.5308898326929, 96.19843113098598, 382.0], "15" : [773.5308898326929, 96.19843113098598, 382.0], "17" : [804.2357614951158, 95.38278239457748, 151.0], "19" : [804.2357614951158, 95.38278239457748, 151.0], "21" : [804.2357614951158, 95.38278239457748, 151.0], "23" : [926.7683007221763, 100.32352900152786, 306.0], "25" : [926.7683007221763, 100.32352900152786, 306.0], "27" : [976.2008401291713, 102.12100777936793, 238.0], "29" : [976.2008401291713, 102.12100777936793, 238.0], "31" : [976.2008401291713, 102.12100777936793, 238.0], "33" : [758.3808700850914, 116.15043735262728, 115.0], "35" : [762.344069159529, 116.83898184259829, 118.0], "37" : [689.9153308742915, 111.90949009515492, 274.0], "39" : [695.0132069225531, 105.1745280566181, 106.0], "41" : [732.4388064790112, 102.76417898707062, 67.0], "43" : [732.4388064790112, 102.76417898707062, 67.0], "45" : [734.8131249477972, 102.00062422950363, 160.0], "47" : [734.8131249477972, 102.00062422950363, 160.0], "49" : [754.7033562876106, 104.96241440734897, 149.0], "51" : [908.0816057898884, 115.70334400336323, 299.0], "53" : [936.3861725460955, 120.12287066988593, 188.0], "55" : [1021.663781301716, 123.43701078646373, 127.0], "57" : [592.9877200900027, 71.99123025967249, 114.0], "59" : [601.8604756137921, 73.7730579649694, 167.0], "61" : [665.0661003592364, 77.1649752533065, 177.0], "63" : [671.5580340248354, 73.72053824181334, 224.0], "65" : [646.1026889574654, 114.57526800582085, 186.0], "67" : [764.5380297983302, 125.65117729179048, 213.0], "69" : [764.5380297983302, 125.65117729179048, 213.0], "71" : [828.4064662197699, 129.85430775583424, 232.0], "73" : [828.4064662197699, 129.85430775583424, 232.0], "75" : [992.2579248617382, 140.09115501283037, 328.0], "77" : [1027.508765635338, 138.1757711601879, 194.0], "79" : [1057.7353868558223, 137.94307279607258, 130.0], "81" : [1105.4074045284049, 136.03147929880083, 54.0], "83" : [1135.7117987370575, 137.52246985390568, 178.0], "85" : [755.397437092379, 147.053846966404, 78.0], "87" : [767.4258576564254, 147.43992543123275, 263.0], "89" : [789.4714276553874, 147.98724807290816, 196.0], "91" : [789.4714276553874, 147.98724807290816, 196.0], "93" : [937.4424428048146, 163.41598538438558, 344.0], "95" : [937.4424428048146, 163.41598538438558, 344.0], "97" : [937.4424428048146, 163.41598538438558, 344.0], "99" : [949.1320732026942, 163.04527874594962, 106.0], "101" : [949.1320732026942, 163.04527874594962, 106.0], "103" : [959.0509824634591, 230.22156908211272, 51.0], "105" : [979.6970137914782, 226.94776129091963, 67.0], "107" : [675.6230779005996, 307.06538200344954, 52.0], "109" : [652.4772160619452, 241.04936595585258, 158.0], "111" : [1013.8316913682347, 234.87464586152333, 142.0], "113" : [999.2791036034679, 229.5597003190628, 67.0], "115" : [1002.863635470662, 237.2852273204088, 88.0], "117" : [1065.2205892655118, 227.20073583409106, 136.0], "119" : [1157.1085194237282, 231.5242142675462, 223.0], "121" : [769.2056100782875, 247.67953945353906, 303.0], "123" : [830.2606217106965, 248.4015567139817, 193.0], "125" : [910.9087946631121, 249.72546580298155, 216.0], "127" : [955.9440016488162, 255.52200100042302, 250.0], "129" : [1099.1506351460357, 265.23712864998026, 237.0], "131" : [1099.1506351460357, 265.23712864998026, 237.0], "133" : [624.8048202020057, 287.0849383017406, 166.0], "135" : [560.7637423714572, 297.45380328896135, 171.0], "137" : [696.8272727893302, 292.33384052388226, 198.0], "139" : [696.8272727893302, 292.33384052388226, 198.0], "141" : [767.786129723726, 287.1935460216154, 310.0], "143" : [944.6488581282163, 287.0164380159505, 219.0], "145" : [997.3431024733394, 288.63922188600037, 232.0], "147" : [1029.333092249661, 290.4352726603606, 275.0], "149" : [1029.333092249661, 290.4352726603606, 275.0], "151" : [1029.333092249661, 290.4352726603606, 275.0], "153" : [1137.4214628766981, 293.82968337633883, 219.0], "155" : [1186.0377262655677, 298.51796996632237, 167.0], "157" : [800.6930913905256, 322.4437511388835, 304.0], "159" : [895.5075187905011, 312.4996220291683, 266.0], "161" : [935.0330198291069, 314.4957556380975, 212.0], "163" : [935.0330198291069, 314.4957556380975, 212.0], "165" : [1011.2753632334664, 323.5309188400237, 207.0], "167" : [1011.2753632334664, 323.5309188400237, 207.0], "169" : [614.8469699144201, 414.92272784629324, 66.0], "171" : [614.4726721238038, 404.42919127704596, 161.0], "173" : [665.3421764718903, 396.6778913018644, 294.0], "175" : [971.264917039443, 364.1870974786314, 248.0], "177" : [718.1309867018488, 418.83239610092255, 71.0], "179" : [728.5791512818378, 420.7502137923527, 235.0], "181" : [728.5791512818378, 420.7502137923527, 235.0], "183" : [784.8873297770187, 412.30814485290375, 221.0], "185" : [824.4328723261523, 402.60629324680826, 143.0], "187" : [831.2111967332991, 400.7262542980896, 259.0], "189" : [983.6711241668096, 401.3069920556989, 329.0], "191" : [1069.0094667061599, 400.06894021810365, 264.0], "193" : [676.9697202214033, 460.1294817110763, 251.0], "195" : [676.9697202214033, 460.1294817110763, 251.0], "197" : [794.1465532780946, 440.1865503247982, 290.0], "199" : [807.4994480017285, 437.87734566370943, 181.0], "201" : [953.5557391494301, 430.71475085352216, 61.0], "203" : [953.5557391494301, 430.71475085352216, 61.0], "205" : [957.9843150125919, 431.51960708824487, 51.0], "207" : [957.9843150125919, 431.51960708824487, 51.0], "209" : [957.9843150125919, 431.51960708824487, 51.0], "211" : [1004.2592574376627, 432.90925961383044, 108.0], "213" : [1004.2592574376627, 432.90925961383044, 108.0], "215" : [858.52837641953, 493.6450449154828, 222.0], "217" : [858.52837641953, 493.6450449154828, 222.0], "219" : [858.52837641953, 493.6450449154828, 222.0], "221" : [935.4946240807211, 484.40430094030484, 93.0], "223" : [945.6553835132473, 486.10000089731216, 65.0], "225" : [964.4355542409982, 485.5096292235186, 135.0], "227" : [964.4355542409982, 485.5096292235186, 135.0], "229" : [993.5428568255597, 486.02857182392626, 56.0], "231" : [1047.8070953012743, 494.7458043485895, 155.0], "233" : [1066.0789459037542, 491.0631594104624, 171.0], "235" : [1020.9145035517249, 491.53358745989885, 131.0], "237" : [1020.9145035517249, 491.53358745989885, 131.0], "239" : [1013.4282750320768, 490.94413857004275, 145.0], "241" : [1013.4282750320768, 490.94413857004275, 145.0], "243" : [1013.4282750320768, 490.94413857004275, 145.0], "245" : [1023.5672416897996, 508.4534462886992, 58.0], "247" : [1032.1608106427848, 820.6797294867947, 74.0], "249" : [1032.1608106427848, 820.6797294867947, 74.0], "251" : [763.9548417925868, 488.7790337097115, 62.0], "253" : [763.9548417925868, 488.7790337097115, 62.0], "255" : [779.3138598279808, 485.32573885700174, 101.0], "257" : [750.3233321299207, 419.7622236044911, 90.0], "259" : [753.364827554354, 430.3889666573144, 145.0], "261" : [753.364827554354, 430.3889666573144, 145.0], "263" : [827.4232458095619, 429.3929734878951, 185.0], "265" : [827.4232458095619, 429.3929734878951, 185.0], "267" : [827.4232458095619, 429.3929734878951, 185.0], "269" : [966.0595115368097, 429.0655866475213, 247.0], "271" : [966.0595115368097, 429.0655866475213, 247.0], "273" : [966.0595115368097, 429.0655866475213, 247.0], "275" : [1087.981885993107, 428.53913168286033, 138.0], "277" : [814.4152802895761, 497.7124996870389, 144.0], "279" : [814.4152802895761, 497.7124996870389, 144.0], "281" : [898.3430778594017, 496.9530773591139, 130.0], "283" : [898.3430778594017, 496.9530773591139, 130.0], "285" : [899.5821924957347, 490.4671240109457, 73.0], "287" : [899.5821924957347, 490.4671240109457, 73.0], "289" : [959.1897146580911, 489.5508566248834, 175.0],