{"1" : [994.3133308285944, 70.75722304669975, 180.0], "3" : [1076.486208843975, 83.02701252114673, 174.0], "5" : [1128.0611809024863, 95.7197379011055, 152.0], "7" : [713.3224597535323, 68.74194884185393, 236.0], "9" : [811.412820264444, 89.84820617139441, 195.0], "11" : [896.4970457067175, 111.24532007728948, 203.0], "13" : [1029.079191988152, 132.75144418742954, 173.0], "15" : [1029.079191988152, 132.75144418742954, 173.0], "17" : [537.4505224067057, 142.21971965567113, 289.0], "19" : [642.0768808607777, 140.76878460243952, 173.0], "21" : [759.8777790438468, 156.7717168334419, 99.0], "23" : [898.4232053223615, 190.9745868973548, 181.0], "25" : [765.7994273605094, 234.4080917455427, 173.0], "27" : [667.6046367895858, 188.1453606591105, 194.0], "29" : [920.9486115136962, 232.98981304587747, 216.0], "31" : [1077.8216935328273, 256.94496987647517, 189.0], "33" : [1077.8216935328273, 256.94496987647517, 189.0], "35" : [1134.8754603714872, 256.1423303696902, 163.0], "37" : [744.697591682869, 224.49156463671207, 83.0], "39" : [744.697591682869, 224.49156463671207, 83.0], "41" : [754.723869532509, 231.82967695983305, 155.0], "43" : [873.7784201686732, 252.4873705951127, 190.0], "45" : [989.2858692529186, 290.6255461893764, 184.0], "47" : [989.2858692529186, 290.6255461893764, 184.0], "49" : [989.2858692529186, 290.6255461893764, 184.0], "51" : [541.0771739617156, 329.2152174647678, 184.0], "53" : [787.1452823412061, 355.1584906641511, 106.0], "55" : [787.6177510446383, 342.7355143034078, 107.0], "57" : [917.2649318953428, 346.4831179430926, 77.0], "59" : [923.6308271606348, 341.0556368452852, 133.0], "61" : [1032.4033280053384, 351.1939983514668, 150.0], "63" : [693.1131597005385, 334.29737103275096, 76.0], "65" : [701.9401181902673, 335.7179657026845, 167.0], "67" : [835.6276850669828, 342.02259847802327, 177.0], "69" : [979.3377671702351, 355.65319209520453, 188.0], "71" : [663.2792168453985, 364.11804095068294, 255.0], "73" : [937.7891751604872, 397.2587624492719, 194.0], "75" : [1070.171842253187, 408.2208731784749, 206.0], "77" : [750.405102248725, 421.5076539240595, 196.0], "79" : [750.405102248725, 421.5076539240595, 196.0], "81" : [756.1999983776658, 421.36281996402624, 78.0], "83" : [891.2489596975673, 432.94097332761044, 288.0], "85" : [891.2489596975673, 432.94097332761044, 288.0], "87" : [891.2489596975673, 432.94097332761044, 288.0], "89" : [988.794252720114, 436.2988491741264, 87.0], "91" : [989.3516772913629, 441.11744769146503, 149.0], "93" : [1036.0608185074482, 442.7707543304165, 171.0], "95" : [670.3576907590929, 513.1653857504779, 130.0], "97" : [669.3744970408784, 524.2919459841933, 149.0], "99" : [963.3066664173906, 531.5474102432046, 135.0], "101" : [690.6751908134194, 600.2221380074408, 262.0], "103" : [872.819499995904, 582.6099995533433, 200.0], "105" : [1020.1977395233203, 570.3289592651083, 221.0], "107" : [468.98852502681433, 623.9240453489613, 183.0], "109" : [559.8218403698509, 623.6984697594216, 261.0], "111" : [668.4358187951694, 623.266170360441, 201.0], "113" : [668.4358187951694, 623.266170360441, 201.0], "115" : [778.788887297584, 620.7788894427384, 180.0], "117" : [778.788887297584, 620.7788894427384, 180.0], "119" : [943.895236217707, 614.8173181028603, 231.0], "121" : [713.8233332186281, 630.2644438047478, 90.0], "123" : [713.8233332186281, 630.2644438047478, 90.0], "125" : [713.8233332186281, 630.2644438047478, 90.0], "127" : [721.5353464604883, 628.4972076276404, 215.0], "129" : [721.5353464604883, 628.4972076276404, 215.0], "131" : [721.5353464604883, 628.4972076276404, 215.0], "133" : [933.0812003068052, 635.1879995071986, 250.0], "135" : [1069.7263393185522, 635.781952668635, 205.0], "137" : [565.8693067552978, 721.210891076048, 202.0], "139" : [565.8693067552978, 721.210891076048, 202.0], "141" : [517.2258210368645, 727.1786903627442, 244.0], "143" : [640.0834181826756, 733.5638201053628, 199.0], "145" : [793.0147092876963, 729.8523528861848, 170.0], "147" : [792.5676911996712, 736.7923095982866, 65.0], "149" : [989.2951686542107, 742.7352667380692, 207.0], "151" : [1144.7680844537203, 737.136168460328, 94.0], "153" : [1143.5912154661291, 734.2358135434825, 148.0], "155" : [709.2033708598643, 773.9659160718052, 267.0], "157" : [851.5906231927597, 759.9675012982941, 160.0], "159" : [851.5906231927597, 759.9675012982941, 160.0], "161" : [1006.8057040718608, 766.8342166489698, 263.0], "163" : [613.893332920404, 811.2729180397276, 240.0], "165" : [762.18274430209, 797.7426436687422, 197.0], "167" : [953.6072153944713, 795.7474235602338, 194.0], "169" : [953.6072153944713, 795.7474235602338, 194.0], "171" : [1088.1464725263954, 793.7911788924099, 170.0], "173" : [685.3969087457417, 826.5293854987121, 194.0], "175" : [685.3969087457417, 826.5293854987121, 194.0], "177" : [843.1820005427658, 809.0159991040671, 200.0], "179" : [960.8157887817488, 819.1216391714488, 171.0], "181" : [960.8157887817488, 819.1216391714488, 171.0], "183" : [1049.1764061184922, 826.2187709474869, 373.0], "185" : [1049.1764061184922, 826.2187709474869, 373.0], "187" : [605.1995933973853, 908.6024170196088, 248.0], "189" : [700.7113042403496, 886.7834759535087, 115.0], "191" : [704.588005193388, 887.1819941031263, 100.0], "193" : [911.9194723073828, 883.8800000951296, 190.0], "195" : [1048.2815780592773, 892.9299996281867, 190.0], "197" : [593.3666666045785, 940.9341932659541, 234.0], "199" : [712.1444468815178, 924.357004204483, 207.0], "201" : [712.1444468815178, 924.357004204483, 207.0], "203" : [866.5112183371909, 901.6551258960143, 205.0], "205" : [1043.7666677607533, 914.3212773733279, 141.0], "207" : [1043.3855235629665, 911.2236881026669, 76.0], "209" : [1106.4453248891678, 907.9244578645436, 139.0], "211" : [531.0743234485134, 971.2277033877781, 148.0], "213" : [538.1354198857628, 972.0326399814921, 144.0], "215" : [618.7093526024652, 960.9906417330617, 171.0], "217" : [618.7093526024652, 960.9906417330617, 171.0], "219" : [749.5024474574144, 939.4542015802166, 286.0], "221" : [940.2554343666318, 929.247282499523, 184.0], "223" : [1068.8583290957706, 935.5315509821114, 168.0], "225" : [658.0554488904262, 981.389572505526, 211.0], "227" : [813.6714310103705, 948.5828550166366, 175.0], "229" : [951.1590142815276, 970.3415309837496, 183.0], "231" : [1017.135837548441, 991.7867010741656, 173.0], "233" : [1017.135837548441, 991.7867010741656, 173.0], "235" : [1017.135837548441, 991.7867010741656, 173.0], "237" : [1079.4644930501215, 996.7442039211613, 276.0], "239" : [1075.1873240918076, 1005.664788808152, 71.0], "241" : [1062.301778703914, 1007.8635537147596, 225.0], "243" : [683.0394385087317, 72.39225520987159, 142.0], "245" : [695.2878061734332, 58.810364762110794, 164.0], "247" : [695.2878061734332, 58.810364762110794, 164.0], "249" : [812.9688317020314, 65.07921805543383, 77.0], "251" : [957.8034958178795, 59.46025969178266, 229.0], "253" : [1105.652324611588, 71.35523605079712, 172.0], "255" : [1153.128283355367, 60.96363606747867, 99.0], "257" : [777.2524483239598, 60.36225426722859, 204.0], "259" : [922.4144454021682, 69.48444413879042, 90.0], "261" : [1025.8926481512483, 67.45294477119879, 136.0], "263" : [882.3329846428392, 89.86335062030403, 191.0], "265" : [995.8624194525389, 100.19299160012287, 157.0], "267" : [995.8624194525389, 100.19299160012287, 157.0], "269" : [715.5250013730563, 90.4273812614359, 168.0], "271" : [724.3982292418408, 93.22212482583099, 113.0], "273" : [724.3982292418408, 93.22212482583099, 113.0], "275" : [893.3704784965934, 124.08190666623487, 105.0], "277" : [890.0370012954813, 131.71199887412635, 100.0], "279" : [890.0370012954813, 131.71199887412635, 100.0], "281" : [890.0370012954813, 131.71199887412635, 100.0], "283" : [1018.8077185596566, 143.25297904735172, 285.0], "285" : [812.017855591667, 194.96339437333424, 112.0], "287" : [663.7057453057013, 184.13908172778042, 261.0], "289" : [833.2170307070296, 182.30174940663508, 229.0], "291" : [833.2170307070296, 182.30174940663508, 229.0],