{"1" : [582.7658517525051, 146.3504072758245, 123.0], "3" : [709.8712652189429, 109.71494165376357, 87.0], "5" : [712.4962963779576, 101.52839420345568, 81.0], "7" : [712.4962963779576, 101.52839420345568, 81.0], "9" : [712.4962963779576, 101.52839420345568, 81.0], "11" : [668.2779868610976, 79.08616445810023, 159.0], "13" : [607.7558161987022, 81.17325620393689, 172.0], "15" : [604.3346120234871, 88.55576984755723, 156.0], "17" : [693.6929720754165, 81.69891980106387, 185.0], "19" : [693.6929720754165, 81.69891980106387, 185.0], "21" : [778.8436372395865, 68.19181881400736, 110.0], "23" : [781.9877546621444, 69.5353767615576, 147.0], "25" : [883.5558136558184, 71.64535160971143, 86.0], "27" : [1007.1765120704329, 71.13825653206473, 149.0], "29" : [1007.1765120704329, 71.13825653206473, 149.0], "31" : [960.2702477143289, 82.913223035553, 121.0], "33" : [728.4834869246705, 113.04770592063748, 109.0], "35" : [839.8938440351538, 146.75846159259345, 65.0], "37" : [839.8938440351538, 146.75846159259345, 65.0], "39" : [842.6980396575956, 134.06666614799875, 51.0], "41" : [842.6980396575956, 134.06666614799875, 51.0], "43" : [842.6980396575956, 134.06666614799875, 51.0], "45" : [947.7486939738045, 127.53087024784266, 230.0], "47" : [947.7486939738045, 127.53087024784266, 230.0], "49" : [989.5087295555438, 117.76666471709024, 126.0], "51" : [645.478462906483, 138.89538060228915, 130.0], "53" : [834.6381574143921, 164.3644716499157, 76.0], "55" : [834.6381574143921, 164.3644716499157, 76.0], "57" : [834.6381574143921, 164.3644716499157, 76.0], "59" : [835.701574282308, 142.1385800046592, 127.0], "61" : [994.4989998739129, 119.33700107815048, 100.0], "63" : [761.1766691355175, 157.37833171226347, 60.0], "65" : [876.108180852919, 170.9354556046952, 110.0], "67" : [880.3353379593883, 157.0519998650943, 150.0], "69" : [1002.2035280933719, 149.697648438406, 85.0], "71" : [1002.2035280933719, 149.697648438406, 85.0], "73" : [1001.5136358314713, 141.82908759512142, 110.0], "75" : [1001.5136358314713, 141.82908759512142, 110.0], "77" : [1046.7408751135542, 144.03284454291372, 137.0], "79" : [657.2632194070671, 200.91034593085672, 87.0], "81" : [985.645454243392, 198.80649488693484, 77.0], "83" : [731.2749046851613, 193.78494423013072, 259.0], "85" : [947.8153121747913, 197.25450604026736, 222.0], "87" : [952.4551944511568, 189.89155891725613, 154.0], "89" : [767.3972067667306, 223.7178761890357, 179.0], "91" : [618.854462587598, 256.25267875150445, 112.0], "93" : [616.426433132882, 260.00689696409665, 87.0], "95" : [616.426433132882, 260.00689696409665, 87.0], "97" : [762.122729604171, 266.9166673722594, 66.0], "99" : [762.122729604171, 266.9166673722594, 66.0], "101" : [762.122729604171, 266.9166673722594, 66.0], "103" : [768.2870385592232, 272.3444435654698, 54.0], "105" : [980.4812500391096, 269.79765648494, 128.0], "107" : [908.312138859226, 257.35606993478234, 173.0], "109" : [908.312138859226, 257.35606993478234, 173.0], "111" : [1124.7529364079442, 267.8450978034044, 51.0], "113" : [1127.4300790390216, 256.62520503749477, 123.0], "115" : [1170.4196046875372, 262.01372112579105, 51.0], "117" : [830.1929084997649, 301.7078015819736, 141.0], "119" : [832.0368406885889, 311.5806983706869, 57.0], "121" : [937.4479742765045, 290.556757723272, 148.0], "123" : [937.4479742765045, 290.556757723272, 148.0], "125" : [937.4479742765045, 290.556757723272, 148.0], "127" : [939.5543856924626, 289.9695899949256, 171.0], "129" : [939.5543856924626, 289.9695899949256, 171.0], "131" : [939.5543856924626, 289.9695899949256, 171.0], "133" : [940.2804869667574, 301.5451220440479, 82.0], "135" : [940.2804869667574, 301.5451220440479, 82.0], "137" : [737.245074730443, 403.1126758015396, 213.0], "139" : [923.8242418027303, 398.03333446729624, 132.0], "141" : [1069.65438398517, 413.74736873115575, 57.0], "143" : [692.8387098514637, 434.49999831655657, 93.0], "145" : [689.6148774825621, 447.80909062078285, 121.0], "147" : [689.6148774825621, 447.80909062078285, 121.0], "149" : [770.3831848963722, 447.0123872303361, 113.0], "151" : [775.2991733418594, 435.2413239870751, 121.0], "153" : [912.7071391786902, 446.7132657395336, 98.0], "155" : [780.0912483824036, 478.7825016113243, 80.0], "157" : [775.2940834286351, 464.6390522706758, 169.0], "159" : [775.2940834286351, 464.6390522706758, 169.0], "161" : [887.7107521440391, 493.9677410682359, 186.0], "163" : [887.7107521440391, 493.9677410682359, 186.0], "165" : [1000.0856274742658, 505.45089871370334, 167.0], "167" : [788.1543092850068, 485.69568931551174, 116.0], "169" : [930.8781238926654, 483.8671845005772, 64.0], "171" : [982.4728582800501, 491.5599992658272, 70.0], "173" : [982.4728582800501, 491.5599992658272, 70.0], "175" : [985.3041264610233, 504.34226599384846, 97.0], "177" : [1013.444633952576, 495.5395473063831, 177.0], "179" : [1013.444633952576, 495.5395473063831, 177.0], "181" : [1013.444633952576, 495.5395473063831, 177.0], "183" : [653.3099533433607, 563.5221726495178, 221.0], "185" : [780.6903220020611, 564.2677418121644, 124.0], "187" : [972.0505597435321, 561.4382011539974, 89.0], "189" : [972.0505597435321, 561.4382011539974, 89.0], "191" : [974.0830076482557, 554.1398698166404, 153.0], "193" : [974.0830076482557, 554.1398698166404, 153.0], "195" : [1070.4649401468275, 573.7057472824872, 174.0], "197" : [1071.9722780557152, 561.7594063010416, 101.0], "199" : [1121.1760862189449, 562.5684798350696, 92.0], "201" : [795.2787898022001, 592.5525263643179, 99.0], "203" : [795.2787898022001, 592.5525263643179, 99.0], "205" : [795.2787898022001, 592.5525263643179, 99.0], "207" : [751.6315039634175, 579.1999978135901, 73.0], "209" : [861.8502295920674, 591.5594468588209, 217.0], "211" : [861.8502295920674, 591.5594468588209, 217.0], "213" : [916.8539761183886, 592.4488627465803, 176.0], "215" : [916.8539761183886, 592.4488627465803, 176.0], "217" : [1030.5956883996787, 612.8862084858953, 232.0], "219" : [647.5367846351152, 633.7913780210663, 174.0], "221" : [564.5134147782726, 628.9865834175347, 164.0], "223" : [667.3026321646523, 630.0763143925005, 76.0], "225" : [667.3026321646523, 630.0763143925005, 76.0], "227" : [764.852703571761, 640.7270284905411, 74.0], "229" : [869.4183114455038, 644.7957753367057, 71.0], "231" : [869.4183114455038, 644.7957753367057, 71.0], "233" : [960.9357150782434, 621.2692290928857, 182.0], "235" : [960.9357150782434, 621.2692290928857, 182.0], "237" : [1050.8922487069135, 644.089923028791, 129.0], "239" : [1161.2876384091487, 643.0247182679516, 89.0], "241" : [1158.2837563386606, 631.0431472434285, 197.0], "243" : [771.2005414988301, 675.7766311199226, 184.0], "245" : [703.9434781378842, 675.1937203351881, 207.0], "247" : [942.5770948314565, 682.7229013853956, 131.0], "249" : [851.2010742294462, 651.1021518677708, 93.0], "251" : [957.7655579910564, 674.595001286348, 180.0], "253" : [1054.9787435653222, 658.0449279396556, 207.0], "255" : [1054.9787435653222, 658.0449279396556, 207.0], "257" : [1078.5166687918495, 673.7824092079948, 216.0], "259" : [658.6923411433047, 733.2633412682412, 431.0], "261" : [709.2186345599745, 681.2209123895669, 263.0], "263" : [709.2186345599745, 681.2209123895669, 263.0], "265" : [651.7937473451858, 747.7705363097026, 112.0], "267" : [680.9024121671085, 741.4602425295449, 83.0], "269" : [684.41193552508, 751.9267494112972, 243.0], "271" : [684.41193552508, 751.9267494112972, 243.0], "273" : [791.7576920018852, 744.228461119274, 130.0], "275" : [1042.1818184349586, 740.5654550344854, 55.0], "277" : [1042.1818184349586, 740.5654550344854, 55.0], "279" : [884.8879510767184, 734.6843378697594, 83.0], "281" : [886.3465502212277, 744.9413795288708, 116.0], "283" : [1079.249997918457, 745.6666650579788, 90.0], "285" : [1155.6580432700384, 743.196503332964, 143.0], "287" : [772.563313497657, 775.6745552604993, 169.0], "289" : [772.563313497657, 775.6745552604993, 169.0], "291" : [772.6175681494294, 780.743243750047, 74.0], "293" : [772.6175681494294, 780.743243750047, 74.0],