{"1" : [717.9055569778313, 122.18148248794904, 54.0], "3" : [704.2846933622772, 115.65714172393388, 98.0], "5" : [652.3084475450154, 1.0140830412231665, 71.0], "7" : [900.9993155193639, 1.6027374638296263, 146.0], "9" : [969.3270039484331, 2.671531238177366, 137.0], "11" : [969.3270039484331, 2.671531238177366, 137.0], "13" : [713.655121190056, 30.570866962101118, 127.0], "15" : [956.6981088547839, 35.76687519488588, 317.0], "17" : [963.5713655845142, 23.804274571495483, 234.0], "19" : [963.5713655845142, 23.804274571495483, 234.0], "21" : [714.7274515850054, 77.33333334771419, 51.0], "23" : [709.4846192844466, 93.68653842206953, 52.0], "25" : [709.4846192844466, 93.68653842206953, 52.0], "27" : [821.5625433454802, 101.1695635042317, 299.0], "29" : [821.5625433454802, 101.1695635042317, 299.0], "31" : [817.388392112633, 102.5357113814203, 112.0], "33" : [817.388392112633, 102.5357113814203, 112.0], "35" : [918.2856745513689, 99.92108109890114, 370.0], "37" : [918.2856745513689, 99.92108109890114, 370.0], "39" : [1010.1841653751462, 98.0716697279643, 120.0], "41" : [1010.1841653751462, 98.0716697279643, 120.0], "43" : [1010.1841653751462, 98.0716697279643, 120.0], "45" : [1011.4098771490605, 93.64691376225761, 81.0], "47" : [1011.4098771490605, 93.64691376225761, 81.0], "49" : [1011.4098771490605, 93.64691376225761, 81.0], "51" : [1071.768750728911, 93.72596327894011, 208.0], "53" : [1071.768750728911, 93.72596327894011, 208.0], "55" : [1076.6661982577043, 88.04084600247988, 71.0], "57" : [1103.6974014865564, 90.45454761796987, 231.0], "59" : [664.192728394748, 136.70181626078752, 110.0], "61" : [535.0610543139808, 143.7842078724119, 190.0], "63" : [636.6477617691045, 143.11790655474906, 268.0], "65" : [732.3214311333248, 149.2873039313081, 252.0], "67" : [689.1974377883389, 151.93743737195953, 195.0], "69" : [820.1293576875574, 154.2899080615435, 218.0], "71" : [735.8664352082789, 151.28042007444378, 143.0], "73" : [923.8171418333318, 155.0466673387341, 210.0], "75" : [1011.8871113252577, 155.64222238097855, 225.0], "77" : [946.1346397710588, 150.38039393604618, 153.0], "79" : [802.0000010414892, 191.77013086333358, 77.0], "81" : [811.0365075444015, 193.56031967492547, 63.0], "83" : [657.9646173350353, 189.09384475807497, 195.0], "85" : [666.2754697815756, 185.02075624549062, 53.0], "87" : [794.4473058705786, 183.36287479217512, 167.0], "89" : [967.377270814417, 183.43454555985684, 220.0], "91" : [884.9484837637564, 174.24191788033107, 198.0], "93" : [1070.1349968140273, 199.42428682086688, 140.0], "95" : [736.5016951164226, 199.74406900428636, 59.0], "97" : [796.8789076694785, 223.61327929991944, 128.0], "99" : [788.5283017610759, 254.16792358887633, 53.0], "101" : [804.0039679208479, 257.87460398456375, 126.0], "103" : [804.0039679208479, 257.87460398456375, 126.0], "105" : [734.4165603365711, 258.22356653140054, 157.0], "107" : [734.4165603365711, 258.22356653140054, 157.0], "109" : [881.1958185386162, 250.6250981288923, 263.0], "111" : [960.5579605211565, 252.88471602318023, 157.0], "113" : [1031.6260260429156, 254.12374502797087, 219.0], "115" : [570.4535907047092, 314.1617215489265, 209.0], "117" : [570.4535907047092, 314.1617215489265, 209.0], "119" : [530.7820361281671, 312.05927930465344, 167.0], "121" : [679.0767136575796, 305.41643670355205, 292.0], "123" : [825.7598398161542, 310.5978125788849, 366.0], "125" : [949.216721957103, 316.47295224329054, 281.0], "127" : [1042.5349796340506, 315.65931613112485, 263.0], "129" : [976.0416670742536, 314.2653842833633, 156.0], "131" : [1125.194298176469, 327.7471482600645, 263.0], "133" : [1093.0771553841096, 324.04396729878545, 232.0], "135" : [684.4454548975807, 354.10568022893835, 88.0], "137" : [684.4454548975807, 354.10568022893835, 88.0], "139" : [699.8648647019194, 357.1373886172193, 222.0], "141" : [830.1368427604765, 346.7324570305391, 114.0], "143" : [925.5356196201902, 340.95356095776856, 379.0], "145" : [653.1824581141467, 365.78245634375236, 57.0], "147" : [753.4371978730187, 411.9666649900914, 207.0], "149" : [854.1296066477138, 426.84637256976754, 179.0], "151" : [854.1296066477138, 426.84637256976754, 179.0], "153" : [854.1296066477138, 426.84637256976754, 179.0], "155" : [943.3200742300396, 426.0814998189674, 254.0], "157" : [943.3200742300396, 426.0814998189674, 254.0], "159" : [1000.1977772256533, 433.82933469424233, 225.0], "161" : [1001.93360933634, 435.19159573182867, 119.0], "163" : [904.0498158579156, 439.2468622545112, 271.0], "165" : [930.3841121927857, 440.4060736767017, 214.0], "167" : [847.966386085122, 436.741385287217, 476.0], "169" : [1022.9735720598646, 437.40499834496086, 140.0], "171" : [770.1597222099258, 500.1534733995191, 144.0], "173" : [869.0038892795916, 498.1683319448443, 180.0], "175" : [869.0038892795916, 498.1683319448443, 180.0], "177" : [869.0038892795916, 498.1683319448443, 180.0], "179" : [633.2514961101198, 490.1353311722903, 167.0], "181" : [633.2514961101198, 490.1353311722903, 167.0], "183" : [567.8495201373395, 492.5206734563234, 208.0], "185" : [804.2530284077195, 509.89772723818294, 132.0], "187" : [895.1651527335272, 508.17878843924086, 66.0], "189" : [1002.6478482800275, 497.9344092734738, 186.0], "191" : [1002.6478482800275, 497.9344092734738, 186.0], "193" : [572.2966698629597, 580.6520815132127, 240.0], "195" : [735.3927528074747, 565.6144919571886, 138.0], "197" : [735.3927528074747, 565.6144919571886, 138.0], "199" : [726.4666669665673, 566.7552622655646, 114.0], "201" : [828.2044831899053, 571.5481764815673, 357.0], "203" : [982.3804596038765, 575.0279697406074, 261.0], "205" : [1110.8957511085575, 574.9215691123826, 306.0], "207" : [788.6049496880228, 611.7970309157425, 101.0], "209" : [681.2524198995651, 606.2129051756629, 124.0], "211" : [687.5990127579835, 610.0158434350681, 101.0], "213" : [790.4586419923234, 610.7882719438679, 162.0], "215" : [790.1989339025803, 610.845745113061, 94.0], "217" : [922.1437023881529, 612.0403708667396, 270.0], "219" : [970.0926152941977, 618.6046985098576, 149.0], "221" : [970.0926152941977, 618.6046985098576, 149.0], "223" : [966.1168374915231, 615.5957894302105, 95.0], "225" : [624.6492060373004, 680.384915712295, 126.0], "227" : [668.7723485215276, 679.6617477958488, 217.0], "229" : [776.8314414273663, 679.1826561554037, 617.0], "231" : [892.0793433909434, 681.5436622034193, 213.0], "233" : [1016.9277753623148, 681.4571425034881, 252.0], "235" : [1010.0000007952642, 719.5816753927959, 191.0], "237" : [678.2493240677247, 753.1445937142005, 296.0], "239" : [678.2493240677247, 753.1445937142005, 296.0], "241" : [836.3948928462258, 754.0748918321608, 235.0], "243" : [836.3948928462258, 754.0748918321608, 235.0], "245" : [1020.05981365746, 758.6364488017063, 214.0], "247" : [1020.05981365746, 758.6364488017063, 214.0], "249" : [750.8388479346391, 788.7661849668133, 139.0], "251" : [750.8388479346391, 788.7661849668133, 139.0], "253" : [913.5242788608534, 789.2214290821279, 70.0], "255" : [913.5242788608534, 789.2214290821279, 70.0], "257" : [911.1857157552168, 789.8924345618497, 119.0], "259" : [911.1857157552168, 789.8924345618497, 119.0], "261" : [911.1857157552168, 789.8924345618497, 119.0], "263" : [1078.5641708390306, 794.5540098451412, 187.0], "265" : [1040.7194628064562, 797.8047001790127, 149.0], "267" : [847.9795071259298, 853.9057373878583, 122.0], "269" : [839.034188085517, 853.7358965473418, 234.0], "271" : [839.034188085517, 853.7358965473418, 234.0], "273" : [926.4164089351864, 856.6544867839579, 323.0], "275" : [673.6123065651939, 902.4584642959197, 65.0], "277" : [684.0042126051611, 907.1647336456226, 190.0], "279" : [786.3153812945749, 908.2087160057913, 195.0], "281" : [892.943245712613, 907.7468444035661, 111.0], "283" : [892.8492799697437, 910.1467404216328, 276.0], "285" : [1066.6888567651436, 907.0339823748129, 359.0], "287" : [1120.7791137045654, 906.817085872515, 158.0], "289" : [691.4124996422998, 930.5718774130222, 64.0], "291" : [703.2444428950625, 929.8419770774568, 81.0],