{"1": [639.1908463410207, 87.0, 284.0], "2": [766.8197309656223, 87.0, 147.0], "3": [859.0004014879873, 87.0, 250.0], "4": [859.0004014879873, 87.0, 250.0], "5": [934.4039990099196, 87.0, 150.0], "6": [934.4039990099196, 87.0, 150.0], "7": [1007.7261372295152, 87.0, 176.0], "8": [1007.7261372295152, 87.0, 176.0], "9": [1036.2261593230567, 87.0, 237.0], "10": [1115.8300768019703, 87.0, 256.0], "11": [686.6823054041356, 119.0, 113.0], "12": [746.2053472080025, 119.0, 187.0], "13": [817.1109371711675, 119.0, 192.0], "14": [954.4421816790323, 119.5, 214.0], "15": [954.4421816790323, 119.5, 214.0], "16": [1020.2994404166145, 119.5, 262.0], "17": [661.389013243163, 153.0, 182.0], "18": [661.389013243163, 153.0, 182.0], "19": [772.4027778100549, 153.0, 273.0], "20": [770.5388931288026, 153.0, 273.0], "21": [862.3030038309629, 153.0, 233.0], "22": [1023.2375978799399, 153.0, 258.0], "23": [1085.337667638555, 153.0, 223.0], "24": [691.133333782802, 186.0, 147.0], "25": [696.2990204711421, 186.0, 102.0], "26": [769.5947568852924, 186.0, 267.0], "27": [769.5947568852924, 186.0, 267.0], "28": [908.7699999686105, 186.0, 210.0], "29": [1021.5420302041161, 186.0, 266.0], "30": [722.9635225103519, 252.0, 244.0], "31": [863.9234192019593, 252.0, 269.0], "32": [998.8428584329513, 252.0, 119.0], "33": [997.244713732259, 252.0, 123.0], "34": [981.8376721008507, 252.0, 146.0], "35": [1119.0874995228025, 252.0, 264.0], "36": [645.10549410677, 285.0, 182.0], "37": [645.10549410677, 285.0, 182.0], "38": [766.7241723633225, 285.0, 211.0], "39": [932.2011579075977, 285.0, 173.0], "40": [878.4497407700878, 285.0, 191.0], "41": [1055.7132493604088, 285.0, 272.0], "42": [643.1734399098933, 318.0, 231.0], "43": [643.1734399098933, 318.0, 231.0], "44": [640.6882603348902, 318.0, 231.0], "45": [772.9878378452561, 318.0, 148.0], "46": [772.9878378452561, 318.0, 148.0], "47": [887.3423331539484, 318.0, 376.0], "48": [864.9757169789204, 318.0, 104.0], "49": [864.3544220851697, 318.0, 104.0], "50": [1029.9842363491873, 318.0, 203.0], "51": [708.4094037537249, 351.0, 154.0], "52": [707.788108859974, 351.0, 154.0], "53": [657.7680180359268, 417.0, 197.0], "54": [643.6630635608522, 417.0, 222.0], "55": [688.5020848022109, 417.0, 144.0], "56": [794.7107629636484, 417.0, 223.0], "57": [794.7107629636484, 417.0, 223.0], "58": [1028.2982394181038, 417.0, 227.0], "59": [1086.2554797860985, 417.0, 146.0], "60": [727.6695454599991, 447.0, 348.0], "61": [857.3154993209731, 447.0, 200.0], "62": [1020.5689894627335, 447.0, 287.0], "63": [1020.5689894627335, 447.0, 287.0], "64": [1029.1532726210676, 447.0, 107.0], "65": [621.9429693782628, 483.0, 249.0], "66": [673.8088544866854, 483.0, 271.0], "67": [788.6453771934273, 483.0, 238.0], "68": [917.2933524543748, 483.0, 301.0], "69": [917.2933524543748, 483.0, 301.0], "70": [1053.7665305258606, 483.0, 245.0], "71": [1083.6744319827744, 483.0, 176.0], "72": [746.176822415317, 516.0, 233.0], "73": [662.139576122593, 516.0, 235.0], "74": [846.6891519296903, 516.0, 212.0], "75": [846.6891519296903, 516.0, 212.0], "76": [924.6534347215033, 516.0, 262.0], "77": [1026.438855645401, 516.0, 157.0], "78": [654.4423523318449, 581.0, 340.0], "79": [654.4423523318449, 581.0, 340.0], "80": [737.4331230772871, 581.0, 157.0], "81": [737.4331230772871, 581.0, 157.0], "82": [737.4331230772871, 581.0, 157.0], "83": [789.3009555648697, 581.0, 209.0], "84": [789.3009555648697, 581.0, 209.0], "85": [920.93837354392, 581.0, 357.0], "86": [980.5365672165649, 581.5, 196.0], "87": [979.2939774290635, 581.5, 196.0], "88": [979.2939774290635, 581.5, 196.0], "89": [1084.9140223201368, 581.0, 271.0], "90": [615.2151696911086, 615.0, 387.0], "91": [616.4577594786101, 614.4950639731605, 387.0], "92": [709.8088424210916, 615.0, 181.0], "93": [810.6059889343968, 615.0, 167.0], "94": [972.4597335978049, 615.0, 198.0], "95": [972.4597335978049, 615.0, 198.0], "96": [971.2171438103032, 615.0, 198.0], "97": [1093.6944137101384, 615.0, 179.0], "98": [1093.6944137101384, 615.0, 179.0], "99": [1046.0903327367446, 615.0, 269.0], "100": [1046.0903327367446, 615.0, 269.0], "101": [665.1585244739886, 648.0, 217.0], "102": [607.7596309660993, 646.1811035544501, 248.0], "103": [711.4126320519598, 648.0, 190.0], "104": [808.3780783349004, 648.0, 333.0], "105": [791.750710826796, 648.0, 211.0], "106": [959.4457692696234, 648.0, 260.0], "107": [959.4457692696234, 648.0, 260.0], "108": [1079.8570890214446, 648.0, 275.0], "109": [665.801561309773, 648.0, 128.0], "110": [765.427442204614, 648.0, 164.0], "111": [765.427442204614, 648.0, 164.0], "112": [986.7495161540727, 646.1811035544501, 220.0], "113": [651.8715684224044, 648.0, 317.0], "114": [651.2502735286536, 646.8023984482008, 317.0], "115": [652.7211252502017, 648.0, 142.0], "116": [652.7211252502017, 648.0, 142.0], "117": [812.3606468415809, 648.0, 155.0], "118": [805.8740468396211, 648.0, 131.0], "119": [871.1886659164284, 646.8023984482008, 117.0], "120": [954.0192159954659, 648.0, 255.0], "121": [923.0350571737237, 648.0, 174.0], "122": [1017.582103780329, 648.0, 190.0], "123": [969.7345500369622, 648.0, 246.0], "124": [989.2346957290757, 648.0, 322.0], "125": [987.9921059415742, 648.0, 322.0], "126": [599.6031845307539, 648.0, 157.0], "127": [599.6031845307539, 648.0, 157.0], "128": [666.2745103848474, 648.0, 204.0], "129": [666.2745103848474, 648.0, 204.0], "130": [839.0662723300244, 648.0, 169.0], "131": [1055.0191688174248, 648.0, 240.0], "132": [752.5213412100301, 648.0449882357025, 142.0], "133": [805.7779858574543, 648.0, 268.0], "134": [990.2178793916578, 648.0, 151.0], "135": [986.1282212603219, 648.0, 248.0], "136": [1061.7368817832555, 648.0, 263.0], "137": [580.4226556410651, 646.1811035544501, 255.0], "138": [651.8715684224044, 647.4236933419515, 245.0], "139": [649.3863888474012, 648.6662831294532, 245.0], "140": [911.3413145060744, 648.0, 213.0], "141": [911.3413145060744, 648.0, 213.0], "142": [1023.540942937144, 648.0, 276.0], "143": [672.7523354055863, 648.0, 107.0], "144": [672.7523354055863, 648.0, 107.0], "145": [674.3469023327567, 648.0, 113.0], "146": [674.3469023327567, 648.0, 113.0], "147": [732.0186097162546, 648.6662831294532, 314.0], "148": [958.758941370577, 648.0, 151.0], "149": [1020.3497458865486, 648.0, 392.0], "150": [1050.2174188814092, 648.0, 155.0], "151": [1050.2174188814092, 648.0, 155.0], "152": [1050.2174188814092, 648.0, 155.0], "153": [1050.6539687053266, 648.0, 441.0], "154": [1050.6539687053266, 648.0, 441.0], "155": [1050.6539687053266, 648.0, 441.0], "156": [629.5049522473764, 646.8023984482008, 184.0], "157": [581.9879785760444, 648.0, 208.0], "158": [664.4585686405993, 648.0, 391.0], "159": [790.1706880422738, 648.0, 232.0], "160": [983.6621878460664, 648.0, 320.0], "161": [1073.574894429244, 648.0, 235.0], "162": [665.0852122454726, 648.0, 142.0], "163": [665.0852122454726, 648.0, 142.0], "164": [665.0852122454726, 648.0, 142.0], "165": [609.0022207536008, 646.8023984482008, 267.0], "166": [714.1519479802712, 648.0, 231.0], "167": [672.1232997526615, 648.0, 206.0], "168": [785.6083318287041, 648.0, 192.0], "169": [841.3277782019954, 648.0, 180.0], "170": [841.3277782019954, 648.0, 180.0], "171": [841.3277782019954, 648.0, 180.0], "172": [933.0248860412004, 648.0, 217.0], "173": [933.0248860412004, 648.0, 217.0], "174": [986.9399446240694, 648.0, 353.0], "175": [986.9399446240694, 648.0, 353.0], "176": [1086.2891889276575, 648.0, 370.0], "177": [692.4954336536355, 648.0, 219.0], "178": [731.3973148225036, 648.6662831294532, 267.0], "179": [865.5970118726714, 649.2875780232039, 375.0], "180": [958.5336464228208, 648.0, 214.0], "181": [991.7198753040789, 648.0449882357025, 184.0], "182": [651.2502735286536, 646.8023984482008, 291.0], "183": [651.8715684224044, 647.4236933419515, 291.0], "184": [790.1294397238808, 648.0, 197.0], "185": [858.600000858575, 648.0, 137.0], "186": [1022.2061598213555, 648.0, 276.0], "187": [690.9274200620271, 648.0, 124.0], "188": [690.9274200620271, 648.0, 124.0],