{"1": [855.8421671235526, 18.0, 230.0], "2": [629.5655472414444, 87.0, 106.0], "3": [627.9873810009395, 87.0, 111.0], "4": [600.336276084349, 87.0, 204.0], "5": [677.2429802509532, 87.0, 235.0], "6": [654.4173429914755, 87.0, 196.0], "7": [651.9321634164723, 87.0, 196.0], "8": [727.5416183265437, 87.0, 173.0], "9": [727.5416183265437, 87.0, 173.0], "10": [789.2383349353938, 87.0, 250.0], "11": [826.4972099876971, 87.0, 215.0], "12": [849.9368412444168, 87.0, 190.0], "13": [763.1439493978613, 87.0, 269.0], "14": [761.280064716609, 87.0, 269.0], "15": [808.4984766416679, 87.0, 140.0], "16": [879.9473894230073, 87.0, 245.0], "17": [933.8710641716563, 87.0, 235.0], "18": [933.8710641716563, 87.0, 235.0], "19": [982.0447061163495, 87.0, 255.0], "20": [982.0447061163495, 87.0, 255.0], "21": [1043.106410227501, 87.0, 156.0], "22": [1066.33585754824, 87.0, 217.0], "23": [651.9321634164723, 119.5, 193.0], "24": [650.6895736289708, 119.5, 193.0], "25": [690.4524468290205, 119.5, 208.0], "26": [689.8311519352696, 119.5, 208.0], "27": [691.0737417227713, 119.5, 208.0], "28": [668.0711103251655, 119.0, 180.0], "29": [668.0711103251655, 119.0, 180.0], "30": [757.6176838467969, 119.0, 164.0], "31": [757.6176838467969, 119.0, 164.0], "32": [861.9298375042347, 119.5, 273.0], "33": [862.5511323979855, 119.5, 273.0], "34": [885.2023937654677, 119.0, 167.0], "35": [885.2023937654677, 119.0, 167.0], "36": [938.7603441683414, 119.0, 232.0], "37": [989.6636917098241, 119.0, 157.0], "38": [619.6683755395038, 153.0, 234.0], "39": [682.5435732564936, 153.0, 140.0], "40": [682.5435732564936, 153.0, 140.0], "41": [682.5435732564936, 153.0, 140.0], "42": [744.0698701696155, 153.0, 239.0], "43": [744.0698701696155, 153.0, 239.0], "44": [716.2171787449464, 153.0, 163.0], "45": [716.2171787449464, 153.0, 163.0], "46": [716.2171787449464, 153.0, 163.0], "47": [811.5118932177189, 153.0, 227.0], "48": [894.3425399265872, 153.0, 268.0], "49": [894.3425399265872, 153.0, 268.0], "50": [899.3457153467498, 153.0, 105.0], "51": [991.7804702981468, 153.0, 229.0], "52": [672.434894910248, 185.65579851725886, 155.0], "53": [671.1923051227463, 184.4132087297573, 155.0], "54": [692.3163315102728, 186.0, 350.0], "55": [694.1802161915251, 186.0, 350.0], "56": [717.8810944353531, 186.0, 201.0], "57": [696.0533009336574, 186.0, 197.0], "58": [696.0533009336574, 186.0, 197.0], "59": [831.5612913335212, 186.0, 248.0], "60": [877.6080636096287, 186.0, 186.0], "61": [814.7734383491089, 186.0, 128.0], "62": [795.4512838729017, 186.0, 263.0], "63": [840.820159121552, 186.0, 377.0], "64": [877.8938877739379, 186.0, 180.0], "65": [947.1373704397587, 186.0, 190.0], "66": [938.9704043293309, 186.0, 164.0], "67": [959.4731358231065, 186.0, 150.0], "68": [961.3370205043589, 186.0, 150.0], "69": [1006.244446506527, 186.0, 180.0], "70": [645.7340594383023, 252.0, 138.0], "71": [589.3262014392806, 252.0, 229.0], "72": [655.876314270656, 252.0, 266.0], "73": [723.3810761978116, 252.0, 208.0], "74": [763.1439493978613, 252.0, 220.0], "75": [763.1439493978613, 252.0, 220.0], "76": [838.6650659436417, 252.0, 229.0], "77": [901.6927107042843, 252.0, 177.0], "78": [901.6927107042843, 251.5130572548411, 177.0], "79": [948.9363548580715, 252.0, 209.0], "80": [950.4812053470365, 252.0, 298.0], "81": [986.8836720435896, 252.0, 147.0], "82": [1017.8748558356795, 252.0, 181.0], "83": [1016.632266048178, 252.0, 181.0], "84": [1017.8748558356795, 252.0, 181.0], "85": [1078.9999998027602, 252.0, 247.0], "86": [643.5546206216017, 285.0, 249.0], "87": [694.1909067307088, 285.0, 231.0], "88": [771.541508024161, 285.0, 106.0], "89": [770.0836856233717, 285.0, 282.0], "90": [820.3030796229327, 285.0, 149.0], "91": [820.3030796229327, 285.0, 149.0], "92": [896.7536707789639, 285.0, 177.0], "93": [991.7804702981468, 285.0, 207.0], "94": [628.9674079311962, 318.0, 135.0], "95": [628.9674079311962, 318.0, 135.0], "96": [586.5638911819252, 318.0, 144.0], "97": [663.568282767257, 318.0, 227.0], "98": [751.9606413103473, 318.0, 232.0], "99": [750.096756629095, 318.0, 232.0], "100": [748.8541668415935, 316.7490210986726, 232.0], "101": [806.8289104882757, 318.0, 211.0], "102": [806.8289104882757, 318.0, 211.0], "103": [888.645517935518, 318.0, 182.0], "104": [889.2668128292689, 315.50643131117107, 182.0], "105": [951.3963022043465, 318.0, 194.0], "106": [1031.5433434981967, 318.0, 204.0], "107": [1007.9341375356671, 318.0, 122.0], "108": [1087.728862986829, 318.0, 246.0], "109": [687.3050355355318, 351.0, 139.0], "110": [709.0912936415438, 351.0, 285.0], "111": [707.2274089602914, 350.2989453612145, 285.0], "112": [723.3810761978116, 351.0, 140.0], "113": [722.7597813040609, 351.0, 140.0], "114": [724.6236659853132, 351.0, 140.0], "115": [724.0023710915624, 351.0, 140.0], "116": [770.4159570658945, 351.0, 188.0], "117": [770.4159570658945, 351.0, 188.0], "118": [828.3553416544123, 351.0, 262.0], "119": [828.3553416544123, 351.0, 262.0], "120": [857.089469640776, 351.0, 209.0], "121": [857.089469640776, 351.0, 209.0], "122": [836.3372725265087, 351.0, 110.0], "123": [836.3372725265087, 351.0, 110.0], "124": [905.6983067742432, 351.0, 177.0], "125": [1002.0604378778062, 351.0, 273.0], "126": [667.2038761120774, 417.0, 129.0], "127": [607.8202259601675, 414.9136143112952, 255.0], "128": [608.4415208539183, 417.0, 103.0], "129": [663.3551406924357, 417.0, 214.0], "130": [720.351675077862, 417.0, 209.0], "131": [797.0712413783893, 417.0, 153.0], "132": [898.727307878314, 417.0, 260.0], "133": [966.6494768688914, 417.0, 192.0], "134": [1027.5497625206467, 417.0, 209.0], "135": [976.8693928481284, 417.0, 271.0], "136": [976.2480979543777, 417.0, 271.0], "137": [1066.43439897482, 417.0, 250.0], "138": [648.8256889477187, 447.0, 289.0], "139": [681.7842907768307, 447.0, 331.0], "140": [763.6377890494928, 447.0, 217.0], "141": [817.6774303170658, 447.0, 288.0], "142": [939.6453834597662, 447.0, 130.0], "143": [938.8633081393231, 447.0, 139.0], "144": [989.3726767808266, 447.0, 183.0], "145": [689.8311519352699, 483.0, 124.0], "146": [689.8311519352699, 483.0, 124.0], "147": [608.8135856423384, 483.0, 265.0], "148": [672.4448964845096, 483.0, 196.0], "149": [743.7558127730771, 483.0, 258.0], "150": [771.724403345052, 483.0, 168.0], "151": [851.1566101246161, 483.0, 242.0], "152": [920.4951369084915, 483.0, 144.0], "153": [1006.1075477633942, 483.0, 265.0], "154": [954.6872900368953, 483.0, 118.0], "155": [875.5357123072481, 483.0, 140.0], "156": [1018.326469782407, 483.0, 170.0], "157": [1013.8764196362908, 483.0, 106.0], "158": [1059.6926203907706, 483.0, 149.0], "159": [726.4385852409775, 516.0, 127.0], "160": [694.6139181113449, 516.0, 194.0], "161": [694.8015110852762, 516.0, 109.0], "162": [732.8788040291042, 516.0, 184.0], "163": [825.8516769504068, 516.0, 209.0], "164": [825.8516769504068, 516.0, 209.0], "165": [850.4479764170402, 516.0, 173.0], "166": [868.2969686413593, 516.0, 165.0], "167": [932.649845911107, 516.0, 325.0], "168": [960.0944307168575, 514.3207973114194, 176.0], "169": [958.8518409293558, 514.9420922051702, 176.0], "170": [1011.2441179944248, 516.0, 102.0], "171": [691.6862387585414, 581.0, 109.0], "172": [641.4204935169855, 581.0, 366.0], "173": [673.24117577141, 581.0, 255.0], "174": [722.9678354843978, 581.0, 199.0], "175": [753.5541468793275, 581.0, 205.0], "176": [777.30188723996, 581.0, 106.0], "177": [814.090130685425, 581.5, 205.0], "178": [839.0809738927843, 581.0, 226.0], "179": [861.2186058538451, 581.0, 129.0], "180": [861.2186058538451, 581.0, 129.0], "181": [869.2705221460982, 581.0, 173.0], "182": [890.6491394174135, 581.0, 116.0], "183": [866.557470925215, 581.0, 174.0], "184": [866.557470925215, 581.0, 174.0], "185": [904.1500009006661, 581.0, 140.0], "186": [904.1500009006661, 581.0, 140.0], "187": [1007.4422604767041, 581.0, 239.0], "188": [1007.4422604767041, 581.0, 239.0], "189": [1074.0138371136738, 581.0, 159.0], "190": [1074.0138371136738, 581.0, 159.0], "191": [653.4660877832157, 615.0, 115.0],