{"1" : [1191.8, 900.1, 152.22277349484852], "3" : [1188.5, 866.9, 21.22277349484854], "5" : [1060.1, 866.5, 187.22277349484852], "7" : [1058.2, 856.1, 17.22277349484854], "9" : [982.7, 860.1, 90.22277349484854], "11" : [982.1, 863.7, 48.22277349484854], "13" : [574.1, 914.7, 297.2227734948485], "15" : [571.2, 921.2, 83.22277349484854], "17" : [990.9, 442.3, 91.22277349484854], "19" : [968.0, 531.8, 551.2227734948485], "21" : [967.7, 533.1, 23.22277349484854], "23" : [887.0, 459.5, 212.22277349484852], "25" : [894.3, 462.9, 11.222773494848537], "27" : [920.0, 462.1, 190.22277349484852], "29" : [919.2, 464.0, 27.22277349484854], "31" : [1078.1, 454.6, 184.22277349484852], "33" : [1070.2, 456.0, 14.222773494848537], "35" : [1022.2, 457.4, 154.22277349484852], "37" : [1016.4, 457.6, 11.222773494848537], "39" : [986.5, 461.0, 242.22277349484852], "41" : [989.1, 457.8, 24.22277349484854], "43" : [970.7, 566.5, 243.22277349484852], "45" : [967.2, 567.4, 13.222773494848537], "47" : [944.7, 591.4, 251.2227734948485], "49" : [956.7, 566.0, 181.22277349484852]}