{"1" : [1431.0, 517.4, 23.50930914454182], "3" : [1529.4, 515.7, 248.50930914454182], "5" : [1525.3, 514.6, 19.50930914454182], "7" : [1634.4, 509.2, 317.5093091445418], "9" : [1636.9, 510.4, 20.50930914454182], "11" : [1734.8, 508.3, 317.5093091445418], "13" : [1732.0, 508.6, 17.50930914454182], "15" : [1649.4, 501.0, 362.5093091445418], "17" : [1647.6, 503.7, 18.50930914454182], "19" : [1730.2, 503.4, 101.50930914454182], "21" : [958.3, 533.8, 337.5093091445418], "23" : [957.2, 530.4, 40.509309144541824], "25" : [703.8, 489.8, 172.50930914454182], "27" : [702.9, 488.8, 50.509309144541824], "29" : [391.9, 457.3, 117.50930914454182], "31" : [391.6, 459.1, 25.50930914454182], "33" : [265.4, 454.1, 124.50930914454182], "35" : [266.3, 459.7, 187.50930914454182], "37" : [358.7, 454.1, 130.50930914454182], "39" : [355.6, 470.1, 24.50930914454182], "41" : [492.4, 472.3, 128.50930914454182], "43" : [492.0, 474.9, 39.509309144541824], "45" : [232.3, 472.3, 236.50930914454182], "47" : [224.9, 481.1, 25.50930914454182], "49" : [399.6, 490.3, 155.50930914454182], "51" : [401.5, 490.2, 22.50930914454182], "53" : [535.8, 495.2, 126.5093091445418], "55" : [537.2, 504.0, 245.50930914454182], "57" : [655.3, 441.0, 32.509309144541824], "59" : [646.1, 424.7, 29.50930914454182], "61" : [830.5, 490.8, 244.50930914454182], "63" : [829.1, 489.1, 25.50930914454182], "65" : [1022.3, 493.0, 270.5093091445418], "67" : [1019.3, 495.8, 40.509309144541824], "69" : [1245.2, 486.9, 231.50930914454182], "71" : [1242.0, 492.3, 14.50930914454182], "73" : [1185.5, 484.2, 204.50930914454182], "75" : [1180.7, 481.7, 23.50930914454182], "77" : [1316.8, 482.3, 184.50930914454182], "79" : [1317.7, 483.8, 25.50930914454182], "81" : [1474.1, 483.0, 318.5093091445418], "83" : [1474.5, 481.9, 27.50930914454182], "85" : [1676.6, 477.4, 290.5093091445418], "87" : [1681.3, 477.5, 96.50930914454182], "89" : [446.4, 581.6, 140.50930914454182], "91" : [447.5, 582.5, 22.50930914454182], "93" : [328.1, 589.2, 272.5093091445418], "95" : [323.9, 587.3, 29.50930914454182], "97" : [578.7, 578.5, 221.50930914454182], "99" : [581.8, 580.2, 19.50930914454182], "101" : [501.5, 582.2, 181.50930914454182], "103" : [502.8, 585.3, 26.50930914454182]}