{"1": [176.16666666666666, 169.0, 300.0], "2": [295.5, 169.0, 250.0], "3": [399.1666666666667, 169.0, 200.0], "4": [478.5, 169.0, 150.0], "5": [547.5, 169.0, 150.0], "6": [640.1666666666666, 169.0, 450.0], "7": [813.1666666666666, 169.0, 150.0], "8": [303.5, 169.0, 250.0], "9": [395.1666666666667, 169.0, 200.0], "10": [467.5, 169.0, 150.0], "11": [414.1666666666667, 169.0, 200.0], "12": [465.5, 169.0, 150.0], "13": [479.5, 169.0, 150.0], "14": [535.5, 169.0, 150.0], "15": [534.5, 169.0, 150.0], "16": [651.1666666666666, 169.0, 450.0], "17": [400.1666666666667, 169.0, 200.0], "18": [462.5, 169.0, 150.0], "19": [467.5, 169.0, 150.0], "20": [528.5, 169.0, 150.0], "21": [537.5, 169.0, 150.0], "22": [646.1666666666666, 169.0, 450.0], "23": [808.1666666666666, 169.0, 150.0], "24": [396.1666666666667, 169.0, 200.0], "25": [400.1666666666667, 169.0, 200.0], "26": [398.1666666666667, 169.0, 200.0], "27": [409.1666666666667, 169.0, 200.0], "28": [403.1666666666667, 169.0, 200.0], "29": [462.5, 169.0, 150.0], "30": [539.5, 169.0, 150.0], "31": [643.1666666666666, 169.0, 450.0], "32": [531.5, 169.0, 150.0], "33": [652.1666666666666, 169.0, 450.0], "34": [302.5, 169.0, 250.0], "35": [410.1666666666667, 169.0, 200.0], "36": [469.5, 169.0, 150.0], "37": [536.5, 169.0, 150.0], "38": [651.1666666666666, 169.0, 450.0], "39": [808.1666666666666, 169.0, 150.0], "40": [816.1666666666666, 169.0, 150.0], "41": [883.5, 169.0, 150.0], "42": [644.1666666666666, 169.0, 450.0], "43": [463.5, 169.0, 150.0], "44": [538.5, 169.0, 150.0], "45": [646.1666666666666, 169.0, 450.0], "46": [531.5, 169.0, 150.0], "47": [642.1666666666666, 169.0, 450.0], "48": [642.1666666666666, 169.0, 450.0], "49": [478.5, 169.0, 150.0], "50": [539.5, 169.0, 150.0], "51": [642.1666666666666, 169.0, 450.0], "52": [542.5, 169.0, 150.0], "53": [646.1666666666666, 169.0, 450.0], "54": [819.1666666666666, 169.0, 150.0], "55": [877.5, 169.0, 150.0], "56": [397.1666666666667, 169.0, 200.0], "57": [477.5, 169.0, 150.0], "58": [547.5, 169.0, 150.0], "59": [639.1666666666666, 169.0, 450.0], "60": [301.5, 169.0, 250.0], "61": [407.1666666666667, 169.0, 200.0], "62": [474.5, 169.0, 150.0], "63": [309.5, 169.0, 250.0], "64": [402.1666666666667, 169.0, 200.0], "65": [401.1666666666667, 169.0, 200.0], "66": [464.5, 169.0, 150.0], "67": [540.5, 169.0, 150.0], "68": [638.1666666666666, 169.0, 450.0], "69": [657.1666666666666, 169.0, 450.0], "70": [535.5, 169.0, 150.0], "71": [307.5, 169.0, 250.0], "72": [397.1666666666667, 169.0, 200.0], "73": [482.5, 169.0, 150.0], "74": [542.5, 169.0, 150.0], "75": [646.1666666666666, 169.0, 450.0], "76": [818.1666666666666, 169.0, 150.0], "77": [880.5, 169.0, 150.0], "78": [308.5, 169.0, 250.0], "79": [408.1666666666667, 169.0, 200.0], "80": [466.5, 169.0, 150.0], "81": [473.5, 169.0, 150.0], "82": [547.5, 169.0, 150.0], "83": [644.1666666666666, 169.0, 450.0], "84": [537.5, 169.0, 150.0], "85": [472.5, 169.0, 150.0], "86": [532.5, 169.0, 150.0], "87": [479.5, 169.0, 150.0], "88": [546.5, 169.0, 150.0], "89": [646.1666666666666, 169.0, 450.0], "90": [823.1666666666666, 169.0, 150.0], "91": [881.5, 169.0, 150.0], "92": [548.5, 169.0, 150.0], "93": [653.1666666666666, 169.0, 450.0], "94": [819.1666666666666, 169.0, 150.0], "95": [871.5, 169.0, 150.0], "96": [396.1666666666667, 169.0, 200.0], "97": [479.5, 169.0, 150.0], "98": [543.5, 169.0, 150.0], "99": [296.5, 169.0, 250.0], "100": [303.5, 169.0, 250.0], "101": [399.1666666666667, 169.0, 200.0], "102": [474.5, 169.0, 150.0], "103": [530.5, 169.0, 150.0], "104": [644.1666666666666, 169.0, 450.0], "105": [809.1666666666666, 169.0, 150.0], "106": [542.5, 169.0, 150.0], "107": [651.1666666666666, 169.0, 450.0], "108": [824.1666666666666, 169.0, 150.0], "109": [889.5, 169.0, 150.0], "110": [993.1666666666666, 169.0, 150.0], "111": [304.5, 169.0, 250.0], "112": [398.1666666666667, 169.0, 200.0], "113": [465.5, 169.0, 150.0], "114": [466.5, 169.0, 150.0], "115": [537.5, 169.0, 150.0], "116": [480.5, 169.0, 150.0], "117": [545.5, 169.0, 150.0], "118": [650.1666666666666, 169.0, 450.0], "119": [639.1666666666666, 169.0, 450.0], "120": [809.1666666666666, 169.0, 150.0], "121": [816.1666666666666, 169.0, 150.0], "122": [873.5, 169.0, 150.0], "123": [990.1666666666666, 169.0, 150.0], "124": [986.1666666666666, 169.0, 150.0], "125": [183.16666666666666, 219.0, 350.0], "126": [314.5, 219.0, 150.0], "127": [409.5, 219.0, 450.0], "128": [563.8333333333334, 219.0, 500.0], "129": [715.1666666666666, 219.0, 150.0], "130": [777.1666666666666, 219.0, 150.0], "131": [866.5, 219.0, 450.0], "132": [879.5, 219.0, 450.0], "133": [154.16666666666666, 268.0, 150.0], "134": [234.5, 268.0, 300.0], "135": [328.1666666666667, 268.0, 300.0], "136": [426.1666666666667, 268.0, 200.0], "137": [565.1666666666666, 268.0, 150.0], "138": [559.1666666666666, 268.0, 150.0], "139": [648.1666666666666, 268.0, 400.0], "140": [785.8333333333334, 268.0, 300.0], "141": [561.1666666666666, 268.0, 150.0], "142": [641.1666666666666, 268.0, 400.0], "143": [775.8333333333334, 268.0, 300.0], "144": [922.1666666666666, 268.0, 200.0], "145": [159.16666666666666, 318.0, 200.0], "146": [267.5, 318.0, 250.0], "147": [255.5, 318.0, 250.0], "148": [352.1666666666667, 318.0, 300.0], "149": [472.5, 318.0, 300.0], "150": [460.5, 318.0, 300.0], "151": [589.1666666666666, 318.0, 200.0], "152": [668.8333333333334, 318.0, 200.0], "153": [754.5, 318.0, 250.0], "154": [836.1666666666666, 318.0, 200.0], "155": [579.1666666666666, 318.0, 200.0], "156": [666.8333333333334, 318.0, 200.0], "157": [738.5, 318.0, 250.0], "158": [823.1666666666666, 318.0, 200.0], "159": [961.8333333333334, 318.0, 250.0], "160": [162.83333333333334, 368.0, 200.0], "161": [238.5, 368.0, 150.0], "162": [305.5, 368.0, 250.0], "163": [243.5, 368.0, 150.0], "164": [243.5, 368.0, 150.0], "165": [313.5, 368.0, 250.0], "166": [403.8333333333333, 368.0, 400.0], "167": [404.8333333333333, 368.0, 400.0], "168": [556.1666666666666, 368.0, 450.0], "169": [675.8333333333334, 368.0, 200.0], "170": [672.8333333333334, 368.0, 200.0], "171": [800.1666666666666, 368.0, 500.0], "172": [939.1666666666666, 368.0, 200.0], "173": [1012.1666666666666, 368.0, 150.0], "174": [187.83333333333334, 417.0, 400.0], "175": [344.8333333333333, 417.0, 400.0], "176": [469.1666666666667, 417.0, 200.0], "177": [557.8333333333334, 417.0, 200.0], "178": [658.1666666666666, 417.0, 200.0], "179": [649.1666666666666, 417.0, 200.0], "180": [484.1666666666667, 417.0, 200.0], "181": [567.8333333333334, 417.0, 200.0], "182": [653.1666666666666, 417.0, 200.0], "183": [740.8333333333334, 417.0, 450.0]}