{"0": [185.16666666666666, 169.0, 300.0], "1": [310.5, 169.0, 250.0], "2": [405.1666666666667, 169.0, 200.0], "3": [477.5, 169.0, 150.0], "4": [528.5, 169.0, 150.0], "5": [648.1666666666666, 169.0, 450.0], "6": [478.5, 169.0, 150.0], "7": [542.5, 169.0, 150.0], "8": [301.5, 169.0, 250.0], "9": [404.1666666666667, 169.0, 200.0], "10": [479.5, 169.0, 150.0], "11": [469.5, 169.0, 150.0], "12": [404.1666666666667, 169.0, 200.0], "13": [462.5, 169.0, 150.0], "14": [544.5, 169.0, 150.0], "15": [477.5, 169.0, 150.0], "16": [541.5, 169.0, 150.0], "17": [533.5, 169.0, 150.0], "18": [640.1666666666666, 169.0, 450.0], "19": [820.1666666666666, 169.0, 150.0], "20": [878.5, 169.0, 150.0], "21": [307.5, 169.0, 250.0], "22": [404.1666666666667, 169.0, 200.0], "23": [470.5, 169.0, 150.0], "24": [481.5, 169.0, 150.0], "25": [540.5, 169.0, 150.0], "26": [649.1666666666666, 169.0, 450.0], "27": [291.5, 169.0, 250.0], "28": [399.1666666666667, 169.0, 200.0], "29": [472.5, 169.0, 150.0], "30": [543.5, 169.0, 150.0], "31": [638.1666666666666, 169.0, 450.0], "32": [530.5, 169.0, 150.0], "33": [642.1666666666666, 169.0, 450.0], "34": [820.1666666666666, 169.0, 150.0], "35": [888.5, 169.0, 150.0], "36": [992.1666666666666, 169.0, 150.0], "37": [180.16666666666666, 219.0, 350.0], "38": [318.5, 219.0, 150.0], "39": [405.5, 219.0, 450.0], "40": [574.8333333333334, 219.0, 500.0], "41": [707.9460966810165, 219.18070409129461, 150.0], "42": [780.1666666666666, 219.0, 150.0], "43": [868.5, 219.0, 450.0], "44": [161.16666666666666, 268.0, 150.0], "45": [228.5, 268.0, 300.0], "46": [331.1666666666667, 268.0, 300.0], "47": [422.1666666666667, 268.0, 200.0], "48": [560.1666666666666, 268.0, 150.0], "49": [327.1666666666667, 268.0, 300.0], "50": [438.1666666666667, 268.0, 200.0], "51": [559.1666666666666, 268.0, 150.0], "52": [644.1666666666666, 268.0, 400.0], "53": [646.1666666666666, 268.0, 400.0], "54": [776.8333333333334, 268.0, 300.0], "55": [561.1666666666666, 268.0, 150.0], "56": [645.1666666666666, 268.0, 400.0], "57": [339.1666666666667, 268.0, 300.0], "58": [436.1666666666667, 268.0, 200.0], "59": [551.1666666666666, 268.0, 150.0], "60": [553.1666666666666, 268.0, 150.0], "61": [564.1666666666666, 268.0, 150.0], "62": [650.1666666666666, 268.0, 400.0], "63": [779.8333333333334, 268.0, 300.0], "64": [924.1666666666666, 268.0, 200.0], "65": [567.1666666666666, 268.0, 150.0], "66": [649.1666666666666, 268.0, 400.0], "67": [782.8333333333334, 268.0, 300.0], "68": [332.1666666666667, 268.0, 300.0], "69": [427.1666666666667, 268.0, 200.0], "70": [330.1666666666667, 268.0, 300.0], "71": [431.1666666666667, 268.0, 200.0], "72": [550.1666666666666, 268.0, 150.0], "73": [566.1666666666666, 268.0, 150.0], "74": [634.1666666666666, 268.0, 400.0], "75": [773.8333333333334, 268.0, 300.0], "76": [773.8333333333334, 268.0, 300.0], "77": [230.5, 268.0, 300.0], "78": [327.1666666666667, 268.0, 300.0], "79": [426.1666666666667, 268.0, 200.0], "80": [559.1666666666666, 268.0, 150.0], "81": [643.1666666666666, 268.0, 400.0], "82": [768.8333333333334, 268.0, 300.0], "83": [550.1666666666666, 268.0, 150.0], "84": [327.1666666666667, 268.0, 300.0], "85": [436.1666666666667, 268.0, 200.0], "86": [566.1666666666666, 268.0, 150.0], "87": [645.1666666666666, 268.0, 400.0], "88": [644.1666666666666, 268.0, 400.0], "89": [780.8333333333334, 268.0, 300.0], "90": [927.1666666666666, 268.0, 200.0], "91": [167.34113966134183, 317.8625613250448, 200.0], "92": [259.5, 318.0, 250.0], "93": [355.1666666666667, 318.0, 300.0], "94": [474.5, 318.0, 300.0], "95": [572.1666666666666, 318.0, 200.0], "96": [580.6608025679185, 317.1474754030611, 200.0], "97": [658.8333333333334, 318.0, 200.0], "98": [257.5, 318.0, 250.0], "99": [348.1666666666667, 318.0, 300.0], "100": [468.5, 318.0, 300.0], "101": [579.1666666666666, 318.0, 200.0], "102": [471.5, 318.0, 300.0], "103": [347.1666666666667, 318.0, 300.0], "104": [465.5, 318.0, 300.0], "105": [466.5, 318.0, 300.0], "106": [574.1666666666666, 318.0, 200.0], "107": [676.8333333333334, 318.0, 200.0], "108": [757.5, 318.0, 250.0], "109": [840.1666666666666, 318.0, 200.0], "110": [969.8333333333334, 318.0, 250.0], "111": [158.83333333333334, 368.0, 200.0], "112": [242.42516146962996, 367.9185758639036, 150.0], "113": [320.5, 368.0, 250.0], "114": [405.8333333333333, 368.0, 400.0], "115": [553.1666666666666, 368.0, 450.0], "116": [675.8333333333334, 368.0, 200.0], "117": [781.1666666666666, 368.0, 500.0], "118": [947.1666666666666, 368.0, 200.0], "119": [1007.1666666666666, 368.0, 150.0], "120": [794.1666666666666, 368.0, 500.0], "121": [304.5, 368.0, 250.0], "122": [411.8333333333333, 368.0, 400.0], "123": [552.1666666666666, 368.0, 450.0], "124": [419.8333333333333, 368.0, 400.0], "125": [546.1666666666666, 368.0, 450.0], "126": [675.8333333333334, 368.0, 200.0], "127": [788.1666666666666, 368.0, 500.0], "128": [945.1666666666666, 368.0, 200.0], "129": [673.8333333333334, 368.0, 200.0], "130": [304.5, 368.0, 250.0], "131": [411.8333333333333, 368.0, 400.0], "132": [315.5, 368.0, 250.0], "133": [422.8333333333333, 368.0, 400.0], "134": [558.1666666666666, 368.0, 450.0], "135": [676.8333333333334, 368.0, 200.0], "136": [792.1666666666666, 368.0, 500.0], "137": [547.1666666666666, 368.0, 450.0], "138": [671.8333333333334, 368.0, 200.0], "139": [797.1666666666666, 368.0, 500.0], "140": [938.1666666666666, 368.0, 200.0], "141": [782.1666666666666, 368.0, 500.0], "142": [941.1666666666666, 368.0, 200.0], "143": [1001.1666666666666, 368.0, 150.0], "144": [180.83333333333334, 417.0, 400.0], "145": [356.8333333333333, 417.0, 400.0], "146": [485.1666666666667, 417.0, 200.0], "147": [570.8333333333334, 417.0, 200.0], "148": [644.1666666666666, 417.0, 200.0], "149": [740.8333333333334, 417.0, 450.0]}