{"0": [183.16666666666666, 169.0, 300.0], "1": [293.5, 169.0, 250.0], "2": [304.5, 169.0, 250.0], "3": [400.1666666666667, 169.0, 200.0], "4": [295.5, 169.0, 250.0], "5": [302.5, 169.0, 250.0], "6": [410.1666666666667, 169.0, 200.0], "7": [299.5, 169.0, 250.0], "8": [301.5, 169.0, 250.0], "9": [397.1666666666667, 169.0, 200.0], "10": [482.5, 169.0, 150.0], "11": [544.5, 169.0, 150.0], "12": [638.1666666666666, 169.0, 450.0], "13": [538.5, 169.0, 150.0], "14": [655.1666666666666, 169.0, 450.0], "15": [412.1666666666667, 169.0, 200.0], "16": [401.1666666666667, 169.0, 200.0], "17": [307.5, 169.0, 250.0], "18": [396.1666666666667, 169.0, 200.0], "19": [469.5, 169.0, 150.0], "20": [536.5, 169.0, 150.0], "21": [650.1666666666666, 169.0, 450.0], "22": [401.1666666666667, 169.0, 200.0], "23": [477.5, 169.0, 150.0], "24": [300.5, 169.0, 250.0], "25": [410.1666666666667, 169.0, 200.0], "26": [481.5, 169.0, 150.0], "27": [546.5, 169.0, 150.0], "28": [655.1666666666666, 169.0, 450.0], "29": [652.1666666666666, 169.0, 450.0], "30": [828.1666666666666, 169.0, 150.0], "31": [876.5, 169.0, 150.0], "32": [809.1666666666666, 169.0, 150.0], "33": [883.5, 169.0, 150.0], "34": [814.1666666666666, 169.0, 150.0], "35": [874.5, 169.0, 150.0], "36": [881.5, 169.0, 150.0], "37": [989.1666666666666, 169.0, 150.0], "38": [184.16666666666666, 219.0, 350.0], "39": [315.5, 219.0, 150.0], "40": [405.5, 219.0, 450.0], "41": [313.93473705102616, 218.41339978455625, 150.0], "42": [403.5, 219.0, 450.0], "43": [577.8333333333334, 219.0, 500.0], "44": [714.1666666666666, 219.0, 150.0], "45": [765.1666666666666, 219.0, 150.0], "46": [403.5, 219.0, 450.0], "47": [577.8333333333334, 219.0, 500.0], "48": [712.1666666666666, 219.0, 150.0], "49": [719.1666666666666, 219.0, 150.0], "50": [408.5, 219.0, 450.0], "51": [573.8333333333334, 219.0, 500.0], "52": [705.1666666666666, 219.0, 150.0], "53": [304.5, 219.0, 150.0], "54": [405.5, 219.0, 450.0], "55": [559.8333333333334, 219.0, 500.0], "56": [569.8333333333334, 219.0, 500.0], "57": [702.1666666666666, 219.0, 150.0], "58": [773.1666666666666, 219.0, 150.0], "59": [883.5, 219.0, 450.0], "60": [154.16666666666666, 268.0, 150.0], "61": [233.5, 268.0, 300.0], "62": [339.1666666666667, 268.0, 300.0], "63": [339.1666666666667, 268.0, 300.0], "64": [436.1666666666667, 268.0, 200.0], "65": [429.1666666666667, 268.0, 200.0], "66": [556.1666666666666, 268.0, 150.0], "67": [564.1666666666666, 268.0, 150.0], "68": [654.1666666666666, 268.0, 400.0], "69": [223.5, 268.0, 300.0], "70": [232.5, 268.0, 300.0], "71": [338.1666666666667, 268.0, 300.0], "72": [431.1666666666667, 268.0, 200.0], "73": [559.1666666666666, 268.0, 150.0], "74": [653.1666666666666, 268.0, 400.0], "75": [774.8333333333334, 268.0, 300.0], "76": [331.1666666666667, 268.0, 300.0], "77": [425.1666666666667, 268.0, 200.0], "78": [425.1666666666667, 268.0, 200.0], "79": [550.1666666666666, 268.0, 150.0], "80": [647.1666666666666, 268.0, 400.0], "81": [425.1666666666667, 268.0, 200.0], "82": [564.1666666666666, 268.0, 150.0], "83": [654.1666666666666, 268.0, 400.0], "84": [769.8333333333334, 268.0, 300.0], "85": [922.1666666666666, 268.0, 200.0], "86": [219.5, 268.0, 300.0], "87": [329.1666666666667, 268.0, 300.0], "88": [324.1666666666667, 268.0, 300.0], "89": [430.1666666666667, 268.0, 200.0], "90": [425.1666666666667, 268.0, 200.0], "91": [333.1666666666667, 268.0, 300.0], "92": [436.1666666666667, 268.0, 200.0], "93": [563.1666666666666, 268.0, 150.0], "94": [550.1666666666666, 268.0, 150.0], "95": [653.1666666666666, 268.0, 400.0], "96": [232.5, 268.0, 300.0], "97": [334.1666666666667, 268.0, 300.0], "98": [326.1666666666667, 268.0, 300.0], "99": [236.5, 268.0, 300.0], "100": [340.1666666666667, 268.0, 300.0], "101": [423.1666666666667, 268.0, 200.0], "102": [556.1666666666666, 268.0, 150.0], "103": [650.1666666666666, 268.0, 400.0], "104": [769.8333333333334, 268.0, 300.0], "105": [559.1666666666666, 268.0, 150.0], "106": [557.1666666666666, 268.0, 150.0], "107": [559.1666666666666, 268.0, 150.0], "108": [425.1666666666667, 268.0, 200.0], "109": [555.1666666666666, 268.0, 150.0], "110": [327.1666666666667, 268.0, 300.0], "111": [217.5, 268.0, 300.0], "112": [334.1666666666667, 268.0, 300.0], "113": [420.1666666666667, 268.0, 200.0], "114": [338.1666666666667, 268.0, 300.0], "115": [333.1666666666667, 268.0, 300.0], "116": [430.1666666666667, 268.0, 200.0], "117": [555.1666666666666, 268.0, 150.0], "118": [230.5, 268.0, 300.0], "119": [336.1666666666667, 268.0, 300.0], "120": [436.1666666666667, 268.0, 200.0], "121": [555.1666666666666, 268.0, 150.0], "122": [233.5, 268.0, 300.0], "123": [333.1666666666667, 268.0, 300.0], "124": [436.1666666666667, 268.0, 200.0], "125": [332.1666666666667, 268.0, 300.0], "126": [332.1666666666667, 268.0, 300.0], "127": [222.5, 268.0, 300.0], "128": [326.1666666666667, 268.0, 300.0], "129": [331.1666666666667, 268.0, 300.0], "130": [419.1666666666667, 268.0, 200.0], "131": [222.5, 268.0, 300.0], "132": [325.1666666666667, 268.0, 300.0], "133": [423.1666666666667, 268.0, 200.0], "134": [327.1666666666667, 268.0, 300.0], "135": [429.1666666666667, 268.0, 200.0], "136": [232.5, 268.0, 300.0], "137": [339.1666666666667, 268.0, 300.0], "138": [422.1666666666667, 268.0, 200.0], "139": [547.1666666666666, 268.0, 150.0], "140": [654.1666666666666, 268.0, 400.0], "141": [770.8333333333334, 268.0, 300.0], "142": [927.1666666666666, 268.0, 200.0], "143": [550.1666666666666, 268.0, 150.0], "144": [649.1666666666666, 268.0, 400.0], "145": [777.8333333333334, 268.0, 300.0], "146": [786.8333333333334, 268.0, 300.0], "147": [553.1666666666666, 268.0, 150.0], "148": [639.1666666666666, 268.0, 400.0], "149": [784.8333333333334, 268.0, 300.0], "150": [652.1666666666666, 268.0, 400.0], "151": [773.8333333333334, 268.0, 300.0], "152": [236.5, 268.0, 300.0], "153": [232.5, 268.0, 300.0], "154": [324.1666666666667, 268.0, 300.0], "155": [341.1666666666667, 268.0, 300.0], "156": [236.5, 268.0, 300.0], "157": [337.1666666666667, 268.0, 300.0], "158": [429.1666666666667, 268.0, 200.0], "159": [550.1666666666666, 268.0, 150.0], "160": [560.1666666666666, 268.0, 150.0], "161": [644.1666666666666, 268.0, 400.0], "162": [774.8333333333334, 268.0, 300.0], "163": [557.1666666666666, 268.0, 150.0], "164": [647.1666666666666, 268.0, 400.0], "165": [325.1666666666667, 268.0, 300.0], "166": [436.1666666666667, 268.0, 200.0], "167": [330.1666666666667, 268.0, 300.0], "168": [233.5, 268.0, 300.0], "169": [325.1666666666667, 268.0, 300.0], "170": [435.1666666666667, 268.0, 200.0], "171": [555.1666666666666, 268.0, 150.0], "172": [637.1666666666666, 268.0, 400.0], "173": [786.8333333333334, 268.0, 300.0], "174": [770.8333333333334, 268.0, 300.0], "175": [635.1666666666666, 268.0, 400.0], "176": [223.5, 268.0, 300.0], "177": [325.1666666666667, 268.0, 300.0], "178": [231.5, 268.0, 300.0], "179": [328.1666666666667, 268.0, 300.0], "180": [419.1666666666667, 268.0, 200.0], "181": [331.1666666666667, 268.0, 300.0], "182": [439.1666666666667, 268.0, 200.0], "183": [565.1666666666666, 268.0, 150.0], "184": [641.1666666666666, 268.0, 400.0], "185": [772.8333333333334, 268.0, 300.0], "186": [929.1666666666666, 268.0, 200.0], "187": [172.16666666666666, 318.0, 200.0], "188": [270.5, 318.0, 250.0], "189": [346.1666666666667, 318.0, 300.0], "190": [463.5, 318.0, 300.0], "191": [477.5, 318.0, 300.0], "192": [579.1666666666666, 318.0, 200.0], "193": [257.5, 318.0, 250.0], "194": [252.5, 318.0, 250.0], "195": [350.1666666666667, 318.0, 300.0], "196": [470.5, 318.0, 300.0], "197": [579.1666666666666, 318.0, 200.0], "198": [269.5, 318.0, 250.0], "199": [350.1666666666667, 318.0, 300.0], "200": [466.5, 318.0, 300.0], "201": [270.5, 318.0, 250.0], "202": [363.1666666666667, 318.0, 300.0], "203": [476.5, 318.0, 300.0], "204": [269.5, 318.0, 250.0], "205": [353.1666666666667, 318.0, 300.0], "206": [254.5, 318.0, 250.0], "207": [255.5, 318.0, 250.0], "208": [348.1666666666667, 318.0, 300.0],