{"1" : [835.6, 681.2, 173.90445061740334], "3" : [820.5, 618.8, 847.9044506174033], "5" : [964.3, 546.2, 619.9044506174033], "7" : [963.9, 560.1, 35.90445061740333], "9" : [904.3, 391.0, 207.90445061740334], "11" : [902.9, 390.5, 18.904450617403327], "13" : [972.4, 384.0, 79.90445061740333], "15" : [972.8, 392.0, 202.90445061740334], "17" : [1045.0, 583.5, 23.904450617403327], "19" : [1043.3, 555.2, 334.9044506174033], "21" : [878.1, 448.4, 170.90445061740334], "23" : [863.8, 363.6, 12.904450617403329], "25" : [846.5, 379.6, 96.90445061740333], "27" : [850.2, 379.6, 20.904450617403327], "29" : [932.1, 379.4, 149.90445061740334], "31" : [932.8, 377.8, 25.904450617403327], "33" : [946.6, 468.7, 281.9044506174033], "35" : [944.5, 465.8, 16.904450617403327], "37" : [960.4, 523.8, 143.90445061740334], "39" : [960.6, 524.8, 184.90445061740334], "41" : [958.1, 587.2, 145.90445061740334], "43" : [956.1, 586.2, 8.904450617403329], "45" : [954.9, 608.6, 189.90445061740334], "47" : [955.0, 609.0, 16.904450617403327], "49" : [959.3, 663.5, 191.90445061740334], "51" : [957.6, 665.5, 51.90445061740333], "53" : [948.3, 440.4, 214.90445061740334], "55" : [947.6, 441.9, 805.9044506174033], "57" : [997.5, 546.8, 117.90445061740333], "59" : [982.2, 492.7, 10.904450617403329], "61" : [962.2, 522.2, 283.9044506174033], "63" : [961.6, 525.0, 20.904450617403327]}