{"1" : [695.2629607262644, 286.65678948838, 81.0], "3" : [720.3707691061413, 36.23076705863657, 65.0], "5" : [720.3015136589819, 30.34242629547505, 66.0], "7" : [577.5916095286365, 32.42237404086083, 143.0], "9" : [533.8028157623747, 12.306102955608132, 213.0], "11" : [763.478481816601, 15.44873384386411, 158.0], "13" : [764.880361939812, 21.442856927336514, 56.0], "15" : [736.5009216380236, 31.885320530430363, 109.0], "17" : [733.8000027946337, 32.59357842359246, 109.0], "19" : [904.1276325589045, 31.788593931457083, 228.0], "21" : [1035.3136712904593, 29.361717532379792, 256.0], "23" : [1112.8817360971345, 30.275652473160406, 115.0], "25" : [1112.8817360971345, 30.275652473160406, 115.0], "27" : [766.1153297984631, 97.35255500280532, 137.0], "29" : [766.1153297984631, 97.35255500280532, 137.0], "31" : [766.1153297984631, 97.35255500280532, 137.0], "33" : [636.0531921493921, 106.2351041340013, 94.0], "35" : [564.3982548430386, 101.68995544404156, 229.0], "37" : [748.7778218879758, 107.46169319472544, 248.0], "39" : [761.009486748994, 109.3699619603488, 253.0], "41" : [883.7304072543974, 91.94503023243618, 171.0], "43" : [883.7304072543974, 91.94503023243618, 171.0], "45" : [994.8306647227305, 86.77111278132162, 225.0], "47" : [1127.911800181227, 84.50621074058601, 161.0], "49" : [1097.7313644271753, 88.21772959032948, 220.0], "51" : [1122.2645577941018, 76.23418081867753, 79.0], "53" : [687.474297053125, 140.29189749176297, 284.0], "55" : [681.8862730399173, 140.71862545842578, 102.0], "57" : [839.866666320032, 143.7002670004551, 372.0], "59" : [1025.6112030631336, 105.21967076898007, 366.0], "61" : [1064.3688642571467, 97.87425434626792, 334.0], "63" : [690.4156459786144, 156.34965949617506, 147.0], "65" : [611.2951263435182, 153.18146373251395, 205.0], "67" : [593.8944453585214, 153.76435205604645, 216.0], "69" : [896.2116664350156, 154.2150005859697, 60.0], "71" : [898.736537492739, 151.24134896200658, 104.0], "73" : [839.832227710654, 152.9081324061789, 332.0], "75" : [1040.9026823451222, 133.1919463184153, 149.0], "77" : [1040.9026823451222, 133.1919463184153, 149.0], "79" : [983.2541651504357, 130.62954238441972, 264.0], "81" : [983.2541651504357, 130.62954238441972, 264.0], "83" : [1089.5676951875978, 142.15281636805594, 195.0], "85" : [1128.397672906199, 141.61860249611823, 129.0], "87" : [728.4877588328071, 193.37074835320723, 147.0], "89" : [728.4877588328071, 193.37074835320723, 147.0], "91" : [647.2696133792531, 180.68939771810997, 283.0], "93" : [765.0751256080928, 198.30448108915425, 201.0], "95" : [719.65652225766, 194.56032949830723, 184.0], "97" : [886.1181791495584, 187.88818257476365, 220.0], "99" : [972.0136348862608, 189.71666720394597, 132.0], "101" : [972.0136348862608, 189.71666720394597, 132.0], "103" : [1070.6133335177676, 162.10133202484144, 150.0], "105" : [1070.6133335177676, 162.10133202484144, 150.0], "107" : [654.4707767792761, 250.59350944601746, 154.0], "109" : [626.5848108431318, 248.19620385884429, 79.0], "111" : [626.5848108431318, 248.19620385884429, 79.0], "113" : [627.7666659638784, 251.76875191933988, 144.0], "115" : [627.7666659638784, 251.76875191933988, 144.0], "117" : [796.1458597911989, 265.2821670891495, 157.0], "119" : [796.1458597911989, 265.2821670891495, 157.0], "121" : [764.5831922155321, 266.012499868331, 232.0], "123" : [764.5831922155321, 266.012499868331, 232.0], "125" : [915.0187107460539, 260.1163745675836, 171.0], "127" : [915.0187107460539, 260.1163745675836, 171.0], "129" : [888.0938047585644, 264.50265191289236, 226.0], "131" : [888.0938047585644, 264.50265191289236, 226.0], "133" : [994.5271406279008, 257.97000016596473, 140.0], "135" : [994.5271406279008, 257.97000016596473, 140.0], "137" : [1068.473275990836, 234.03886633953, 247.0], "139" : [761.7833358852405, 271.905554829687, 72.0], "141" : [758.8565222952276, 276.2026104370812, 115.0], "143" : [694.4942717893542, 283.2841374380796, 227.0], "145" : [806.5143452175816, 285.0733576686481, 244.0], "147" : [945.5757775850163, 285.4447202393163, 161.0], "149" : [888.3550328760001, 292.0396057324668, 149.0], "151" : [888.3550328760001, 292.0396057324668, 149.0], "153" : [1000.5784891253405, 291.8013567971863, 516.0], "155" : [1000.5784891253405, 291.8013567971863, 516.0], "157" : [677.9544162960817, 301.8058839076004, 136.0], "159" : [677.9544162960817, 301.8058839076004, 136.0], "161" : [593.6082979582197, 316.4497924583141, 241.0], "163" : [733.7281090460809, 305.4695845437552, 217.0], "165" : [833.3855997263227, 308.29199806983496, 125.0], "167" : [838.3148954072334, 310.14787128434824, 94.0], "169" : [887.1805094406579, 319.5569245624119, 195.0], "171" : [1004.5029174093856, 327.1109493700326, 274.0], "173" : [1004.5029174093856, 327.1109493700326, 274.0], "175" : [1104.4709836615439, 327.21502511387104, 386.0], "177" : [797.3699416879873, 335.79653214777954, 173.0], "179" : [687.5160144148765, 347.2910120850751, 356.0], "181" : [789.2913633044352, 339.4218170486479, 220.0], "183" : [876.4446417813007, 354.5156240219182, 224.0], "185" : [892.3372121243068, 361.85349005728534, 172.0], "187" : [1007.6115200647924, 355.01256545789585, 191.0], "189" : [1007.6115200647924, 355.01256545789585, 191.0], "191" : [1063.5977190466244, 354.9287657897707, 219.0], "193" : [629.4584420636697, 394.814283907587, 77.0], "195" : [572.7003720250354, 396.2635696936564, 269.0], "197" : [572.7003720250354, 396.2635696936564, 269.0], "199" : [792.367762714133, 402.2585540807228, 152.0], "201" : [737.0543037756539, 405.86564461357625, 326.0], "203" : [737.0543037756539, 405.86564461357625, 326.0], "205" : [882.361090504928, 415.63672861893417, 275.0], "207" : [945.6304610806342, 426.5798911023455, 174.0], "209" : [945.6304610806342, 426.5798911023455, 174.0], "211" : [945.6304610806342, 426.5798911023455, 174.0], "213" : [1063.260831184309, 417.0230426703199, 217.0], "215" : [1040.2040265308906, 423.91812496964593, 149.0], "217" : [1140.8225249058742, 427.01937135112104, 253.0], "219" : [739.9756412794709, 444.7046938847337, 234.0], "221" : [851.7634162816285, 441.9634126785234, 205.0], "223" : [852.946553403593, 442.53103199140367, 58.0], "225" : [949.9169438272893, 442.9615727599052, 177.0], "227" : [1028.7127745809476, 446.3797512663764, 321.0], "229" : [1027.014420020667, 450.4144193867006, 215.0], "231" : [1008.7171568600895, 450.7104615649848, 239.0], "233" : [935.1934793185844, 444.7666627246838, 276.0], "235" : [607.4509205880785, 467.15917535023226, 218.0], "237" : [599.2799034452595, 463.62663294335357, 199.0], "239" : [718.7980398166994, 465.23333098261844, 255.0], "241" : [718.7980398166994, 465.23333098261844, 255.0], "243" : [869.0254745271204, 476.09642262808165, 475.0], "245" : [1008.5357814218667, 475.45199017538727, 327.0], "247" : [1092.8380137490792, 485.75380174232436, 171.0], "249" : [1140.5305826387194, 490.9901580803525, 376.0], "251" : [688.5000012191922, 500.4374333796, 187.0], "253" : [688.5000012191922, 500.4374333796, 187.0], "255" : [626.9004137981078, 487.719420694376, 242.0], "257" : [626.9004137981078, 487.719420694376, 242.0], "259" : [626.9004137981078, 487.719420694376, 242.0], "261" : [626.9004137981078, 487.719420694376, 242.0], "263" : [741.4921853857699, 497.31874660762105, 64.0], "265" : [741.4921853857699, 497.31874660762105, 64.0], "267" : [784.8306467139184, 500.80161282260974, 62.0], "269" : [921.1662559925367, 506.9944803162465, 163.0], "271" : [920.0069537659413, 509.40174150142553, 115.0], "273" : [1069.3456855560225, 510.2293148678348, 116.0], "275" : [1012.2575247679355, 513.4707962154085, 226.0], "277" : [1072.5416672577376, 513.1888876082123, 72.0], "279" : [1077.036128605283, 515.1225045816017, 191.0], "281" : [701.8782601491666, 556.3971021389785, 138.0], "283" : [591.6344502930798, 570.885715195444, 119.0], "285" : [763.9634044739646, 554.909281579765, 194.0], "287" : [1061.7094758620572, 575.7489479774448, 190.0], "289" : [950.7718868580173, 570.4875668856033, 185.0],