{"1" : [777.7069945930507, 310.47489459564895, 243.0], "3" : [689.2000014916257, 11.462266100535999, 106.0], "5" : [685.7416686283565, 3.048332902716148, 60.0], "7" : [732.208331573269, 2.626387177941309, 72.0], "9" : [732.208331573269, 2.626387177941309, 72.0], "11" : [652.4095220932832, 17.57023547335041, 84.0], "13" : [655.2032252546995, 32.46935144583276, 62.0], "15" : [728.4788396650323, 36.41640099039513, 189.0], "17" : [728.4788396650323, 36.41640099039513, 189.0], "19" : [772.4484005270643, 11.903651669765221, 219.0], "21" : [834.3372527228494, 15.947712598034174, 153.0], "23" : [987.8540976728551, 59.3136592733369, 183.0], "25" : [1102.4834787696038, 65.74434906038901, 230.0], "27" : [700.5424651090117, 65.3493175037354, 146.0], "29" : [755.6163045947244, 63.13913023702758, 92.0], "31" : [914.0627402678242, 58.866663432422804, 51.0], "33" : [1025.9914280117355, 83.13143243308187, 70.0], "35" : [902.7780120874562, 91.80271225433333, 332.0], "37" : [902.7780120874562, 91.80271225433333, 332.0], "39" : [902.7780120874562, 91.80271225433333, 332.0], "41" : [934.6666652574017, 85.12499883628165, 60.0], "43" : [814.9688614727896, 84.29640689980246, 167.0], "45" : [912.6269179265963, 61.27243590377778, 156.0], "47" : [914.924509937767, 82.25588292799014, 102.0], "49" : [995.3981967135884, 91.00676032006982, 222.0], "51" : [623.350313595572, 128.92012409848982, 159.0], "53" : [691.5611473517394, 100.28980629985044, 157.0], "55" : [691.5611473517394, 100.28980629985044, 157.0], "57" : [692.8510934779218, 96.83139078268432, 137.0], "59" : [692.8510934779218, 96.83139078268432, 137.0], "61" : [670.8650480168999, 103.70290912332955, 103.0], "63" : [583.1188226801473, 131.00823584705384, 85.0], "65" : [588.0513858213027, 138.88949841429636, 181.0], "67" : [707.8884973287592, 144.3575175877028, 113.0], "69" : [693.3685051376367, 139.3889727801078, 127.0], "71" : [836.6137778200531, 131.98266514202317, 225.0], "73" : [836.6137778200531, 131.98266514202317, 225.0], "75" : [836.6137778200531, 131.98266514202317, 225.0], "77" : [839.1049172275018, 129.1065577752424, 61.0], "79" : [839.1049172275018, 129.1065577752424, 61.0], "81" : [839.1049172275018, 129.1065577752424, 61.0], "83" : [989.9072218221144, 126.80277914939481, 180.0], "85" : [989.9072218221144, 126.80277914939481, 180.0], "87" : [849.6486848186885, 114.90921044372753, 76.0], "89" : [787.8457853727003, 122.98795311550025, 166.0], "91" : [809.2703525797763, 120.14247455457789, 226.0], "93" : [809.2703525797763, 120.14247455457789, 226.0], "95" : [838.1853760315668, 121.63915173375491, 212.0], "97" : [838.1853760315668, 121.63915173375491, 212.0], "99" : [986.3823229916616, 132.74585579322266, 181.0], "101" : [986.3823229916616, 132.74585579322266, 181.0], "103" : [963.8179774051961, 126.22247536604037, 178.0], "105" : [963.8179774051961, 126.22247536604037, 178.0], "107" : [624.1572633067358, 175.74316557773813, 234.0], "109" : [690.1084354569319, 171.76867758599366, 83.0], "111" : [807.0283035234825, 165.71603786340646, 106.0], "113" : [807.0283035234825, 165.71603786340646, 106.0], "115" : [868.5915230918586, 150.57796779918937, 177.0], "117" : [993.1339170420509, 151.30584953967033, 171.0], "119" : [759.2098051920589, 160.10627535827467, 255.0], "121" : [759.2098051920589, 160.10627535827467, 255.0], "123" : [759.2098051920589, 160.10627535827467, 255.0], "125" : [784.1061938698139, 163.31150108595102, 113.0], "127" : [784.1061938698139, 163.31150108595102, 113.0], "129" : [634.9863296953935, 236.3431633861331, 278.0], "131" : [793.7693166087156, 236.7820089475552, 189.0], "133" : [781.1311354446527, 235.34550875144777, 167.0], "135" : [781.1311354446527, 235.34550875144777, 167.0], "137" : [959.9902171169142, 248.63478323798353, 92.0], "139" : [1093.2877718685252, 228.42751007371902, 229.0], "141" : [725.8942100723701, 258.62894696031725, 380.0], "143" : [725.8942100723701, 258.62894696031725, 380.0], "145" : [885.9900690055961, 272.0553209566658, 282.0], "147" : [971.7881349481921, 277.15548641375216, 784.0], "149" : [596.0398852028733, 304.2999981233205, 173.0], "151" : [724.424389361158, 303.26390316914825, 205.0], "153" : [724.424389361158, 303.26390316914825, 205.0], "155" : [708.2759401897143, 301.46014862179123, 133.0], "157" : [793.863514248215, 285.50067659885565, 148.0], "159" : [817.859629301778, 264.3525922838588, 270.0], "161" : [817.859629301778, 264.3525922838588, 270.0], "163" : [869.4935474702327, 264.325803176634, 62.0], "165" : [869.4935474702327, 264.325803176634, 62.0], "167" : [869.4935474702327, 264.325803176634, 62.0], "169" : [870.6714271019126, 265.9014289099902, 70.0], "171" : [870.6714271019126, 265.9014289099902, 70.0], "173" : [714.1405743845033, 268.967999699215, 175.0], "175" : [783.9502472563886, 266.1741307130725, 201.0], "177" : [783.9502472563886, 266.1741307130725, 201.0], "179" : [783.9502472563886, 266.1741307130725, 201.0], "181" : [720.9782925773735, 270.95426292186363, 129.0], "183" : [882.1388073583261, 275.3873146546872, 134.0], "185" : [853.1238658488295, 282.205679560162, 176.0], "187" : [973.2808002731107, 278.5312004624344, 125.0], "189" : [1002.650328975575, 253.76092883550302, 151.0], "191" : [621.9821416576082, 301.0378545830521, 140.0], "193" : [629.2969236174032, 305.1400003175305, 130.0], "195" : [592.3224236639354, 305.0090920323749, 165.0], "197" : [706.1458173860211, 310.02549719615075, 251.0], "199" : [822.5127319932631, 303.07363568562204, 110.0], "201" : [801.3099954830524, 302.2386654077984, 150.0], "203" : [884.7920651819002, 314.7482761600997, 290.0], "205" : [856.8452948694093, 306.6589709693829, 234.0], "207" : [947.4884999836547, 312.28149800897654, 200.0], "209" : [1070.9222197227184, 307.01398911284923, 243.0], "211" : [1102.9112612641154, 313.4522492601648, 222.0], "213" : [673.9103166303789, 342.7746018094364, 126.0], "215" : [682.5307714840709, 339.09615411864047, 104.0], "217" : [761.3229167793693, 339.5991065882012, 336.0], "219" : [917.1845242456906, 343.6863094488784, 168.0], "221" : [870.3700696486875, 340.7646273108703, 147.0], "223" : [830.2426954350553, 339.79774739510964, 89.0], "225" : [1016.1856771720264, 352.6734007877416, 391.0], "227" : [1016.1856771720264, 352.6734007877416, 391.0], "229" : [953.9765777693959, 345.3693693084666, 111.0], "231" : [971.8608681760869, 323.7880440802642, 92.0], "233" : [971.8608681760869, 323.7880440802642, 92.0], "235" : [911.1081551735505, 344.3219859681206, 282.0], "237" : [987.0136160266786, 354.304224672877, 213.0], "239" : [1052.1068317570262, 353.2602467685338, 161.0], "241" : [683.7966401431178, 339.2142833061532, 238.0], "243" : [789.8114284583498, 353.6604758466711, 210.0], "245" : [569.8237910393261, 415.0475780885363, 227.0], "247" : [628.2502191517592, 409.56977628526465, 225.0], "249" : [741.7573568233513, 405.3271693804745, 265.0], "251" : [839.6396842106418, 406.89682189948064, 63.0], "253" : [930.3315067418331, 414.6931494257234, 292.0], "255" : [1018.7698404607346, 411.1365072165373, 63.0], "257" : [1092.2884057673828, 415.53188425690047, 69.0], "259" : [1055.2415891258672, 416.29439356655473, 214.0], "261" : [1112.3538465487818, 421.5692336972653, 52.0], "263" : [1111.9523812071568, 423.1851181941157, 168.0], "265" : [738.5123555366316, 459.05984424280433, 259.0], "267" : [738.5123555366316, 459.05984424280433, 259.0], "269" : [833.2780832227968, 450.54246699455564, 73.0], "271" : [931.9522959854168, 458.06632841152935, 392.0], "273" : [931.9522959854168, 458.06632841152935, 392.0], "275" : [1030.8602733202094, 479.07945411068414, 73.0], "277" : [1033.6977587985552, 481.2007463730354, 134.0], "279" : [840.011281241879, 471.18974274272404, 195.0], "281" : [983.2399023508946, 464.57307694559825, 208.0], "283" : [983.2399023508946, 464.57307694559825, 208.0], "285" : [905.9861379480191, 456.5257471860007, 202.0], "287" : [905.9861379480191, 456.5257471860007, 202.0], "289" : [905.9861379480191, 456.5257471860007, 202.0],