{"1": [41.46259635018482, 381.58682872602753, 149.0], "2": [114.1, 385.0, 163.0], "3": [164.17627186575322, 382.8992744534668, 163.0], "4": [223.0, 385.0, 264.0], "5": [298.9, 385.0, 150.0], "6": [382.1, 385.0, 186.0], "7": [455.3, 385.0, 199.0], "8": [541.0, 385.0, 158.0], "9": [517.9, 385.0, 106.0], "10": [614.2, 385.0, 260.0], "11": [599.2, 385.0, 512.0], "12": [617.2, 385.0, 393.0], "13": [707.7, 385.0, 340.0], "14": [675.4, 385.0, 246.0]}