{"1": [40.8063734864652, 384.211720180906, 260.0], "2": [120.7, 385.0, 115.0], "3": [151.5, 385.0, 387.0], "4": [220.1, 385.0, 236.0], "5": [311.0, 385.0, 228.0], "6": [332.5, 385.0, 279.0], "7": [433.7, 385.0, 436.0], "8": [515.1, 385.0, 210.0], "9": [577.3, 385.0, 239.0], "10": [664.8743168838212, 381.58682872602753, 388.0], "11": [589.8, 385.0, 283.0], "12": [672.0, 385.0, 167.0], "13": [344.5, 385.0, 193.0], "14": [329.2, 385.0, 112.0], "15": [330.3, 385.0, 188.0]}