{"1": [45.5, 385.0, 118.0], "2": [99.1, 385.0, 214.0], "3": [35.9, 385.0, 187.0], "4": [144.4895859541647, 383.5554973171864, 161.0], "5": [193.05007786941638, 383.5554973171864, 185.0], "6": [221.92388387307957, 386.8366116357845, 220.0], "7": [303.9, 385.0, 292.0], "8": [349.5, 385.0, 130.0], "9": [433.9, 385.0, 206.0], "10": [470.3, 385.0, 212.0], "11": [540.6, 385.0, 218.0], "12": [591.4, 385.0, 185.0], "13": [613.9, 385.0, 546.0], "14": [686.3, 385.0, 389.0]}