{"1" : [1113.2, 500.3, 56.35013095786692], "3" : [1268.3, 499.4, 260.3501309578669], "5" : [1283.7, 508.6, 108.35013095786692], "7" : [712.2, 528.3, 263.3501309578669], "9" : [952.7, 554.0, 461.3501309578669], "11" : [950.4, 555.8, 12.350130957866917], "13" : [911.8, 548.6, 134.35013095786692], "15" : [910.7, 550.0, 32.35013095786692], "17" : [705.0, 557.3, 269.3501309578669], "19" : [707.0, 556.9, 22.350130957866917], "21" : [788.1, 536.9, 149.35013095786692], "23" : [801.3, 516.9, 132.35013095786692], "25" : [677.9, 549.0, 278.3501309578669], "27" : [647.4, 544.5, 34.35013095786692], "29" : [850.6, 536.7, 174.35013095786692], "31" : [847.1, 548.9, 28.350130957866917]}