{"1" : [1010.8, 669.5, 33.306807990222296], "3" : [919.0, 664.8, 186.3068079902223], "5" : [920.4, 668.1, 32.306807990222296], "7" : [1029.2, 669.6, 286.3068079902223], "9" : [1024.7, 661.7, 24.3068079902223], "11" : [947.3, 648.5, 245.3068079902223], "13" : [946.2, 644.8, 19.3068079902223], "15" : [977.5, 648.8, 316.3068079902223], "17" : [977.4, 648.7, 44.306807990222296], "19" : [923.1, 472.3, 67.3068079902223], "21" : [957.2, 544.6, 545.3068079902223], "23" : [956.3, 537.7, 13.3068079902223], "25" : [950.4, 488.4, 178.3068079902223], "27" : [954.1, 490.6, 58.306807990222296], "29" : [550.2, 375.6, 223.3068079902223], "31" : [549.5, 383.6, 14.3068079902223], "33" : [517.2, 390.6, 380.3068079902223], "35" : [509.9, 391.9, 24.3068079902223], "37" : [582.8, 391.4, 294.3068079902223], "39" : [582.4, 390.8, 32.306807990222296], "41" : [693.3, 374.2, 207.3068079902223], "43" : [691.2, 373.7, 26.3068079902223], "45" : [798.6, 382.7, 283.3068079902223], "47" : [797.1, 381.3, 25.3068079902223], "49" : [897.7, 379.4, 192.3068079902223], "51" : [894.5, 379.2, 25.3068079902223], "53" : [961.9, 379.3, 172.3068079902223], "55" : [964.1, 376.1, 21.3068079902223], "57" : [899.6, 374.1, 254.30680799022232], "59" : [896.1, 375.4, 23.3068079902223], "61" : [990.4, 391.1, 265.3068079902223], "63" : [988.1, 389.8, 33.306807990222296], "65" : [1075.5, 391.1, 172.3068079902223], "67" : [1076.5, 386.3, 33.306807990222296], "69" : [1172.7, 390.9, 234.3068079902223], "71" : [1173.5, 389.7, 24.3068079902223], "73" : [1275.6, 393.5, 344.3068079902223], "75" : [1268.4, 398.9, 50.306807990222296]}