{"1": [699.6562236927873, 22.09731729493842, 120.0], "2": [745.8316473572964, 21.0, 156.0], "3": [699.6562236927873, 21.0, 210.0], "4": [818.8053969131944, 21.0, 315.0], "5": [818.8053969131944, 21.0, 315.0], "6": [977.9401103108953, 21.0, 316.0], "7": [982.8654888351095, 21.0, 144.0], "8": [982.2498165195827, 21.0, 144.0], "9": [744.7990038990564, 87.0, 201.0], "10": [744.7990038990564, 87.0, 201.0], "11": [744.7990038990564, 87.0, 201.0], "12": [854.3381199952476, 87.0, 181.0], "13": [854.3381199952476, 87.0, 181.0], "14": [951.5257712542078, 87.0, 194.0], "15": [951.5257712542078, 87.0, 194.0], "16": [653.3572330875858, 87.0, 159.0], "17": [595.8530740083984, 87.0, 179.0], "18": [649.6179255644245, 87.0, 106.0], "19": [814.6156254249917, 87.0, 224.0], "20": [753.8353874591446, 87.0, 285.0], "21": [753.8353874591446, 87.0, 285.0], "22": [1026.9919156546696, 87.0, 235.0], "23": [1026.9919156546696, 87.0, 235.0], "24": [1081.3730593193955, 87.0, 231.0], "25": [991.4741525843262, 87.0, 325.0], "26": [1033.8825219607675, 87.0, 103.0], "27": [1033.8825219607675, 87.0, 103.0], "28": [1087.5297824746635, 87.0, 392.0], "29": [690.4236509412204, 120.0, 241.0], "30": [690.4236509412204, 120.0, 241.0], "31": [723.4947071925842, 120.0, 189.0], "32": [825.8690483757788, 120.0, 250.0], "33": [826.4847206913056, 120.0, 250.0], "34": [801.8578280702341, 120.0, 239.0], "35": [856.6526641521182, 120.0, 159.0], "36": [933.6117035929666, 121.83623241027794, 241.0], "37": [932.380358961913, 120.0, 241.0], "38": [971.2940149299801, 120.0, 234.0], "39": [971.2940149299801, 120.0, 234.0], "40": [971.2940149299801, 120.0, 234.0], "41": [647.3352798484398, 153.0, 326.0], "42": [647.3352798484398, 153.0, 326.0], "43": [697.3892574127759, 153.0, 121.0], "44": [791.2837320119079, 153.0, 209.0], "45": [929.9176696998059, 153.0, 223.0], "46": [929.301997384279, 153.0, 223.0], "47": [1022.602176594054, 153.0, 184.0], "48": [1048.7495397512228, 153.0, 218.0], "49": [872.8609743067486, 186.0, 164.0], "50": [872.8609743067486, 186.0, 164.0], "51": [742.3437835159647, 186.0, 370.0], "52": [836.5016942721035, 186.0, 177.0], "53": [900.0996548647714, 186.0, 290.0], "54": [981.8468897372469, 186.0, 209.0], "55": [684.8800881201445, 249.8960740398497, 169.0], "56": [640.3852400412959, 249.0, 210.0], "57": [692.1713571420772, 249.0, 199.0], "58": [692.1713571420772, 249.0, 199.0], "59": [722.3703983037065, 249.0, 125.0], "60": [722.3703983037065, 249.0, 125.0], "61": [902.3243363558902, 249.0, 263.0], "62": [964.2985140355995, 249.0, 202.0], "63": [711.3539976877963, 282.0, 369.0], "64": [707.0442914791088, 283.14237907829624, 369.0], "65": [707.6599637946356, 282.0, 369.0], "66": [756.2980767212518, 282.0, 142.0], "67": [758.1450936678323, 282.0, 142.0], "68": [904.5206524251624, 282.0, 184.0], "69": [970.0643156913101, 282.0, 213.0], "70": [625.1598735140461, 318.0, 217.0], "71": [622.697184251939, 318.0, 217.0], "72": [623.3128565674658, 318.0, 217.0], "73": [684.2371806663632, 318.0, 312.0], "74": [644.2457152953766, 318.0, 134.0], "75": [643.6300429798498, 318.0, 134.0], "76": [755.4060604865552, 318.0, 165.0], "77": [866.5034212005468, 318.0, 216.0], "78": [865.2720765694933, 318.0, 216.0], "79": [894.2086753992521, 318.0, 129.0], "80": [894.2086753992521, 318.0, 129.0], "81": [1005.1659258850822, 318.0, 270.0], "82": [1005.1659258850822, 318.0, 270.0], "83": [726.5422794797474, 351.0, 272.0], "84": [871.2630939618504, 351.0, 252.0], "85": [851.1974635102041, 351.0, 276.0], "86": [904.6751047632076, 351.0, 273.0], "87": [688.844253282229, 417.0, 174.0], "88": [650.559666425635, 417.0, 181.0], "89": [599.6610692316491, 417.0, 244.0], "90": [662.472480721293, 417.0, 218.0], "91": [662.472480721293, 417.0, 218.0], "92": [691.2951933007412, 417.0, 104.0], "93": [817.2186915795588, 417.0, 214.0], "94": [906.978974094081, 417.0, 195.0], "95": [943.6381694076952, 417.0, 186.0], "96": [1056.7291326377351, 417.0, 230.0], "97": [1103.1823066640293, 417.0, 130.0], "98": [707.2502453627999, 450.0, 205.0], "99": [686.727105066725, 450.0, 168.0], "100": [684.8800881201446, 450.0, 168.0], "101": [850.4295647592766, 450.0, 230.0], "102": [945.0480133909202, 450.0, 277.0], "103": [998.322085195504, 450.0, 163.0], "104": [587.6133966050803, 483.0, 224.0], "105": [639.1890911975152, 483.0, 165.0], "106": [639.1890911975152, 483.0, 165.0], "107": [721.8204270517518, 483.0, 186.0], "108": [790.2725184371313, 483.0, 131.0], "109": [790.2725184371313, 483.0, 131.0], "110": [828.9833335421314, 483.0, 120.0], "111": [936.4556827090405, 483.0, 264.0], "112": [1070.5003052004677, 483.0, 326.0], "113": [1100.458901100726, 483.0, 255.0], "114": [1106.0574266886063, 483.0, 101.0], "115": [942.9772500526103, 483.0, 233.0], "116": [646.0985930557273, 516.0, 213.0], "117": [673.1823141251357, 516.0, 185.0], "118": [672.5666418096089, 516.0, 185.0], "119": [953.3766662158939, 516.0, 120.0], "120": [953.3766662158939, 516.0, 120.0], "121": [957.2110119196788, 516.0, 109.0], "122": [957.2110119196788, 516.0, 109.0], "123": [1025.2387823218633, 516.0, 410.0], "124": [1025.2387823218633, 516.0, 410.0], "125": [717.7595171219737, 516.0, 331.0], "126": [872.3366544204157, 516.0, 281.0], "127": [982.7741601786635, 516.0, 298.0], "128": [626.0581344797978, 582.0, 418.0], "129": [626.0581344797978, 582.0, 418.0], "130": [714.4987277341854, 582.0, 393.0], "131": [916.7523115986958, 582.0, 281.0], "132": [916.7523115986958, 582.0, 281.0], "133": [1066.0995473631608, 582.0, 223.0], "134": [1066.0995473631608, 582.0, 223.0], "135": [615.9247887811445, 614.3740848317078, 219.0], "136": [718.1263931585911, 615.0, 199.0], "137": [824.0220314291985, 615.0, 208.0], "138": [822.790686798145, 615.0, 208.0], "139": [896.0556923458327, 615.6054294627614, 179.0], "140": [1019.3966808536645, 615.0, 241.0], "141": [1085.5522837654582, 615.0, 197.0], "142": [622.9055954774518, 648.0, 268.0], "143": [661.4845401301267, 648.0, 170.0], "144": [775.9995908181091, 648.0, 640.0], "145": [786.1571405926868, 648.0, 133.0], "146": [786.1571405926868, 648.0, 133.0], "147": [919.0631822348178, 648.0, 201.0], "148": [1016.1865590542972, 648.0, 186.0], "149": [1053.8266663607249, 648.0, 120.0], "150": [886.9377246088578, 648.0, 220.0], "151": [962.1572831155343, 648.0, 103.0], "152": [673.255212937272, 681.0, 163.0], "153": [962.7318673561329, 681.0, 182.0], "154": [964.1704742916811, 681.0, 105.0], "155": [910.8253964033046, 681.0, 252.0], "156": [910.8253964033046, 681.0, 252.0], "157": [979.1668352606212, 681.0, 199.0], "158": [645.3528322648788, 746.0, 212.0], "159": [750.2726427643098, 746.0, 212.0], "160": [750.2726427643098, 746.0, 212.0], "161": [660.1140149811667, 746.0, 371.0], "162": [687.0286434654832, 746.0, 206.0], "163": [687.0286434654832, 746.0, 206.0], "164": [798.3709829823154, 746.0, 193.0], "165": [936.8204459879897, 746.0, 225.0], "166": [936.8204459879897, 746.0, 225.0], "167": [1036.3710694271447, 746.0, 280.0], "168": [1066.8119013435767, 746.0, 168.0], "169": [701.8259777517784, 780.0, 204.0], "170": [701.8259777517784, 780.0, 204.0], "171": [815.8108846842377, 780.0, 294.0], "172": [948.766911136571, 780.0, 272.0], "173": [948.766911136571, 780.0, 272.0], "174": [1000.6443601428579, 780.0, 133.0], "175": [1000.6443601428579, 780.0, 133.0], "176": [898.2401572563055, 780.0, 254.0], "177": [898.2401572563055, 780.0, 254.0], "178": [898.2401572563055, 780.0, 254.0], "179": [1030.3742363867236, 780.0, 295.0], "180": [1030.3742363867236, 780.0, 295.0], "181": [675.2238650942774, 813.0, 419.0], "182": [675.2238650942774, 813.0, 419.0], "183": [761.2234552454662, 812.0048981158066, 219.0], "184": [763.6861445075733, 812.6205704313334, 219.0], "185": [755.6824044057252, 812.0048981158066, 219.0], "186": [760.6077829299395, 815.6989320089674, 219.0], "187": [942.9903196823076, 813.0, 310.0], "188": [942.9903196823076, 813.0, 310.0], "189": [1040.3709981557004, 813.0, 300.0], "190": [729.8241671536, 813.0, 297.0],