{"0": [766.6624274822053, 21.0, 165.0], "1": [851.7280361392908, 21.0, 107.0], "2": [923.4874074434501, 21.0, 135.0], "3": [700.656923076304, 87.0, 195.0], "4": [787.0371124627749, 87.0, 194.0], "5": [629.5551014802616, 87.0, 181.0], "6": [628.3237568492079, 87.0, 181.0], "7": [604.1886367317622, 87.0, 132.0], "8": [836.4209994972621, 87.0, 168.0], "9": [886.7849641595827, 87.0, 153.0], "10": [1002.8926100923846, 87.0, 203.0], "11": [1105.5344083920324, 87.0, 186.0], "12": [1060.8009549557332, 87.0, 210.0], "13": [1017.0617098398013, 87.0, 175.0], "14": [988.4920614323785, 87.0, 177.0], "15": [1082.0742533924501, 87.0, 168.0], "16": [1115.4054982032428, 87.0, 200.0], "17": [712.4442981327531, 120.0, 149.0], "18": [712.4442981327531, 120.0, 149.0], "19": [666.8126412524601, 120.0, 174.0], "20": [666.8126412524601, 120.0, 174.0], "21": [729.2940165956011, 120.0, 315.0], "22": [804.6446523087665, 120.0, 215.0], "23": [858.5852028562264, 120.0, 163.0], "24": [910.1888897178609, 120.0, 108.0], "25": [910.1888897178609, 120.0, 108.0], "26": [955.245756393932, 120.0, 293.0], "27": [987.4462362249166, 120.0, 186.0], "28": [689.173125016254, 153.0, 160.0], "29": [672.4771413732601, 153.0, 175.0], "30": [609.49695740188, 153.0, 197.0], "31": [609.49695740188, 153.0, 197.0], "32": [679.8966662910916, 153.0, 150.0], "33": [679.8966662910916, 153.0, 150.0], "34": [799.360748685148, 153.0, 186.0], "35": [799.360748685148, 153.0, 186.0], "36": [852.2293240518444, 153.0, 133.0], "37": [929.3875191418069, 153.0, 229.0], "38": [929.3875191418069, 153.0, 229.0], "39": [930.0031914573337, 153.0, 229.0], "40": [930.0031914573337, 153.0, 229.0], "41": [908.4546604138961, 153.0, 167.0], "42": [907.2233157828425, 153.0, 167.0], "43": [1020.7181838552032, 153.0, 198.0], "44": [1020.7181838552032, 153.0, 198.0], "45": [1047.6472637854288, 153.0, 402.0], "46": [731.7567058577082, 186.0, 158.0], "47": [732.372378173235, 186.0, 158.0], "48": [698.5104008192617, 186.0, 131.0], "49": [699.7417454503152, 186.0, 131.0], "50": [806.5624439696413, 186.0, 221.0], "51": [806.5624439696413, 186.0, 221.0], "52": [775.4194283786771, 186.0, 175.0], "53": [775.4194283786771, 186.0, 175.0], "54": [904.380000656897, 186.0, 195.0], "55": [904.380000656897, 186.0, 195.0], "56": [963.966107217292, 186.0, 239.0], "57": [963.966107217292, 186.0, 239.0], "58": [709.4538478337041, 249.0, 221.0], "59": [692.9693499795205, 250.28283713943227, 156.0], "60": [692.9693499795205, 249.05149250837871, 156.0], "61": [774.8213820481812, 249.0, 159.0], "62": [718.5047239300337, 249.0, 127.0], "63": [916.1388873636813, 249.0, 234.0], "64": [997.5147047407003, 249.0, 170.0], "65": [961.1244996314622, 249.0, 200.0], "66": [708.0760582725487, 282.0, 142.0], "67": [681.3149076589825, 282.0, 161.0], "68": [766.5542876195154, 282.0, 175.0], "69": [766.5542876195154, 282.0, 175.0], "70": [832.6309776459411, 282.0, 184.0], "71": [832.6309776459411, 282.0, 184.0], "72": [926.3091575641729, 282.0, 225.0], "73": [926.9248298796997, 282.0, 225.0], "74": [927.5405021952265, 282.0, 225.0], "75": [990.1842927736909, 282.0, 191.0], "76": [1015.3669535776305, 282.0, 115.0], "77": [1015.3669535776305, 282.0, 115.0], "78": [683.915334937687, 318.0, 150.0], "79": [726.8313273334938, 318.0, 178.0], "80": [689.8935005467027, 318.0, 200.0], "81": [689.8935005467027, 318.0, 200.0], "82": [791.2465443419339, 318.0, 217.0], "83": [791.2465443419339, 318.0, 217.0], "84": [867.0941177390899, 318.0, 187.0], "85": [867.0941177390899, 318.0, 187.0], "86": [932.0961993923758, 318.0, 263.0], "87": [932.0961993923758, 318.0, 263.0], "88": [932.0961993923758, 318.0, 263.0], "89": [996.8011667589498, 318.0, 171.0], "90": [1047.0825839714564, 318.0, 178.0], "91": [1021.738366470825, 318.0, 134.0], "92": [1023.5853834174054, 318.0, 134.0], "93": [715.0419599084034, 346.3642705316797, 155.0], "94": [719.7231471351207, 345.7791221283401, 155.0], "95": [716.7974051184224, 351.0454577583969, 155.0], "96": [669.699998327301, 351.0, 145.0], "97": [669.699998327301, 351.0, 145.0], "98": [806.2530560364495, 351.86876920135217, 146.0], "99": [806.2530560364495, 351.0, 146.0], "100": [836.4209994972621, 351.0, 190.0], "101": [836.4209994972621, 351.0, 190.0], "102": [953.3987394473515, 351.0, 303.0], "103": [927.4508303206966, 346.94941893501937, 303.0], "104": [620.3200167473598, 417.0, 205.0], "105": [620.3200167473598, 417.0, 205.0], "106": [697.0318820995568, 417.0, 138.0], "107": [586.645982411885, 417.0, 224.0], "108": [660.0171770687382, 417.0, 163.0], "109": [729.9618614469641, 417.0, 215.0], "110": [852.4284797009585, 417.0, 176.0], "111": [823.1980653921285, 417.0, 155.0], "112": [920.6196700416547, 417.0, 183.0], "113": [1062.9486293525322, 417.0, 255.0], "114": [1099.238817362928, 417.0, 237.0], "115": [714.051925075164, 450.0, 156.0], "116": [714.051925075164, 450.0, 156.0], "117": [669.9265688030766, 450.0, 207.0], "118": [752.4904758855396, 450.0, 189.0], "119": [819.2940916688982, 450.0, 220.0], "120": [926.0207548486965, 450.0, 212.0], "121": [926.0207548486965, 450.0, 212.0], "122": [904.5202803251166, 450.0, 143.0], "123": [1019.2854520076226, 450.0, 165.0], "124": [1019.2854520076226, 450.0, 165.0], "125": [678.5640721211456, 483.0, 167.0], "126": [678.5640721211456, 483.0, 167.0], "127": [612.3515153169548, 483.0, 198.0], "128": [664.6484234652885, 483.0, 152.0], "129": [736.772282936413, 483.0, 184.0], "130": [807.6392677585318, 483.0, 191.0], "131": [890.5864809102986, 479.19295808978035, 154.0], "132": [894.6825197336761, 479.19295808978035, 154.0], "133": [942.9590176384559, 483.0, 205.0], "134": [942.9590176384559, 483.0, 205.0], "135": [822.1052356871098, 483.0, 191.0], "136": [980.2555550090249, 483.0, 225.0], "137": [980.2555550090249, 483.0, 225.0], "138": [1070.928330896199, 483.0, 240.0], "139": [1050.5139546861135, 483.0, 215.0], "140": [1143.641484945129, 483.0, 208.0], "141": [671.8813413511116, 516.0, 134.0], "142": [671.8813413511116, 516.0, 134.0], "143": [644.1925023700768, 516.0, 160.0], "144": [781.0104910998512, 516.0, 205.0], "145": [829.1193875179644, 516.0, 196.0], "146": [910.5293204577454, 516.0, 191.0], "147": [1042.8718038300728, 516.0, 227.0], "148": [1042.8718038300728, 516.0, 227.0], "149": [640.5239718556758, 582.0, 146.0], "150": [595.6931241262882, 582.0, 178.0], "151": [596.308796441815, 582.0, 178.0], "152": [718.4671871713391, 582.0, 192.0], "153": [763.1210073209272, 582.0, 119.0], "154": [678.8088867224045, 582.0, 142.0], "155": [623.7725939539008, 582.0, 208.0], "156": [591.3519205058678, 582.0, 156.0], "157": [704.6671239745297, 582.0, 307.0], "158": [854.2754966475388, 582.1302152083706, 184.0], "159": [924.5065866437672, 582.0, 167.0], "160": [1046.002926891291, 582.0, 205.0], "161": [1096.7831844684777, 582.0, 220.0], "162": [651.1036325236992, 615.0, 148.0], "163": [596.9244687573419, 615.0, 196.0], "164": [678.514765848713, 615.0, 149.0], "165": [740.9940443691456, 615.0, 403.0], "166": [688.270640278252, 615.0, 235.0], "167": [826.5063746644702, 615.0, 251.0], "168": [826.5063746644702, 615.0, 251.0], "169": [894.6945967787991, 615.0, 185.0], "170": [940.4677781215571, 615.0, 180.0], "171": [1051.9790124106908, 615.0, 243.0], "172": [1051.9790124106908, 615.0, 243.0], "173": [1025.6281609114903, 615.0, 174.0], "174": [1025.6281609114903, 615.0, 174.0], "175": [1025.6281609114903, 615.0, 174.0], "176": [1103.6976729115408, 615.0, 129.0], "177": [1103.6976729115408, 615.0, 129.0], "178": [672.6386192397185, 648.0, 145.0], "179": [599.3423562177642, 648.0, 170.0], "180": [599.3423562177642, 648.0, 170.0], "181": [576.3670743812132, 648.0, 164.0], "182": [692.6096923153368, 648.0, 227.0], "183": [776.8141090208302, 648.0, 241.0], "184": [800.7120051967083, 648.0, 170.0], "185": [949.2791626710188, 648.0, 168.0], "186": [926.0500008572238, 648.0, 218.0], "187": [1012.8167757783066, 648.0, 155.0], "188": [1089.0105837165333, 648.0, 189.0], "189": [679.4245590379313, 681.0, 215.0],