{"0": [698.5475346946243, 21.0, 164.0], "1": [733.7666680930352, 21.0, 108.0], "2": [700.3861177738687, 22.510729072561787, 228.0], "3": [648.7142871175342, 87.0, 203.0], "4": [789.1568847631364, 87.0, 167.0], "5": [853.5746267856587, 87.0, 201.0], "6": [990.4630270817245, 87.0, 284.0], "7": [1057.4224367243728, 87.0, 263.0], "8": [734.3632828361325, 120.0, 256.0], "9": [823.9441848974501, 120.0, 301.0], "10": [823.9441848974501, 120.0, 301.0], "11": [823.9441848974501, 120.0, 301.0], "12": [890.918401462086, 120.0, 250.0], "13": [955.3363047624225, 120.0, 235.0], "14": [783.4601193008887, 153.0, 168.0], "15": [783.4601193008887, 153.0, 168.0], "16": [672.4393146566582, 153.0, 234.0], "17": [745.1545933135587, 153.0, 185.0], "18": [745.1545933135587, 153.0, 185.0], "19": [650.8301854988941, 153.0, 106.0], "20": [810.2052172687237, 153.0, 115.0], "21": [810.2052172687237, 153.0, 115.0], "22": [812.4808217356018, 153.0, 146.0], "23": [902.1567565569212, 153.0, 296.0], "24": [961.352000361281, 153.0, 200.0], "25": [961.352000361281, 153.0, 200.0], "26": [1023.9220345766452, 153.0, 118.0], "27": [1023.9220345766452, 153.0, 118.0], "28": [1019.0537519505029, 153.0, 493.0], "29": [1019.0537519505029, 153.0, 493.0], "30": [733.4806132002675, 186.0, 208.0], "31": [732.8677521738528, 186.0, 208.0], "32": [809.1103890290345, 186.0, 231.0], "33": [908.7667705850647, 186.0, 325.0], "34": [908.7667705850647, 186.0, 325.0], "35": [942.10344481014, 186.0, 232.0], "36": [984.6318852200834, 186.0, 483.0], "37": [661.163012083322, 250.49503089886468, 314.0], "38": [662.3887341361515, 249.0, 314.0], "39": [657.529011264382, 249.0, 293.0], "40": [718.5068269964261, 249.0, 249.0], "41": [746.3506947549781, 248.65644781962033, 238.0], "42": [772.7508903173253, 249.0, 169.0], "43": [881.1801205662325, 249.0, 267.0], "44": [935.5004607371645, 249.0, 217.0], "45": [988.618792350281, 249.0, 149.0], "46": [713.7658174374275, 282.0, 196.0], "47": [799.9116297657048, 282.0, 318.0], "48": [871.7642612340427, 282.0, 305.0], "49": [957.1659245201847, 282.0, 314.0], "50": [642.7771812908782, 318.0, 269.0], "51": [641.5514592380486, 319.1354658573215, 269.0], "52": [724.9005588304603, 318.0, 270.0], "53": [758.9280901588766, 312.42566313797965, 270.0], "54": [695.7954296442156, 318.0, 175.0], "55": [774.7388386179297, 318.0, 224.0], "56": [855.5409038257916, 318.0, 176.0], "57": [951.5267162961311, 318.0, 262.0], "58": [1026.4281838265383, 318.0, 219.0], "59": [1024.589600747294, 318.0, 219.0], "60": [951.7450634761628, 318.0, 304.0], "61": [1026.4281838265383, 318.0, 255.0], "62": [1026.4281838265383, 318.0, 255.0], "63": [816.8297127926794, 351.0, 225.0], "64": [901.4045344379208, 351.0, 225.0], "65": [930.209002679416, 351.0, 207.0], "66": [930.209002679416, 349.1656561516463, 207.0], "67": [985.950242201733, 351.0, 207.0], "68": [1012.5998295137578, 351.0, 583.0], "69": [621.9399063927754, 415.3546470044441, 273.0], "70": [600.4897704682576, 417.0, 211.0], "71": [598.6511873890132, 417.0, 211.0], "72": [683.2201936837639, 417.0, 208.0], "73": [746.5829259782358, 417.0, 410.0], "74": [831.5383774266345, 417.0, 228.0], "75": [832.1512384530492, 417.0, 228.0], "76": [921.6548381636147, 417.0, 310.0], "77": [1021.2160613225029, 417.0, 274.0], "78": [1021.2160613225029, 417.0, 274.0], "79": [1088.3271474944327, 417.0, 198.0], "80": [766.4000030299891, 450.0, 191.0], "81": [766.4000030299891, 450.0, 191.0], "82": [828.9220347067223, 450.0, 177.0], "83": [828.9220347067223, 450.0, 177.0], "84": [920.2973559951863, 450.0, 227.0], "85": [846.5241388567791, 450.0, 174.0], "86": [935.2370539682597, 450.0, 197.0], "87": [985.9810473962334, 450.0, 401.0], "88": [985.9810473962334, 450.0, 401.0], "89": [665.3089562685518, 483.0, 134.0], "90": [773.9294409436438, 483.0, 288.0], "91": [679.8345445641885, 483.0, 110.0], "92": [822.3874326805417, 483.0, 191.0], "93": [931.6425123239961, 483.0, 247.0], "94": [931.6425123239961, 483.0, 247.0], "95": [1046.3845535958123, 483.0, 123.0], "96": [1046.3845535958123, 483.0, 123.0], "97": [838.3181287882688, 516.0, 171.0], "98": [838.3181287882688, 516.0, 171.0], "99": [895.8887852001876, 516.0, 332.0], "100": [981.0764678718439, 516.0, 272.0], "101": [991.5013619344882, 516.0, 220.0], "102": [700.2841715702547, 582.0, 139.0], "103": [650.7443746342706, 582.0, 159.0], "104": [650.1315136078558, 582.0, 159.0], "105": [891.8298833507955, 582.0, 251.0], "106": [1019.6867125359759, 582.0, 205.0], "107": [1019.6867125359759, 582.0, 205.0], "108": [1057.0712351472782, 582.0, 388.0], "109": [618.2545462512269, 615.0, 198.0], "110": [680.8410797782486, 615.0, 185.0], "111": [779.4609744953272, 615.0, 123.0], "112": [782.9634390308718, 615.0, 186.0], "113": [847.5663098031905, 648.0, 187.0], "114": [918.9263360282924, 648.0, 243.0], "115": [918.9263360282924, 648.0, 243.0], "116": [1008.0393263760818, 648.0, 267.0], "117": [1070.1842106322927, 648.0, 133.0], "118": [1070.1842106322927, 648.0, 133.0], "119": [1054.0950489247548, 648.0, 101.0], "120": [678.1776104980047, 678.7285636286013, 207.0], "121": [712.1162178917045, 679.8988604352805, 478.0], "122": [788.9389617023609, 681.0, 231.0], "123": [788.9389617023609, 681.0, 231.0], "124": [877.7132160368259, 678.7285636286013, 298.0], "125": [943.404277103815, 681.0, 257.0], "126": [999.1506323361215, 681.0, 158.0], "127": [652.0751155637668, 746.0, 213.0], "128": [652.0751155637668, 746.0, 213.0], "129": [691.2602210984238, 746.0, 181.0], "130": [794.6294125866085, 681.0, 119.0], "131": [797.9496503379097, 681.0, 143.0], "132": [892.3542603031078, 681.0, 188.0], "133": [892.3542603031078, 746.0, 188.0], "134": [951.6355122670368, 746.0, 214.0], "135": [1028.8796279321975, 681.0, 291.0], "136": [822.1611374584925, 746.0, 229.0], "137": [929.2062755307152, 743.0948879959628, 295.0], "138": [979.9567369161448, 746.0, 141.0], "139": [1017.5025360073937, 746.0, 433.0], "140": [689.7804746368291, 780.0, 169.0], "141": [807.7092305493717, 780.0, 260.0], "142": [839.1818751404059, 780.0, 160.0], "143": [939.0137551407342, 780.0, 269.0], "144": [1031.9439330642715, 780.0, 233.0], "145": [701.4353515239438, 780.0, 297.0], "146": [823.9153309618382, 780.0, 137.0], "147": [828.1447128432965, 780.0, 123.0], "148": [883.2107134329696, 780.0, 308.0], "149": [1010.2525582619768, 780.0, 215.0], "150": [1010.2525582619768, 780.0, 215.0], "151": [625.4639436440302, 812.5323997358095, 224.0], "152": [625.4639436440302, 812.7358702508907, 224.0], "153": [609.0698248380646, 813.0, 200.0], "154": [724.0178313421399, 813.0, 286.0], "155": [724.0178313421399, 813.0, 286.0], "156": [724.0178313421399, 813.0, 286.0], "157": [858.5036525784029, 813.0, 219.0], "158": [858.5036525784029, 813.0, 219.0], "159": [858.5036525784029, 813.0, 219.0], "160": [918.6736042706015, 806.8760639599848, 238.0], "161": [919.8439010772807, 809.2166575733435, 238.0], "162": [990.1271063758496, 813.0, 166.0], "163": [1071.7798997812329, 817.3914803325482, 124.0], "164": [769.0265527323254, 813.0, 124.0], "165": [785.5738004455249, 813.0, 126.0], "166": [785.5738004455249, 813.0, 187.0], "167": [890.9858969888692, 813.0, 262.0], "168": [892.4629799630741, 813.0, 262.0], "169": [933.810071635366, 813.0, 417.0], "170": [931.2478257895798, 813.0, 207.0], "171": [941.0500013514394, 813.0, 296.0], "172": [619.3540958471743, 813.0, 305.0], "173": [673.0599980675717, 813.0, 380.0], "174": [789.8638276304284, 813.0, 263.0], "175": [709.4536251074431, 813.0, 207.0], "176": [709.4536251074431, 813.0, 207.0], "177": [796.4962798623817, 813.0, 215.0], "178": [857.8452025192529, 813.0, 177.0], "179": [969.9533942401952, 813.0, 103.0], "180": [969.6435366603247, 813.0, 209.0], "181": [716.5861929459805, 846.0, 239.0], "182": [716.5861929459805, 846.0, 239.0], "183": [803.9845172160299, 843.1552649670432, 272.0], "184": [767.7053162089715, 841.3998197570243, 272.0], "185": [830.8800013204329, 846.0, 275.0], "186": [888.2478871978524, 846.0, 213.0],