{"1" : [836.6, 457.9, 21.860133540640202], "3" : [954.5, 475.4, 103.8601335406402], "5" : [954.3, 477.5, 32.860133540640206], "7" : [1066.9, 473.8, 262.8601335406402], "9" : [1067.7, 470.2, 17.860133540640202], "11" : [986.4, 464.4, 176.8601335406402], "13" : [986.4, 461.6, 39.860133540640206], "15" : [670.4, 438.5, 238.8601335406402], "17" : [668.4, 437.7, 23.860133540640202], "19" : [800.9, 448.2, 116.8601335406402], "21" : [957.1, 557.2, 537.8601335406402], "23" : [955.3, 565.3, 35.860133540640206], "25" : [728.4, 497.7, 73.8601335406402], "27" : [725.7, 498.5, 10.860133540640202], "29" : [702.2, 485.6, 225.8601335406402], "31" : [703.8, 478.0, 26.860133540640202], "33" : [870.4, 481.6, 187.8601335406402], "35" : [878.7, 490.3, 155.8601335406402], "37" : [1034.3, 481.3, 109.8601335406402], "39" : [1030.4, 486.4, 22.860133540640202], "41" : [1152.8, 500.5, 172.8601335406402], "43" : [1153.3, 500.5, 13.860133540640202], "45" : [1216.5, 506.2, 73.8601335406402], "47" : [1219.1, 509.4, 252.8601335406402], "49" : [909.6, 476.1, 72.8601335406402], "51" : [901.4, 438.5, 15.8601335406402], "53" : [837.1, 479.7, 112.8601335406402], "55" : [833.6, 484.0, 12.860133540640202], "57" : [783.1, 503.2, 244.8601335406402], "59" : [781.7, 508.9, 24.860133540640202], "61" : [949.2, 554.1, 188.8601335406402], "63" : [946.2, 553.1, 6.860133540640203], "65" : [931.4, 553.1, 669.8601335406402]}