{"1" : [945.8, 471.6, 203.45204058449272], "3" : [945.6, 470.6, 26.452040584492714], "5" : [1094.8, 461.8, 148.45204058449272], "7" : [1090.7, 459.8, 35.452040584492714], "9" : [1300.7, 467.0, 151.45204058449272], "11" : [1300.7, 466.4, 21.452040584492714], "13" : [1378.2, 465.7, 105.4520405844927], "15" : [1378.9, 466.9, 45.452040584492714], "17" : [917.0, 543.7, 172.45204058449272], "19" : [922.4, 545.8, 40.452040584492714], "21" : [613.6, 478.9, 168.45204058449272], "23" : [614.4, 481.5, 12.452040584492712], "25" : [577.9, 487.8, 131.45204058449272], "27" : [576.8, 487.8, 16.452040584492714], "29" : [528.6, 494.7, 140.45204058449272], "31" : [529.4, 494.7, 39.452040584492714], "33" : [779.6, 476.5, 151.45204058449272], "35" : [779.2, 477.9, 30.452040584492714], "37" : [932.0, 469.2, 282.4520405844927], "39" : [930.7, 471.2, 14.452040584492712], "41" : [886.3, 473.1, 70.4520405844927], "43" : [885.5, 474.8, 39.452040584492714], "45" : [1115.5, 465.8, 113.4520405844927], "47" : [1112.7, 465.3, 37.452040584492714], "49" : [1344.7, 466.3, 166.45204058449272], "51" : [1344.8, 465.2, 44.452040584492714], "53" : [962.7, 610.7, 132.45204058449272], "55" : [964.5, 606.6, 686.4520405844927], "57" : [1088.4, 460.7, 132.45204058449272], "59" : [967.1, 526.4, 82.4520405844927], "61" : [964.5, 521.9, 23.452040584492714], "63" : [945.5, 429.2, 256.4520405844927], "65" : [943.8, 432.9, 22.452040584492714], "67" : [974.2, 530.0, 184.45204058449272], "69" : [974.8, 532.5, 30.452040584492714], "71" : [916.5, 381.6, 126.45204058449272], "73" : [914.2, 383.6, 29.452040584492714], "75" : [1072.2, 389.5, 135.45204058449272], "77" : [1071.5, 392.3, 26.452040584492714]}