{"1" : [930.6, 562.5, 58.306807990222296], "3" : [440.5, 490.2, 166.3068079902223], "5" : [439.6, 500.3, 15.3068079902223], "7" : [411.6, 479.5, 345.3068079902223], "9" : [406.8, 479.9, 23.3068079902223], "11" : [491.1, 467.2, 289.3068079902223], "13" : [489.0, 467.5, 26.3068079902223], "15" : [619.0, 473.9, 291.3068079902223], "17" : [624.7, 492.2, 211.3068079902223], "19" : [601.7, 451.9, 304.3068079902223], "21" : [595.1, 466.2, 44.306807990222296], "23" : [920.2, 552.0, 215.3068079902223], "25" : [949.7, 537.4, 535.3068079902223], "27" : [947.5, 533.4, 32.306807990222296], "29" : [802.6, 414.0, 76.3068079902223], "31" : [803.1, 416.1, 24.3068079902223], "33" : [703.0, 363.2, 248.3068079902223], "35" : [697.1, 366.4, 24.3068079902223], "37" : [856.6, 372.5, 126.30680799022228], "39" : [850.2, 381.0, 132.3068079902223], "41" : [894.0, 369.4, 101.3068079902223], "43" : [892.3, 365.9, 24.3068079902223], "45" : [995.9, 361.2, 210.3068079902223], "47" : [995.8, 359.4, 20.3068079902223], "49" : [1065.2, 372.8, 171.3068079902223], "51" : [1061.4, 371.6, 21.3068079902223], "53" : [1138.1, 379.0, 263.3068079902223], "55" : [1135.6, 375.9, 19.3068079902223], "57" : [1205.9, 379.6, 289.3068079902223], "59" : [1215.5, 380.3, 32.306807990222296], "61" : [932.6, 442.0, 330.3068079902223], "63" : [929.1, 446.2, 26.3068079902223], "65" : [959.6, 565.2, 503.3068079902223], "67" : [958.4, 576.0, 14.3068079902223], "69" : [950.4, 618.3, 149.3068079902223], "71" : [949.2, 631.1, 219.3068079902223], "73" : [961.6, 445.8, 199.3068079902223], "75" : [960.5, 455.1, 179.3068079902223]}