{"1" : [1211.1, 510.8, 187.35013095786692], "3" : [886.2, 590.2, 235.35013095786692], "5" : [883.0, 532.5, 23.350130957866917], "7" : [981.5, 554.7, 128.35013095786692], "9" : [998.3, 605.2, 27.350130957866917], "11" : [957.3, 817.1, 24.350130957866917], "13" : [952.6, 843.5, 53.35013095786692], "15" : [1274.2, 791.0, 244.35013095786692], "17" : [1274.6, 689.4, 39.35013095786692], "19" : [1450.9, 535.6, 253.3501309578669], "21" : [1453.7, 496.5, 19.350130957866917], "23" : [1526.5, 483.5, 122.35013095786692], "25" : [1525.3, 485.7, 56.35013095786692], "27" : [1029.6, 510.6, 169.35013095786692], "29" : [1027.7, 522.6, 25.350130957866917], "31" : [910.7, 529.6, 253.3501309578669], "33" : [910.6, 527.5, 24.350130957866917], "35" : [1029.0, 526.6, 34.35013095786692], "37" : [948.0, 543.2, 557.3501309578669], "39" : [950.4, 534.0, 34.35013095786692], "41" : [767.4, 547.1, 533.3501309578669], "43" : [774.0, 548.5, 19.350130957866917], "45" : [835.9, 547.0, 238.35013095786692], "47" : [834.8, 546.9, 25.350130957866917], "49" : [934.4, 529.8, 317.3501309578669], "51" : [932.8, 533.8, 25.350130957866917], "53" : [824.8, 543.9, 170.35013095786692], "55" : [822.2, 543.9, 31.350130957866913], "57" : [968.8, 521.0, 229.35013095786692], "59" : [1001.6, 517.5, 25.350130957866917], "61" : [1022.7, 509.7, 23.350130957866917], "63" : [1031.4, 499.7, 7.350130957866917], "65" : [1015.8, 515.6, 154.35013095786692], "67" : [1008.3, 521.9, 20.350130957866917], "69" : [1085.7, 504.2, 136.35013095786692], "71" : [1089.9, 516.7, 102.35013095786692], "73" : [934.5, 571.7, 255.3501309578669], "75" : [936.3, 506.5, 21.350130957866917], "77" : [1024.4, 507.1, 186.35013095786692], "79" : [1019.0, 505.9, 15.350130957866917], "81" : [1116.6, 499.2, 585.3501309578669]}