{"1": [81.8, 385.0, 202.0], "2": [158.2, 385.0, 176.0], "3": [201.6, 385.0, 177.0], "4": [291.07448415969685, 384.70175269209983, 415.0], "5": [384.2, 385.0, 184.0], "6": [287.6, 385.0, 191.0], "7": [383.3355993923306, 383.95771144022376, 234.0], "8": [408.63300195611725, 383.95771144022376, 206.0]}