{"1" : [1234.2, 518.1, 18.837318336834514], "3" : [1316.9, 519.5, 295.8373183368345], "5" : [1318.8, 523.3, 18.837318336834514], "7" : [1387.1, 530.3, 290.8373183368345], "9" : [1384.7, 527.1, 32.837318336834514], "11" : [962.0, 543.1, 552.8373183368345], "13" : [958.1, 541.6, 35.837318336834514], "15" : [709.6, 537.7, 75.83731833683451], "17" : [717.5, 538.0, 20.837318336834514], "19" : [620.2, 544.6, 865.8373183368345], "21" : [615.3, 547.5, 17.837318336834514], "23" : [690.8, 540.8, 189.83731833683453], "25" : [692.6, 541.9, 10.837318336834514], "27" : [734.1, 546.0, 190.83731833683453], "29" : [731.0, 547.7, 6.837318336834514], "31" : [710.8, 542.6, 617.8373183368345], "33" : [716.7, 547.3, 13.837318336834514], "35" : [774.5, 543.6, 289.8373183368345], "37" : [777.4, 544.4, 14.837318336834514], "39" : [842.7, 540.3, 196.83731833683453], "41" : [840.6, 540.8, 9.837318336834514], "43" : [801.4, 535.5, 291.8373183368345], "45" : [801.0, 529.2, 16.837318336834514], "47" : [870.1, 529.3, 191.83731833683453], "49" : [876.8, 534.6, 16.837318336834514], "51" : [941.1, 534.0, 350.8373183368345], "53" : [928.5, 537.2, 18.837318336834514], "55" : [1026.9, 542.2, 357.8373183368345], "57" : [1031.1, 543.8, 8.837318336834514], "59" : [1050.1, 548.9, 486.8373183368345], "61" : [1054.0, 549.9, 14.837318336834514], "63" : [1127.6, 539.1, 251.83731833683453], "65" : [1132.1, 536.1, 16.837318336834514], "67" : [1185.0, 529.4, 395.8373183368345], "69" : [1179.1, 530.2, 20.837318336834514], "71" : [1270.6, 538.1, 616.8373183368345], "73" : [1261.8, 537.0, 12.837318336834514], "75" : [1299.1, 534.9, 109.83731833683451], "77" : [1298.2, 536.9, 46.837318336834514], "79" : [809.1, 528.7, 115.83731833683451], "81" : [818.8, 531.3, 32.837318336834514]}