{"1": [87.96495521005284, 385.6816131109648, 145.0], "2": [168.0, 385.0, 234.0], "3": [196.42015400302304, 383.1396943892546, 244.0], "4": [298.2, 385.0, 331.0], "5": [435.3605138437854, 384.41065375010976, 452.0], "6": [514.5836473370878, 383.56334750953965, 184.0], "7": [461.9, 385.0, 107.0], "8": [390.0, 385.0, 214.0], "9": [493.2, 385.0, 294.0], "10": [575.3, 385.0, 198.0], "11": [574.7423904175633, 384.83430687039476, 181.0], "12": [531.9534252687744, 384.4106537501097, 227.0], "13": [563.3037561698673, 384.83430687039476, 501.0]}