{"1": [42.210418219268746, 384.83430687039464, 153.0], "2": [86.8, 385.0, 170.0], "3": [140.7, 385.0, 258.0], "4": [164.7, 385.0, 201.0], "5": [264.6283063689145, 383.9870006298246, 671.0], "6": [292.9, 385.0, 175.0], "7": [384.2, 385.0, 376.0], "8": [446.2, 385.0, 226.0], "9": [513.9, 384.8, 300.0], "10": [563.1, 385.0, 230.0], "11": [369.8, 385.0, 265.0]}