{"1": [87.4, 385.0, 149.0], "2": [140.7, 385.0, 133.0], "3": [196.42015400302287, 384.41065375010965, 237.0], "4": [251.0, 385.0, 203.0], "5": [380.7, 385.0, 257.0], "6": [462.8, 385.0, 261.0], "7": [526.0222815847837, 384.83430687039476, 408.0], "8": [534.1, 385.0, 421.0], "9": [559.5, 385.0, 180.0], "10": [582.368146582694, 384.83430687039464, 529.0], "11": [86.2703427289126, 384.8343068703947, 264.0], "12": [18.909496603591265, 385.68161311096475, 298.0]}