{"1" : [963.7, 556.2, 27.860133540640202], "3" : [1152.5, 566.0, 308.8601335406402], "5" : [1149.8, 564.6, 23.860133540640202], "7" : [1262.0, 570.6, 367.8601335406402], "9" : [1267.0, 566.3, 213.8601335406402], "11" : [935.4, 419.9, 106.8601335406402], "13" : [927.4, 426.0, 25.860133540640202], "15" : [944.1, 535.1, 340.8601335406402], "17" : [962.5, 536.8, 611.8601335406402], "19" : [962.2, 539.3, 55.860133540640206], "21" : [464.2, 486.0, 146.8601335406402], "23" : [460.8, 486.6, 39.860133540640206], "25" : [242.5, 473.1, 614.8601335406402], "27" : [237.8, 476.7, 11.860133540640202], "29" : [197.9, 477.9, 553.8601335406402], "31" : [198.8, 474.5, 128.8601335406402], "33" : [182.6, 527.5, 68.8601335406402], "35" : [173.0, 430.9, 35.860133540640206], "37" : [249.5, 507.8, 345.8601335406402], "39" : [252.3, 499.3, 10.860133540640202], "41" : [214.9, 501.6, 206.8601335406402], "43" : [212.6, 505.3, 20.860133540640202], "45" : [309.5, 501.9, 113.8601335406402], "47" : [310.7, 502.9, 23.860133540640202], "49" : [449.6, 503.2, 135.8601335406402], "51" : [449.1, 504.8, 16.860133540640202], "53" : [370.0, 510.2, 361.8601335406402], "55" : [373.9, 510.5, 38.860133540640206], "57" : [588.3, 493.1, 158.8601335406402], "59" : [588.9, 495.7, 23.860133540640202], "61" : [719.5, 499.5, 215.8601335406402], "63" : [718.4, 499.5, 27.860133540640202], "65" : [915.6, 508.8, 161.8601335406402], "67" : [914.7, 512.6, 25.860133540640202], "69" : [1076.2, 507.5, 182.8601335406402], "71" : [1076.2, 505.7, 18.860133540640202], "73" : [1148.6, 501.6, 179.8601335406402], "75" : [1148.6, 502.1, 46.860133540640206], "77" : [1401.4, 476.0, 238.8601335406402], "79" : [1399.6, 476.4, 16.860133540640202], "81" : [1327.2, 479.3, 165.8601335406402], "83" : [1325.7, 482.8, 42.860133540640206], "85" : [1635.7, 455.5, 179.8601335406402], "87" : [1629.2, 459.6, 13.860133540640202], "89" : [1559.4, 452.7, 1139.8601335406402], "91" : [1547.5, 462.4, 14.860133540640202], "93" : [1602.3, 463.8, 135.8601335406402], "95" : [1603.2, 471.7, 18.860133540640202]}