{"1" : [1137.0, 694.1, 16.971007359842737], "3" : [1193.7, 690.7, 1348.9710073598428], "5" : [955.5, 544.0, 599.9710073598427], "7" : [965.1, 546.0, 37.97100735984274], "9" : [851.0, 449.7, 337.97100735984276], "11" : [845.9, 445.1, 40.97100735984274], "13" : [582.4, 436.1, 319.97100735984276], "15" : [583.2, 441.1, 48.97100735984274], "17" : [1013.0, 438.1, 242.97100735984273], "19" : [1013.4, 434.6, 25.971007359842737], "21" : [1170.3, 427.0, 175.97100735984273], "23" : [1170.9, 426.8, 19.971007359842737], "25" : [1261.3, 432.0, 267.97100735984276], "27" : [1262.2, 433.5, 28.971007359842737], "29" : [1034.9, 427.8, 334.97100735984276], "31" : [1030.1, 430.0, 29.971007359842737]}