{"1" : [1279.5, 549.7, 42.79521389716248], "3" : [1003.2, 533.2, 255.79521389716248], "5" : [956.6, 545.6, 80.79521389716248], "7" : [958.3, 545.4, 220.79521389716248], "9" : [974.7, 536.5, 274.79521389716245], "11" : [974.6, 533.6, 35.79521389716248], "13" : [763.7, 518.3, 258.79521389716245], "15" : [767.6, 523.5, 16.79521389716248], "17" : [711.6, 524.3, 244.79521389716248], "19" : [714.3, 529.1, 25.79521389716248], "21" : [831.2, 527.6, 464.79521389716245], "23" : [816.4, 533.4, 18.79521389716248], "25" : [879.3, 534.9, 262.79521389716245], "27" : [877.4, 532.9, 15.795213897162482], "29" : [942.9, 543.4, 195.79521389716248], "31" : [943.9, 539.6, 19.79521389716248], "33" : [1013.8, 545.6, 414.79521389716245], "35" : [1004.6, 540.0, 20.79521389716248], "37" : [1101.1, 537.8, 282.79521389716245], "39" : [1101.6, 535.5, 17.79521389716248], "41" : [1146.0, 531.7, 483.79521389716245], "43" : [1136.6, 532.6, 15.795213897162482], "45" : [1195.2, 530.5, 158.79521389716248], "47" : [1198.0, 527.8, 27.79521389716248]}