{"1" : [1209.3, 514.0, 11.812449970694521], "3" : [1177.3, 516.4, 174.81244997069453], "5" : [1184.1, 515.2, 153.81244997069453], "7" : [1200.0, 563.0, 58.81244997069452], "9" : [1203.5, 504.8, 40.81244997069452], "11" : [944.2, 612.8, 286.8124499706945], "13" : [942.6, 612.6, 18.812449970694523], "15" : [966.3, 660.0, 95.81244997069452], "17" : [969.0, 651.3, 211.81244997069453], "19" : [977.8, 518.2, 236.81244997069453], "21" : [972.2, 506.4, 18.812449970694523], "23" : [1037.8, 517.9, 220.81244997069453], "25" : [1041.8, 517.2, 18.812449970694523], "27" : [1123.2, 520.0, 157.81244997069453], "29" : [1129.0, 513.9, 206.81244997069453], "31" : [1203.1, 554.5, 122.81244997069452], "33" : [1207.8, 504.8, 35.81244997069452], "35" : [960.1, 635.3, 121.81244997069452], "37" : [966.7, 548.3, 589.8124499706945], "39" : [963.8, 552.6, 30.812449970694523], "41" : [712.7, 453.1, 88.81244997069452], "43" : [706.1, 453.4, 26.812449970694523], "45" : [602.0, 463.1, 350.8124499706945], "47" : [601.9, 471.7, 18.812449970694523], "49" : [697.6, 470.8, 142.81244997069453], "51" : [697.0, 469.5, 36.81244997069452], "53" : [941.0, 473.9, 162.81244997069453], "55" : [941.1, 474.7, 19.812449970694523], "57" : [839.8, 468.8, 244.81244997069453], "59" : [838.7, 469.6, 21.812449970694523], "61" : [756.5, 469.8, 191.81244997069453], "63" : [759.8, 472.0, 30.812449970694523], "65" : [1001.2, 472.1, 197.81244997069453], "67" : [1008.5, 471.8, 18.812449970694523], "69" : [1101.8, 472.2, 228.81244997069453], "71" : [1106.7, 473.9, 22.812449970694523], "73" : [1235.5, 469.2, 402.8124499706945], "75" : [1239.6, 473.9, 20.812449970694523], "77" : [1352.3, 474.1, 159.81244997069453], "79" : [1353.5, 472.0, 153.81244997069453], "81" : [891.8, 476.6, 282.8124499706945], "83" : [893.0, 478.2, 20.812449970694523], "85" : [994.1, 475.9, 117.81244997069452], "87" : [994.8, 475.6, 25.812449970694523], "89" : [817.6, 471.6, 208.81244997069453], "91" : [815.6, 470.2, 13.812449970694521], "93" : [775.4, 474.6, 192.81244997069453], "95" : [776.5, 475.9, 39.81244997069452], "97" : [1021.4, 473.6, 202.81244997069453], "99" : [1023.0, 480.0, 15.812449970694521], "101" : [1088.3, 475.7, 219.81244997069453], "103" : [1092.2, 478.9, 21.812449970694523]}