{"1" : [816.5, 494.8, 16.686547148873707], "3" : [781.7, 514.6, 184.6865471488737], "5" : [775.4, 510.4, 19.686547148873707], "7" : [832.8, 573.1, 176.6865471488737], "9" : [847.9, 555.8, 485.68654714887373], "11" : [944.3, 583.6, 371.68654714887373], "13" : [917.8, 600.2, 26.686547148873707], "15" : [966.1, 516.0, 326.68654714887373], "17" : [966.4, 541.0, 29.686547148873707], "19" : [961.7, 517.8, 94.68654714887371], "21" : [965.4, 519.2, 26.686547148873707], "23" : [947.6, 463.5, 118.68654714887371], "25" : [957.3, 457.7, 27.686547148873707], "27" : [762.2, 392.3, 381.68654714887373], "29" : [746.5, 393.6, 53.68654714887371], "31" : [889.2, 410.5, 129.6865471488737], "33" : [863.4, 412.5, 10.686547148873709], "35" : [866.4, 402.1, 39.68654714887371], "37" : [871.9, 411.8, 9.686547148873709], "39" : [924.7, 407.1, 216.6865471488737], "41" : [931.1, 414.4, 26.686547148873707], "43" : [1023.7, 399.3, 418.68654714887373], "45" : [1006.1, 392.9, 25.686547148873707], "47" : [1122.8, 383.2, 246.6865471488737], "49" : [1117.4, 380.1, 23.686547148873707], "51" : [1270.4, 379.7, 339.68654714887373], "53" : [1282.9, 372.1, 16.686547148873707], "55" : [1341.4, 381.0, 202.6865471488737], "57" : [1336.0, 379.8, 23.686547148873707], "59" : [1176.5, 375.6, 176.6865471488737], "61" : [1177.2, 381.2, 39.68654714887371], "63" : [963.9, 561.2, 174.6865471488737], "65" : [966.5, 539.0, 19.686547148873707], "67" : [958.2, 619.5, 276.68654714887373], "69" : [947.1, 615.1, 33.68654714887371], "71" : [993.8, 429.8, 135.6865471488737], "73" : [996.6, 447.1, 105.68654714887371], "75" : [590.2, 382.8, 319.68654714887373], "77" : [591.2, 373.8, 25.686547148873707], "79" : [575.0, 394.8, 132.6865471488737], "81" : [586.3, 405.7, 62.6865471488737], "83" : [817.3, 394.3, 99.68654714887371], "85" : [803.9, 399.0, 37.68654714887371], "87" : [951.9, 493.1, 184.6865471488737], "89" : [947.0, 495.4, 9.686547148873709], "91" : [970.7, 523.8, 526.6865471488737], "93" : [963.7, 509.1, 11.686547148873709], "95" : [931.8, 515.1, 298.68654714887373]}