{"1" : [1017.5, 447.6, 18.128087937511108], "3" : [1080.9, 474.3, 268.1280879375111], "5" : [1064.9, 485.7, 7.128087937511108], "7" : [1041.2, 499.1, 317.1280879375111], "9" : [1030.2, 505.8, 34.12808793751111], "11" : [802.9, 504.0, 619.128087937511], "13" : [814.3, 505.8, 34.12808793751111], "15" : [1071.3, 482.2, 341.1280879375111], "17" : [962.8, 522.1, 574.128087937511], "19" : [967.3, 531.7, 23.128087937511108], "21" : [834.9, 529.7, 147.1280879375111], "23" : [833.0, 533.0, 15.128087937511108], "25" : [778.5, 535.8, 328.1280879375111], "27" : [779.5, 537.9, 34.12808793751111], "29" : [1010.5, 526.7, 206.1280879375111], "31" : [1001.6, 527.7, 15.128087937511108]}