{"1" : [949.5, 574.9, 12.102455208882956], "3" : [989.1, 566.5, 131.10245520888296], "5" : [991.5, 564.9, 24.102455208882954], "7" : [889.6, 574.5, 274.10245520888293], "9" : [891.4, 579.7, 25.102455208882954], "11" : [953.3, 640.1, 204.10245520888296], "13" : [955.9, 641.5, 20.102455208882954], "15" : [1008.7, 629.4, 144.10245520888296], "17" : [1010.4, 627.7, 38.10245520888296], "19" : [917.6, 459.1, 185.10245520888296], "21" : [921.9, 456.7, 9.102455208882956], "23" : [939.2, 453.3, 273.10245520888293], "25" : [939.7, 447.3, 8.102455208882956], "27" : [925.6, 440.7, 296.10245520888293], "29" : [928.8, 440.8, 26.102455208882954], "31" : [1050.9, 441.0, 206.10245520888296], "33" : [1049.7, 446.1, 12.102455208882956], "35" : [1012.4, 446.3, 302.10245520888293], "37" : [957.5, 535.8, 558.1024552088829], "39" : [951.2, 537.1, 25.102455208882954], "41" : [813.3, 536.2, 81.10245520888296], "43" : [807.8, 533.2, 26.102455208882954], "45" : [703.6, 551.8, 425.10245520888293], "47" : [695.5, 558.7, 168.10245520888296], "49" : [678.2, 577.4, 244.10245520888296], "51" : [678.9, 575.9, 7.102455208882955], "53" : [657.6, 577.6, 616.1024552088829], "55" : [640.3, 578.5, 213.10245520888296], "57" : [607.7, 570.7, 34.10245520888296], "59" : [640.3, 578.5, 24.102455208882954], "61" : [629.7, 552.0, 267.10245520888293], "63" : [628.2, 528.7, 229.10245520888296], "65" : [647.1, 560.7, 393.10245520888293], "67" : [647.5, 561.6, 18.102455208882954], "69" : [634.7, 555.4, 209.10245520888296], "71" : [629.5, 549.4, 10.102455208882956], "73" : [667.8, 553.4, 223.10245520888296], "75" : [676.3, 561.4, 19.102455208882954], "77" : [746.0, 555.4, 186.10245520888296], "79" : [746.3, 548.9, 23.102455208882954], "81" : [836.3, 545.2, 160.10245520888296], "83" : [834.9, 543.1, 20.102455208882954]}