{"1" : [302.3, 547.5, 18.904450617403327], "3" : [221.4, 536.5, 67.90445061740333], "5" : [221.3, 534.9, 203.90445061740334], "7" : [694.1, 758.3, 107.90445061740333], "9" : [692.0, 721.1, 225.90445061740334], "11" : [952.1, 604.0, 146.90445061740334], "13" : [944.2, 552.3, 47.90445061740333], "15" : [1281.7, 568.5, 173.90445061740334], "17" : [974.7, 542.6, 567.9044506174033], "19" : [975.4, 551.2, 65.90445061740333], "21" : [367.5, 451.0, 84.90445061740333], "23" : [365.3, 452.5, 229.90445061740334], "25" : [271.8, 557.6, 93.90445061740333], "27" : [265.9, 513.6, 326.9044506174033], "29" : [559.3, 644.4, 92.90445061740333], "31" : [545.6, 539.4, 20.904450617403327], "33" : [659.6, 486.2, 165.90445061740334], "35" : [656.8, 477.9, 42.90445061740333], "37" : [887.7, 498.1, 215.90445061740334], "39" : [889.5, 498.2, 16.904450617403327], "41" : [822.7, 486.0, 173.90445061740334], "43" : [822.7, 481.0, 43.90445061740333], "45" : [1100.9, 464.1, 170.90445061740334], "47" : [1101.3, 465.6, 43.90445061740333], "49" : [1370.1, 457.6, 162.90445061740334], "51" : [1366.2, 463.1, 40.90445061740333], "53" : [1582.0, 459.0, 207.90445061740334], "55" : [1585.0, 463.7, 17.904450617403327], "57" : [1645.3, 467.6, 107.90445061740333]}