{"1" : [936.3, 587.6, 16.904450617403327], "3" : [934.9, 620.5, 293.9044506174033], "5" : [943.8, 653.8, 862.9044506174033], "7" : [957.6, 538.0, 306.9044506174033], "9" : [960.7, 538.0, 209.90445061740334], "11" : [957.0, 550.8, 52.90445061740333], "13" : [953.7, 541.2, 213.90445061740334], "15" : [878.7, 423.6, 101.90445061740333], "17" : [874.3, 381.2, 12.904450617403329], "19" : [888.7, 370.9, 110.90445061740333], "21" : [891.7, 373.6, 22.904450617403327], "23" : [982.0, 359.2, 539.9044506174033], "25" : [975.9, 354.6, 17.904450617403327], "27" : [925.1, 359.9, 197.90445061740334], "29" : [923.4, 364.0, 18.904450617403327], "31" : [922.5, 430.6, 193.90445061740334], "33" : [925.6, 436.9, 19.904450617403327], "35" : [988.2, 475.7, 212.90445061740334], "37" : [985.4, 478.4, 21.904450617403327], "39" : [909.4, 536.4, 128.90445061740334], "41" : [906.3, 539.1, 197.90445061740334], "43" : [925.0, 830.8, 27.904450617403327], "45" : [924.5, 787.2, 360.9044506174033], "47" : [-737.2, -745.2, 33.90445061740333], "49" : [-683.7, -711.9, 138.90445061740334], "51" : [-693.0, -707.3, 28.904450617403327], "53" : [-697.5, -720.6, 180.90445061740334], "55" : [968.9, 567.9, 191.90445061740334], "57" : [959.5, 503.2, 18.904450617403327], "59" : [890.7, 516.3, 153.90445061740334], "61" : [887.8, 520.1, 26.904450617403327], "63" : [1009.5, 440.5, 215.90445061740334], "65" : [1002.9, 442.2, 23.904450617403327], "67" : [1005.6, 546.4, 151.90445061740334], "69" : [1002.8, 550.1, 16.904450617403327], "71" : [1014.3, 610.4, 136.90445061740334], "73" : [1012.7, 609.7, 22.904450617403327], "75" : [900.7, 595.2, 433.9044506174033], "77" : [913.3, 582.7, 153.90445061740334], "79" : [1005.2, 775.7, 54.90445061740333], "81" : [1004.8, 746.5, 232.90445061740334], "83" : [1002.3, 657.8, 139.90445061740334], "85" : [996.7, 634.1, 23.904450617403327], "87" : [892.0, 636.6, 103.90445061740333]}