{"1" : [644.4500007463547, 105.19666619574294, 150.0], "3" : [592.4934415013929, 97.76803639923243, 122.0], "5" : [765.0057167832448, 80.4499992182926, 70.0], "7" : [650.0571420142519, 102.81818091227929, 77.0], "9" : [650.0571420142519, 102.81818091227929, 77.0], "11" : [650.7072563486582, 92.30161416952384, 124.0], "13" : [650.7072563486582, 92.30161416952384, 124.0], "15" : [607.0684485121791, 87.28131147020487, 412.0], "17" : [651.6647500646991, 87.25491875086827, 244.0], "19" : [698.4569527345664, 82.35298028133644, 151.0], "21" : [780.460511204487, 71.89574019671379, 352.0], "23" : [750.6110120754215, 72.06696256333068, 227.0], "25" : [912.3862986201326, 80.96712207584733, 365.0], "27" : [963.5773053108144, 77.85355069994918, 282.0], "29" : [1049.9378364469767, 84.42648789514416, 185.0], "31" : [1049.9378364469767, 84.42648789514416, 185.0], "33" : [716.3000020986773, 108.2945459702088, 55.0], "35" : [716.3000020986773, 108.2945459702088, 55.0], "37" : [720.9999969758245, 107.949618726573, 131.0], "39" : [669.221704669145, 121.86821620879391, 129.0], "41" : [685.9520438563687, 106.18979631493876, 98.0], "43" : [741.8426483336025, 88.6838251218298, 136.0], "45" : [744.0169753008942, 86.95377453772531, 106.0], "47" : [845.61565344649, 94.28609175356375, 115.0], "49" : [845.61565344649, 94.28609175356375, 115.0], "51" : [845.61565344649, 94.28609175356375, 115.0], "53" : [837.8619751780509, 99.63728366120709, 405.0], "55" : [837.8619751780509, 99.63728366120709, 405.0], "57" : [831.8049664517116, 101.06595676326482, 141.0], "59" : [831.8049664517116, 101.06595676326482, 141.0], "61" : [883.9639019185362, 103.8039027654635, 205.0], "63" : [924.7409530308806, 106.55999892921365, 210.0], "65" : [957.023269864792, 105.58019956131369, 202.0], "67" : [922.4484863125535, 107.52000186218322, 165.0], "69" : [972.681290112256, 111.23807156371078, 155.0], "71" : [664.1965099564021, 156.1674420741837, 172.0], "73" : [623.7537913457331, 156.48206965660705, 145.0], "75" : [668.556351761098, 143.86795391292236, 181.0], "77" : [753.2720852115527, 137.6837425153526, 283.0], "79" : [807.2729262351447, 136.43493303320162, 229.0], "81" : [888.5617235943009, 132.80241322832978, 290.0], "83" : [888.5617235943009, 132.80241322832978, 290.0], "85" : [927.1461539901255, 128.0769247511597, 52.0], "87" : [927.1461539901255, 128.0769247511597, 52.0], "89" : [932.4315230688909, 128.87825775571685, 92.0], "91" : [932.4315230688909, 128.87825775571685, 92.0], "93" : [1015.0163047949928, 122.3013628774239, 368.0], "95" : [668.62042244278, 171.66901236844774, 284.0], "97" : [730.3870721080409, 177.28557567399042, 201.0], "99" : [733.3176464921382, 181.5509839258208, 51.0], "101" : [818.0388874462726, 174.74222227900552, 270.0], "103" : [942.7520051177678, 159.4663794013655, 348.0], "105" : [942.7520051177678, 159.4663794013655, 348.0], "107" : [639.5232338233819, 236.0984825074501, 198.0], "109" : [608.7394365544717, 244.2920172287738, 213.0], "111" : [666.4708977230727, 246.42381112368406, 189.0], "113" : [743.3834693790113, 244.42809882360424, 242.0], "115" : [793.3237440131392, 241.11958655486848, 337.0], "117" : [793.3237440131392, 241.11958655486848, 337.0], "119" : [940.472517483416, 244.7907600208323, 433.0], "121" : [999.3496662923114, 240.69198076171222, 449.0], "123" : [1037.1429138057495, 240.61574651655255, 254.0], "125" : [677.6612164982258, 288.89579396506707, 214.0], "127" : [680.410251045853, 291.04400007380985, 400.0], "129" : [680.410251045853, 291.04400007380985, 400.0], "131" : [728.706413249334, 278.9576902935648, 78.0], "133" : [731.1663539117104, 282.6570064404744, 107.0], "135" : [805.0989894561027, 276.8939424959404, 99.0], "137" : [803.1931620906033, 272.091879209508, 234.0], "139" : [866.3109100680167, 271.31818144216487, 55.0], "141" : [872.2842335364104, 272.0734244493323, 222.0], "143" : [909.7057971269805, 272.2681180165293, 69.0], "145" : [914.9973970253026, 273.3480506949304, 77.0], "147" : [986.1908460316562, 275.38908694720095, 284.0], "149" : [667.4961533205258, 314.64102537514884, 78.0], "151" : [675.4675216840322, 309.14615114146676, 117.0], "153" : [605.554728175859, 315.42094522375794, 296.0], "155" : [605.554728175859, 315.42094522375794, 296.0], "157" : [669.7933313282131, 309.2999989378014, 90.0], "159" : [671.046051490383, 307.9188578201992, 228.0], "161" : [767.5626172828071, 310.6696263804036, 428.0], "163" : [821.1713623845801, 308.44600800073044, 213.0], "165" : [924.7292653282037, 316.73292334216313, 82.0], "167" : [928.7090904782049, 316.51098208927925, 264.0], "169" : [992.314330409976, 315.57766708799124, 300.0], "171" : [1034.4663546259276, 310.4576321019635, 321.0], "173" : [1034.4663546259276, 310.4576321019635, 321.0], "175" : [999.9356527922856, 313.451593960217, 345.0], "177" : [1037.3285708354433, 316.48452136669, 84.0], "179" : [1037.3285708354433, 316.48452136669, 84.0], "181" : [1041.9031554771993, 316.62841796163764, 95.0], "183" : [1072.4547022258541, 317.81623607713743, 117.0], "185" : [711.6087750308196, 348.5175431048573, 57.0], "187" : [711.6087750308196, 348.5175431048573, 57.0], "189" : [679.0375725585005, 343.8257055472763, 354.0], "191" : [730.6581407912433, 347.0780734844866, 301.0], "193" : [685.6038851111341, 346.0466025448209, 309.0], "195" : [742.6021303377872, 351.81707038837857, 328.0], "197" : [796.5090908319631, 348.0928587514194, 154.0], "199" : [798.9752559186351, 351.68556437351805, 97.0], "201" : [858.0400495459085, 354.21990457590266, 417.0], "203" : [920.039917893867, 348.7242781627489, 243.0], "205" : [972.84601540865, 347.093059266473, 389.0], "207" : [972.84601540865, 347.093059266473, 389.0], "209" : [1039.7330258446048, 309.6871559778841, 109.0], "211" : [1039.7330258446048, 309.6871559778841, 109.0], "213" : [964.5375009529732, 312.5108297808233, 120.0], "215" : [1066.7389443258687, 322.2731586207656, 190.0], "217" : [661.2181840537255, 403.9139397713682, 165.0], "219" : [622.3099089979808, 408.82252203259105, 333.0], "221" : [681.464575647094, 402.0675282327036, 271.0], "223" : [681.464575647094, 402.0675282327036, 271.0], "225" : [722.2406217490934, 399.726561352514, 64.0], "227" : [722.2406217490934, 399.726561352514, 64.0], "229" : [727.1964462555325, 395.30456999293824, 197.0], "231" : [727.1964462555325, 395.30456999293824, 197.0], "233" : [782.0110601641303, 389.5714287946859, 217.0], "235" : [1010.5691743136066, 395.2165415539718, 133.0], "237" : [1049.019089263201, 397.9263633991838, 110.0], "239" : [688.8725939452776, 453.62370263283606, 135.0], "241" : [710.6872647672046, 441.77641266926076, 212.0], "243" : [820.1507861205151, 429.3889756666264, 254.0], "245" : [820.1507861205151, 429.3889756666264, 254.0], "247" : [854.8371863908707, 420.9743796373935, 242.0], "249" : [954.5218237579255, 420.9320432866051, 362.0], "251" : [652.0875614240189, 465.85024824613157, 201.0], "253" : [626.4430674220048, 463.8200463922427, 404.0], "255" : [750.8576284480774, 450.26271400281905, 59.0], "257" : [755.5462580221749, 450.0316699506823, 521.0], "259" : [848.9760399116656, 444.9744750037152, 384.0], "261" : [897.186289552349, 445.96070090713664, 598.0], "263" : [980.4014984756353, 452.3455002299226, 400.0], "265" : [1005.9714316447053, 455.93407071130144, 182.0], "267" : [1005.9714316447053, 455.93407071130144, 182.0], "269" : [1062.3266178696604, 457.17500384676873, 124.0], "271" : [1064.7018524211312, 459.4731467491529, 108.0], "273" : [745.1191178851068, 500.57463397504114, 272.0], "275" : [675.4896424353784, 501.04820812948856, 251.0], "277" : [675.4896424353784, 501.04820812948856, 251.0], "279" : [715.6543213399693, 500.1012353711201, 162.0], "281" : [878.6902589667648, 486.69242016523884, 277.0], "283" : [862.5839287152677, 490.8004459758895, 224.0], "285" : [862.5839287152677, 490.8004459758895, 224.0], "287" : [924.1355851519694, 491.8815301407262, 222.0], "289" : [924.1355851519694, 491.8815301407262, 222.0], "291" : [924.1355851519694, 491.8815301407262, 222.0],