{"1" : [614.413107086516, 67.69563389606421, 206.0], "3" : [614.413107086516, 67.69563389606421, 206.0], "5" : [750.1573920297575, 65.39217457286317, 115.0], "7" : [564.9356635628072, 94.96084069691595, 143.0], "9" : [712.5364989025792, 72.47883543117766, 137.0], "11" : [776.5418804243118, 71.72179859876447, 234.0], "13" : [776.5418804243118, 71.72179859876447, 234.0], "15" : [832.3725877149108, 74.07969691497972, 197.0], "17" : [933.7377267422893, 81.722272407727, 220.0], "19" : [851.2778238216519, 73.78075582444086, 239.0], "21" : [946.6138542401196, 86.10259872758706, 231.0], "23" : [946.6138542401196, 86.10259872758706, 231.0], "25" : [1002.7047425555342, 90.53084884171984, 295.0], "27" : [1079.2990447796092, 98.51397074662172, 315.0], "29" : [704.3709657465022, 95.8500012947697, 186.0], "31" : [704.3709657465022, 95.8500012947697, 186.0], "33" : [680.6928176425484, 108.48342587216126, 181.0], "35" : [680.6928176425484, 108.48342587216126, 181.0], "37" : [714.6277781744775, 112.71389076640114, 108.0], "39" : [714.6277781744775, 112.71389076640114, 108.0], "41" : [780.4836755538346, 112.7068021309941, 147.0], "43" : [857.0140322789697, 111.31009104878886, 228.0], "45" : [924.1919194082734, 120.38433913909705, 198.0], "47" : [978.5536837720837, 127.86947243212151, 190.0], "49" : [978.5536837720837, 127.86947243212151, 190.0], "51" : [935.3022932389621, 120.66192865144694, 218.0], "53" : [623.0892845113981, 142.2528546106569, 140.0], "55" : [624.4784925896998, 142.83763215389408, 93.0], "57" : [694.0084326453649, 146.25541970613315, 166.0], "59" : [765.8112266164683, 145.81887651072904, 196.0], "61" : [834.5558141955955, 149.06627960121156, 172.0], "63" : [911.5476186471808, 160.63428554228727, 105.0], "65" : [911.5476186471808, 160.63428554228727, 105.0], "67" : [983.2005077053385, 161.15594792120467, 395.0], "69" : [983.2005077053385, 161.15594792120467, 395.0], "71" : [1044.416901476468, 166.63755904757232, 213.0], "73" : [1044.416901476468, 166.63755904757232, 213.0], "75" : [654.2853260599389, 169.27282745872526, 184.0], "77" : [726.2131153726557, 186.3336066829404, 122.0], "79" : [691.6570035136506, 180.26417057878547, 307.0], "81" : [817.9983334039405, 181.3345861845269, 480.0], "83" : [841.6980386496425, 175.8366042258999, 153.0], "85" : [868.4810801932127, 176.10360704257394, 111.0], "87" : [818.476167383989, 180.33264471913373, 193.0], "89" : [928.9225595208223, 188.49427559776436, 297.0], "91" : [962.5994665070524, 194.3978625918334, 187.0], "93" : [962.5994665070524, 194.3978625918334, 187.0], "95" : [928.4174127963566, 196.18756306828706, 201.0], "97" : [928.4174127963566, 196.18756306828706, 201.0], "99" : [987.6828202317571, 198.8030854576042, 227.0], "101" : [1014.1103385500313, 199.18863263590998, 387.0], "103" : [612.0682230928591, 241.55656058317857, 343.0], "105" : [612.0682230928591, 241.55656058317857, 343.0], "107" : [721.419381895237, 249.0823822432164, 227.0], "109" : [678.0298469765554, 250.33612749650976, 191.0], "111" : [790.3050256647368, 241.82663415374702, 199.0], "113" : [790.3050256647368, 241.82663415374702, 199.0], "115" : [828.9231909631924, 242.8086962862251, 69.0], "117" : [827.3676997278293, 242.20807667672804, 161.0], "119" : [860.7389688352824, 241.43474106895496, 213.0], "121" : [959.7495809424964, 260.4168059769171, 238.0], "123" : [959.7495809424964, 260.4168059769171, 238.0], "125" : [1014.3052421462277, 263.2375533172712, 229.0], "127" : [1014.3052421462277, 263.2375533172712, 229.0], "129" : [1059.685716891035, 261.2407149347867, 280.0], "131" : [1059.685716891035, 261.2407149347867, 280.0], "133" : [1113.6798473386045, 266.1007614098433, 263.0], "135" : [1010.5082946012963, 253.04048973433245, 205.0], "137" : [1037.2759173366383, 263.1502608606777, 191.0], "139" : [1037.2759173366383, 263.1502608606777, 191.0], "141" : [962.1686044082802, 268.0860495217118, 172.0], "143" : [1005.9423090072684, 265.5136359125318, 286.0], "145" : [1005.9423090072684, 265.5136359125318, 286.0], "147" : [681.8874552089264, 296.6671619544596, 271.0], "149" : [681.8874552089264, 296.6671619544596, 271.0], "151" : [665.1994879133459, 290.6312806484714, 195.0], "153" : [665.1994879133459, 290.6312806484714, 195.0], "155" : [665.1994879133459, 290.6312806484714, 195.0], "157" : [687.3533809035231, 269.6162148225211, 148.0], "159" : [809.6165206670963, 271.9982614432025, 230.0], "161" : [895.4611102362153, 282.2411081749849, 180.0], "163" : [1021.0843931696047, 284.90254557424026, 314.0], "165" : [1035.800708527376, 291.12624154898725, 141.0], "167" : [1035.800708527376, 291.12624154898725, 141.0], "169" : [1035.800708527376, 291.12624154898725, 141.0], "171" : [1053.6325965087685, 294.17154911668365, 362.0], "173" : [1053.6325965087685, 294.17154911668365, 362.0], "175" : [619.8687494762689, 301.1097209687445, 144.0], "177" : [611.5440890691018, 303.9491015528271, 279.0], "179" : [707.6162471950446, 303.3274370027238, 277.0], "181" : [783.6159782589392, 303.0458777627355, 194.0], "183" : [783.6159782589392, 303.0458777627355, 194.0], "185" : [838.5112581019771, 305.7238403592015, 151.0], "187" : [765.9503628837512, 310.3881267037124, 278.0], "189" : [916.1785061601452, 306.7328908055399, 228.0], "191" : [987.8178391045409, 319.9301545593046, 398.0], "193" : [946.214008641135, 314.0922709613632, 207.0], "195" : [1051.933117894058, 314.9401915426751, 311.0], "197" : [1092.5588676983177, 321.47685066550446, 406.0], "199" : [1086.4440689158787, 327.63107214404073, 177.0], "201" : [702.0767127489796, 340.09452066900485, 73.0], "203" : [704.9870391051447, 342.9817893817229, 324.0], "205" : [694.8866690782236, 329.05777601217187, 90.0], "207" : [694.8866690782236, 329.05777601217187, 90.0], "209" : [694.8866690782236, 329.05777601217187, 90.0], "211" : [749.339814990576, 326.4833335892296, 216.0], "213" : [749.339814990576, 326.4833335892296, 216.0], "215" : [749.339814990576, 326.4833335892296, 216.0], "217" : [835.7904349538956, 335.6886950946056, 230.0], "219" : [872.2263728259841, 336.4357151014156, 182.0], "221" : [872.2263728259841, 336.4357151014156, 182.0], "223" : [944.5246742091523, 336.8915575363828, 154.0], "225" : [944.5246742091523, 336.8915575363828, 154.0], "227" : [999.9413784209652, 348.63103681050166, 145.0], "229" : [985.662097298644, 351.8112909327798, 124.0], "231" : [1035.182190090663, 346.14931552352124, 219.0], "233" : [980.0124992576626, 337.9288688988254, 336.0], "235" : [647.7584836290899, 416.65992933574864, 277.0], "237" : [718.2619457918049, 399.50353963960185, 113.0], "239" : [773.7418590862169, 392.04341117967374, 129.0], "241" : [739.118263506923, 395.1673915519735, 230.0], "243" : [845.4041499833598, 392.21547195511886, 265.0], "245" : [845.4041499833598, 392.21547195511886, 265.0], "247" : [901.648593931259, 400.45502007835313, 249.0], "249" : [905.248195866315, 403.2831322521456, 83.0], "251" : [933.4676193734546, 397.7133328959474, 210.0], "253" : [1006.3091556405607, 405.7098563466985, 142.0], "255" : [1006.3091556405607, 405.7098563466985, 142.0], "257" : [1038.5393384425863, 411.97315957092525, 272.0], "259" : [1017.1283928344177, 410.88549094904477, 324.0], "261" : [1065.0683409963106, 412.42664106590234, 259.0], "263" : [1039.8617193972782, 412.10390622454037, 128.0], "265" : [1093.5298051332397, 421.45292572306175, 359.0], "267" : [1021.1895364865953, 419.61569829668224, 172.0], "269" : [1037.5780860752627, 427.3205483740546, 73.0], "271" : [1037.5780860752627, 427.3205483740546, 73.0], "273" : [1080.6813131698727, 427.9444483024464, 198.0], "275" : [988.4331621722392, 445.7392852752469, 196.0], "277" : [737.6019875042454, 443.8509889293201, 151.0], "279" : [737.6019875042454, 443.8509889293201, 151.0], "281" : [690.926909964055, 451.7920002639519, 275.0], "283" : [829.404690683352, 441.7781238151929, 128.0], "285" : [809.7090909940822, 440.46515202028826, 66.0], "287" : [911.9652165178318, 441.5293444995094, 92.0], "289" : [911.202798695627, 434.453847859903, 143.0],