{"1" : [727.3863633408537, 75.9545500598952, 88.0], "3" : [586.41603257213, 70.53924137268551, 237.0], "5" : [809.8340417453328, 60.49574325357176, 94.0], "7" : [691.4865383422173, 70.20480804542399, 104.0], "9" : [689.7574720504714, 74.19885434308607, 87.0], "11" : [655.4037826100481, 75.0956781471553, 185.0], "13" : [834.7044543359411, 77.34604443293946, 202.0], "15" : [961.2617799918407, 129.86335098210844, 191.0], "17" : [961.2617799918407, 129.86335098210844, 191.0], "19" : [961.2617799918407, 129.86335098210844, 191.0], "21" : [981.6786944913085, 99.7292092356666, 291.0], "23" : [981.6786944913085, 99.7292092356666, 291.0], "25" : [1073.2747568815607, 82.36116414022376, 103.0], "27" : [734.3172586179043, 114.89690083044967, 226.0], "29" : [772.4746277148769, 118.53582273716246, 134.0], "31" : [789.4831317965287, 158.19939780951364, 166.0], "33" : [789.4831317965287, 158.19939780951364, 166.0], "35" : [792.7733350846931, 98.44733620332437, 150.0], "37" : [792.7733350846931, 98.44733620332437, 150.0], "39" : [792.7733350846931, 98.44733620332437, 150.0], "41" : [713.0236865338534, 111.85394664633759, 152.0], "43" : [713.0236865338534, 111.85394664633759, 152.0], "45" : [951.6783317149478, 114.70999865310202, 120.0], "47" : [953.3521731290499, 117.02608842726754, 69.0], "49" : [662.4660560051117, 158.98715735682268, 109.0], "51" : [662.4660560051117, 158.98715735682268, 109.0], "53" : [868.0937874788353, 165.08012199372808, 161.0], "55" : [868.0937874788353, 165.08012199372808, 161.0], "57" : [890.5932664160047, 186.30103346028426, 193.0], "59" : [890.5932664160047, 186.30103346028426, 193.0], "61" : [806.5944448672915, 187.01111245457395, 54.0], "63" : [805.1535728263157, 187.52499943628618, 56.0], "65" : [718.6878118298914, 174.66925308628169, 361.0], "67" : [826.1578972921714, 238.8721055217092, 190.0], "69" : [623.1628856101534, 235.14793596041363, 194.0], "71" : [737.2974252218647, 234.20515296480303, 194.0], "73" : [707.7484845799296, 238.37272867689373, 99.0], "75" : [706.0220774929337, 239.9233746520715, 77.0], "77" : [635.5746270996464, 239.38880624360266, 134.0], "79" : [854.0625610419997, 247.84729342914653, 203.0], "81" : [1009.9537645048506, 246.71129082041435, 186.0], "83" : [951.0626179753334, 245.05194000570043, 206.0], "85" : [1044.2920654321904, 248.6301604533736, 126.0], "87" : [1044.2920654321904, 248.6301604533736, 126.0], "89" : [680.325000706451, 288.9205860935612, 68.0], "91" : [681.1201023367437, 288.6422113545388, 199.0], "93" : [850.8177032580251, 308.30573976802714, 209.0], "95" : [611.8904237780189, 300.0643708962182, 261.0], "97" : [611.8904237780189, 300.0643708962182, 261.0], "99" : [729.9722464759052, 298.9908771340036, 263.0], "101" : [729.9722464759052, 298.9908771340036, 263.0], "103" : [1002.8826076327448, 296.21676908233684, 161.0], "105" : [1002.8826076327448, 296.21676908233684, 161.0], "107" : [929.3431826823686, 296.942047680613, 176.0], "109" : [929.3431826823686, 296.942047680613, 176.0], "111" : [744.7007339094613, 323.86102853289157, 136.0], "113" : [744.7007339094613, 323.86102853289157, 136.0], "115" : [680.6550717270055, 363.5579720045142, 69.0], "117" : [635.6289661691932, 388.6362073073987, 290.0], "119" : [742.3207239249534, 391.5274621372329, 193.0], "121" : [915.5790831512404, 389.5784324228982, 153.0], "123" : [697.0754173368357, 431.8695530859388, 358.0], "125" : [697.0754173368357, 431.8695530859388, 358.0], "127" : [797.8642305001026, 425.08346538604263, 260.0], "129" : [797.8642305001026, 425.08346538604263, 260.0], "131" : [750.5036152483722, 424.97229228277865, 166.0], "133" : [750.5036152483722, 424.97229228277865, 166.0], "135" : [1030.0424237196883, 420.5496976450147, 165.0], "137" : [985.6062073521201, 422.97379302045675, 145.0], "139" : [985.6062073521201, 422.97379302045675, 145.0], "141" : [985.6062073521201, 422.97379302045675, 145.0], "143" : [807.4734454792751, 453.014688573464, 177.0], "145" : [763.9361599642638, 453.2875711334956, 177.0], "147" : [1010.5867473393278, 461.72047833791504, 83.0], "149" : [1012.2888914698915, 463.51764710709597, 153.0], "151" : [968.055650959131, 466.014779876127, 115.0], "153" : [690.3398995296628, 493.17979867662575, 198.0], "155" : [690.3398995296628, 493.17979867662575, 198.0], "157" : [690.3398995296628, 493.17979867662575, 198.0], "159" : [764.9655522671248, 496.7923406948314, 209.0], "161" : [764.9655522671248, 496.7923406948314, 209.0], "163" : [937.9859359980223, 487.348436533311, 64.0], "165" : [942.1723554915876, 482.29755589713784, 123.0], "167" : [890.9692322532604, 489.97337391539014, 169.0], "169" : [890.9692322532604, 489.97337391539014, 169.0], "171" : [771.9199982736237, 554.7833337885916, 120.0], "173" : [938.5540233987449, 558.1425311831463, 174.0], "175" : [856.9275542586807, 557.67244651671, 225.0], "177" : [1043.5352945272, 554.3700529790259, 187.0], "179" : [993.9892437160186, 560.7333348668027, 279.0], "181" : [1062.7983337178393, 558.2591677557432, 120.0], "183" : [658.727586014707, 627.1597703367133, 174.0], "185" : [658.727586014707, 627.1597703367133, 174.0], "187" : [619.830210979261, 616.557022686672, 235.0], "189" : [729.3488159517474, 621.6176277037191, 295.0], "191" : [729.3488159517474, 621.6176277037191, 295.0], "193" : [729.3488159517474, 621.6176277037191, 295.0], "195" : [717.0117643799314, 616.8110306602983, 136.0], "197" : [1047.5155724258748, 602.0668048007576, 244.0], "199" : [1080.4580611628387, 598.8239640004177, 217.0], "201" : [709.5489267706361, 652.8569913021922, 186.0], "203" : [709.5489267706361, 652.8569913021922, 186.0], "205" : [657.5158960475962, 647.8271800682883, 195.0], "207" : [618.3384595208641, 645.4485195164457, 169.0], "209" : [618.3384595208641, 645.4485195164457, 169.0], "211" : [847.6898220938419, 630.9376089747907, 226.0], "213" : [847.6898220938419, 630.9376089747907, 226.0], "215" : [847.6898220938419, 630.9376089747907, 226.0], "217" : [847.6898220938419, 630.9376089747907, 226.0], "219" : [818.7260272762855, 633.5945209675543, 73.0], "221" : [816.8840244210061, 633.913609559845, 169.0], "223" : [1013.186957351199, 625.4972844915786, 184.0], "225" : [1013.186957351199, 625.4972844915786, 184.0], "227" : [952.8891743010586, 631.1443293247195, 194.0], "229" : [902.822936656446, 632.4165119458768, 109.0], "231" : [901.4865869170092, 634.0939009654212, 82.0], "233" : [1067.1120408971733, 624.3120447044067, 191.0], "235" : [1067.1120408971733, 624.3120447044067, 191.0], "237" : [731.8702401775405, 689.9583330692973, 84.0], "239" : [670.7562907582394, 673.4357625483399, 151.0], "241" : [667.6973880590759, 677.65999959448, 115.0], "243" : [796.1110280921926, 677.5110254503784, 263.0], "245" : [930.8764455522172, 653.8564459463042, 225.0], "247" : [930.8764455522172, 653.8564459463042, 225.0], "249" : [930.8764455522172, 653.8564459463042, 225.0], "251" : [865.8598954416384, 678.2296870990357, 192.0], "253" : [1025.26262565177, 658.0606434546697, 404.0], "255" : [1025.26262565177, 658.0606434546697, 404.0], "257" : [759.2288742211515, 763.5767588600887, 142.0], "259" : [671.6624989237873, 749.1111122208035, 216.0], "261" : [671.6624989237873, 749.1111122208035, 216.0], "263" : [626.5920904323881, 746.841808979759, 177.0], "265" : [809.2117626567127, 735.5840314535903, 119.0], "267" : [813.8513521641148, 737.6216197229222, 111.0], "269" : [729.4460029489136, 742.5570002637614, 200.0], "271" : [729.4460029489136, 742.5570002637614, 200.0], "273" : [1010.3544824273015, 726.9282754124, 145.0], "275" : [1010.3544824273015, 726.9282754124, 145.0], "277" : [939.6408507977187, 741.2161704173654, 235.0], "279" : [1092.2548666362693, 719.4451323645334, 113.0], "281" : [1095.4357818112146, 721.565138390851, 109.0], "283" : [721.9381586354269, 772.6250013533707, 76.0], "285" : [849.7870973850283, 765.6705049217594, 217.0], "287" : [811.1225685981941, 764.9155625613104, 257.0], "289" : [735.4228096211159, 764.8315780493976, 171.0], "291" : [735.4228096211159, 764.8315780493976, 171.0],