{"1" : [640.6892478916097, 237.09677338030576, 93.0], "3" : [656.9559279457102, 113.0999996187558, 59.0], "5" : [673.1972607757447, 75.12602895429767, 73.0], "7" : [611.2262661907996, 67.30505381351176, 99.0], "9" : [604.4206095293239, 64.15190893690077, 262.0], "11" : [658.922824223115, 62.2755424963602, 368.0], "13" : [658.922824223115, 62.2755424963602, 368.0], "15" : [772.7165885702867, 61.28294753371361, 217.0], "17" : [772.7165885702867, 61.28294753371361, 217.0], "19" : [830.6934146783337, 59.65928058352022, 167.0], "21" : [769.5798444601122, 59.250460411816476, 650.0], "23" : [769.5798444601122, 59.250460411816476, 650.0], "25" : [827.2659818157013, 58.92268083180226, 194.0], "27" : [704.0533789724797, 91.7837841926947, 148.0], "29" : [704.0533789724797, 91.7837841926947, 148.0], "31" : [674.3843265853982, 85.08507524367057, 268.0], "33" : [695.0289481716536, 79.64539388872048, 152.0], "35" : [748.4620866874126, 76.28407068338333, 182.0], "37" : [857.4526132295762, 79.89799140493653, 249.0], "39" : [842.7500021682104, 83.10508414573583, 118.0], "41" : [972.4064177483128, 79.01520404328794, 296.0], "43" : [980.9170576091403, 70.47529510164571, 170.0], "45" : [1023.9454562794364, 71.18863764245096, 132.0], "47" : [646.1314106990693, 119.0805070188101, 277.0], "49" : [650.4436783633582, 119.72758546723863, 87.0], "51" : [752.6024314883539, 118.9461819560243, 288.0], "53" : [814.1655682145099, 120.31084621065608, 212.0], "55" : [876.1304340673312, 119.55217429191649, 207.0], "57" : [950.6914741141709, 114.09375030113337, 176.0], "59" : [1001.202983399034, 108.57015242367605, 134.0], "61" : [1063.7348854545335, 95.80930469464708, 129.0], "63" : [1066.4697708241422, 88.3546503131096, 86.0], "65" : [1091.0791697355398, 87.34583680802132, 168.0], "67" : [739.8370646405057, 137.66782923773567, 143.0], "69" : [674.8683323160008, 147.43277900503938, 180.0], "71" : [675.8223376517257, 149.94893785244065, 94.0], "73" : [702.5804979742439, 148.2033206167925, 241.0], "75" : [807.281131393643, 147.80377630214247, 212.0], "77" : [864.0148780502607, 152.03529673083733, 289.0], "79" : [990.0837094930652, 151.9235308719295, 221.0], "81" : [945.3395827622231, 151.0333348876768, 144.0], "83" : [943.794183419605, 151.07209430072868, 86.0], "85" : [976.1984361422402, 153.2921882600164, 128.0], "87" : [596.9066286161928, 229.19457723459632, 166.0], "89" : [720.9066659426657, 234.89199863816017, 225.0], "91" : [824.1947737032752, 229.18953381878086, 172.0], "93" : [870.161133637576, 224.0380571039948, 247.0], "95" : [694.8299421793879, 247.51977561867727, 177.0], "97" : [658.277270606322, 251.33939496631697, 198.0], "99" : [658.277270606322, 251.33939496631697, 198.0], "101" : [755.9755549697844, 249.8744472902576, 180.0], "103" : [820.4550020046279, 252.4420018976992, 100.0], "105" : [825.0227694391738, 253.5926837354943, 123.0], "107" : [926.5619056594571, 251.33531838137884, 252.0], "109" : [922.7547611270458, 248.38095398674577, 84.0], "111" : [1049.1935897992846, 249.26581360403705, 234.0], "113" : [1049.1935897992846, 249.26581360403705, 234.0], "115" : [1018.4292007242888, 244.8269893861126, 226.0], "117" : [653.7141923464964, 275.1348417757317, 155.0], "119" : [673.3752418540055, 272.764077130702, 206.0], "121" : [770.9135133240856, 275.34702825250633, 185.0], "123" : [825.142076799992, 280.226225875579, 183.0], "125" : [825.142076799992, 280.226225875579, 183.0], "127" : [779.4571415574949, 280.59933347101486, 301.0], "129" : [986.9333319902414, 283.88787886273326, 165.0], "131" : [942.8916899192295, 280.1478379448796, 301.0], "133" : [1020.433866723329, 283.8171297185088, 251.0], "135" : [1055.6848697458395, 278.6546070719321, 152.0], "137" : [712.803393255568, 316.5180791522422, 177.0], "139" : [712.803393255568, 316.5180791522422, 177.0], "141" : [676.0927280000144, 311.49745334607974, 275.0], "143" : [744.4854915027385, 310.7860086561785, 193.0], "145" : [839.4947104865033, 314.4668252099774, 208.0], "147" : [821.2678819789343, 314.87883168299317, 137.0], "149" : [912.5617776026994, 313.1596832459133, 191.0], "151" : [959.9670266333898, 316.5145935270029, 185.0], "153" : [959.9670266333898, 316.5145935270029, 185.0], "155" : [1019.4970830990189, 316.5615163108615, 343.0], "157" : [739.6486669541739, 405.98733234612746, 150.0], "159" : [686.6183677717272, 405.153059879885, 294.0], "161" : [683.3080658422124, 395.1232265286659, 310.0], "163" : [793.2698428741841, 396.2063492828182, 189.0], "165" : [855.545418540816, 400.2549304096908, 284.0], "167" : [962.1654549777279, 406.0774538903476, 275.0], "169" : [988.2776687933574, 403.59174700033935, 206.0], "171" : [649.119394542558, 434.3048481622315, 165.0], "173" : [646.8967240078325, 432.9633892940477, 183.0], "175" : [646.8967240078325, 432.9633892940477, 183.0], "177" : [754.5869880178662, 435.65055793464603, 269.0], "179" : [872.939919784108, 437.1687734627944, 253.0], "181" : [872.939919784108, 437.1687734627944, 253.0], "183" : [907.7475136258189, 437.0718217496655, 181.0], "185" : [1002.6231406714667, 439.98296864187733, 229.0], "187" : [670.5067001074174, 477.4201054724016, 194.0], "189" : [751.6839107956204, 471.8566819298003, 404.0], "191" : [866.5036355591127, 471.6927272731474, 165.0], "193" : [919.9634130117469, 477.3307351946115, 205.0], "195" : [989.8314232613213, 476.7335929583272, 646.0], "197" : [989.8314232613213, 476.7335929583272, 646.0], "199" : [772.6341487527147, 503.9471535447115, 123.0], "201" : [672.7259119428743, 555.1208031183753, 274.0], "203" : [770.1642572079551, 558.1008056560338, 249.0], "205" : [870.8195742882856, 556.6298954711098, 281.0], "207" : [1091.955109606315, 553.6346659150136, 225.0], "209" : [615.3277763401197, 600.8840285466292, 144.0], "211" : [580.1959175054928, 592.1047628092257, 294.0], "213" : [580.1959175054928, 592.1047628092257, 294.0], "215" : [679.8519802372277, 598.1188125184922, 202.0], "217" : [679.3841466670083, 600.1048768650783, 82.0], "219" : [702.9104948278526, 594.8067906566145, 162.0], "221" : [702.9104948278526, 594.8067906566145, 162.0], "223" : [814.99754799528, 601.6300647162885, 163.0], "225" : [910.3419525398917, 598.4336595816811, 205.0], "227" : [1054.5048300842327, 585.0099036851059, 414.0], "229" : [1051.8346159628568, 583.0906599600847, 182.0], "231" : [639.5598288824281, 625.1017119942616, 234.0], "233" : [639.5598288824281, 625.1017119942616, 234.0], "235" : [639.5598288824281, 625.1017119942616, 234.0], "237" : [591.1687218418631, 622.5421815073812, 211.0], "239" : [591.1687218418631, 622.5421815073812, 211.0], "241" : [672.3720151398416, 618.5757214617157, 243.0], "243" : [802.1737118886659, 621.039429664752, 350.0], "245" : [802.1737118886659, 621.039429664752, 350.0], "247" : [936.7338414234983, 623.328355834108, 328.0], "249" : [936.7338414234983, 623.328355834108, 328.0], "251" : [976.9844171077089, 621.4136374322208, 154.0], "253" : [976.9844171077089, 621.4136374322208, 154.0], "255" : [976.9844171077089, 621.4136374322208, 154.0], "257" : [1090.3081453711868, 621.0257920054338, 221.0], "259" : [1090.3081453711868, 621.0257920054338, 221.0], "261" : [727.290791223545, 659.9519762329813, 152.0], "263" : [727.290791223545, 659.9519762329813, 152.0], "265" : [658.2437117034156, 658.219403362395, 469.0], "267" : [658.2437117034156, 658.219403362395, 469.0], "269" : [658.2437117034156, 658.219403362395, 469.0], "271" : [790.5812156408402, 661.9270732067613, 181.0], "273" : [790.5812156408402, 661.9270732067613, 181.0], "275" : [864.9673211869612, 660.0744106441318, 254.0], "277" : [864.9673211869612, 660.0744106441318, 254.0], "279" : [933.9485596249497, 651.7012359200659, 243.0], "281" : [1032.8738084870156, 645.2773765053863, 84.0], "283" : [1038.3497779034544, 647.859471127924, 227.0], "285" : [998.8255397048031, 649.064934961214, 231.0], "287" : [998.8255397048031, 649.064934961214, 231.0], "289" : [712.733731121388, 723.3710317837406, 252.0], "291" : [787.7025189617867, 725.1903345606736, 238.0],