{"1" : [746.8523513207801, 423.95470444914775, 170.0], "3" : [746.8523513207801, 423.95470444914775, 170.0], "5" : [769.9430457532861, 490.3582765113917, 151.0], "7" : [769.9430457532861, 490.3582765113917, 151.0], "9" : [776.1951918766852, 484.4807672201533, 208.0], "11" : [776.2383238227536, 272.0200523744517, 394.0], "13" : [791.3067429989624, 288.86404216656354, 178.0], "15" : [808.6291650773161, 94.9416687693308, 240.0], "17" : [808.6291650773161, 94.9416687693308, 240.0], "19" : [807.7023394555283, 5.821442988175411, 513.0], "21" : [846.4950778385607, 9.155691555272904, 325.0], "23" : [836.3087912459414, 70.95824075957215, 91.0], "25" : [651.3016483201394, 71.37616331024597, 667.0], "27" : [844.4908231059759, 74.11614465333167, 316.0], "29" : [842.2062868683347, 79.55600100790157, 175.0], "31" : [858.4337648360149, 124.66450429062587, 462.0], "33" : [858.4337648360149, 124.66450429062587, 462.0], "35" : [849.6824746086802, 112.3572153946047, 194.0], "37" : [782.9377953662316, 143.69802738037984, 254.0], "39" : [782.9377953662316, 143.69802738037984, 254.0], "41" : [928.4767255650743, 100.5362060323551, 116.0], "43" : [928.4767255650743, 100.5362060323551, 116.0], "45" : [1061.8083170416285, 65.21732061628629, 433.0], "47" : [1113.6024988032975, 78.30350350861802, 200.0], "49" : [787.7484959681975, 99.17894809686379, 266.0], "51" : [787.7484959681975, 99.17894809686379, 266.0], "53" : [783.7620507267819, 101.01914582426657, 585.0], "55" : [783.7620507267819, 101.01914582426657, 585.0], "57" : [794.4621106195002, 100.5273444042654, 256.0], "59" : [794.4621106195002, 100.5273444042654, 256.0], "61" : [794.4621106195002, 100.5273444042654, 256.0], "63" : [890.0951721038733, 105.92925984399099, 352.0], "65" : [948.2481980358659, 103.90540418081491, 222.0], "67" : [1016.221051311372, 102.85032862847245, 304.0], "69" : [1016.221051311372, 102.85032862847245, 304.0], "71" : [1018.947367611652, 104.212274961406, 57.0], "73" : [688.8858266252249, 123.95197406992283, 127.0], "75" : [691.2694054968056, 122.18867216463279, 353.0], "77" : [712.0524215767338, 127.46693466926419, 248.0], "79" : [712.0524215767338, 127.46693466926419, 248.0], "81" : [712.0524215767338, 127.46693466926419, 248.0], "83" : [770.0064834460292, 137.82354828993093, 293.0], "85" : [901.0796821587984, 136.56024475104482, 566.0], "87" : [1011.2371217078473, 136.96994804823893, 396.0], "89" : [1051.8393270723434, 142.61797428576867, 89.0], "91" : [690.2994145648297, 177.11026802024512, 341.0], "93" : [920.9196015301382, 173.4806444353892, 403.0], "95" : [920.9196015301382, 173.4806444353892, 403.0], "97" : [985.2976899250456, 197.1276938639332, 130.0], "99" : [1029.7477610579128, 223.53432760804486, 67.0], "101" : [692.9909083190654, 236.65454397504894, 132.0], "103" : [613.7855589004504, 237.17666585962027, 90.0], "105" : [613.7855589004504, 237.17666585962027, 90.0], "107" : [630.2904485998188, 234.77914187017126, 513.0], "109" : [631.3042907481811, 231.04999996150994, 70.0], "111" : [809.5303629383641, 238.02904286890913, 303.0], "113" : [932.7049103870169, 242.46490957702616, 550.0], "115" : [933.4164921603588, 239.39978692736574, 473.0], "117" : [912.4711445973162, 257.64308451275866, 253.0], "119" : [912.4711445973162, 257.64308451275866, 253.0], "121" : [933.464947344918, 268.0783529756536, 97.0], "123" : [674.2128350499686, 273.1537340158977, 335.0], "125" : [869.7167466176724, 282.9361220081644, 418.0], "127" : [1032.834869732553, 304.4143167796893, 433.0], "129" : [1032.834869732553, 304.4143167796893, 433.0], "131" : [632.6662712180711, 314.85158880390026, 252.0], "133" : [642.317970727261, 318.7884784435861, 217.0], "135" : [790.6656425382164, 320.0064151941748, 390.0], "137" : [985.2251073418324, 320.85234308876653, 470.0], "139" : [774.5526302372137, 343.67692418308485, 247.0], "141" : [690.369841024541, 357.42874941234004, 567.0], "143" : [690.369841024541, 357.42874941234004, 567.0], "145" : [791.0602895666964, 354.98736591384153, 277.0], "147" : [933.7134630238661, 354.1927344757371, 468.0], "149" : [651.2256339208178, 405.57563291999617, 394.0], "151" : [658.1499958006618, 408.3330436345937, 230.0], "153" : [675.2176022398279, 438.38622104253795, 392.0], "155" : [674.9728154103691, 444.25533661108324, 515.0], "157" : [869.5304615497948, 423.6979971215746, 499.0], "159" : [869.5304615497948, 423.6979971215746, 499.0], "161" : [869.5304615497948, 423.6979971215746, 499.0], "163" : [869.5304615497948, 423.6979971215746, 499.0], "165" : [915.7079864973978, 422.4757189067111, 313.0], "167" : [915.7079864973978, 422.4757189067111, 313.0], "169" : [738.9766350805927, 442.39532189618456, 321.0], "171" : [738.9766350805927, 442.39532189618456, 321.0], "173" : [710.4484407369509, 447.27656136301727, 256.0], "175" : [699.8067664312299, 447.67593998725204, 133.0], "177" : [759.8917925010579, 462.0496252384888, 268.0], "179" : [931.0911765920516, 485.7696057670694, 102.0], "181" : [931.0911765920516, 485.7696057670694, 102.0], "183" : [927.9612494058741, 489.1700013066438, 80.0], "185" : [927.9612494058741, 489.1700013066438, 80.0], "187" : [927.9612494058741, 489.1700013066438, 80.0], "189" : [1079.3020734299266, 492.99045588611693, 241.0], "191" : [642.8603323581132, 505.46033122024846, 121.0], "193" : [653.8277760113779, 502.5333364455474, 180.0], "195" : [602.1929763760701, 492.1909712652602, 299.0], "197" : [797.954708128671, 482.37302471042966, 393.0], "199" : [797.954708128671, 482.37302471042966, 393.0], "201" : [971.1503330892313, 470.9228185827315, 149.0], "203" : [1083.5583793291114, 470.5324323224463, 185.0], "205" : [739.7826094196274, 520.806829209051, 161.0], "207" : [750.5887574765148, 523.082840353668, 338.0], "209" : [856.5079830665763, 519.2972682955302, 476.0], "211" : [928.4336391027397, 567.0105993580072, 217.0], "213" : [928.4336391027397, 567.0105993580072, 217.0], "215" : [646.0804887435407, 588.6399997903075, 205.0], "217" : [646.0804887435407, 588.6399997903075, 205.0], "219" : [654.631033360196, 588.8889178823144, 406.0], "221" : [654.631033360196, 588.8889178823144, 406.0], "223" : [718.8032049201047, 584.6474350309354, 156.0], "225" : [715.7738146840265, 581.6654762232549, 84.0], "227" : [950.7493529921899, 595.4090153462031, 233.0], "229" : [950.7493529921899, 595.4090153462031, 233.0], "231" : [1081.6542344242152, 609.630509928624, 177.0], "233" : [647.578378300318, 631.3162149016326, 111.0], "235" : [667.7153826767428, 624.9257313833269, 377.0], "237" : [667.7153826767428, 624.9257313833269, 377.0], "239" : [786.9695948465143, 634.5245490097814, 444.0], "241" : [931.8673077944243, 630.8160223335719, 156.0], "243" : [931.8673077944243, 630.8160223335719, 156.0], "245" : [1092.1953712913862, 640.1712970272627, 108.0], "247" : [1096.8873687752134, 644.6289474852072, 190.0], "249" : [669.5929834028606, 679.1640292569341, 114.0], "251" : [685.105317940805, 679.4847176866546, 301.0], "253" : [899.0063712414094, 669.4426630164944, 879.0], "255" : [628.99615831463, 764.4369584841141, 625.0], "257" : [814.1723006238533, 758.4413162833613, 426.0], "259" : [814.1723006238533, 758.4413162833613, 426.0], "261" : [809.7918201137068, 763.1780951765712, 379.0], "263" : [949.3868885037888, 775.9922351047443, 206.0], "265" : [949.3868885037888, 775.9922351047443, 206.0], "267" : [1094.1222661633092, 791.4363270701614, 256.0], "269" : [1094.1222661633092, 791.4363270701614, 256.0], "271" : [633.0084431364821, 834.5909085105288, 154.0], "273" : [639.3695668015599, 832.2000020429033, 460.0], "275" : [835.9456618019902, 823.424201012867, 219.0], "277" : [835.9456618019902, 823.424201012867, 219.0], "279" : [834.9389301437876, 828.5450409941637, 131.0], "281" : [834.9389301437876, 828.5450409941637, 131.0], "283" : [990.7124984734285, 833.3273256420156, 344.0], "285" : [764.320591616106, 858.5281470185693, 238.0], "287" : [765.9108945614914, 855.9277182277046, 101.0], "289" : [890.8326374358862, 847.0354132962188, 144.0],