{"1" : [666.65952233977, 134.37380856109115, 84.0], "3" : [798.4442745192611, 61.00305256292639, 131.0], "5" : [798.4442745192611, 61.00305256292639, 131.0], "7" : [593.4288801651314, 167.5125008808099, 232.0], "9" : [695.2596777761541, 134.23548205313418, 62.0], "11" : [695.2596777761541, 134.23548205313418, 62.0], "13" : [703.2711272132318, 127.29718367405471, 142.0], "15" : [703.2711272132318, 127.29718367405471, 142.0], "17" : [776.6785710997661, 118.19873889319206, 238.0], "19" : [835.7037738217164, 101.18443242035472, 212.0], "21" : [835.7037738217164, 101.18443242035472, 212.0], "23" : [990.0742228098745, 90.93074553606455, 322.0], "25" : [1022.0650414809546, 90.30488102196853, 123.0], "27" : [1089.0219737744894, 89.57954389746124, 132.0], "29" : [717.2134199924647, 133.4116869215543, 231.0], "31" : [717.2134199924647, 133.4116869215543, 231.0], "33" : [717.2134199924647, 133.4116869215543, 231.0], "35" : [781.9751446497002, 131.44450663274603, 173.0], "37" : [781.9751446497002, 131.44450663274603, 173.0], "39" : [781.9751446497002, 131.44450663274603, 173.0], "41" : [852.8514145768368, 122.88349118458773, 212.0], "43" : [966.8135496635869, 123.31121735601315, 214.0], "45" : [966.8135496635869, 123.31121735601315, 214.0], "47" : [993.8962948302637, 126.33240605273956, 108.0], "49" : [993.8962948302637, 126.33240605273956, 108.0], "51" : [619.4574624821055, 145.20045114506146, 221.0], "53" : [767.335816641301, 158.3330241200415, 215.0], "55" : [767.335816641301, 158.3330241200415, 215.0], "57" : [825.0545936232985, 157.22806201446258, 196.0], "59" : [921.1333323718356, 150.5017554996308, 171.0], "61" : [921.1333323718356, 150.5017554996308, 171.0], "63" : [1046.0493679786703, 143.01392010399795, 237.0], "65" : [705.0473496721155, 193.5657255950272, 283.0], "67" : [758.7565818742686, 192.2401337585304, 152.0], "69" : [840.6487442351394, 192.50904707811466, 199.0], "71" : [934.9631375520866, 183.14196434801306, 255.0], "73" : [994.5503415225719, 180.12276090646355, 145.0], "75" : [611.5036159329329, 278.68514196449877, 249.0], "77" : [713.1051150353442, 259.5096601021431, 176.0], "79" : [713.1051150353442, 259.5096601021431, 176.0], "81" : [819.8696440744358, 260.92856942729196, 224.0], "83" : [819.8696440744358, 260.92856942729196, 224.0], "85" : [940.572836800078, 259.04691426777157, 243.0], "87" : [940.572836800078, 259.04691426777157, 243.0], "89" : [1016.1229148321278, 255.684374609434, 192.0], "91" : [1078.4443742060378, 251.3218761035607, 160.0], "93" : [685.9875020543366, 295.7596783811316, 248.0], "95" : [685.9875020543366, 295.7596783811316, 248.0], "97" : [806.8289464997276, 314.52236810642216, 76.0], "99" : [633.2801085840512, 323.16774164908054, 186.0], "101" : [633.2801085840512, 323.16774164908054, 186.0], "103" : [808.9926985269257, 287.87445355224173, 137.0], "105" : [810.6847946324377, 296.7590648237394, 171.0], "107" : [810.6847946324377, 296.7590648237394, 171.0], "109" : [895.7666660816482, 298.13036009900213, 168.0], "111" : [895.7666660816482, 298.13036009900213, 168.0], "113" : [895.7666660816482, 298.13036009900213, 168.0], "115" : [1004.8905661235266, 298.67122875664006, 212.0], "117" : [1004.8905661235266, 298.67122875664006, 212.0], "119" : [689.5123163276298, 328.8389149411888, 203.0], "121" : [689.5123163276298, 328.8389149411888, 203.0], "123" : [689.5123163276298, 328.8389149411888, 203.0], "125" : [780.0806094270455, 325.48453206962256, 459.0], "127" : [780.0806094270455, 325.48453206962256, 459.0], "129" : [780.0806094270455, 325.48453206962256, 459.0], "131" : [944.3222769845919, 324.5077739401565, 193.0], "133" : [944.3222769845919, 324.5077739401565, 193.0], "135" : [944.3222769845919, 324.5077739401565, 193.0], "137" : [949.1120818546042, 322.8879171644945, 240.0], "139" : [949.1120818546042, 322.8879171644945, 240.0], "141" : [1002.141508166528, 324.605661842887, 159.0], "143" : [1002.141508166528, 324.605661842887, 159.0], "145" : [1075.8663274839698, 318.3918373630959, 196.0], "147" : [693.6933315815146, 349.6786663081055, 75.0], "149" : [693.6933315815146, 349.6786663081055, 75.0], "151" : [694.0385861954155, 350.65269294353465, 241.0], "153" : [694.0385861954155, 350.65269294353465, 241.0], "155" : [781.6862243104506, 350.8566299981554, 196.0], "157" : [869.368899702717, 352.9100467029723, 209.0], "159" : [869.368899702717, 352.9100467029723, 209.0], "161" : [937.5723756826453, 354.2215458609565, 181.0], "163" : [989.3627585813795, 352.1482720826532, 145.0], "165" : [604.5468081551605, 423.8028386186498, 141.0], "167" : [661.3006173257137, 415.9926372500335, 163.0], "169" : [741.3011157449122, 414.0240239588601, 179.0], "171" : [882.6838707866325, 420.82672847815405, 217.0], "173" : [932.3370394141627, 419.30222291679553, 135.0], "175" : [1029.3380967363526, 417.4502177878301, 231.0], "177" : [681.5077708798069, 439.3837074839246, 399.0], "179" : [792.2698501921169, 443.03516952061307, 199.0], "181" : [850.3417203713766, 444.3542976680303, 151.0], "183" : [960.472773001578, 440.59455410987306, 202.0], "185" : [985.8787700860445, 446.6328779889318, 146.0], "187" : [588.4427883700731, 468.3893023019675, 215.0], "189" : [678.790909189783, 462.4749976198215, 176.0], "191" : [756.2171151838802, 479.2862416528469, 298.0], "193" : [865.1505972169105, 477.67848693271714, 251.0], "195" : [982.2415684035228, 481.06039219164, 255.0], "197" : [1060.2488591861663, 488.16666746608826, 219.0], "199" : [680.9135483510253, 498.4458053208077, 155.0], "201" : [680.9135483510253, 498.4458053208077, 155.0], "203" : [680.9135483510253, 498.4458053208077, 155.0], "205" : [741.9205275825932, 510.9842121796813, 190.0], "207" : [870.0265158463383, 511.2924248266606, 264.0], "209" : [947.0038225291327, 510.7515934187375, 157.0], "211" : [1009.1126213450362, 517.1067979011236, 103.0], "213" : [633.877272954066, 577.4530283686757, 264.0], "215" : [731.7942318707157, 576.0057713265255, 208.0], "217" : [772.7721133389232, 581.1988028222086, 251.0], "219" : [868.2933031779826, 580.7977663769751, 224.0], "221" : [930.0685391790587, 580.6286500833638, 178.0], "223" : [930.0685391790587, 580.6286500833638, 178.0], "225" : [990.7306670674984, 584.9000012759759, 150.0], "227" : [1058.31056550352, 583.8140832674126, 142.0], "229" : [600.7888349083512, 602.6990298214155, 206.0], "231" : [682.5350527491217, 600.9737129613001, 194.0], "233" : [799.0505729401589, 607.87739606497, 261.0], "235" : [881.606607329215, 609.286784175985, 227.0], "237" : [1012.643752595901, 614.4800022115983, 240.0], "239" : [1068.8198725507993, 613.3105587578121, 161.0], "241" : [629.7329106379879, 629.3561170690771, 237.0], "243" : [629.7329106379879, 629.3561170690771, 237.0], "245" : [629.7329106379879, 629.3561170690771, 237.0], "247" : [769.7692994661187, 636.1906988744954, 215.0], "249" : [807.4891729206024, 638.6070072119031, 157.0], "251" : [898.0181479917001, 641.5806970956119, 259.0], "253" : [957.8476523826014, 643.6362409647948, 149.0], "255" : [1072.578845204, 648.5121798066256, 156.0], "257" : [683.1322864078501, 670.2682884845375, 350.0], "259" : [794.1005174585373, 671.7237121277706, 194.0], "261" : [876.9299989271058, 673.208461735414, 130.0], "263" : [876.9299989271058, 673.208461735414, 130.0], "265" : [1030.0485720201411, 688.0874294861964, 175.0], "267" : [615.6067488034829, 750.0674852972952, 326.0], "269" : [615.6067488034829, 750.0674852972952, 326.0], "271" : [720.0380528718101, 742.481414022958, 113.0], "273" : [720.0380528718101, 742.481414022958, 113.0], "275" : [799.8200005967992, 738.3030768295864, 65.0], "277" : [805.0746278392633, 739.8835819768458, 134.0], "279" : [933.1548658706132, 753.5583640215909, 257.0], "281" : [933.1548658706132, 753.5583640215909, 257.0], "283" : [1017.5536125897403, 755.3879541538047, 166.0], "285" : [1017.5536125897403, 755.3879541538047, 166.0], "287" : [1119.9758595068058, 760.3059113639149, 203.0], "289" : [675.7725093476195, 781.7796818657798, 251.0],