{"1" : [831.2970600089385, 20.62499881134412, 68.0], "3" : [654.4231191593025, 86.499998961798, 173.0], "5" : [642.2530918683215, 91.65206478579847, 194.0], "7" : [642.2530918683215, 91.65206478579847, 194.0], "9" : [731.7431818864563, 79.61477413563615, 88.0], "11" : [731.7431818864563, 79.61477413563615, 88.0], "13" : [732.67553969893, 79.00719655384697, 139.0], "15" : [732.67553969893, 79.00719655384697, 139.0], "17" : [808.6431905087613, 72.97934412701636, 213.0], "19" : [674.533080803548, 82.92781936913507, 133.0], "21" : [655.3879186516201, 100.35033533996496, 149.0], "23" : [655.3879186516201, 100.35033533996496, 149.0], "25" : [658.8252273889158, 103.27293312059793, 218.0], "27" : [767.3806201692908, 85.61542019741907, 227.0], "29" : [811.0940865463203, 77.83226205207069, 186.0], "31" : [854.3411161307166, 82.8736022510213, 197.0], "33" : [964.6410182618831, 96.47989601910666, 373.0], "35" : [964.6410182618831, 96.47989601910666, 373.0], "37" : [964.6410182618831, 96.47989601910666, 373.0], "39" : [981.8162011248577, 101.30111820973251, 179.0], "41" : [981.8162011248577, 101.30111820973251, 179.0], "43" : [1070.4798166617882, 67.87156327572838, 109.0], "45" : [726.6647073446777, 110.9264731201105, 170.0], "47" : [703.9837983386367, 119.90972013820416, 216.0], "49" : [827.1653186461605, 102.00751438770483, 173.0], "51" : [827.1653186461605, 102.00751438770483, 173.0], "53" : [875.5343510397744, 111.16679517754453, 262.0], "55" : [951.3124564037793, 132.21540793948247, 305.0], "57" : [951.3124564037793, 132.21540793948247, 305.0], "59" : [667.2791453993095, 146.9917096725781, 398.0], "61" : [766.793653999252, 145.57063194381382, 252.0], "63" : [835.0558563210253, 144.23378165034435, 222.0], "65" : [835.0558563210253, 144.23378165034435, 222.0], "67" : [917.1507673710693, 152.55107571452552, 325.0], "69" : [917.1507673710693, 152.55107571452552, 325.0], "71" : [972.8091530439856, 161.9633789627762, 142.0], "73" : [972.8091530439856, 161.9633789627762, 142.0], "75" : [1020.376023165398, 169.35087601042224, 171.0], "77" : [730.6258073335396, 174.2501777863447, 279.0], "79" : [699.6748354356339, 184.23509909366933, 151.0], "81" : [699.6748354356339, 184.23509909366933, 151.0], "83" : [853.0665110638639, 172.92744336742965, 430.0], "85" : [950.3370328149238, 183.71067892630546, 459.0], "87" : [661.8604040879325, 231.12281930421028, 149.0], "89" : [661.8604040879325, 231.12281930421028, 149.0], "91" : [633.6571426990891, 246.87634183252175, 224.0], "93" : [722.8830967812822, 227.84049303250825, 284.0], "95" : [800.9848362626933, 224.5462096020322, 277.0], "97" : [847.0961254431398, 225.03023317780833, 258.0], "99" : [949.5124517028062, 235.8826394865548, 265.0], "101" : [982.0384624050481, 245.95897460132008, 195.0], "103" : [1053.3714290317648, 269.7027354369107, 329.0], "105" : [656.4582939315274, 259.98767948058537, 211.0], "107" : [656.4582939315274, 259.98767948058537, 211.0], "109" : [656.4582939315274, 259.98767948058537, 211.0], "111" : [718.5019993759993, 270.86828652606937, 350.0], "113" : [811.4791691629283, 263.4406248475555, 96.0], "115" : [811.4791691629283, 263.4406248475555, 96.0], "117" : [816.3415200294392, 266.9836266532294, 171.0], "119" : [816.3415200294392, 266.9836266532294, 171.0], "121" : [863.0759154104371, 274.1544520622663, 191.0], "123" : [797.8489620688766, 268.17801032424705, 241.0], "125" : [899.1353672300805, 272.5060969213069, 246.0], "127" : [986.6918902550328, 292.533789361215, 148.0], "129" : [986.6918902550328, 292.533789361215, 148.0], "131" : [991.215188646457, 293.9063317073952, 79.0], "133" : [991.215188646457, 293.9063317073952, 79.0], "135" : [1006.9795691184449, 292.18710566148644, 93.0], "137" : [1006.9795691184449, 292.18710566148644, 93.0], "139" : [675.2663551352445, 293.20093681035746, 107.0], "141" : [675.2663551352445, 293.20093681035746, 107.0], "143" : [629.6013239498118, 295.5642387920391, 151.0], "145" : [629.6013239498118, 295.5642387920391, 151.0], "147" : [766.6223357423988, 296.70633552517756, 300.0], "149" : [766.6223357423988, 296.70633552517756, 300.0], "151" : [808.2614755544964, 292.33237648593797, 244.0], "153" : [808.2614755544964, 292.33237648593797, 244.0], "155" : [853.2856113490692, 292.26722458603285, 424.0], "157" : [853.2856113490692, 292.26722458603285, 424.0], "159" : [912.1476371042748, 295.03176026547834, 233.0], "161" : [912.1476371042748, 295.03176026547834, 233.0], "163" : [961.184837867012, 300.08700589362184, 277.0], "165" : [961.184837867012, 300.08700589362184, 277.0], "167" : [993.1678146226704, 311.0568972545277, 174.0], "169" : [1051.3116775788114, 320.89594230820353, 197.0], "171" : [1080.0945041567497, 320.04945269995886, 182.0], "173" : [725.3155834407763, 306.80129733512666, 154.0], "175" : [699.2521226488383, 318.27297571656356, 259.0], "177" : [766.0588056396027, 311.94330750648066, 284.0], "179" : [824.1425430187265, 308.8253696828948, 134.0], "181" : [729.6101548408739, 304.69187732327686, 197.0], "183" : [770.3999994953855, 312.02423934197014, 165.0], "185" : [854.2815306126012, 318.1027038357187, 222.0], "187" : [930.0863808202164, 327.035798105268, 257.0], "189" : [930.0863808202164, 327.035798105268, 257.0], "191" : [985.5178829778285, 336.3689793023898, 274.0], "193" : [651.0883704711241, 393.0639536105518, 172.0], "195" : [692.5926142212561, 388.50568261121055, 176.0], "197" : [832.668419827457, 412.24605118147883, 76.0], "199" : [830.2707698727877, 400.8092324853132, 65.0], "201" : [911.1818178712523, 397.6835510633984, 231.0], "203" : [914.7868395911003, 389.4877219192419, 114.0], "205" : [940.3732639482317, 389.92981918069125, 389.0], "207" : [1029.3127470610655, 389.28284254350797, 204.0], "209" : [1045.461491029835, 391.2329187008279, 161.0], "211" : [682.7598809493652, 416.4023962268005, 167.0], "213" : [687.182146442082, 410.0178570613687, 56.0], "215" : [713.1371864902065, 412.0382668288344, 277.0], "217" : [837.1942457841617, 400.51814188437265, 226.0], "219" : [840.1499988116408, 408.50714218575683, 70.0], "221" : [848.6038453035953, 417.90769431208525, 182.0], "223" : [848.6038453035953, 417.90769431208525, 182.0], "225" : [956.4590446746823, 420.8308517078945, 188.0], "227" : [989.245628492108, 423.04854479143165, 103.0], "229" : [989.245628492108, 423.04854479143165, 103.0], "231" : [988.5000014974555, 428.7518537913412, 81.0], "233" : [988.5000014974555, 428.7518537913412, 81.0], "235" : [641.225000618748, 446.04845796671077, 520.0], "237" : [771.707857976968, 438.96585168928243, 369.0], "239" : [770.1613634147162, 444.75567848749574, 88.0], "241" : [874.3890783091996, 444.43562287519984, 174.0], "243" : [874.3890783091996, 444.43562287519984, 174.0], "245" : [879.5560062946895, 446.16199907116265, 150.0], "247" : [917.8340186198492, 452.8350518631916, 194.0], "249" : [968.808886380347, 448.72370420237945, 135.0], "251" : [1064.0803051536177, 456.8227250256986, 66.0], "253" : [717.150725011114, 476.11702935176413, 276.0], "255" : [676.3563639949324, 476.8181837669986, 110.0], "257" : [681.6367786865462, 469.35861886211035, 87.0], "259" : [756.3113208804792, 462.4573560246521, 265.0], "261" : [877.9496217367252, 462.91780074793724, 264.0], "263" : [904.7170980964556, 471.2549203624789, 193.0], "265" : [982.0921766151226, 475.5316348705701, 294.0], "267" : [1039.239653529727, 489.2212650548906, 174.0], "269" : [1039.239653529727, 489.2212650548906, 174.0], "271" : [645.5015391696636, 524.355382533749, 65.0], "273" : [650.1564215828498, 531.7784408978562, 218.0], "275" : [853.58686895175, 521.6045432270605, 198.0], "277" : [890.0370375132845, 521.1197522952489, 162.0], "279" : [946.1420450827543, 517.4931792590424, 176.0], "281" : [1016.3559447933986, 524.4797338583948, 227.0], "283" : [631.441512338947, 581.7867933805891, 53.0], "285" : [629.2595927699706, 574.1098819625308, 344.0], "287" : [725.8952747077432, 581.0440937460144, 254.0], "289" : [814.1783683862569, 575.6355096589198, 245.0],