{"1" : [707.9905872609951, 123.40941221206052, 85.0], "3" : [748.8597218795077, 84.68472204110539, 144.0], "5" : [811.4225447801407, 80.72254242029086, 173.0], "7" : [952.3466945272152, 84.94229118896058, 227.0], "9" : [991.5010851809227, 82.79021772911135, 184.0], "11" : [860.2918444222606, 77.8875565115489, 233.0], "13" : [891.537352037511, 82.44216799948776, 166.0], "15" : [793.7079999941951, 73.74600277557664, 150.0], "17" : [793.7079999941951, 73.74600277557664, 150.0], "19" : [789.0061735093809, 74.14691850930699, 81.0], "21" : [789.0061735093809, 74.14691850930699, 81.0], "23" : [750.6861272533945, 77.74277703750846, 173.0], "25" : [1001.441140804419, 90.92514330004659, 175.0], "27" : [696.0919472788637, 120.47449327883112, 149.0], "29" : [661.1262831659299, 119.32500164367798, 156.0], "31" : [761.5588258167385, 116.85882485867677, 153.0], "33" : [821.290769303396, 126.40256634860124, 195.0], "35" : [821.290769303396, 126.40256634860124, 195.0], "37" : [894.5209333214154, 138.73023041439575, 172.0], "39" : [985.930940835043, 134.62651985843394, 181.0], "41" : [985.930940835043, 134.62651985843394, 181.0], "43" : [762.6806280494468, 147.59843028110168, 191.0], "45" : [753.08695806488, 145.12484547661865, 161.0], "47" : [935.0095265673584, 153.3582019614004, 189.0], "49" : [1033.7546046352422, 158.12565818531692, 152.0], "51" : [909.2316618779678, 154.36833839677664, 319.0], "53" : [1047.5950272040843, 224.8353595817575, 181.0], "55" : [1047.5950272040843, 224.8353595817575, 181.0], "57" : [1066.3130915198117, 148.68273937736095, 168.0], "59" : [619.4666651222212, 232.12847225162892, 144.0], "61" : [619.4666651222212, 232.12847225162892, 144.0], "63" : [1084.4922145777996, 230.33652428312604, 167.0], "65" : [1121.0966381191847, 234.71596737086935, 119.0], "67" : [680.1875867167736, 272.98000049347405, 145.0], "69" : [729.0509468482899, 269.4723262017041, 159.0], "71" : [813.9988438582876, 259.89942211144813, 173.0], "73" : [813.9988438582876, 259.89942211144813, 173.0], "75" : [977.8330645588956, 257.97661224419795, 124.0], "77" : [977.8330645588956, 257.97661224419795, 124.0], "79" : [926.3943186884312, 257.5965910117999, 88.0], "81" : [926.3943186884312, 257.5965910117999, 88.0], "83" : [1052.2183922364568, 259.23850493736177, 174.0], "85" : [1052.2183922364568, 259.23850493736177, 174.0], "87" : [1052.2183922364568, 259.23850493736177, 174.0], "89" : [676.0275888200514, 270.78448260141676, 174.0], "91" : [629.9419405946171, 278.13548287182283, 62.0], "93" : [634.5450982998593, 278.9529410172864, 102.0], "95" : [778.8133305525055, 280.5266678634168, 60.0], "97" : [781.9624051013745, 281.5593965839371, 133.0], "99" : [871.4569298798294, 281.6737595679942, 202.0], "101" : [1019.0235953781734, 280.82134616347236, 178.0], "103" : [750.6421061418871, 319.3438643550188, 57.0], "105" : [753.7783316990016, 318.3716671473, 120.0], "107" : [729.9950302795017, 315.6154704021606, 181.0], "109" : [873.4726173518568, 315.36071155773635, 168.0], "111" : [996.8071424461205, 320.8819320350264, 238.0], "113" : [1011.507144815737, 320.0806139054822, 196.0], "115" : [1011.507144815737, 320.0806139054822, 196.0], "117" : [879.9169599027157, 310.25789297133775, 171.0], "119" : [933.2448662533172, 308.8994578220318, 185.0], "121" : [949.4679251004804, 366.97924573679006, 53.0], "123" : [746.9518938004652, 412.66864817412664, 185.0], "125" : [764.4476689479567, 412.97253765676095, 193.0], "127" : [726.687579592556, 410.12546463112056, 161.0], "129" : [726.687579592556, 410.12546463112056, 161.0], "131" : [858.8673519028824, 401.9553270420788, 291.0], "133" : [1014.40157031252, 404.06230264256527, 191.0], "135" : [724.6385094613887, 427.65962840748455, 161.0], "137" : [724.6385094613887, 427.65962840748455, 161.0], "139" : [724.6385094613887, 427.65962840748455, 161.0], "141" : [643.8783029831104, 438.4245266370847, 106.0], "143" : [784.7767401338207, 445.45697431284555, 172.0], "145" : [826.7191835486057, 448.57965185045356, 172.0], "147" : [909.0590372547629, 445.6172683567309, 249.0], "149" : [771.8535118336578, 484.36324007280655, 185.0], "151" : [722.9319275819441, 481.2560233274543, 166.0], "153" : [966.0575560757327, 482.7436024669184, 172.0], "155" : [1046.2142843395409, 479.36233785272265, 154.0], "157" : [711.2300787089343, 554.3601493190912, 133.0], "159" : [680.5566838748142, 553.666844584965, 187.0], "161" : [929.4676928960873, 553.5061531949674, 195.0], "163" : [929.4676928960873, 553.5061531949674, 195.0], "165" : [886.2652431269646, 555.4243911000962, 164.0], "167" : [974.2983138334853, 554.0999979950932, 178.0], "169" : [1075.2904512250261, 558.2359593484548, 178.0], "171" : [1048.3016469825047, 559.214837256395, 182.0], "173" : [670.9511105986942, 594.9566669800255, 90.0], "175" : [670.9511105986942, 594.9566669800255, 90.0], "177" : [676.0022999133827, 595.7643695352883, 87.0], "179" : [676.0022999133827, 595.7643695352883, 87.0], "181" : [638.6242931020629, 593.8395502358082, 177.0], "183" : [638.6242931020629, 593.8395502358082, 177.0], "185" : [749.5952723970573, 591.9447269492537, 275.0], "187" : [749.5952723970573, 591.9447269492537, 275.0], "189" : [839.935982057601, 590.4827089648055, 214.0], "191" : [839.935982057601, 590.4827089648055, 214.0], "193" : [908.3558149448181, 589.3273271969175, 172.0], "195" : [908.3558149448181, 589.3273271969175, 172.0], "197" : [1083.1591949286876, 588.496553568103, 174.0], "199" : [1083.1591949286876, 588.496553568103, 174.0], "201" : [643.3329123166205, 621.2873427272584, 158.0], "203" : [643.3329123166205, 621.2873427272584, 158.0], "205" : [729.2597771566246, 618.8865916643742, 179.0], "207" : [729.2597771566246, 618.8865916643742, 179.0], "209" : [846.9663361969135, 616.3460396978984, 202.0], "211" : [846.9663361969135, 616.3460396978984, 202.0], "213" : [992.2603075455709, 619.4154651092568, 194.0], "215" : [946.4897439921791, 620.4173087527778, 156.0], "217" : [946.4897439921791, 620.4173087527778, 156.0], "219" : [1116.1883823733253, 618.4893940550146, 198.0], "221" : [714.7787241960843, 672.0829806665199, 329.0], "223" : [854.3034656922188, 660.0763029358826, 173.0], "225" : [854.3034656922188, 660.0763029358826, 173.0], "227" : [977.8529685574196, 667.1726027983121, 219.0], "229" : [1078.670910305014, 662.8713642342896, 220.0], "231" : [707.0366032800114, 734.2751637827798, 153.0], "233" : [645.5619296393688, 736.8218279738318, 197.0], "235" : [765.7641217717022, 737.1470583301543, 170.0], "237" : [842.7943066592177, 729.1309586150421, 281.0], "239" : [842.7943066592177, 729.1309586150421, 281.0], "241" : [969.0214252567281, 725.304943172111, 182.0], "243" : [1046.8244182902913, 727.4244176411785, 172.0], "245" : [739.3885894568648, 762.7010853404498, 184.0], "247" : [739.3885894568648, 762.7010853404498, 184.0], "249" : [713.790003283941, 766.2868745569899, 160.0], "251" : [813.1579776059249, 763.729784322703, 188.0], "253" : [887.9357144061721, 758.833674542465, 196.0], "255" : [887.9357144061721, 758.833674542465, 196.0], "257" : [997.4850861537556, 757.1916679731795, 228.0], "259" : [997.4850861537556, 757.1916679731795, 228.0], "261" : [1097.076923927293, 755.0169249601968, 325.0], "263" : [653.8472586311623, 806.1842468219772, 146.0], "265" : [598.5914474419735, 805.9197859173729, 187.0], "267" : [598.5914474419735, 805.9197859173729, 187.0], "269" : [639.7159579731342, 806.8005319782653, 188.0], "271" : [773.4714289252298, 799.600001650264, 56.0], "273" : [779.752417909174, 799.2000009329635, 124.0], "275" : [870.652943089679, 796.1315520603904, 187.0], "277" : [939.5499997521188, 798.729747663279, 158.0], "279" : [1060.8648070902493, 800.7882666806958, 179.0], "281" : [789.430771064389, 853.2507713476301, 65.0], "283" : [792.3608722623017, 854.2119582774458, 92.0], "285" : [714.3771321355367, 848.3531903490201, 188.0], "287" : [877.830305701147, 844.6169648238766, 165.0], "289" : [1049.4208589102693, 840.2404894351155, 163.0], "291" : [638.6566673695645, 914.818330993049, 180.0],