{"1" : [700.0786254578568, 76.31679513463325, 131.0], "3" : [617.3789452938018, 94.70000213897795, 57.0], "5" : [617.3789452938018, 94.70000213897795, 57.0], "7" : [567.0982673190468, 81.45433686698655, 173.0], "9" : [610.7873410643731, 80.59873632815253, 79.0], "11" : [700.9903761023661, 84.2058560929774, 239.0], "13" : [630.7319055995528, 81.07782125409264, 257.0], "15" : [754.3400880398137, 82.61365644138431, 227.0], "17" : [818.3828582035277, 84.14428692003202, 210.0], "19" : [966.1139411745189, 68.36586706146413, 208.0], "21" : [1031.7439474729445, 64.07388616193894, 157.0], "23" : [1014.6504364859999, 67.20609312645313, 115.0], "25" : [1109.9038770633892, 64.43721234493562, 258.0], "27" : [674.9552805853832, 119.49440949029257, 161.0], "29" : [674.9552805853832, 119.49440949029257, 161.0], "31" : [741.843872464953, 112.60516128756858, 155.0], "33" : [783.6888874909109, 110.69903687198237, 207.0], "35" : [860.0710988383926, 116.20520209326976, 173.0], "37" : [837.4622763841871, 115.9131709652855, 167.0], "39" : [956.2422937806663, 107.24008691814173, 227.0], "41" : [1005.7068005891634, 106.5260000961655, 250.0], "43" : [616.5141245841742, 135.40222944465037, 269.0], "45" : [673.8397241591177, 136.00136993302704, 219.0], "47" : [753.7214825294205, 139.57929295145658, 256.0], "49" : [829.3384933273327, 145.40595053800536, 252.0], "51" : [897.7099996399716, 141.52332960876538, 240.0], "53" : [1005.1325595058728, 131.40325627411988, 215.0], "55" : [1005.1325595058728, 131.40325627411988, 215.0], "57" : [1072.4309896075033, 129.99090606396442, 242.0], "59" : [663.7254638465918, 168.3453742067555, 216.0], "61" : [663.7254638465918, 168.3453742067555, 216.0], "63" : [716.0938475930598, 166.6557697895388, 260.0], "65" : [716.0938475930598, 166.6557697895388, 260.0], "67" : [716.0938475930598, 166.6557697895388, 260.0], "69" : [836.8739030843134, 173.75560785233785, 410.0], "71" : [978.6291661009338, 170.31018429659954, 216.0], "73" : [955.2041486036469, 170.39067385719213, 193.0], "75" : [1028.0123167966426, 165.3310316007316, 203.0], "77" : [1028.0123167966426, 165.3310316007316, 203.0], "79" : [585.5599993050553, 227.84916657882414, 120.0], "81" : [684.7388900036788, 233.95061681455036, 162.0], "83" : [690.8322223718754, 236.76999932214255, 90.0], "85" : [798.8095023433408, 234.14980842358972, 263.0], "87" : [858.0622849114724, 233.5117158542253, 350.0], "89" : [970.4476535803132, 232.3433605121053, 256.0], "91" : [970.4476535803132, 232.3433605121053, 256.0], "93" : [1059.6023703576093, 229.1792882690094, 169.0], "95" : [1028.6976852848034, 231.46203636789147, 216.0], "97" : [1028.6976852848034, 231.46203636789147, 216.0], "99" : [1108.5157390380302, 232.39259503316453, 108.0], "101" : [658.0668563104548, 274.69428731136895, 175.0], "103" : [674.3472036762746, 269.1888183285048, 161.0], "105" : [771.2177022432206, 265.26194883568627, 113.0], "107" : [771.2177022432206, 265.26194883568627, 113.0], "109" : [771.2177022432206, 265.26194883568627, 113.0], "111" : [773.7932614789061, 265.11460798388646, 89.0], "113" : [773.7932614789061, 265.11460798388646, 89.0], "115" : [773.7932614789061, 265.11460798388646, 89.0], "117" : [964.286465058047, 263.8503762067504, 133.0], "119" : [964.286465058047, 263.8503762067504, 133.0], "121" : [964.286465058047, 263.8503762067504, 133.0], "123" : [917.9085351206462, 270.17764127758664, 246.0], "125" : [1033.1022200991283, 262.53499921831076, 180.0], "127" : [1033.1022200991283, 262.53499921831076, 180.0], "129" : [674.7213190873914, 295.4345187165807, 197.0], "131" : [674.7213190873914, 295.4345187165807, 197.0], "133" : [791.6554496052944, 301.1635523880127, 321.0], "135" : [883.3943023249177, 299.35886535383486, 158.0], "137" : [883.3943023249177, 299.35886535383486, 158.0], "139" : [839.5640632796711, 302.1026040265756, 192.0], "141" : [951.4618036393505, 294.086458647673, 288.0], "143" : [951.4618036393505, 294.086458647673, 288.0], "145" : [951.4618036393505, 294.086458647673, 288.0], "147" : [951.4618036393505, 294.086458647673, 288.0], "149" : [855.0628847177753, 297.9742317455934, 97.0], "151" : [855.0628847177753, 297.9742317455934, 97.0], "153" : [826.2059913555727, 303.6516844116647, 267.0], "155" : [1041.930806259502, 294.59494869940687, 198.0], "157" : [1041.930806259502, 294.59494869940687, 198.0], "159" : [1075.4369269907459, 296.527692261039, 195.0], "161" : [1120.6503807984132, 298.5362641388935, 262.0], "163" : [702.0636807132171, 338.9890540423753, 201.0], "165" : [709.6402381535614, 340.555620506391, 169.0], "167" : [709.6402381535614, 340.555620506391, 169.0], "169" : [818.4840790864562, 339.439298529705, 201.0], "171" : [921.36009301353, 332.34272541532835, 213.0], "173" : [921.36009301353, 332.34272541532835, 213.0], "175" : [991.6799972080339, 332.3360015671361, 250.0], "177" : [991.6799972080339, 332.3360015671361, 250.0], "179" : [615.3176453278032, 422.8773120341756, 119.0], "181" : [615.3176453278032, 422.8773120341756, 119.0], "183" : [652.5093224896934, 413.0466110391454, 236.0], "185" : [768.2835233027145, 413.9531841443409, 267.0], "187" : [847.9913469029174, 407.065386188126, 208.0], "189" : [847.9913469029174, 407.065386188126, 208.0], "191" : [948.495121795397, 403.81149778406046, 287.0], "193" : [1051.3097763150117, 399.88446175887805, 399.0], "195" : [667.8984687423279, 454.54388224412685, 196.0], "197" : [667.8984687423279, 454.54388224412685, 196.0], "199" : [731.1095046572805, 445.36299810927903, 200.0], "201" : [840.8909095366225, 443.69902973259366, 209.0], "203" : [821.2335361193057, 445.23901784260465, 164.0], "205" : [990.2172033095706, 436.0395147412432, 372.0], "207" : [597.9883359381136, 485.2649985762538, 240.0], "209" : [650.424999004938, 479.3579555641478, 88.0], "211" : [654.0314075660548, 479.5404956523783, 121.0], "213" : [765.4933653245319, 476.60531360596195, 226.0], "215" : [886.7623603479393, 468.58924730802056, 279.0], "217" : [1038.4562229798144, 468.9034347455827, 233.0], "219" : [1007.8176009578613, 474.74240306608533, 125.0], "221" : [660.9134639504096, 512.2961533343229, 104.0], "223" : [753.746032655052, 514.7485652257697, 315.0], "225" : [893.1388734724312, 508.81160155716066, 319.0], "227" : [1004.9813103870769, 507.20794344558726, 214.0], "229" : [953.8164058591254, 511.703123214969, 128.0], "231" : [629.5243380466502, 597.9576743123009, 189.0], "233" : [629.5243380466502, 597.9576743123009, 189.0], "235" : [686.0778571264465, 585.7610737941066, 149.0], "237" : [763.4793219685326, 587.4771627200632, 324.0], "239" : [763.4793219685326, 587.4771627200632, 324.0], "241" : [874.9572013966837, 586.4098790921698, 243.0], "243" : [874.9572013966837, 586.4098790921698, 243.0], "245" : [995.5735108830876, 579.9464273187017, 336.0], "247" : [1068.071210688613, 584.6030288550995, 198.0], "249" : [620.7086937240963, 633.200964582675, 207.0], "251" : [592.2333332353516, 632.1396529164032, 174.0], "253" : [697.1923916378685, 624.222284991819, 184.0], "255" : [697.1923916378685, 624.222284991819, 184.0], "257" : [783.7046508386969, 624.2691873108868, 172.0], "259" : [783.7046508386969, 624.2691873108868, 172.0], "261" : [856.208747676076, 618.8518761998511, 160.0], "263" : [928.6650482590858, 619.493206065048, 103.0], "265" : [932.7196464954384, 618.5255959807532, 168.0], "267" : [1024.1529878316433, 614.4270939808655, 251.0], "269" : [1024.1529878316433, 614.4270939808655, 251.0], "271" : [1097.9025226328624, 611.2025223031497, 119.0], "273" : [626.2079544578891, 670.0064397799894, 264.0], "275" : [683.1506850471524, 661.2410975069914, 219.0], "277" : [683.1506850471524, 661.2410975069914, 219.0], "279" : [830.0691835752143, 657.0182381515356, 159.0], "281" : [830.0691835752143, 657.0182381515356, 159.0], "283" : [809.4626484992291, 660.8409678867239, 83.0], "285" : [809.4626484992291, 660.8409678867239, 83.0], "287" : [949.8035144004338, 654.6055269556695, 199.0], "289" : [949.8035144004338, 654.6055269556695, 199.0],