{"1" : [715.3700016068069, 330.2128562751857, 70.0], "3" : [715.3700016068069, 330.2128562751857, 70.0], "5" : [715.3700016068069, 330.2128562751857, 70.0], "7" : [715.3700016068069, 330.2128562751857, 70.0], "9" : [812.9390245522819, 15.82845862643884, 123.0], "11" : [891.4727666343824, 4.1053558596817314, 224.0], "13" : [624.4888227275823, 60.718125325534736, 331.0], "15" : [730.3430257847959, 74.95930535848876, 86.0], "17" : [730.3430257847959, 74.95930535848876, 86.0], "19" : [731.2155749800436, 77.21885539078887, 122.0], "21" : [731.2155749800436, 77.21885539078887, 122.0], "23" : [699.4371591770916, 75.58197024457748, 183.0], "25" : [779.3528027920005, 64.31027885411282, 214.0], "27" : [873.6705294144157, 63.851654652917226, 302.0], "29" : [933.4621952928395, 72.63902682673476, 82.0], "31" : [934.4790469177166, 80.43619226452743, 210.0], "33" : [966.9285152462908, 87.80777962711315, 270.0], "35" : [1018.2921426808351, 93.76714384164676, 140.0], "37" : [1018.2921426808351, 93.76714384164676, 140.0], "39" : [639.647726948709, 114.36000017808684, 220.0], "41" : [688.2687500508044, 112.83884140185056, 224.0], "43" : [781.7095778809365, 107.99195511372685, 261.0], "45" : [840.5885002020467, 111.33450045614774, 200.0], "47" : [840.5885002020467, 111.33450045614774, 200.0], "49" : [908.2581989231734, 124.62049410896526, 244.0], "51" : [908.2581989231734, 124.62049410896526, 244.0], "53" : [908.2581989231734, 124.62049410896526, 244.0], "55" : [973.20724592041, 128.6463760729854, 207.0], "57" : [973.20724592041, 128.6463760729854, 207.0], "59" : [903.9041701390797, 109.02708427812594, 96.0], "61" : [903.9041701390797, 109.02708427812594, 96.0], "63" : [907.084945060917, 102.45913945192306, 93.0], "65" : [907.084945060917, 102.45913945192306, 93.0], "67" : [907.084945060917, 102.45913945192306, 93.0], "69" : [1018.4481833681511, 108.79378889601969, 193.0], "71" : [1088.8580368471796, 128.7723221080926, 112.0], "73" : [712.455864072634, 137.38930824602866, 290.0], "75" : [710.6177138465927, 150.8657167509693, 175.0], "77" : [836.850426615657, 144.66922922731945, 117.0], "79" : [836.850426615657, 144.66922922731945, 117.0], "81" : [840.1722221068346, 149.60463057122354, 108.0], "83" : [840.1722221068346, 149.60463057122354, 108.0], "85" : [879.7647542963709, 149.5131172332534, 244.0], "87" : [879.7647542963709, 149.5131172332534, 244.0], "89" : [884.3326508954428, 147.95408476784647, 98.0], "91" : [957.6509446434582, 163.55396181834308, 265.0], "93" : [957.6509446434582, 163.55396181834308, 265.0], "95" : [996.0331527305651, 177.1128364232448, 187.0], "97" : [1025.286314367764, 185.37263323349717, 95.0], "99" : [640.7584364220534, 229.8114453648067, 166.0], "101" : [609.7147410936853, 238.31368427122857, 95.0], "103" : [610.9705200815521, 231.0564108691567, 78.0], "105" : [671.3931887987442, 226.09938007853822, 323.0], "107" : [856.6959796095975, 193.08839249945822, 224.0], "109" : [903.8577177006416, 196.55704893544802, 149.0], "111" : [984.8558416151474, 223.6079729739686, 351.0], "113" : [985.0089417550437, 231.33840878533454, 302.0], "115" : [1040.6099001758641, 250.9198034041981, 202.0], "117" : [1076.7314909044876, 255.74595846998392, 235.0], "119" : [1103.8376594180866, 260.57012829368716, 77.0], "121" : [665.3547258638863, 301.94179195398027, 201.0], "123" : [739.1876547044302, 314.0444447004796, 162.0], "125" : [741.748521655328, 286.71775102436294, 169.0], "127" : [675.4753073209516, 285.79197390812226, 324.0], "129" : [720.7985115675571, 284.6144961896003, 269.0], "131" : [810.9157409263889, 276.62500263168727, 216.0], "133" : [728.8198116072632, 275.8207577034043, 212.0], "135" : [732.25285752029, 263.7028587690157, 210.0], "137" : [732.25285752029, 263.7028587690157, 210.0], "139" : [732.25285752029, 263.7028587690157, 210.0], "141" : [732.25285752029, 263.7028587690157, 210.0], "143" : [660.49615651658, 258.87628358859774, 156.0], "145" : [660.49615651658, 258.87628358859774, 156.0], "147" : [660.49615651658, 258.87628358859774, 156.0], "149" : [662.712504221494, 265.54999835387673, 72.0], "151" : [662.712504221494, 265.54999835387673, 72.0], "153" : [662.712504221494, 265.54999835387673, 72.0], "155" : [662.712504221494, 265.54999835387673, 72.0], "157" : [786.0625673331596, 263.88324190157863, 179.0], "159" : [786.0625673331596, 263.88324190157863, 179.0], "161" : [849.143353060938, 269.1728327679294, 173.0], "163" : [921.8277756731505, 259.93425998495104, 108.0], "165" : [921.8277756731505, 259.93425998495104, 108.0], "167" : [927.0030298394964, 249.2989896662709, 99.0], "169" : [1018.8145695178874, 244.27980182859872, 302.0], "171" : [1057.0878825607158, 242.2127296486664, 165.0], "173" : [624.7330265126631, 236.28883700372523, 215.0], "175" : [607.3705900078432, 246.69626081156068, 187.0], "177" : [693.7528923061172, 249.57562053664498, 242.0], "179" : [812.5201119725343, 249.31005857937706, 179.0], "181" : [783.4682924911579, 249.39675057379347, 246.0], "183" : [953.7594196940524, 258.57246538862995, 207.0], "185" : [953.7594196940524, 258.57246538862995, 207.0], "187" : [953.7594196940524, 258.57246538862995, 207.0], "189" : [955.2182816213954, 267.32903138611243, 93.0], "191" : [955.2182816213954, 267.32903138611243, 93.0], "193" : [955.2182816213954, 267.32903138611243, 93.0], "195" : [982.1343272276537, 276.04973820230975, 571.0], "197" : [975.4518526775598, 281.7166653883143, 54.0], "199" : [959.2955658638224, 280.2624992555479, 248.0], "201" : [1030.6893077451637, 287.06540384493724, 159.0], "203" : [1090.9028953447914, 289.5188367081376, 138.0], "205" : [676.6657894974022, 328.84999868623964, 76.0], "207" : [676.6657894974022, 328.84999868623964, 76.0], "209" : [682.5607592499015, 334.6538000540213, 158.0], "211" : [744.4145154945369, 329.48924712481494, 186.0], "213" : [744.4145154945369, 329.48924712481494, 186.0], "215" : [747.5542138925705, 323.82409754666196, 83.0], "217" : [747.5542138925705, 323.82409754666196, 83.0], "219" : [878.4641860672267, 316.9457445113857, 282.0], "221" : [994.2492026213936, 320.660320992315, 63.0], "223" : [992.9047604302098, 332.3527477977721, 273.0], "225" : [992.9047604302098, 332.3527477977721, 273.0], "227" : [1010.7464302536251, 344.8375011703283, 56.0], "229" : [1008.3062178605121, 352.98756945448395, 177.0], "231" : [623.0517978089215, 427.9597122393874, 139.0], "233" : [622.0719701749704, 422.6732487400884, 157.0], "235" : [697.7614474051759, 406.98132452267737, 166.0], "237" : [782.3244772781462, 395.9686565789908, 335.0], "239" : [723.068228235066, 391.22454891756695, 277.0], "241" : [723.068228235066, 391.22454891756695, 277.0], "243" : [895.5583330633954, 395.68472330912044, 144.0], "245" : [893.3485760400177, 406.703332837109, 210.0], "247" : [935.7921786818425, 409.55739067526775, 230.0], "249" : [982.4431249448847, 408.68187677335686, 160.0], "251" : [982.4431249448847, 408.68187677335686, 160.0], "253" : [983.8917707378188, 403.83734155245077, 158.0], "255" : [983.8917707378188, 403.83734155245077, 158.0], "257" : [1031.2535700454437, 395.3494904742342, 196.0], "259" : [1070.8862360795074, 393.9577974669768, 109.0], "261" : [677.6708356936371, 425.32268757894906, 216.0], "263" : [677.6708356936371, 425.32268757894906, 216.0], "265" : [677.6708356936371, 425.32268757894906, 216.0], "267" : [721.2617874556622, 430.7804883487642, 246.0], "269" : [721.2617874556622, 430.7804883487642, 246.0], "271" : [807.0707919390363, 427.6986268339136, 291.0], "273" : [807.0707919390363, 427.6986268339136, 291.0], "275" : [709.5303593902422, 433.0851185022608, 168.0], "277" : [712.6394861770686, 437.5649429322448, 271.0], "279" : [827.1699598821751, 436.9916980259345, 253.0], "281" : [879.3103242413042, 427.55613077303303, 155.0], "283" : [879.3103242413042, 427.55613077303303, 155.0], "285" : [961.6764707313699, 415.908235770117, 85.0], "287" : [969.486777660387, 405.6534489366204, 174.0], "289" : [1011.6436788001416, 397.1166668856463, 174.0],