{"1" : [784.833592698075, 27.13828123030079, 128.0], "3" : [819.7325567169207, 19.041859538402118, 172.0], "5" : [863.397426428331, 23.745220603988503, 272.0], "7" : [684.9703140890855, 60.27187224065614, 64.0], "9" : [678.6659733141483, 62.51874831420653, 144.0], "11" : [760.9776759180778, 80.68348835595475, 430.0], "13" : [827.8333349533425, 83.89824470474075, 171.0], "15" : [959.6138536118282, 82.22424233837894, 231.0], "17" : [999.1932140717569, 89.54321461284938, 280.0], "19" : [1076.355612110363, 98.48439204800295, 205.0], "21" : [667.2162160270648, 94.55315476960985, 222.0], "23" : [667.2162160270648, 94.55315476960985, 222.0], "25" : [712.6534898641568, 89.92965303625915, 172.0], "27" : [823.824051103732, 110.19156243944707, 237.0], "29" : [923.8476192625275, 117.23142636986469, 105.0], "31" : [965.2956923047602, 102.34593102499848, 209.0], "33" : [965.2956923047602, 102.34593102499848, 209.0], "35" : [965.2956923047602, 102.34593102499848, 209.0], "37" : [639.0230765231149, 104.12517169051867, 143.0], "39" : [622.3945922345415, 102.11891838215703, 148.0], "41" : [622.3945922345415, 102.11891838215703, 148.0], "43" : [761.5811910559273, 130.6514830832432, 101.0], "45" : [761.5811910559273, 130.6514830832432, 101.0], "47" : [761.4563237553248, 126.20632477825036, 174.0], "49" : [761.4563237553248, 126.20632477825036, 174.0], "51" : [836.5539133041093, 130.95304111820624, 115.0], "53" : [836.5539133041093, 130.95304111820624, 115.0], "55" : [836.5539133041093, 130.95304111820624, 115.0], "57" : [933.1937180932426, 141.68062438000035, 191.0], "59" : [1034.4313974129734, 151.47679312521856, 293.0], "61" : [684.8209847904782, 157.0151791139304, 224.0], "63" : [809.1726844056834, 161.74097431908078, 205.0], "65" : [809.1726844056834, 161.74097431908078, 205.0], "67" : [932.3947371926209, 171.3197371396633, 152.0], "69" : [928.8497031102845, 170.28195184537475, 338.0], "71" : [573.4727298291349, 223.52272594440697, 66.0], "73" : [649.9075139421071, 225.98844050225784, 173.0], "75" : [1035.9853880712776, 225.15356968091456, 308.0], "77" : [1084.7148951911906, 228.76808351865273, 141.0], "79" : [653.9247604244607, 263.05285552465625, 210.0], "81" : [653.9247604244607, 263.05285552465625, 210.0], "83" : [730.366970552874, 263.5466058544556, 221.0], "85" : [730.366970552874, 263.5466058544556, 221.0], "87" : [730.366970552874, 263.5466058544556, 221.0], "89" : [813.1540415536205, 272.69091181734626, 198.0], "91" : [904.9858279209609, 267.8606295192451, 127.0], "93" : [904.9858279209609, 267.8606295192451, 127.0], "95" : [904.9858279209609, 267.8606295192451, 127.0], "97" : [999.3548393773103, 248.6623668992291, 93.0], "99" : [604.680486083593, 247.14878136852812, 123.0], "101" : [611.3250016764435, 264.05833187783844, 120.0], "103" : [611.3250016764435, 264.05833187783844, 120.0], "105" : [611.3250016764435, 264.05833187783844, 120.0], "107" : [687.6915610461522, 272.2246752596997, 154.0], "109" : [803.0098224804523, 280.01071246880167, 224.0], "111" : [963.653084988397, 282.14279544179044, 243.0], "113" : [1048.546267961993, 276.1099517179894, 201.0], "115" : [708.4610863464153, 323.14876801168924, 203.0], "117" : [708.4610863464153, 323.14876801168924, 203.0], "119" : [708.4610863464153, 323.14876801168924, 203.0], "121" : [803.4986680876375, 331.42399959660287, 150.0], "123" : [803.4986680876375, 331.42399959660287, 150.0], "125" : [803.4986680876375, 331.42399959660287, 150.0], "127" : [899.0855546496923, 333.7155584174854, 90.0], "129" : [899.0855546496923, 333.7155584174854, 90.0], "131" : [899.5628865378112, 340.62577392137547, 97.0], "133" : [978.2927119524336, 303.1477736250231, 247.0], "135" : [690.7712651754667, 395.7770135455149, 174.0], "137" : [783.0172034799872, 398.7838716602734, 93.0], "139" : [780.2889811895345, 401.4084758847589, 118.0], "141" : [914.8873926970421, 395.50462280905344, 238.0], "143" : [1036.2429241775078, 395.64048861569654, 205.0], "145" : [1067.995154115864, 399.10837085485235, 227.0], "147" : [712.5117241486255, 448.77509287492063, 273.0], "149" : [718.4613341217902, 453.41733337667483, 75.0], "151" : [799.0309408510855, 446.55336435488056, 223.0], "153" : [841.7687494612588, 438.057638141462, 144.0], "155" : [941.8255782285024, 434.16232622021903, 215.0], "157" : [983.3745475073473, 439.03181760062506, 110.0], "159" : [622.066535062723, 479.3377981636839, 254.0], "161" : [631.3616441697931, 478.6027418818361, 73.0], "163" : [692.5449997775166, 473.41428647635325, 140.0], "165" : [692.5449997775166, 473.41428647635325, 140.0], "167" : [784.989155703383, 463.32007918950524, 249.0], "169" : [894.1917371051494, 461.36280850429443, 121.0], "171" : [955.7164571241354, 458.3215210512536, 79.0], "173" : [955.7164571241354, 458.3215210512536, 79.0], "175" : [975.6769686448698, 458.1030332316437, 165.0], "177" : [975.6769686448698, 458.1030332316437, 165.0], "179" : [1058.3020560215537, 464.64589086612426, 146.0], "181" : [718.3276829187621, 511.8553675297183, 177.0], "183" : [789.4739392932042, 497.5624228556804, 165.0], "185" : [789.4739392932042, 497.5624228556804, 165.0], "187" : [900.7904983066276, 492.4923083024052, 221.0], "189" : [900.7904983066276, 492.4923083024052, 221.0], "191" : [900.7904983066276, 492.4923083024052, 221.0], "193" : [966.5580623117318, 492.3043015955368, 279.0], "195" : [966.5580623117318, 492.3043015955368, 279.0], "197" : [966.5580623117318, 492.3043015955368, 279.0], "199" : [655.1792860051215, 568.4145631118872, 309.0], "201" : [732.1218781897227, 573.0497130223318, 352.0], "203" : [662.3067798850029, 566.2423724449493, 177.0], "205" : [762.9194699746988, 575.5566391030965, 113.0], "207" : [764.3152956335367, 578.8141128030757, 85.0], "209" : [880.9753945528937, 571.3073286153287, 191.0], "211" : [880.9753945528937, 571.3073286153287, 191.0], "213" : [948.6885910686178, 574.6315788239544, 114.0], "215" : [1054.5186402785482, 555.4144090123464, 118.0], "217" : [625.7421057824247, 587.184690584548, 209.0], "219" : [625.7421057824247, 587.184690584548, 209.0], "221" : [625.7421057824247, 587.184690584548, 209.0], "223" : [624.1620675580042, 591.5620691370237, 58.0], "225" : [624.1620675580042, 591.5620691370237, 58.0], "227" : [624.1620675580042, 591.5620691370237, 58.0], "229" : [677.9730266948984, 593.3651326752686, 304.0], "231" : [677.9730266948984, 593.3651326752686, 304.0], "233" : [646.6950834355896, 591.0222944129022, 305.0], "235" : [646.6950834355896, 591.0222944129022, 305.0], "237" : [739.320370734147, 595.6864212295004, 162.0], "239" : [739.320370734147, 595.6864212295004, 162.0], "241" : [811.6333316972781, 587.1648413552577, 219.0], "243" : [811.6333316972781, 587.1648413552577, 219.0], "245" : [880.3647651311695, 575.3295258765844, 105.0], "247" : [880.3647651311695, 575.3295258765844, 105.0], "249" : [949.5704200888348, 575.6563397261218, 213.0], "251" : [1011.3255345981879, 576.144682484678, 141.0], "253" : [1064.964487015619, 580.049532871846, 107.0], "255" : [672.9647653143077, 625.8544065352958, 193.0], "257" : [672.9647653143077, 625.8544065352958, 193.0], "259" : [678.9442668824428, 624.5819672271032, 61.0], "261" : [678.9442668824428, 624.5819672271032, 61.0], "263" : [745.9716119054973, 614.582581473956, 155.0], "265" : [825.6012994517365, 601.8000008206182, 154.0], "267" : [1052.1074843153287, 607.6578254542208, 147.0], "269" : [701.7458772067359, 652.4974224535542, 194.0], "271" : [798.0386368237506, 658.4045445148972, 132.0], "273" : [798.0386368237506, 658.4045445148972, 132.0], "275" : [902.5734557245428, 640.1869088510531, 275.0], "277" : [794.1006633799801, 651.1894067934265, 151.0], "279" : [972.0905398005034, 646.3036032130212, 222.0], "281" : [1044.4213952647083, 655.4720937393264, 215.0], "283" : [1044.4213952647083, 655.4720937393264, 215.0], "285" : [1044.8355918093603, 668.8169508920679, 59.0], "287" : [632.5500010938025, 741.7283793975992, 74.0], "289" : [1123.0872334899325, 731.4120577160197, 141.0],