{"1" : [687.4554383882103, 173.21847595948176, 92.0], "3" : [723.0183412567296, 61.04200998719298, 169.0], "5" : [834.7766659081198, 24.874999502262693, 60.0], "7" : [899.0564114807394, 11.695728783229328, 234.0], "9" : [650.0775220007215, 62.21729107497239, 347.0], "11" : [842.277215859455, 79.86877514319245, 237.0], "13" : [730.5038681780032, 69.00048327930611, 414.0], "15" : [730.5038681780032, 69.00048327930611, 414.0], "17" : [678.2664174503027, 75.30566342999394, 265.0], "19" : [827.881907144349, 77.22640842006189, 409.0], "21" : [1092.2022048924825, 61.411027420399634, 136.0], "23" : [711.1719443228757, 105.97481762105512, 139.0], "25" : [711.1719443228757, 105.97481762105512, 139.0], "27" : [716.9316330104531, 111.34234718526946, 196.0], "29" : [900.5486034958074, 105.12402217576692, 179.0], "31" : [900.5486034958074, 105.12402217576692, 179.0], "33" : [1003.2925668901306, 92.33581385032042, 148.0], "35" : [1003.2925668901306, 92.33581385032042, 148.0], "37" : [654.0208330916591, 145.83854025918683, 288.0], "39" : [821.5514300466483, 164.7862857557024, 350.0], "41" : [821.5514300466483, 164.7862857557024, 350.0], "43" : [941.4028756019152, 147.8697843655507, 139.0], "45" : [703.6806678971196, 194.67333594883448, 150.0], "47" : [703.6806678971196, 194.67333594883448, 150.0], "49" : [713.2606684702839, 192.98233592672648, 300.0], "51" : [850.918114807988, 187.19347901147486, 138.0], "53" : [994.8764437535234, 191.8752053991829, 242.0], "55" : [623.9553022236876, 232.6628790506784, 264.0], "57" : [761.7209190051195, 243.48911238451788, 349.0], "59" : [998.7160244343611, 239.3160260625375, 156.0], "61" : [1099.5201040453771, 258.35000148424734, 194.0], "63" : [684.2192317895464, 302.8415381026939, 260.0], "65" : [693.7312507328111, 302.54875051576965, 80.0], "67" : [884.5838135845121, 280.499998708533, 173.0], "69" : [1002.8027007145165, 269.16486321295383, 185.0], "71" : [712.6362844681079, 328.08849416847266, 113.0], "73" : [712.6362844681079, 328.08849416847266, 113.0], "75" : [712.6362844681079, 328.08849416847266, 113.0], "77" : [712.6362844681079, 328.08849416847266, 113.0], "79" : [656.7822952302603, 327.98181826761515, 209.0], "81" : [656.7822952302603, 327.98181826761515, 209.0], "83" : [854.7717153492509, 333.93080826226833, 198.0], "85" : [854.7717153492509, 333.93080826226833, 198.0], "87" : [1010.5198303904949, 347.30340061828736, 353.0], "89" : [732.3806007630565, 359.78209120773465, 67.0], "91" : [742.7485520982467, 354.6123184588281, 138.0], "93" : [950.2615373447549, 356.9403846728293, 52.0], "95" : [952.4250991203144, 354.8693220586797, 251.0], "97" : [734.4497283391233, 423.92841582004917, 183.0], "99" : [734.4497283391233, 423.92841582004917, 183.0], "101" : [734.4497283391233, 423.92841582004917, 183.0], "103" : [704.970834159698, 419.64916780450244, 120.0], "105" : [709.610003718216, 417.0614304377566, 70.0], "107" : [811.670352522813, 426.0824152060832, 199.0], "109" : [811.670352522813, 426.0824152060832, 199.0], "111" : [973.4187785202571, 414.2488274051581, 213.0], "113" : [1047.8079443827153, 414.65496697161205, 151.0], "115" : [726.0404507098436, 452.23595610586483, 178.0], "117" : [735.7927998218636, 449.9392008149484, 125.0], "119" : [735.7927998218636, 449.9392008149484, 125.0], "121" : [821.107483798044, 430.8530629039351, 147.0], "123" : [821.107483798044, 430.8530629039351, 147.0], "125" : [1018.586884078239, 438.6991783093401, 244.0], "127" : [658.6666685591446, 463.90793703351744, 63.0], "129" : [669.4508399875342, 467.4845094354112, 297.0], "131" : [830.9920586181703, 482.27003542488757, 277.0], "133" : [830.9920586181703, 482.27003542488757, 277.0], "135" : [1025.5229649587557, 492.0896295980254, 270.0], "137" : [1025.5229649587557, 492.0896295980254, 270.0], "139" : [738.2286906445287, 502.30614984856976, 244.0], "141" : [923.5685569923958, 501.181958807475, 194.0], "143" : [1033.1471451034113, 501.3757149129061, 70.0], "145" : [1044.2553713442626, 496.97933791380774, 121.0], "147" : [1044.2553713442626, 496.97933791380774, 121.0], "149" : [676.6754393164431, 559.4675444729064, 228.0], "151" : [635.7041329896272, 592.8314039175491, 121.0], "153" : [635.7041329896272, 592.8314039175491, 121.0], "155" : [644.7048396895933, 591.3048377539288, 124.0], "157" : [644.7048396895933, 591.3048377539288, 124.0], "159" : [859.3384068227526, 556.5333347058835, 138.0], "161" : [1019.4193696044017, 562.5513097173898, 191.0], "163" : [1029.3053564944996, 573.9499993571915, 56.0], "165" : [1038.3290310462546, 588.5215068758718, 93.0], "167" : [1038.3290310462546, 588.5215068758718, 93.0], "169" : [718.9904239883417, 602.1319167406665, 94.0], "171" : [657.1870120826414, 604.7337662977662, 77.0], "173" : [663.2967941238259, 600.3978637529124, 187.0], "175" : [817.2638747748637, 604.5706802955546, 191.0], "177" : [948.1380926376254, 607.9269841601149, 63.0], "179" : [946.6467867199226, 611.4440392912383, 109.0], "181" : [1047.229593240238, 602.536735462377, 98.0], "183" : [1039.8397048495758, 597.7411786053651, 136.0], "185" : [754.8631572199297, 633.563156271334, 76.0], "187" : [666.6140373206483, 616.1859640239371, 57.0], "189" : [1000.3966291314047, 615.007865447322, 89.0], "191" : [990.2690254729298, 616.6398246147079, 113.0], "193" : [989.8762871416324, 626.6989692339765, 97.0], "195" : [989.8762871416324, 626.6989692339765, 97.0], "197" : [983.9424549812748, 648.7716997522222, 106.0], "199" : [911.8823493664946, 617.9882384324029, 68.0], "201" : [911.8823493664946, 617.9882384324029, 68.0], "203" : [1040.867122502862, 625.8849309614814, 73.0], "205" : [1040.867122502862, 625.8849309614814, 73.0], "207" : [1038.0230777114657, 618.8323062904292, 65.0], "209" : [686.7178592757064, 626.0428575492244, 84.0], "211" : [686.7178592757064, 626.0428575492244, 84.0], "213" : [691.2216206110679, 634.3324335256231, 111.0], "215" : [689.3742871323567, 647.7314284229052, 70.0], "217" : [767.9490196877466, 684.3372556766467, 51.0], "219" : [953.4450981207477, 975.4411783519661, 51.0], "221" : [951.8399987869468, 971.1923074941953, 65.0], "223" : [1051.9160723046655, 949.187498604669, 112.0], "225" : [1053.6499989142808, 950.0754886827978, 102.0], "227" : [1053.6499989142808, 950.0754886827978, 102.0], "229" : [1128.2818153040366, 916.9409099855424, 66.0], "231" : [1134.2660563465734, 911.8908253619045, 109.0], "233" : [783.3937494336926, 936.7125006714251, 64.0], "235" : [698.5909097421677, 893.586865724786, 99.0], "237" : [896.9386674823362, 858.7513306116217, 150.0], "239" : [1048.1405043868308, 887.8620225747686, 79.0], "241" : [613.518183891811, 851.0218193694134, 55.0], "243" : [611.5375026075144, 836.0194465155301, 72.0], "245" : [611.4543542209417, 832.9500002181692, 92.0], "247" : [811.8545446591393, 805.0467524820369, 77.0], "249" : [1011.6768299826101, 814.5109733878033, 82.0], "251" : [1156.8735282913049, 810.0470586509963, 68.0], "253" : [1160.4745096553077, 812.8274511008033, 51.0], "255" : [738.7554344230949, 904.309779694921, 92.0], "257" : [738.7554344230949, 904.309779694921, 92.0], "259" : [919.2207525085643, 909.5688673719571, 106.0], "261" : [917.9018520311355, 925.4907423961663, 54.0], "263" : [917.9018520311355, 925.4907423961663, 54.0], "265" : [921.1541638479224, 964.0180531646109, 72.0], "267" : [1015.7220359983552, 970.8203366259157, 59.0], "269" : [691.2142857361554, 984.5727260988823, 154.0], "271" : [691.2142857361554, 984.5727260988823, 154.0], "273" : [693.7711865681042, 1005.5610162962856, 59.0], "275" : [694.3716647802164, 1015.1049987449481, 60.0], "277" : [874.1148135287376, 1003.8259240491705, 54.0], "279" : [889.90275098599, 29.285320728353312, 109.0], "281" : [865.3230290827418, 329.65817971847247, 165.0], "283" : [865.3230290827418, 329.65817971847247, 165.0], "285" : [940.9564500352828, 947.6580648578578, 62.0], "287" : [940.9564500352828, 947.6580648578578, 62.0], "289" : [938.6214286437196, 934.0526809290103, 112.0], "291" : [938.6214286437196, 934.0526809290103, 112.0],