{"1": [804.4060810247436, 261.0641878358528, 148.0], "2": [804.4060810247436, 261.0641878358528, 148.0], "3": [757.7477572655067, 61.574693629795206, 245.0], "4": [685.2288267665791, 62.9964674129016, 170.0], "5": [732.0088806095173, 58.97914895125054, 259.0], "6": [732.0088806095173, 58.97914895125054, 259.0], "7": [785.4735821700666, 61.18930377218174, 159.0], "8": [680.3312500263231, 95.95781372899765, 256.0], "9": [680.3312500263231, 95.95781372899765, 256.0], "10": [680.3312500263231, 95.95781372899765, 256.0], "11": [687.8608148755271, 85.54527263026142, 148.0], "12": [745.0981233898688, 84.32499890161992, 160.0], "13": [800.917572062144, 92.03939684999675, 330.0], "14": [800.917572062144, 92.03939684999675, 330.0], "15": [800.917572062144, 92.03939684999675, 330.0], "16": [892.6525457101882, 90.66017226247655, 236.0], "17": [975.4083875526509, 99.00193697509243, 155.0], "18": [975.4083875526509, 99.00193697509243, 155.0], "19": [1043.9053897882593, 98.74790522378775, 167.0], "20": [688.2888076416211, 122.80223952038072, 134.0], "21": [633.5807496122106, 122.13315500826398, 187.0], "22": [777.226086118285, 122.19293442894407, 184.0], "23": [761.0142871244037, 128.80559075282258, 161.0], "24": [761.0142871244037, 128.80559075282258, 161.0], "25": [761.1518799726043, 134.5330838656386, 133.0], "26": [761.1518799726043, 134.5330838656386, 133.0], "27": [853.2585045454049, 127.21410935336901, 241.0], "28": [853.2585045454049, 127.21410935336901, 241.0], "29": [930.6081643700259, 128.42907972113255, 196.0], "30": [930.6081643700259, 128.42907972113255, 196.0], "31": [1013.2755840353835, 118.12964950591659, 172.0], "32": [671.2751453288264, 148.81520712903696, 342.0], "33": [671.0723069960867, 153.80769263341028, 130.0], "34": [762.5836025003907, 157.19967829204498, 311.0], "35": [860.9818498557736, 155.00355799325274, 281.0], "36": [841.6702701086841, 156.34966179774185, 296.0], "37": [841.6702701086841, 156.34966179774185, 296.0], "38": [955.2007371657509, 157.25477888728224, 272.0], "39": [1003.8201039017947, 166.15670118681513, 194.0], "40": [1003.8201039017947, 166.15670118681513, 194.0], "41": [942.0767155349316, 170.59735374942645, 189.0], "42": [970.6307305058411, 170.29586954660567, 218.0], "43": [1040.6275445646522, 232.66706541841359, 167.0], "44": [1095.8258958758684, 226.5159778264504, 363.0], "45": [658.4740501703598, 257.10696327009924, 158.0], "46": [658.4740501703598, 257.10696327009924, 158.0], "47": [658.4740501703598, 257.10696327009924, 158.0], "48": [652.8098165273791, 253.71901957156956, 163.0], "49": [772.3817072948178, 261.5117903883338, 246.0], "50": [772.3817072948178, 261.5117903883338, 246.0], "51": [772.3817072948178, 261.5117903883338, 246.0], "52": [867.5540979564141, 253.73989310145842, 183.0], "53": [921.7954768567151, 256.0113002378852, 177.0], "54": [975.2490194757866, 255.55490368694572, 153.0], "55": [1019.0419547336563, 264.9510483191577, 143.0], "56": [1019.0419547336563, 264.9510483191577, 143.0], "57": [1060.209017418987, 268.58606723845224, 122.0], "58": [616.5953855474266, 295.80615541370196, 195.0], "59": [616.5953855474266, 295.80615541370196, 195.0], "60": [578.0747332595994, 292.07972172008624, 281.0], "61": [696.9700373590384, 290.3115521739654, 277.0], "62": [696.9700373590384, 290.3115521739654, 277.0], "63": [792.8621770765537, 299.2152200109995, 230.0], "64": [792.8621770765537, 299.2152200109995, 230.0], "65": [758.7655663726216, 296.83207735514617, 212.0], "66": [758.7655663726216, 296.83207735514617, 212.0], "67": [758.7655663726216, 296.83207735514617, 212.0], "68": [872.8305008326774, 292.9550060990608, 200.0], "69": [872.8305008326774, 292.9550060990608, 200.0], "70": [934.5045122018955, 297.18646594886724, 133.0], "71": [934.5045122018955, 297.18646594886724, 133.0], "72": [1050.600001978115, 286.8123458010712, 243.0], "73": [1121.8568130489002, 290.56550718958323, 345.0], "74": [674.6076161075711, 325.10761715887554, 302.0], "75": [674.6076161075711, 325.10761715887554, 302.0], "76": [668.0269210368407, 321.00769352057677, 130.0], "77": [720.7220230475298, 314.1994051024933, 168.0], "78": [720.7220230475298, 314.1994051024933, 168.0], "79": [791.3922666185642, 306.3265180321929, 181.0], "80": [898.8121226482405, 312.6481029895478, 264.0], "81": [938.2887223361761, 324.64360999713887, 266.0], "82": [938.2887223361761, 324.64360999713887, 266.0], "83": [938.2887223361761, 324.64360999713887, 266.0], "84": [1012.262870505741, 322.5814347888731, 237.0], "85": [1012.262870505741, 322.5814347888731, 237.0], "86": [1012.262870505741, 322.5814347888731, 237.0], "87": [1004.8186559665065, 322.1731357714958, 134.0], "88": [634.59612412051, 407.7325562778804, 129.0], "89": [602.3106201603564, 392.12477906252906, 452.0], "90": [958.2317759146911, 389.42741414457043, 321.0], "91": [1058.768302070964, 396.9025941264062, 347.0], "92": [692.6076535250888, 416.83877686370363, 196.0], "93": [699.0262139996445, 411.52136060037526, 103.0], "94": [837.7968589080887, 424.0448464520373, 223.0], "95": [837.7968589080887, 424.0448464520373, 223.0], "96": [976.0806275228546, 421.29214714325593, 191.0], "97": [976.5782275696117, 424.4000007236415, 124.0], "98": [976.5782275696117, 424.4000007236415, 124.0], "99": [685.5160907213407, 447.6860847301085, 230.0], "100": [759.7563775481073, 449.51074003801244, 447.0], "101": [920.6345753337057, 458.55050728035826, 295.0], "102": [920.6345753337057, 458.55050728035826, 295.0], "103": [1055.009460111674, 462.67722010469606, 518.0], "104": [671.0524681138055, 486.15987690370866, 162.0], "105": [757.2286499277832, 489.66918957207935, 185.0], "106": [757.2286499277832, 489.66918957207935, 185.0], "107": [755.6327702398935, 493.36452871478923, 296.0], "108": [755.6327702398935, 493.36452871478923, 296.0], "109": [729.9815575413339, 489.0781566339627, 206.0], "110": [729.9815575413339, 489.0781566339627, 206.0], "111": [876.4553462346822, 497.3924488353805, 159.0], "112": [876.4553462346822, 497.3924488353805, 159.0], "113": [951.8916987826622, 490.53858838349277, 241.0], "114": [951.8916987826622, 490.53858838349277, 241.0], "115": [1012.4668594356673, 497.59476619539066, 172.0], "116": [1012.4668594356673, 497.59476619539066, 172.0], "117": [592.6247993616211, 563.3400016712156, 125.0], "118": [592.6247993616211, 563.3400016712156, 125.0], "119": [743.7726236165994, 557.2765387503749, 179.0], "120": [744.159994964925, 566.2984611324213, 130.0], "121": [854.9704870607582, 561.8842418407833, 349.0], "122": [930.9506493762185, 555.87564874282, 308.0], "123": [930.9506493762185, 555.87564874282, 308.0], "124": [990.3627900590412, 565.6203495983965, 172.0], "125": [1067.264285302495, 562.3818465091124, 336.0], "126": [1079.7890448351634, 558.7667844776472, 283.0], "127": [630.2925286630398, 588.7666671490076, 174.0], "128": [630.2925286630398, 588.7666671490076, 174.0], "129": [630.2925286630398, 588.7666671490076, 174.0], "130": [585.1571417876521, 591.1585718021173, 140.0], "131": [585.1571417876521, 591.1585718021173, 140.0], "132": [701.1099410644174, 583.8838515715302, 161.0], "133": [694.1706909187444, 593.6724167633171, 116.0], "134": [694.1706909187444, 593.6724167633171, 116.0], "135": [791.5681820262114, 593.667729002621, 220.0], "136": [791.5681820262114, 593.667729002621, 220.0], "137": [791.5681820262114, 593.667729002621, 220.0], "138": [859.5134732240411, 592.4010799272098, 371.0], "139": [859.5134732240411, 592.4010799272098, 371.0], "140": [920.7187260236249, 593.3014144884376, 283.0], "141": [920.7187260236249, 593.3014144884376, 283.0], "142": [920.7187260236249, 593.3014144884376, 283.0], "143": [994.7495876056372, 589.9713108177426, 244.0], "144": [994.7495876056372, 589.9713108177426, 244.0], "145": [1073.9691460498777, 595.6897170025609, 175.0], "146": [1073.9691460498777, 595.6897170025609, 175.0], "147": [602.2072606642215, 637.2156447862837, 179.0], "148": [698.487036924125, 628.3148138521739, 216.0], "149": [698.487036924125, 628.3148138521739, 216.0],