{"1" : [978.8, 530.2, 167.50930914454182], "3" : [970.9, 553.8, 14.50930914454182], "5" : [959.2, 592.7, 437.5093091445418], "7" : [960.1, 543.0, 568.5093091445418], "9" : [957.7, 544.3, 32.509309144541824], "11" : [782.3, 461.6, 76.50930914454182], "13" : [776.9, 463.0, 31.509309144541824], "15" : [573.4, 452.3, 95.50930914454182], "17" : [570.0, 454.1, 24.50930914454182], "19" : [445.5, 456.8, 391.5093091445418], "21" : [434.6, 460.1, 22.50930914454182], "23" : [538.7, 463.2, 145.50930914454182], "25" : [541.3, 470.2, 17.50930914454182], "27" : [616.6, 474.7, 203.50930914454182], "29" : [617.1, 480.7, 28.50930914454182], "31" : [822.5, 477.1, 261.5093091445418], "33" : [823.6, 482.4, 147.50930914454182], "35" : [886.4, 458.7, 125.5093091445418], "37" : [880.6, 477.2, 26.50930914454182], "39" : [1029.3, 475.0, 234.50930914454182], "41" : [1030.6, 476.4, 15.50930914454182], "43" : [1091.6, 474.2, 258.5093091445418], "45" : [1089.8, 472.9, 31.509309144541824], "47" : [1332.9, 474.9, 230.50930914454182], "49" : [1332.4, 478.9, 58.509309144541824], "51" : [810.5, 490.4, 256.5093091445418], "53" : [808.2, 488.6, 16.50930914454182], "55" : [872.5, 480.8, 168.50930914454182], "57" : [873.5, 479.5, 19.50930914454182], "59" : [964.5, 469.7, 239.50930914454182], "61" : [965.1, 466.5, 48.509309144541824], "63" : [1289.0, 470.1, 265.5093091445418], "65" : [1288.2, 470.0, 25.50930914454182], "67" : [1423.9, 471.2, 236.50930914454182], "69" : [1420.0, 469.3, 49.509309144541824]}