{"1" : [742.4934136336417, 262.2508968926298, 167.0], "3" : [684.0550868274797, 59.94406510653023, 118.0], "5" : [574.6787323141559, 74.62715085735013, 221.0], "7" : [574.6787323141559, 74.62715085735013, 221.0], "9" : [696.834506467277, 59.59647914110084, 142.0], "11" : [603.116310391275, 72.884399829392, 282.0], "13" : [621.4109134578837, 62.70560321649983, 339.0], "15" : [689.3227587754416, 65.93241846471307, 145.0], "17" : [788.3127051325654, 63.708288611637386, 181.0], "19" : [1080.2652150443628, 60.531304174885854, 115.0], "21" : [1028.7674930064666, 69.62383697802355, 323.0], "23" : [1096.6876294357055, 63.315461350933795, 194.0], "25" : [722.5817735553748, 109.81576549146902, 203.0], "27" : [673.6401031080173, 98.61666928972708, 192.0], "29" : [673.6401031080173, 98.61666928972708, 192.0], "31" : [777.9280677943215, 91.91447594359937, 228.0], "33" : [777.9280677943215, 91.91447594359937, 228.0], "35" : [777.9280677943215, 91.91447594359937, 228.0], "37" : [856.848025122461, 97.17323440700692, 127.0], "39" : [856.848025122461, 97.17323440700692, 127.0], "41" : [956.0706339235704, 97.98847786575347, 269.0], "43" : [956.0706339235704, 97.98847786575347, 269.0], "45" : [761.3147876834215, 98.26549532180869, 142.0], "47" : [761.3147876834215, 98.26549532180869, 142.0], "49" : [761.3147876834215, 98.26549532180869, 142.0], "51" : [763.1580659564845, 105.37258027223717, 186.0], "53" : [830.3772031095137, 109.71985387720669, 136.0], "55" : [726.4123434507673, 119.30271449608956, 405.0], "57" : [799.6398336755617, 121.91493549786567, 241.0], "59" : [912.502475808524, 127.74297490297192, 363.0], "61" : [912.502475808524, 127.74297490297192, 363.0], "63" : [912.502475808524, 127.74297490297192, 363.0], "65" : [912.502475808524, 127.74297490297192, 363.0], "67" : [593.3027289015985, 158.91045493475872, 220.0], "69" : [650.5630350835489, 155.38483463124982, 211.0], "71" : [754.6062096831787, 143.29378500447993, 161.0], "73" : [834.3253581226408, 145.61291759327972, 209.0], "75" : [949.0439657869094, 147.0867723467076, 257.0], "77" : [907.0780106438546, 144.0643942481427, 191.0], "79" : [1027.0386728287233, 143.77945348891973, 331.0], "81" : [1071.8911753141074, 142.41911291669325, 68.0], "83" : [723.7436754215064, 193.31724309799597, 174.0], "85" : [724.549102428252, 198.05178811668796, 112.0], "87" : [698.0427777914732, 197.0783359349232, 180.0], "89" : [834.0832634376859, 191.95313766018893, 239.0], "91" : [934.5248199606548, 188.4877695908776, 278.0], "93" : [862.3848623490239, 189.97431155895077, 218.0], "95" : [963.3877203016222, 132.56140129706918, 285.0], "97" : [963.3877203016222, 132.56140129706918, 285.0], "99" : [660.3467064204282, 278.3347308592728, 167.0], "101" : [660.3467064204282, 278.3347308592728, 167.0], "103" : [650.2423089578326, 249.96958295158882, 286.0], "105" : [687.2865685991985, 251.03358385901788, 134.0], "107" : [691.9819450512861, 254.94213121219732, 216.0], "109" : [734.1438301388438, 262.47404110896406, 235.0], "111" : [789.1281258726117, 266.723436793486, 192.0], "113" : [980.8860791208406, 266.9633708461551, 273.0], "115" : [902.4429665556638, 264.18326845349947, 263.0], "117" : [974.9602728279157, 262.1897265586712, 146.0], "119" : [975.0909710827011, 255.63541706594268, 144.0], "121" : [975.0909710827011, 255.63541706594268, 144.0], "123" : [722.4928236795424, 296.376390422732, 432.0], "125" : [681.2084511661034, 297.16244092433203, 213.0], "127" : [748.8394867202329, 303.1364107499351, 195.0], "129" : [750.3794518529237, 305.9356160813567, 73.0], "131" : [810.15841523087, 307.1960371972055, 202.0], "133" : [810.15841523087, 307.1960371972055, 202.0], "135" : [963.6125702251229, 310.5488551915225, 350.0], "137" : [963.6125702251229, 310.5488551915225, 350.0], "139" : [990.8405053558539, 302.56708823501316, 79.0], "141" : [656.4900540529038, 337.68950377427205, 181.0], "143" : [658.508985998482, 340.1735963963907, 178.0], "145" : [686.3821037059963, 343.5509727594206, 257.0], "147" : [761.3038135177277, 334.2190494626895, 105.0], "149" : [760.5182544861877, 327.96269696237175, 126.0], "151" : [760.5182544861877, 327.96269696237175, 126.0], "153" : [662.6103340052276, 333.875620691538, 242.0], "155" : [662.6103340052276, 333.875620691538, 242.0], "157" : [836.825806113168, 333.87004786963956, 217.0], "159" : [836.825806113168, 333.87004786963956, 217.0], "161" : [933.8529708756566, 341.0960367979429, 404.0], "163" : [933.8529708756566, 341.0960367979429, 404.0], "165" : [1037.7943736852649, 342.03043357328414, 391.0], "167" : [889.4949998707651, 334.9925004388118, 160.0], "169" : [889.4949998707651, 334.9925004388118, 160.0], "171" : [695.915094649373, 365.0481123352027, 212.0], "173" : [695.915094649373, 365.0481123352027, 212.0], "175" : [903.0309199027039, 360.7115946469614, 207.0], "177" : [672.0954216007907, 442.11232127958846, 284.0], "179" : [611.7507986336477, 432.54381136278215, 315.0], "181" : [648.1290953569478, 434.9645438240493, 110.0], "183" : [650.0970145234264, 439.35223679094065, 134.0], "185" : [711.0732774820016, 437.045255947344, 232.0], "187" : [732.1578148616317, 436.37603836985716, 192.0], "189" : [900.399574194898, 437.6097856389506, 235.0], "191" : [826.6867818306001, 439.16343381196293, 227.0], "193" : [983.7581146722589, 431.9931943786954, 191.0], "195" : [983.7581146722589, 431.9931943786954, 191.0], "197" : [926.1456207547859, 433.95760537285236, 217.0], "199" : [1059.001192532825, 427.5162700259472, 252.0], "201" : [1118.4339272486377, 429.06964337972346, 112.0], "203" : [712.982763974412, 467.0770074661017, 261.0], "205" : [712.982763974412, 467.0770074661017, 261.0], "207" : [673.2917534583166, 471.86906847745183, 97.0], "209" : [794.3628056868116, 461.02103460449604, 328.0], "211" : [794.3628056868116, 461.02103460449604, 328.0], "213" : [794.3628056868116, 461.02103460449604, 328.0], "215" : [920.946042919127, 469.7284176598829, 278.0], "217" : [1006.9818646884127, 473.4058820853421, 204.0], "219" : [602.3752619193859, 501.2664328785667, 283.0], "221" : [650.4452712133207, 498.7920390038071, 201.0], "223" : [650.4452712133207, 498.7920390038071, 201.0], "225" : [650.4452712133207, 498.7920390038071, 201.0], "227" : [737.0951179136326, 505.17530522720824, 409.0], "229" : [809.2939115741103, 499.88478390096327, 230.0], "231" : [914.8207237321295, 497.7032878781236, 304.0], "233" : [914.8207237321295, 497.7032878781236, 304.0], "235" : [914.8207237321295, 497.7032878781236, 304.0], "237" : [831.7224507079156, 501.5255110262642, 98.0], "239" : [1008.4575001408592, 500.37900108905035, 200.0], "241" : [1083.7449843115821, 497.3868503797808, 289.0], "243" : [1083.7449843115821, 497.3868503797808, 289.0], "245" : [1121.198571510542, 485.5471446914732, 140.0], "247" : [695.6471095544689, 529.6008677059144, 346.0], "249" : [651.5019568318017, 521.440522005927, 153.0], "251" : [803.9486293604158, 530.7705487711621, 146.0], "253" : [649.614656268988, 596.0641714907848, 307.0], "255" : [649.614656268988, 596.0641714907848, 307.0], "257" : [649.614656268988, 596.0641714907848, 307.0], "259" : [596.8834952693222, 598.0543695397026, 206.0], "261" : [674.1072795077926, 595.4427197096561, 206.0], "263" : [674.1072795077926, 595.4427197096561, 206.0], "265" : [728.2564987141897, 600.3553688906535, 177.0], "267" : [760.1837729241175, 599.3486837875929, 228.0], "269" : [760.1837729241175, 599.3486837875929, 228.0], "271" : [666.0017063983461, 599.399317831424, 293.0], "273" : [727.6089188210887, 599.5191080679834, 157.0], "275" : [970.5741036878716, 589.2205366542696, 224.0], "277" : [970.5741036878716, 589.2205366542696, 224.0], "279" : [970.5741036878716, 589.2205366542696, 224.0], "281" : [924.9570665985387, 594.2544523232335, 191.0], "283" : [924.9570665985387, 594.2544523232335, 191.0], "285" : [1087.9328834588891, 592.5003412167, 295.0], "287" : [1087.9328834588891, 592.5003412167, 295.0], "289" : [1013.6644743566592, 585.675656264466, 152.0], "291" : [636.0399222675846, 614.6703434377537, 263.0],