{"1" : [811.4403674499713, 485.0201829636236, 109.0], "3" : [781.197759750795, 16.60074747620621, 134.0], "5" : [922.2494801418737, 10.406574840328172, 289.0], "7" : [815.6646534158438, 19.74954775203619, 331.0], "9" : [589.7258170314955, 91.3359062487806, 337.0], "11" : [648.6955985586729, 95.45471911438348, 159.0], "13" : [648.6955985586729, 95.45471911438348, 159.0], "15" : [645.6366321919684, 92.12088076652714, 273.0], "17" : [645.6366321919684, 92.12088076652714, 273.0], "19" : [661.321240062781, 98.39513579519067, 226.0], "21" : [661.321240062781, 98.39513579519067, 226.0], "23" : [694.4141499981887, 99.31556582728626, 212.0], "25" : [694.4141499981887, 99.31556582728626, 212.0], "27" : [694.4141499981887, 99.31556582728626, 212.0], "29" : [762.8110544802175, 102.15631444111044, 190.0], "31" : [762.8110544802175, 102.15631444111044, 190.0], "33" : [762.8110544802175, 102.15631444111044, 190.0], "35" : [842.4361715170287, 107.85319368988534, 282.0], "37" : [842.4361715170287, 107.85319368988534, 282.0], "39" : [790.4868326953473, 112.07993800469121, 319.0], "41" : [1034.1320155667306, 95.68063565459424, 253.0], "43" : [1034.1320155667306, 95.68063565459424, 253.0], "45" : [1006.3430766766196, 91.88846338196147, 130.0], "47" : [1006.3430766766196, 91.88846338196147, 130.0], "49" : [1061.2051599878762, 94.95039901921476, 252.0], "51" : [1091.8462404957675, 87.50809380169635, 346.0], "53" : [1025.619663333044, 89.60337211341529, 178.0], "55" : [1027.8803758168674, 94.12196357991593, 214.0], "57" : [1027.8803758168674, 94.12196357991593, 214.0], "59" : [1076.375905422549, 97.6602434782568, 249.0], "61" : [689.3126639321752, 144.60584062988272, 308.0], "63" : [721.4124965617845, 139.908480592219, 224.0], "65" : [760.119919661924, 132.34105567185125, 246.0], "67" : [760.119919661924, 132.34105567185125, 246.0], "69" : [760.119919661924, 132.34105567185125, 246.0], "71" : [800.612320223331, 131.22795997692145, 211.0], "73" : [800.612320223331, 131.22795997692145, 211.0], "75" : [826.4094437158745, 129.253054562782, 360.0], "77" : [826.4094437158745, 129.253054562782, 360.0], "79" : [790.6520255244016, 133.77040393249146, 321.0], "81" : [790.6520255244016, 133.77040393249146, 321.0], "83" : [772.5865082982457, 135.91111145976885, 126.0], "85" : [772.5865082982457, 135.91111145976885, 126.0], "87" : [823.6509798768753, 135.7295440666049, 308.0], "89" : [823.6509798768753, 135.7295440666049, 308.0], "91" : [866.3759328177271, 131.30694998297076, 187.0], "93" : [866.3759328177271, 131.30694998297076, 187.0], "95" : [901.3077558557138, 125.85061508408032, 245.0], "97" : [901.3077558557138, 125.85061508408032, 245.0], "99" : [984.2051428828146, 107.74114372805798, 175.0], "101" : [945.1684856340837, 106.02604834302754, 238.0], "103" : [945.1684856340837, 106.02604834302754, 238.0], "105" : [617.4834119938906, 148.00000282314616, 211.0], "107" : [617.4834119938906, 148.00000282314616, 211.0], "109" : [688.367236777161, 151.99522338619937, 293.0], "111" : [692.3244454298481, 154.5044429864626, 90.0], "113" : [712.0681428535873, 152.91239139129715, 113.0], "115" : [825.3677421949554, 151.70035998975993, 279.0], "117" : [874.3410504176517, 146.7926321236955, 95.0], "119" : [962.2414059253621, 146.29244870207893, 384.0], "121" : [928.3168618006337, 151.25988451797213, 172.0], "123" : [1020.1637943979454, 141.408618204195, 58.0], "125" : [1019.5159557313859, 141.89893436581787, 94.0], "127" : [1066.0392249509948, 136.52762289648751, 181.0], "129" : [970.0181476684681, 140.32882247667015, 281.0], "131" : [757.2314020844678, 184.28067607199523, 207.0], "133" : [738.5370123115009, 180.5960638697856, 254.0], "135" : [781.4150790514014, 177.99444734619374, 126.0], "137" : [852.2610394396789, 176.8718645980824, 231.0], "139" : [920.9783115627368, 172.1987938690447, 249.0], "141" : [920.9783115627368, 172.1987938690447, 249.0], "143" : [885.3611685973498, 173.09733824363968, 188.0], "145" : [842.8925351792847, 187.710444142931, 67.0], "147" : [695.3999996069301, 249.06830576027144, 224.0], "149" : [695.3999996069301, 249.06830576027144, 224.0], "151" : [653.8726169756421, 252.34166781672965, 168.0], "153" : [698.1522394882883, 247.86492625850596, 134.0], "155" : [698.1522394882883, 247.86492625850596, 134.0], "157" : [747.1785702834908, 243.85928659288902, 140.0], "159" : [779.64244709849, 246.54820226350697, 139.0], "161" : [738.7790701844107, 241.6914732336852, 129.0], "163" : [723.6582938923715, 244.13587474731585, 223.0], "165" : [723.6582938923715, 244.13587474731585, 223.0], "167" : [916.8759252385579, 256.86666632670074, 54.0], "169" : [916.8759252385579, 256.86666632670074, 54.0], "171" : [935.0440673794956, 249.36949416370848, 59.0], "173" : [951.377354324057, 239.55471732849492, 53.0], "175" : [951.377354324057, 239.55471732849492, 53.0], "177" : [971.7805371008411, 237.4704694585204, 149.0], "179" : [971.7805371008411, 237.4704694585204, 149.0], "181" : [991.7123045896834, 239.9923057834672, 195.0], "183" : [1021.7060353791937, 240.75517131907458, 116.0], "185" : [1024.3241391621252, 239.48793132180154, 174.0], "187" : [1048.082257240045, 236.2483859580827, 124.0], "189" : [906.3566049191185, 244.30282910587331, 106.0], "191" : [936.9517254541215, 237.7982763864148, 58.0], "193" : [762.8696985690049, 281.6906739232331, 429.0], "195" : [812.5381450651478, 278.4958785527547, 97.0], "197" : [845.9795459342574, 281.4757548798501, 132.0], "199" : [853.8135482430691, 283.1632236685184, 155.0], "201" : [785.2154733838936, 286.2857133394729, 252.0], "203" : [998.6070406150282, 273.6126777601386, 71.0], "205" : [993.23706956143, 272.8936589020932, 205.0], "207" : [969.4113905342145, 274.7670890079254, 79.0], "209" : [841.3206265562326, 289.58124797198326, 160.0], "211" : [841.3206265562326, 289.58124797198326, 160.0], "213" : [665.4731706405939, 322.2975631194056, 82.0], "215" : [666.6999969247553, 328.55757560729245, 165.0], "217" : [666.6999969247553, 328.55757560729245, 165.0], "219" : [698.5076698309736, 327.0135680271554, 339.0], "221" : [698.5076698309736, 327.0135680271554, 339.0], "223" : [698.5076698309736, 327.0135680271554, 339.0], "225" : [796.621813482973, 328.2013421420504, 298.0], "227" : [796.621813482973, 328.2013421420504, 298.0], "229" : [796.621813482973, 328.2013421420504, 298.0], "231" : [920.3693738454681, 326.3287498922184, 160.0], "233" : [920.3693738454681, 326.3287498922184, 160.0], "235" : [880.1526331260027, 328.4010491488087, 95.0], "237" : [880.1526331260027, 328.4010491488087, 95.0], "239" : [880.1526331260027, 328.4010491488087, 95.0], "241" : [930.5874495155979, 326.26414402134475, 502.0], "243" : [930.5874495155979, 326.26414402134475, 502.0], "245" : [946.6318184184826, 327.2245448733745, 110.0], "247" : [946.6318184184826, 327.2245448733745, 110.0], "249" : [1083.6562239631392, 325.6592263053861, 233.0], "251" : [1058.5130459863121, 330.1111789953835, 161.0], "253" : [849.4333323215216, 363.0141040939395, 234.0], "255" : [940.4613310343751, 361.5410661465669, 375.0], "257" : [940.4613310343751, 361.5410661465669, 375.0], "259" : [944.7825375393152, 361.37460386250814, 63.0], "261" : [639.0323023689311, 443.5645963841814, 226.0], "263" : [699.9425997517519, 440.16425971704035, 277.0], "265" : [748.077292996046, 434.03930268110577, 229.0], "267" : [889.3579519554148, 427.8920475228188, 88.0], "269" : [889.3579519554148, 427.8920475228188, 88.0], "271" : [889.3579519554148, 427.8920475228188, 88.0], "273" : [884.6572309553627, 424.13019083809775, 159.0], "275" : [884.6572309553627, 424.13019083809775, 159.0], "277" : [884.6572309553627, 424.13019083809775, 159.0], "279" : [884.6572309553627, 424.13019083809775, 159.0], "281" : [971.4466929160785, 433.3420048449507, 469.0], "283" : [1095.9955820742707, 424.10602582517646, 249.0], "285" : [1132.8407678207088, 420.619860590882, 287.0], "287" : [699.0991900367785, 464.7744909714624, 247.0], "289" : [699.0991900367785, 464.7744909714624, 247.0],