{"1" : [693.04482940564, 20.76896553855268, 58.0], "3" : [705.2382023619082, 20.34213586959621, 178.0], "5" : [855.096662489447, 30.528571717456124, 210.0], "7" : [970.1566289873365, 20.742348107923593, 196.0], "9" : [709.2755100566894, 58.557652715445606, 196.0], "11" : [847.337896150117, 66.53000405943199, 190.0], "13" : [1040.5700519647198, 58.85828706586936, 187.0], "15" : [1040.5700519647198, 58.85828706586936, 187.0], "17" : [736.5659493202161, 111.61638233709733, 232.0], "19" : [858.1466298162815, 121.97191140723696, 178.0], "21" : [982.4570774509904, 118.24748959321786, 219.0], "23" : [768.3084018799627, 199.44320191677386, 250.0], "25" : [714.9914912760968, 235.41403980878135, 235.0], "27" : [846.8661764584859, 246.59705762069603, 68.0], "29" : [968.3113179497536, 229.2962246600518, 53.0], "31" : [968.0953809614629, 234.01692243967392, 65.0], "33" : [1030.9105887781664, 224.28411552152048, 170.0], "35" : [778.7900887597858, 270.9076568656176, 222.0], "37" : [778.7900887597858, 270.9076568656176, 222.0], "39" : [904.3985637596521, 273.890647972063, 139.0], "41" : [680.3126362725117, 312.07527207567597, 182.0], "43" : [797.8395055835076, 305.86419479288855, 162.0], "45" : [937.1774879946628, 302.1921458151296, 191.0], "47" : [1024.968966184717, 301.81723900685927, 174.0], "49" : [701.4652163192374, 392.3669572635128, 230.0], "51" : [871.7011573326105, 394.15028818950816, 173.0], "53" : [687.0401919277897, 416.7645938175447, 209.0], "55" : [863.0557224004955, 420.18656741169144, 201.0], "57" : [986.9419647844153, 417.82410818905527, 224.0], "59" : [1045.0625008684274, 407.60416674268834, 144.0], "61" : [709.0024885701367, 444.4681514560099, 201.0], "63" : [846.2010487459403, 443.09527691405157, 191.0], "65" : [1026.5642855545311, 433.72033176814796, 182.0], "67" : [1124.017098954842, 426.90311202118573, 193.0], "69" : [674.3864745381959, 475.54590605707455, 244.0], "71" : [812.8031670556732, 474.69095386119676, 221.0], "73" : [933.2631027449247, 472.217110916778, 187.0], "75" : [1036.8144374164744, 471.2245962039567, 187.0], "77" : [590.274999608344, 557.6629646224419, 216.0], "79" : [606.6910462290023, 584.0223903061326, 201.0], "81" : [606.6910462290023, 584.0223903061326, 201.0], "83" : [782.530357197645, 579.3848230025295, 224.0], "85" : [903.6839822762099, 575.3344691614972, 206.0], "87" : [1065.3365834031308, 570.243412812264, 205.0], "89" : [1065.3365834031308, 570.243412812264, 205.0], "91" : [602.101786638493, 631.3821441043481, 56.0], "93" : [602.101786638493, 631.3821441043481, 56.0], "95" : [613.3116669013634, 638.2766665883792, 180.0], "97" : [739.2923399042924, 620.9412782189098, 235.0], "99" : [739.2923399042924, 620.9412782189098, 235.0], "101" : [827.3927282912916, 620.6877288033845, 220.0], "103" : [827.3927282912916, 620.6877288033845, 220.0], "105" : [827.3927282912916, 620.6877288033845, 220.0], "107" : [931.6534167233747, 613.8273300231083, 161.0], "109" : [1046.7745469545928, 607.2187882066536, 165.0], "111" : [700.0241395900916, 661.0046000019634, 87.0], "113" : [700.0241395900916, 661.0046000019634, 87.0], "115" : [704.0064209969993, 663.7504579986328, 109.0], "117" : [704.0064209969993, 663.7504579986328, 109.0], "119" : [836.3224594140762, 650.0663102684795, 187.0], "121" : [940.7145230750968, 639.8162013320367, 179.0], "123" : [940.7145230750968, 639.8162013320367, 179.0], "125" : [944.2065507767878, 640.8475415569668, 61.0], "127" : [1011.7350006343243, 641.1893774803035, 160.0], "129" : [614.5698760212931, 724.9573214555295, 239.0], "131" : [614.5698760212931, 724.9573214555295, 239.0], "133" : [749.5627885552419, 719.2753470511716, 215.0], "135" : [658.3839645507526, 767.0978859702411, 237.0], "137" : [823.399172202472, 755.7099994727241, 240.0], "139" : [823.399172202472, 755.7099994727241, 240.0], "141" : [900.9999994596681, 763.5242200751126, 161.0], "143" : [994.422154449378, 766.6059874056789, 167.0], "145" : [646.696877340324, 798.2859395819374, 256.0], "147" : [789.6474743921428, 789.3838359975625, 198.0], "149" : [789.6474743921428, 789.3838359975625, 198.0], "151" : [928.4410718459997, 791.7440472473814, 168.0], "153" : [928.4410718459997, 791.7440472473814, 168.0], "155" : [1060.7660207204215, 796.9019429687033, 103.0], "157" : [1064.766664014361, 792.0666664165815, 93.0], "159" : [712.2625511019254, 832.3294840902856, 251.0], "161" : [884.4203123851825, 828.4546914393917, 64.0], "163" : [884.4203123851825, 828.4546914393917, 64.0], "165" : [883.1046943979214, 827.7352167000357, 213.0], "167" : [883.1046943979214, 827.7352167000357, 213.0], "169" : [1030.1982901377114, 829.9538469656724, 234.0], "171" : [611.3458641483423, 899.7055159518585, 290.0], "173" : [611.3458641483423, 899.7055159518585, 290.0], "175" : [722.1967900128782, 896.542777784614, 187.0], "177" : [839.0163163284233, 886.4694675370058, 190.0], "179" : [952.7104365506498, 886.0934073096527, 182.0], "181" : [1095.9557457717187, 895.9718361588394, 174.0], "183" : [668.2050679624408, 942.8059926025381, 217.0], "185" : [668.2050679624408, 942.8059926025381, 217.0], "187" : [801.7171777140403, 921.0096917255865, 227.0], "189" : [801.7171777140403, 921.0096917255865, 227.0], "191" : [910.3468764585908, 920.4753919488044, 256.0], "193" : [910.3468764585908, 920.4753919488044, 256.0], "195" : [605.7961625766583, 969.9849345257242, 365.0], "197" : [736.9989593363916, 961.0973829594412, 191.0], "199" : [869.6708571539664, 965.2062852987376, 175.0], "201" : [983.0681821404781, 978.0835210703729, 176.0], "203" : [1107.1415578185636, 976.6774889701977, 231.0], "205" : [667.722923225273, 1013.1794030197588, 301.0], "207" : [667.722923225273, 1013.1794030197588, 301.0], "209" : [787.7640144664587, 993.5971941692981, 214.0], "211" : [787.7640144664587, 993.5971941692981, 214.0], "213" : [932.7032430510831, 992.97675388815, 185.0], "215" : [932.7032430510831, 992.97675388815, 185.0], "217" : [1044.7330939113483, 1003.7039573109679, 278.0], "219" : [768.4042845738253, 64.67428507515419, 140.0], "221" : [756.6288032533087, 15.539483589796943, 309.0], "223" : [774.4113195520014, 36.92169927824606, 212.0], "225" : [886.7933669570585, 31.413773295344416, 196.0], "227" : [886.7933669570585, 31.413773295344416, 196.0], "229" : [624.1202153501896, 66.95638592043473, 282.0], "231" : [709.0100868752236, 76.01596904874458, 238.0], "233" : [825.5711356630658, 92.78350684384591, 97.0], "235" : [825.5711356630658, 92.78350684384591, 97.0], "237" : [825.5711356630658, 92.78350684384591, 97.0], "239" : [827.2076216488746, 99.61428879315487, 105.0], "241" : [827.2076216488746, 99.61428879315487, 105.0], "243" : [985.6164895848469, 93.11436426089335, 188.0], "245" : [985.6164895848469, 93.11436426089335, 188.0], "247" : [1104.651690891255, 78.9555570573465, 207.0], "249" : [745.4610833975673, 124.55882784085738, 221.0], "251" : [745.4610833975673, 124.55882784085738, 221.0], "253" : [745.4610833975673, 124.55882784085738, 221.0], "255" : [842.3689665333392, 130.5850553377123, 174.0], "257" : [842.3689665333392, 130.5850553377123, 174.0], "259" : [842.3689665333392, 130.5850553377123, 174.0], "261" : [960.5232211390619, 124.72472005131182, 267.0], "263" : [960.5232211390619, 124.72472005131182, 267.0], "265" : [750.307548022242, 192.0566034143099, 106.0], "267" : [747.0630043331292, 196.12485852955686, 173.0], "269" : [933.4056280643543, 200.158008068008, 231.0], "271" : [693.8483866445056, 244.14515954337085, 62.0], "273" : [693.8483866445056, 244.14515954337085, 62.0], "275" : [696.9761900990685, 246.18253985075276, 189.0], "277" : [696.9761900990685, 246.18253985075276, 189.0], "279" : [865.0223519521337, 256.0794143327526, 170.0], "281" : [865.0223519521337, 256.0794143327526, 170.0], "283" : [971.3960920655227, 245.48671860289124, 128.0], "285" : [971.3960920655227, 245.48671860289124, 128.0], "287" : [974.700001131792, 240.27884145894853, 52.0], "289" : [974.700001131792, 240.27884145894853, 52.0], "291" : [1013.1418385232801, 236.4928543356126, 98.0],