{"1" : [785.9026306055273, 237.0833332978957, 114.0], "3" : [783.0833344093104, 30.600000625234895, 90.0], "5" : [619.1120108805692, 73.18798862970452, 308.0], "7" : [693.0665328630502, 59.82298158171297, 248.0], "9" : [1000.9139133165586, 59.59130221909594, 115.0], "11" : [1089.5553218226537, 62.04946689457544, 188.0], "13" : [1007.4204035879326, 61.01637840926696, 348.0], "15" : [1067.376424274844, 60.49285797972954, 140.0], "17" : [723.7140272999973, 110.21367104589449, 278.0], "19" : [777.54140779786, 102.86591361677488, 355.0], "21" : [777.54140779786, 102.86591361677488, 355.0], "23" : [777.54140779786, 102.86591361677488, 355.0], "25" : [793.7032116871537, 92.58502798766722, 187.0], "27" : [793.7032116871537, 92.58502798766722, 187.0], "29" : [918.689359046334, 91.4989372691879, 188.0], "31" : [872.0256092328818, 92.56683000440506, 410.0], "33" : [872.0256092328818, 92.56683000440506, 410.0], "35" : [955.8089299400909, 105.50952077750854, 168.0], "37" : [913.566255717451, 102.34846548200126, 163.0], "39" : [913.566255717451, 102.34846548200126, 163.0], "41" : [913.566255717451, 102.34846548200126, 163.0], "43" : [871.5495191864205, 98.87403800113869, 416.0], "45" : [871.5495191864205, 98.87403800113869, 416.0], "47" : [735.4006822508154, 145.8346920771964, 147.0], "49" : [653.1181801378666, 144.08181682272448, 66.0], "51" : [651.5792261462069, 147.64251434266887, 207.0], "53" : [712.255002247062, 143.82666368328222, 60.0], "55" : [710.7696644708595, 141.81797594241215, 178.0], "57" : [808.9985391298725, 134.5693449646482, 137.0], "59" : [808.9985391298725, 134.5693449646482, 137.0], "61" : [809.7849982811383, 130.26333165780827, 180.0], "63" : [809.7849982811383, 130.26333165780827, 180.0], "65" : [931.7944857127371, 126.9051466631204, 272.0], "67" : [931.7944857127371, 126.9051466631204, 272.0], "69" : [931.7944857127371, 126.9051466631204, 272.0], "71" : [1033.1943708774609, 135.58268236539647, 231.0], "73" : [973.1374999526919, 136.6131567764277, 152.0], "75" : [1055.2905685794558, 142.21509215364318, 106.0], "77" : [781.9599999328813, 177.85571669200593, 140.0], "79" : [731.1695397432163, 185.56931551375664, 453.0], "81" : [827.6342430237025, 173.15136191829856, 257.0], "83" : [920.5745438890086, 169.66787778774037, 165.0], "85" : [920.5745438890086, 169.66787778774037, 165.0], "87" : [893.8233522875466, 170.1436547984449, 197.0], "89" : [894.3486865556233, 164.6697360024993, 76.0], "91" : [894.3486865556233, 164.6697360024993, 76.0], "93" : [854.2486214610062, 168.10458967905836, 109.0], "95" : [854.2486214610062, 168.10458967905836, 109.0], "97" : [941.3255916633384, 161.1947849748356, 211.0], "99" : [941.3255916633384, 161.1947849748356, 211.0], "101" : [672.5377835788559, 245.45076334315243, 262.0], "103" : [672.5377835788559, 245.45076334315243, 262.0], "105" : [722.2733516001362, 242.5777432094299, 319.0], "107" : [722.2733516001362, 242.5777432094299, 319.0], "109" : [706.3912751365517, 241.02483138081186, 298.0], "111" : [902.3345041558819, 236.68947155954228, 171.0], "113" : [983.9574083199433, 251.7679015483686, 162.0], "115" : [924.8273970593281, 252.18356204158422, 73.0], "117" : [924.8273970593281, 252.18356204158422, 73.0], "119" : [925.8703694948846, 255.72814920911597, 135.0], "121" : [925.8703694948846, 255.72814920911597, 135.0], "123" : [956.1255828462724, 255.24999894477693, 258.0], "125" : [1024.952670810721, 257.72989245497445, 281.0], "127" : [770.6283679668004, 287.13900676253735, 141.0], "129" : [770.6283679668004, 287.13900676253735, 141.0], "131" : [726.0588259891666, 288.90756073109105, 119.0], "133" : [728.5541688633039, 290.39999941692156, 72.0], "135" : [728.5541688633039, 290.39999941692156, 72.0], "137" : [728.5541688633039, 290.39999941692156, 72.0], "139" : [813.3419225854036, 280.94584973702007, 229.0], "141" : [776.4119037007224, 278.72083176701733, 168.0], "143" : [776.4119037007224, 278.72083176701733, 168.0], "145" : [984.2721796392891, 280.6480297303353, 381.0], "147" : [694.7220593235477, 313.58088189023346, 68.0], "149" : [688.8961716726316, 312.7310578541386, 235.0], "151" : [758.4105275308176, 309.17819381262007, 532.0], "153" : [802.4424105883547, 303.57143025476364, 224.0], "155" : [943.496347692765, 312.19598522845155, 274.0], "157" : [1033.5425211664074, 320.9518739908002, 214.0], "159" : [954.0991385004954, 322.53060350223717, 232.0], "161" : [954.0991385004954, 322.53060350223717, 232.0], "163" : [1017.2849983845341, 325.45000120014663, 200.0], "165" : [1017.2849983845341, 325.45000120014663, 200.0], "167" : [782.7463763287034, 350.29637702355944, 138.0], "169" : [737.9056495129013, 352.9479823974933, 248.0], "171" : [927.9611473999842, 356.0445855597849, 157.0], "173" : [894.8910459538474, 350.720517651985, 268.0], "175" : [959.2650002673973, 346.83642895989317, 140.0], "177" : [694.4165787606408, 401.1636386341251, 187.0], "179" : [689.231507143388, 401.6027427656969, 73.0], "181" : [662.7899573371577, 406.9246589563207, 219.0], "183" : [615.507029236524, 410.5648420501839, 256.0], "185" : [731.1507574382107, 401.72864431830703, 199.0], "187" : [937.0132944554642, 404.3664729455421, 173.0], "189" : [866.4000003713774, 403.9738293059181, 107.0], "191" : [867.3149103431437, 405.5798230218051, 228.0], "193" : [1048.738311696276, 409.3454536691098, 154.0], "195" : [1112.9844638478949, 415.07864327336483, 103.0], "197" : [1114.3430753435503, 418.36000152629, 195.0], "199" : [721.1073382494989, 439.45183464348065, 218.0], "201" : [798.6312863490684, 442.56198498423953, 342.0], "203" : [846.5461811558877, 440.3704848325973, 288.0], "205" : [961.8389963902828, 442.4980670699238, 259.0], "207" : [961.8389963902828, 442.4980670699238, 259.0], "209" : [924.5788558821909, 445.729711489316, 175.0], "211" : [1004.2818142471523, 448.474243859359, 66.0], "213" : [1012.8953857494288, 456.90615337771186, 130.0], "215" : [1012.8953857494288, 456.90615337771186, 130.0], "217" : [651.809047295055, 472.79396858342216, 431.0], "219" : [651.809047295055, 472.79396858342216, 431.0], "221" : [764.6636033484336, 469.1455884701554, 272.0], "223" : [856.5466620298167, 465.60832684285674, 300.0], "225" : [856.5466620298167, 465.60832684285674, 300.0], "227" : [856.5466620298167, 465.60832684285674, 300.0], "229" : [1011.8684815852623, 465.4882485469533, 349.0], "231" : [1011.8684815852623, 465.4882485469533, 349.0], "233" : [1104.4834633636972, 468.08228302453426, 254.0], "235" : [1044.8326310654986, 465.17157415361794, 95.0], "237" : [1044.8943393288414, 468.3905661856528, 106.0], "239" : [1005.8334844681636, 474.30226261437986, 221.0], "241" : [1098.0540016191146, 476.33543057874004, 350.0], "243" : [1131.6893462533606, 480.41885278092957, 122.0], "245" : [780.142856481617, 502.38571650426906, 56.0], "247" : [778.2528830228675, 502.1134640083913, 104.0], "249" : [700.3009165159494, 511.4073385679739, 218.0], "251" : [666.4421306587874, 507.2411177367078, 197.0], "253" : [787.9335230665822, 501.07613906108725, 176.0], "255" : [742.6171968987392, 504.93949078695067, 157.0], "257" : [853.109999042107, 503.3468199579699, 220.0], "259" : [948.5452160680937, 499.64304561981356, 230.0], "261" : [1036.3772938196864, 499.9545910667078, 207.0], "263" : [964.5168468845148, 495.9342358523009, 184.0], "265" : [964.5168468845148, 495.9342358523009, 184.0], "267" : [964.5168468845148, 495.9342358523009, 184.0], "269" : [919.1959287649872, 495.7726710235013, 172.0], "271" : [919.1959287649872, 495.7726710235013, 172.0], "273" : [919.1959287649872, 495.7726710235013, 172.0], "275" : [1026.067022445584, 499.172341729255, 470.0], "277" : [619.6682823229798, 560.1100760207913, 268.0], "279" : [694.1882666311761, 565.3458111816674, 179.0], "281" : [782.0293230061981, 572.0832061433256, 399.0], "283" : [963.6591178733956, 565.5088057876858, 159.0], "285" : [916.0150002658633, 568.3191638794448, 120.0], "287" : [1085.1727299937227, 569.8167448113128, 209.0], "289" : [1095.3061729763858, 572.2703676987544, 243.0],