{"1" : [798.5256577391409, 127.2888161322779, 152.0], "3" : [770.620511221862, 70.20769389611483, 78.0], "5" : [773.7547958097705, 73.5274001140105, 146.0], "7" : [815.6383123959181, 24.450648625236713, 308.0], "9" : [926.393231407434, 21.952085401350423, 192.0], "11" : [956.4378813203258, 20.19091060397637, 66.0], "13" : [956.4378813203258, 20.19091060397637, 66.0], "15" : [527.6349998644693, 88.1808347180538, 120.0], "17" : [558.4051276155578, 76.29231204398796, 195.0], "19" : [626.5426296494745, 80.55684095124863, 190.0], "21" : [742.4278921831216, 84.80842147045608, 190.0], "23" : [912.4383850913109, 80.00189390074418, 211.0], "25" : [801.4814144231194, 80.32194800312719, 565.0], "27" : [688.5445765009974, 87.77248115152119, 258.0], "29" : [770.8758440870992, 89.80628286477832, 414.0], "31" : [879.73284718362, 80.45588327750377, 204.0], "33" : [956.2951674046662, 88.97695368286114, 269.0], "35" : [1022.4090025986333, 94.4229996834716, 100.0], "37" : [1022.4090025986333, 94.4229996834716, 100.0], "39" : [1020.1502911325421, 92.43274866236402, 171.0], "41" : [1020.1502911325421, 92.43274866236402, 171.0], "43" : [605.9589902039252, 93.7694008889773, 317.0], "45" : [710.3949726831148, 102.84881568224749, 338.0], "47" : [710.3949726831148, 102.84881568224749, 338.0], "49" : [864.1222725065277, 107.8954561826765, 220.0], "51" : [870.9354585299496, 105.64818063552606, 110.0], "53" : [1079.6302221084857, 86.35410544677275, 268.0], "55" : [1015.407253405349, 95.07668582320267, 193.0], "57" : [1015.407253405349, 95.07668582320267, 193.0], "59" : [934.8103020496309, 102.17212018284754, 165.0], "61" : [934.8103020496309, 102.17212018284754, 165.0], "63" : [934.8103020496309, 102.17212018284754, 165.0], "65" : [1111.3633509773026, 84.12722456055242, 191.0], "67" : [722.0382369036319, 115.68529431736627, 102.0], "69" : [726.0892177941046, 125.83137271770997, 306.0], "71" : [726.0892177941046, 125.83137271770997, 306.0], "73" : [889.1972978350598, 135.03938320741617, 259.0], "75" : [889.1972978350598, 135.03938320741617, 259.0], "77" : [889.1972978350598, 135.03938320741617, 259.0], "79" : [991.8650868034034, 136.51065104539074, 169.0], "81" : [1029.169512559135, 147.71341636734715, 82.0], "83" : [752.0892387564546, 201.42331745553565, 223.0], "85" : [757.6473669406807, 200.8543831996574, 57.0], "87" : [812.6031247361208, 198.35000109739622, 64.0], "89" : [811.470559208173, 191.25431550050848, 197.0], "91" : [950.9699988730172, 177.50345088068497, 290.0], "93" : [954.1225338521571, 182.76901831377117, 71.0], "95" : [785.7297284859287, 233.28040455736127, 148.0], "97" : [865.5058809326241, 243.7063368158337, 221.0], "99" : [865.5058809326241, 243.7063368158337, 221.0], "101" : [1015.7216031943797, 225.50061698293337, 162.0], "103" : [1013.1493181000081, 231.61095846006242, 146.0], "105" : [643.5178436648783, 267.192616006288, 325.0], "107" : [614.8215578791719, 261.81736760133305, 167.0], "109" : [614.8215578791719, 261.81736760133305, 167.0], "111" : [791.0777781552086, 276.48194638469533, 72.0], "113" : [793.5934717210994, 284.81632449923984, 245.0], "115" : [985.279788784366, 268.39468238665273, 282.0], "117" : [719.1227914686893, 319.12279054177975, 215.0], "119" : [789.6286466154772, 327.40918885204013, 185.0], "121" : [789.6286466154772, 327.40918885204013, 185.0], "123" : [934.3622369930793, 321.18391753880394, 143.0], "125" : [868.6006242096909, 321.67875370771765, 160.0], "127" : [1012.4081744739087, 317.66826908629577, 208.0], "129" : [1012.4081744739087, 317.66826908629577, 208.0], "131" : [1012.1505068696331, 326.61414224432207, 99.0], "133" : [1012.1505068696331, 326.61414224432207, 99.0], "135" : [1012.1505068696331, 326.61414224432207, 99.0], "137" : [643.1440660239662, 403.03389832742465, 59.0], "139" : [712.5112875035231, 402.39416282356717, 257.0], "141" : [712.5112875035231, 402.39416282356717, 257.0], "143" : [958.3237500185805, 406.1549991555212, 160.0], "145" : [909.3566376851057, 402.9120935545727, 339.0], "147" : [1126.562358821, 392.38426999148584, 178.0], "149" : [1094.7623903928068, 389.1061957991198, 226.0], "151" : [702.7836016845001, 425.36334501430923, 311.0], "153" : [702.7836016845001, 425.36334501430923, 311.0], "155" : [775.951388551024, 439.45740529191215, 216.0], "157" : [775.951388551024, 439.45740529191215, 216.0], "159" : [887.7237202335605, 442.4044840079832, 156.0], "161" : [887.7237202335605, 442.4044840079832, 156.0], "163" : [886.4041218242592, 447.1536071582904, 97.0], "165" : [886.4041218242592, 447.1536071582904, 97.0], "167" : [989.4256637571112, 451.3345143239602, 113.0], "169" : [992.282103415571, 453.033682924581, 95.0], "171" : [1036.3936179070618, 452.7358163100261, 282.0], "173" : [606.5911192696142, 486.589189653257, 259.0], "175" : [726.4200966973078, 474.7909121938436, 209.0], "177" : [1080.9466379830958, 481.7477602815315, 268.0], "179" : [1080.9466379830958, 481.7477602815315, 268.0], "181" : [955.428628518189, 479.11908530704665, 262.0], "183" : [1150.1050004555045, 487.1107143047837, 280.0], "185" : [697.7250000692686, 519.3265605773105, 64.0], "187" : [704.4458326508328, 525.7541632694289, 96.0], "189" : [754.0978703918638, 511.8861697413858, 94.0], "191" : [880.0545179183789, 517.45833141355, 288.0], "193" : [880.0545179183789, 517.45833141355, 288.0], "195" : [1007.546734398403, 515.0075341701239, 199.0], "197" : [1058.818410527035, 517.0076900371778, 364.0], "199" : [669.823015575318, 580.3658717133542, 126.0], "201" : [612.774751348726, 601.926265001196, 99.0], "203" : [765.9756754568365, 596.9000020516314, 74.0], "205" : [765.9756754568365, 596.9000020516314, 74.0], "207" : [765.9756754568365, 596.9000020516314, 74.0], "209" : [770.3859437921672, 598.4425735139333, 249.0], "211" : [982.0689653849743, 594.0551756865698, 174.0], "213" : [982.0689653849743, 594.0551756865698, 174.0], "215" : [933.2276051849497, 588.2885438835061, 192.0], "217" : [933.2276051849497, 588.2885438835061, 192.0], "219" : [645.2378809177565, 634.4479808463028, 198.0], "221" : [645.2378809177565, 634.4479808463028, 198.0], "223" : [652.0242062231383, 638.2652637927176, 95.0], "225" : [652.0242062231383, 638.2652637927176, 95.0], "227" : [757.2526323378929, 635.3908599432264, 361.0], "229" : [757.2526323378929, 635.3908599432264, 361.0], "231" : [891.1978425435502, 630.2928036486969, 278.0], "233" : [891.1978425435502, 630.2928036486969, 278.0], "235" : [998.8261193165482, 632.1335801406079, 268.0], "237" : [1091.3531988394839, 631.6049255309329, 203.0], "239" : [671.0957824491211, 658.1030121238341, 166.0], "241" : [671.0957824491211, 658.1030121238341, 166.0], "243" : [618.1658254591085, 663.161424557586, 477.0], "245" : [807.5034148456108, 668.4990254138627, 205.0], "247" : [875.5932918038765, 670.8195127571631, 164.0], "249" : [767.2137515971987, 665.9618758640814, 160.0], "251" : [1004.4066958755167, 661.7943848808914, 463.0], "253" : [1004.4066958755167, 661.7943848808914, 463.0], "255" : [1004.4066958755167, 661.7943848808914, 463.0], "257" : [729.7784324953592, 682.9705866923285, 51.0], "259" : [735.2218762437975, 685.2109367039976, 64.0], "261" : [752.3618192176062, 690.3800025304915, 55.0], "263" : [752.3618192176062, 690.3800025304915, 55.0], "265" : [673.7320728098024, 769.7358496938796, 53.0], "267" : [673.7320728098024, 769.7358496938796, 53.0], "269" : [654.6068342534836, 764.3122293327323, 278.0], "271" : [835.2480509376173, 755.8272746502498, 154.0], "273" : [835.2480509376173, 755.8272746502498, 154.0], "275" : [788.6651839867224, 756.2292629530715, 270.0], "277" : [788.6651839867224, 756.2292629530715, 270.0], "279" : [788.6651839867224, 756.2292629530715, 270.0], "281" : [946.6825409771292, 755.2647642665256, 315.0], "283" : [946.6825409771292, 755.2647642665256, 315.0], "285" : [1079.5715833997717, 758.3881300821129, 278.0], "287" : [704.5075281157824, 795.9809145137452, 372.0], "289" : [704.5075281157824, 795.9809145137452, 372.0], "291" : [833.8388883435994, 799.2296303328908, 54.0],