{"1" : [920.8, 584.0, 189.15366639506263], "3" : [920.7, 584.2, 13.153666395062626], "5" : [941.7, 584.1, 219.15366639506263], "7" : [991.7, 549.8, 150.15366639506263], "9" : [992.0, 552.4, 23.153666395062626], "11" : [882.8, 503.2, 107.15366639506263], "13" : [883.7, 512.5, 217.15366639506263], "15" : [582.6, 438.6, 173.15366639506263], "17" : [575.5, 435.0, 9.153666395062626], "19" : [546.6, 435.6, 166.15366639506263], "21" : [548.3, 438.1, 26.153666395062626], "23" : [683.0, 440.4, 332.1536663950626], "25" : [684.2, 443.4, 25.153666395062626], "27" : [794.4, 444.1, 256.1536663950626], "29" : [796.3, 440.7, 25.153666395062626], "31" : [647.5, 446.1, 438.1536663950626], "33" : [651.1, 453.2, 23.153666395062626], "35" : [767.8, 457.0, 355.1536663950626], "37" : [765.6, 457.4, 23.153666395062626], "39" : [870.3, 458.1, 299.1536663950626], "41" : [876.5, 455.1, 23.153666395062626], "43" : [996.3, 451.0, 284.1536663950626], "45" : [1001.9, 450.5, 21.153666395062626], "47" : [1078.3, 452.9, 268.1536663950626], "49" : [1081.0, 455.6, 27.153666395062626], "51" : [1260.0, 447.9, 508.15366639506266], "53" : [1264.4, 447.1, 43.15366639506262], "55" : [993.2, 455.1, 285.1536663950626], "57" : [1003.2, 457.4, 46.15366639506262], "59" : [609.3, 436.5, 213.15366639506263], "61" : [605.3, 432.9, 15.153666395062626], "63" : [578.4, 433.1, 265.1536663950626], "65" : [579.5, 434.4, 23.153666395062626], "67" : [722.0, 441.0, 330.1536663950626], "69" : [719.1, 443.3, 13.153666395062626], "71" : [687.3, 446.2, 279.1536663950626], "73" : [688.9, 445.2, 24.153666395062626], "75" : [815.1, 453.1, 191.15366639506263], "77" : [812.5, 448.9, 23.153666395062626], "79" : [917.0, 452.0, 430.1536663950626], "81" : [921.7, 452.2, 22.153666395062626], "83" : [1001.6, 453.4, 332.1536663950626], "85" : [999.9, 454.8, 22.153666395062626], "87" : [1087.3, 455.0, 311.1536663950626], "89" : [1091.5, 454.9, 20.153666395062626], "91" : [991.1, 457.5, 203.15366639506263], "93" : [993.9, 458.4, 38.15366639506262], "95" : [1230.8, 447.5, 375.1536663950626], "97" : [1230.8, 445.9, 24.153666395062626], "99" : [1335.9, 444.3, 246.15366639506263], "101" : [1333.9, 445.0, 46.15366639506262]}