{"1" : [980.0, 533.4, 8.837318336834514], "3" : [975.2, 502.5, 471.8373183368345], "5" : [978.4, 504.3, 6.837318336834514], "7" : [975.3, 523.3, 206.83731833683453], "9" : [976.3, 518.0, 8.837318336834514], "11" : [982.7, 500.1, 454.8373183368345], "13" : [967.7, 556.4, 591.8373183368345], "15" : [971.4, 557.3, 35.837318336834514], "17" : [707.6, 541.0, 110.83731833683451], "19" : [710.0, 543.2, 15.837318336834514], "21" : [643.3, 551.9, 438.8373183368345], "23" : [649.6, 557.7, 19.837318336834514], "25" : [741.1, 556.6, 395.8373183368345], "27" : [741.1, 558.9, 17.837318336834514], "29" : [811.8, 547.0, 180.83731833683453], "31" : [810.5, 546.6, 20.837318336834514], "33" : [901.9, 541.1, 172.83731833683453], "35" : [896.5, 541.0, 7.837318336834515], "37" : [869.4, 542.8, 171.83731833683453], "39" : [868.2, 541.9, 17.837318336834514], "41" : [953.2, 541.9, 394.8373183368345], "43" : [964.8, 550.9, 18.837318336834514]}