{"1": [25.729790389680772, 384.1529192744427, 112.0], "2": [63.2, 385.0, 169.0], "3": [102.4, 385.0, 205.0], "4": [134.8, 385.0, 182.0], "5": [179.5, 385.0, 184.0], "6": [221.9, 385.0, 245.0], "7": [260.8, 385.0, 117.0], "8": [335.6, 385.0, 250.0], "9": [418.3646600752971, 384.512475015913, 404.0], "10": [456.47756867115356, 384.8720307573834, 209.0], "11": [514.7255987893494, 384.8720307573834, 230.0], "12": [577.8, 385.0, 278.0], "13": [629.5, 385.0, 401.0], "14": [676.8852381924748, 384.512475015913, 312.0], "15": [675.4470152265934, 383.7933635329723, 467.0], "16": [593.7, 385.0, 125.0], "17": [264.47480272598966, 383.79336353297236, 514.0], "18": [141.7, 385.0, 181.0], "19": [141.4, 385.0, 1083.0], "20": [220.24944652513727, 385.9506979817944, 147.0], "21": [199.1, 385.0, 176.0]}