{"1": [85.7755992152282, 384.5124750159131, 164.0], "2": [160.56319344105995, 384.15291927444275, 233.0], "3": [263.0365797601083, 385.5911422403242, 434.0], "4": [206.5, 385.0, 174.0], "5": [272.9, 385.0, 175.0], "6": [351.7, 385.0, 267.0], "7": [452.1, 385.0, 216.0], "8": [580.8838552198933, 385.95069798179463, 289.0], "9": [660.8, 385.0, 359.0], "10": [103.1, 385.0, 191.0], "11": [56.8, 385.0, 285.0], "12": [157.1, 385.0, 167.0]}