{"1": [65.4, 385.0, 131.0], "2": [110.94450111815226, 385.5911422403241, 133.0], "3": [157.6, 385.0, 191.0], "4": [222.04722523248887, 385.23158649885374, 225.0], "5": [315.9, 385.0, 291.0], "6": [439.9, 385.0, 170.0], "7": [559.4, 385.0, 200.0], "8": [596.5, 385.0, 142.0], "9": [641.8, 385.0, 132.0], "10": [644.8, 385.0, 293.0], "11": [630.9, 385.0, 610.0], "12": [662.1434527921915, 385.5911422403241, 194.0], "13": [671.1323463289501, 384.8720307573834, 918.0], "14": [141.5, 385.0, 238.0], "15": [233.7, 385.0, 298.0], "16": [190.6, 385.0, 174.0], "17": [94.7, 385.0, 103.0]}