{"1": [64.6, 383.1, 106.0], "2": [127.6, 389.0, 162.0], "3": [150.53114672346612, 380.1710322793316, 224.0], "4": [253.37872640751914, 383.3355731926871, 217.0], "5": [313.50500376127326, 386.50011410604253, 199.0], "6": [370.4667402016718, 380.1710322793316, 162.0], "7": [446.4, 386.4, 284.0], "8": [548.0, 381.2, 194.0], "9": [608.5984439316715, 380.1710322793316, 143.0], "10": [702.743536103997, 378.58876182265385, 213.0], "11": [781.857058937884, 381.75330273600935, 164.0], "12": [888.6, 380.1, 212.0], "13": [841.7, 382.2, 204.0], "14": [904.7, 384.9, 202.0], "15": [942.4575102906745, 380.9621675076705, 338.0]}