{"1" : [1290.4, 483.3, 833.6389142003712], "3" : [1290.2, 490.7, 46.6389142003712], "5" : [779.4, 496.4, 230.6389142003712], "7" : [781.1, 497.6, 24.638914200371193], "9" : [923.3, 505.5, 268.6389142003712], "11" : [921.3, 501.2, 158.6389142003712], "13" : [941.1, 500.7, 226.6389142003712], "15" : [940.9, 507.7, 33.6389142003712], "17" : [1152.5, 518.0, 562.6389142003712], "19" : [1150.5, 516.6, 8.638914200371193], "21" : [1127.4, 509.2, 220.6389142003712], "23" : [959.0, 535.3, 563.6389142003712], "25" : [962.7, 533.1, 33.6389142003712], "27" : [726.5, 508.8, 195.6389142003712], "29" : [728.5, 511.9, 20.638914200371193], "31" : [806.5, 518.7, 98.63891420037119], "33" : [804.8, 520.5, 145.6389142003712], "35" : [839.1, 509.3, 143.6389142003712], "37" : [838.1, 510.7, 23.638914200371193], "39" : [970.8, 535.2, 222.6389142003712], "41" : [969.3, 538.8, 19.638914200371193], "43" : [1036.4, 533.8, 264.6389142003712], "45" : [1030.3, 540.7, 22.638914200371193], "47" : [1157.0, 547.6, 207.6389142003712], "49" : [1167.2, 542.6, 24.638914200371193], "51" : [1033.1, 537.3, 453.6389142003712], "53" : [1035.6, 527.7, 19.638914200371193], "55" : [1112.9, 524.3, 85.63891420037119], "57" : [1111.1, 529.3, 175.6389142003712], "59" : [1195.7, 526.8, 518.6389142003712], "61" : [1192.9, 526.5, 42.6389142003712], "63" : [806.1, 536.6, 304.6389142003712], "65" : [807.3, 545.1, 12.638914200371193], "67" : [773.8, 546.7, 329.6389142003712], "69" : [773.1, 550.7, 26.638914200371193], "71" : [955.3, 550.8, 214.6389142003712], "73" : [952.2, 553.4, 174.6389142003712]}