{"1" : [1160.0, 628.8, 27.904450617403327], "3" : [1132.7, 509.5, 138.90445061740334], "5" : [1133.4, 511.5, 63.90445061740333], "7" : [531.4, 496.5, 172.90445061740334], "9" : [533.8, 501.9, 35.90445061740333], "11" : [370.8, 497.8, 237.90445061740334], "13" : [371.6, 497.1, 63.90445061740333], "15" : [1049.7, 492.9, 153.90445061740334], "17" : [952.5, 529.6, 573.9044506174033], "19" : [951.1, 535.3, 66.90445061740333], "21" : [339.0, 393.6, 62.90445061740332], "23" : [338.9, 392.3, 270.9044506174033], "25" : [250.3, 515.1, 123.90445061740333], "27" : [241.0, 467.4, 278.9044506174033], "29" : [610.2, 571.0, 102.90445061740333], "31" : [594.6, 520.2, 353.9044506174033], "33" : [808.6, 500.0, 167.90445061740334], "35" : [795.5, 417.6, 44.90445061740333], "37" : [1081.4, 404.8, 229.90445061740334], "39" : [1078.9, 402.0, 39.90445061740333], "41" : [1294.1, 390.5, 275.9044506174033], "43" : [1294.7, 388.3, 36.90445061740333], "45" : [1460.0, 390.6, 426.9044506174033], "47" : [1445.7, 393.9, 28.904450617403327], "49" : [1632.4, 404.7, 182.90445061740334], "51" : [1637.3, 407.6, 12.904450617403329], "53" : [1675.1, 415.5, 77.90445061740333], "55" : [1676.3, 413.4, 102.90445061740333], "57" : [344.6, 476.8, 146.90445061740334], "59" : [347.1, 479.5, 35.90445061740333], "61" : [240.2, 481.8, 210.90445061740334], "63" : [241.3, 482.2, 24.904450617403327], "65" : [365.9, 482.2, 80.90445061740333], "67" : [366.0, 485.7, 180.90445061740334], "69" : [645.6, 702.8, 32.90445061740333], "71" : [641.6, 675.8, 346.9044506174033], "73" : [553.8, 616.9, 195.90445061740334], "75" : [536.0, 520.7, 47.90445061740333], "77" : [850.4, 507.2, 232.90445061740334], "79" : [849.5, 516.7, 43.90445061740333], "81" : [1082.9, 515.2, 210.90445061740334], "83" : [1082.6, 507.5, 46.90445061740333]}