{"1" : [1703.4, 689.8, 262.1280879375111], "3" : [978.4, 707.0, 204.1280879375111], "5" : [980.2, 701.2, 14.128087937511108], "7" : [914.1, 705.2, 181.1280879375111], "9" : [904.1, 696.5, 27.128087937511108], "11" : [1052.7, 666.3, 510.12808793751105], "13" : [1053.3, 665.7, 11.128087937511108], "15" : [1082.7, 667.4, 519.128087937511], "17" : [1072.9, 654.0, 238.1280879375111], "19" : [1099.3, 713.7, 159.1280879375111], "21" : [1104.0, 799.4, 110.12808793751111], "23" : [949.5, 558.0, 563.128087937511], "25" : [951.2, 554.0, 39.12808793751111], "27" : [661.3, 492.8, 163.1280879375111], "29" : [666.3, 496.8, 16.128087937511108], "31" : [607.2, 500.6, 487.1280879375111], "33" : [606.0, 505.7, 21.128087937511108], "35" : [696.3, 502.5, 401.1280879375111], "37" : [698.9, 498.8, 19.128087937511108], "39" : [766.5, 509.2, 932.128087937511], "41" : [747.2, 516.2, 23.128087937511108], "43" : [887.1, 506.9, 336.1280879375111], "45" : [890.0, 500.7, 24.128087937511108], "47" : [1042.9, 499.5, 185.1280879375111], "49" : [1038.1, 501.7, 21.128087937511108]}