{"1" : [659.5021732630278, 61.70108807028574, 92.0], "3" : [662.6673706216878, 60.559999979454034, 95.0], "5" : [662.6673706216878, 60.559999979454034, 95.0], "7" : [718.657575398957, 74.66182103855135, 165.0], "9" : [718.657575398957, 74.66182103855135, 165.0], "11" : [646.9873268662363, 68.91643359611028, 213.0], "13" : [772.9183992592909, 62.06319866770472, 125.0], "15" : [772.9183992592909, 62.06319866770472, 125.0], "17" : [858.3558317754762, 59.46583152838141, 120.0], "19" : [858.3558317754762, 59.46583152838141, 120.0], "21" : [713.3134171061132, 84.2615848550616, 164.0], "23" : [713.3134171061132, 84.2615848550616, 164.0], "25" : [819.4819867120343, 88.72795068734578, 161.0], "27" : [941.46135020983, 77.3995205276716, 207.0], "29" : [941.46135020983, 77.3995205276716, 207.0], "31" : [932.2058839613419, 82.08676386968295, 68.0], "33" : [999.1090908832501, 78.47273004096337, 176.0], "35" : [646.7486481062075, 110.3342343147528, 111.0], "37" : [648.8976495312294, 109.35412076992735, 85.0], "39" : [739.9459829098922, 117.10223553242054, 224.0], "41" : [855.6585204470463, 113.4589853515712, 217.0], "43" : [856.3248862198573, 109.32231884673085, 233.0], "45" : [996.3718433816679, 113.3344661820202, 206.0], "47" : [979.6128900955175, 120.38906235316199, 256.0], "49" : [1007.6775706131555, 120.62149407828612, 107.0], "51" : [881.6186532579505, 115.15325779305937, 445.0], "53" : [1039.111202345613, 120.09501997530933, 241.0], "55" : [665.0211245607439, 154.604224517415, 213.0], "57" : [751.3433133555568, 154.77379598505195, 187.0], "59" : [825.7973845158841, 157.54509618826845, 153.0], "61" : [825.7973845158841, 157.54509618826845, 153.0], "63" : [896.1365827808653, 156.61056810631285, 123.0], "65" : [899.1881562875294, 155.34868444272513, 76.0], "67" : [899.1881562875294, 155.34868444272513, 76.0], "69" : [1006.531272456834, 155.42920894010214, 291.0], "71" : [1006.531272456834, 155.42920894010214, 291.0], "73" : [770.6851659112862, 255.31961737415247, 209.0], "75" : [738.5506481987456, 252.12995827038378, 464.0], "77" : [798.1369860457175, 246.4356158593489, 292.0], "79" : [768.3969235773252, 242.80769541069628, 65.0], "81" : [858.8134536219012, 239.61490988281713, 275.0], "83" : [926.6183856151665, 239.95829518577733, 223.0], "85" : [1005.6688786011674, 247.28418436598255, 196.0], "87" : [676.011487053841, 273.0317591510313, 148.0], "89" : [675.6730253014441, 281.8624988852139, 152.0], "91" : [705.0554363925415, 286.9010858592999, 92.0], "93" : [705.0554363925415, 286.9010858592999, 92.0], "95" : [709.9466044360629, 282.82718190134665, 103.0], "97" : [763.962392281364, 283.51105831139506, 226.0], "99" : [683.9246393754582, 273.7188421748579, 138.0], "101" : [748.6005887889058, 266.61298050346556, 339.0], "103" : [748.6005887889058, 266.61298050346556, 339.0], "105" : [824.0065690460314, 275.99495096924375, 198.0], "107" : [824.0065690460314, 275.99495096924375, 198.0], "109" : [926.1269498835812, 279.79077969830524, 423.0], "111" : [965.7969251916276, 278.82076868379824, 130.0], "113" : [965.7969251916276, 278.82076868379824, 130.0], "115" : [909.5123179565184, 281.6049239142702, 203.0], "117" : [723.3140606667417, 323.9359386557936, 192.0], "119" : [723.3140606667417, 323.9359386557936, 192.0], "121" : [723.3140606667417, 323.9359386557936, 192.0], "123" : [693.362694523118, 323.2238330926463, 193.0], "125" : [693.362694523118, 323.2238330926463, 193.0], "127" : [789.0315791336376, 317.83391871311636, 171.0], "129" : [917.3564236519567, 316.1748598991874, 179.0], "131" : [1007.0890062485049, 317.09999905511756, 191.0], "133" : [1054.229776996362, 323.9600013966019, 225.0], "135" : [1054.229776996362, 323.9600013966019, 225.0], "137" : [607.0311945906757, 391.0100912413336, 218.0], "139" : [584.3716110498543, 390.6263404720204, 391.0], "141" : [772.505239496906, 389.2861913534454, 210.0], "143" : [755.0289015091793, 407.49768921107926, 173.0], "145" : [829.9515542446098, 408.8695646495692, 161.0], "147" : [918.9944190949625, 409.9768223351425, 233.0], "149" : [918.9944190949625, 409.9768223351425, 233.0], "151" : [1023.4929551364362, 412.4916104351801, 298.0], "153" : [723.7702481400142, 452.8338855434674, 242.0], "155" : [727.1681159864071, 458.48406018112985, 69.0], "157" : [727.1681159864071, 458.48406018112985, 69.0], "159" : [727.1681159864071, 458.48406018112985, 69.0], "161" : [611.5857162768486, 462.82857043284855, 224.0], "163" : [678.0308866982097, 466.6313647949162, 204.0], "165" : [741.039674373678, 466.29473010000373, 247.0], "167" : [686.1472630601176, 464.9157496740569, 146.0], "169" : [686.1472630601176, 464.9157496740569, 146.0], "171" : [747.5194782361995, 458.77532436574324, 77.0], "173" : [747.5194782361995, 458.77532436574324, 77.0], "175" : [843.1627127918206, 455.1214725376647, 177.0], "177" : [843.1627127918206, 455.1214725376647, 177.0], "179" : [804.8822377587995, 453.93486995342664, 304.0], "181" : [791.4733325264364, 453.3283324801052, 240.0], "183" : [861.9404356912478, 452.21391147126235, 230.0], "185" : [902.1572592344806, 453.75040219891196, 248.0], "187" : [882.7768200873387, 452.11357650824414, 302.0], "189" : [916.3881164995231, 451.76579762363474, 345.0], "191" : [1021.3864212003995, 456.93271843999815, 162.0], "193" : [1021.3864212003995, 456.93271843999815, 162.0], "195" : [994.3643288343566, 457.55174849126655, 143.0], "197" : [994.3643288343566, 457.55174849126655, 143.0], "199" : [1078.864554145758, 456.4987412502531, 158.0], "201" : [1129.038510291686, 459.9864848077657, 148.0], "203" : [683.1741964333929, 488.4924735915707, 93.0], "205" : [683.1741964333929, 488.4924735915707, 93.0], "207" : [662.2641816138415, 481.06567113764373, 67.0], "209" : [662.2641816138415, 481.06567113764373, 67.0], "211" : [773.9852341035385, 485.2288594265334, 149.0], "213" : [891.0354851033259, 492.589919434978, 248.0], "215" : [891.0354851033259, 492.589919434978, 248.0], "217" : [1067.4466651527255, 493.25272714591375, 165.0], "219" : [1067.4466651527255, 493.25272714591375, 165.0], "221" : [1113.6723805794838, 493.5971422856707, 105.0], "223" : [846.0692311327308, 555.3993842608935, 325.0], "225" : [996.5874002093111, 554.5433070432216, 254.0], "227" : [1118.3664896199523, 555.0884830096736, 191.0], "229" : [697.4442524700104, 590.7850580342291, 174.0], "231" : [697.4442524700104, 590.7850580342291, 174.0], "233" : [668.4808490773412, 591.5234037052711, 141.0], "235" : [668.4808490773412, 591.5234037052711, 141.0], "237" : [668.4808490773412, 591.5234037052711, 141.0], "239" : [743.0598989882684, 586.8468780724776, 192.0], "241" : [743.0598989882684, 586.8468780724776, 192.0], "243" : [743.0598989882684, 586.8468780724776, 192.0], "245" : [832.1146447181828, 584.7303036094229, 198.0], "247" : [898.6873506926178, 586.427713318595, 166.0], "249" : [870.9546599236479, 585.096892836208, 161.0], "251" : [844.7230076530573, 583.0783192175618, 226.0], "253" : [915.2607831182362, 581.9632343709638, 204.0], "255" : [893.5052136566252, 582.1635408655974, 96.0], "257" : [999.9948903217008, 585.0211673787367, 137.0], "259" : [1058.1737112027529, 586.1407227785423, 194.0], "261" : [1089.4650607204737, 589.1746993449078, 83.0], "263" : [1089.4650607204737, 589.1746993449078, 83.0], "265" : [694.8698931621818, 609.5559147224748, 186.0], "267" : [651.4126556455625, 617.217087982746, 158.0], "269" : [621.6415772541504, 622.1499988788197, 190.0], "271" : [621.6415772541504, 622.1499988788197, 190.0], "273" : [790.1020949486638, 618.8942419709351, 191.0], "275" : [790.1020949486638, 618.8942419709351, 191.0], "277" : [843.9572282849526, 621.7265072296195, 166.0], "279" : [843.9572282849526, 621.7265072296195, 166.0], "281" : [843.9572282849526, 621.7265072296195, 166.0], "283" : [814.7746650826596, 625.1617282648658, 371.0], "285" : [814.7746650826596, 625.1617282648658, 371.0], "287" : [814.7746650826596, 625.1617282648658, 371.0], "289" : [895.4504416855872, 623.8043882229634, 228.0], "291" : [895.4504416855872, 623.8043882229634, 228.0],