{"1" : [1083.4, 501.9, 337.1280879375111], "3" : [1082.2, 501.0, 45.12808793751111], "5" : [1474.5, 495.2, 362.1280879375111], "7" : [1474.4, 496.8, 26.128087937511108], "9" : [1311.1, 500.7, 272.1280879375111], "11" : [1318.0, 497.2, 17.128087937511108], "13" : [1249.2, 496.0, 255.12808793751114], "15" : [1252.1, 495.0, 27.128087937511108], "17" : [1418.4, 489.9, 64.12808793751111], "19" : [1415.9, 476.9, 224.1280879375111], "21" : [1452.9, 418.6, 37.12808793751111], "23" : [1458.4, 385.1, 49.12808793751111], "25" : [954.1, 513.2, 312.1280879375111], "27" : [950.3, 519.2, 27.128087937511108], "29" : [1110.6, 551.3, 303.1280879375111], "31" : [1107.8, 549.3, 25.128087937511108], "33" : [1247.1, 522.1, 41.12808793751111], "35" : [1246.0, 511.4, 762.128087937511], "37" : [797.1, 350.0, 40.12808793751111], "39" : [950.1, 534.3, 579.128087937511], "41" : [950.5, 543.1, 31.128087937511108], "43" : [754.5, 457.1, 300.1280879375111], "45" : [754.0, 465.3, 13.128087937511108], "47" : [707.1, 475.1, 163.1280879375111], "49" : [707.4, 472.7, 26.128087937511108], "51" : [862.7, 468.7, 200.1280879375111], "53" : [858.7, 472.0, 23.128087937511108], "55" : [975.3, 473.1, 242.1280879375111], "57" : [976.2, 476.9, 19.128087937511108], "59" : [1050.6, 472.1, 128.1280879375111], "61" : [1047.7, 471.6, 25.128087937511108], "63" : [1197.5, 453.7, 611.128087937511], "65" : [1196.2, 446.4, 35.12808793751111], "67" : [948.4, 554.4, 255.12808793751114], "69" : [951.6, 556.1, 9.128087937511108], "71" : [946.1, 582.2, 111.12808793751111]}