{"1": [766.6624274822053, 21.0, 165.0], "2": [851.7280361392908, 21.0, 107.0], "3": [923.4874074434501, 21.0, 135.0], "4": [700.656923076304, 87.0, 195.0], "5": [787.0371124627749, 87.0, 194.0], "6": [628.4399962141351, 85.38808264219563, 181.0], "7": [629.0251446174749, 84.80293423885593, 181.0], "8": [604.1886367317622, 87.0, 132.0], "9": [832.4434528042469, 87.0, 168.0], "10": [886.7849641595827, 87.0, 153.0], "11": [1002.8926100923846, 87.0, 203.0], "12": [1105.5344083920324, 87.0, 186.0], "13": [1060.8009549557332, 87.0, 210.0], "14": [1017.0617098398013, 87.0, 175.0], "15": [991.8171546880582, 82.46234062549735, 177.0], "16": [1073.2922621336247, 87.0, 168.0], "17": [1115.4054982032428, 87.0, 200.0], "18": [712.4442981327531, 120.0, 149.0], "19": [712.4442981327531, 120.0, 149.0], "20": [666.8126412524601, 120.0, 174.0], "21": [666.8126412524601, 120.0, 174.0], "22": [759.5132385622169, 119.3266900358953, 315.0], "23": [804.6446523087665, 120.0, 215.0], "24": [858.4033187266178, 120.49698684257459, 163.0], "25": [899.3637069603933, 118.74154163255565, 108.0], "26": [910.1888897178609, 120.0, 108.0], "27": [959.6339925043774, 116.98609642253672, 293.0], "28": [987.4462362249166, 120.0, 186.0], "29": [689.173125016254, 153.0, 160.0], "30": [672.4771413732601, 153.0, 175.0], "31": [609.49695740188, 153.0, 197.0], "32": [609.49695740188, 153.0, 197.0], "33": [679.8966662910916, 153.0, 150.0], "34": [679.8966662910916, 153.0, 150.0], "35": [799.360748685148, 153.0, 186.0], "36": [799.360748685148, 153.0, 186.0], "37": [852.2293240518444, 153.0, 133.0], "38": [926.2805335140173, 149.75440700955713, 229.0], "39": [929.2062755307155, 150.92470381623642, 229.0], "40": [928.6211271273759, 150.92470381623642, 229.0], "41": [926.8656819173569, 149.16925860621748, 229.0], "42": [904.6300425904502, 149.16925860621748, 167.0], "43": [906.3854878004691, 152.09500062291573, 167.0], "44": [1020.7181838552032, 153.0, 198.0], "45": [1020.7181838552032, 153.0, 198.0], "46": [1047.6472637854288, 153.0, 402.0], "47": [732.596412008593, 186.6187564199551, 158.0], "48": [729.6706699918948, 186.03360801661543, 158.0], "49": [692.4076339787116, 186.0, 131.0], "50": [692.4076339787116, 186.0, 131.0], "51": [806.5624439696413, 186.0, 221.0], "52": [806.5624439696413, 186.0, 221.0], "53": [775.4194283786771, 186.0, 175.0], "54": [775.4194283786771, 186.0, 175.0], "55": [904.380000656897, 186.0, 195.0], "56": [904.380000656897, 186.0, 195.0], "57": [963.966107217292, 186.0, 239.0], "58": [963.966107217292, 186.0, 239.0], "59": [713.2865146983845, 249.22963557729767, 221.0], "60": [695.709614216106, 249.0, 156.0], "61": [695.709614216106, 249.0, 156.0], "62": [774.8213820481812, 249.0, 159.0], "63": [718.5047239300337, 249.0, 127.0], "64": [916.1388873636813, 249.0, 234.0], "65": [997.5147047407003, 249.0, 170.0], "66": [961.1244996314622, 249.0, 200.0], "67": [708.0760582725487, 282.0, 142.0], "68": [681.3149076589825, 282.0, 161.0], "69": [766.5542876195154, 282.0, 175.0], "70": [766.5542876195154, 282.0, 175.0], "71": [832.6309776459411, 282.0, 184.0], "72": [832.6309776459411, 282.0, 184.0], "73": [930.0555552298528, 282.0, 225.0], "74": [930.0555552298528, 282.0, 225.0], "75": [930.0555552298528, 282.0, 225.0], "76": [990.1842927736909, 282.0, 191.0], "77": [1015.3669535776305, 282.0, 115.0], "78": [1015.3669535776305, 282.0, 115.0], "79": [683.915334937687, 318.0, 150.0], "80": [720.8934439418, 314.7662567513385, 178.0], "81": [689.8935005467027, 318.0, 200.0], "82": [689.8935005467027, 318.0, 200.0], "83": [791.2465443419339, 318.0, 217.0], "84": [791.2465443419339, 318.0, 217.0], "85": [867.0941177390899, 318.0, 187.0], "86": [867.0941177390899, 318.0, 187.0], "87": [932.0961993923758, 318.0, 263.0], "88": [932.0961993923758, 318.0, 263.0], "89": [932.0961993923758, 318.0, 263.0], "90": [996.8011667589498, 318.0, 171.0], "91": [1047.0825839714564, 318.0, 178.0], "92": [1025.755762081758, 317.10685036469715, 134.0], "93": [1029.2666525017958, 312.4256631379799, 134.0], "94": [715.0419599084034, 346.3642705316797, 155.0], "95": [719.7231471351207, 345.7791221283401, 155.0], "96": [716.7974051184224, 351.0454577583969, 155.0], "97": [669.699998327301, 351.0, 145.0], "98": [669.699998327301, 351.0, 145.0], "99": [809.8360012494268, 347.534567338359, 146.0], "100": [814.517188476144, 348.7048641450383, 146.0], "101": [837.3379762063904, 349.29001254837794, 190.0], "102": [835.4831577964386, 351.0, 190.0], "103": [963.1448829244152, 348.7048641450383, 303.0], "104": [927.4508303206966, 346.94941893501937, 303.0], "105": [622.003363777399, 415.41178212575846, 205.0], "106": [624.3439573907577, 413.65633691573953, 205.0], "107": [697.0318820995568, 417.0, 138.0], "108": [586.645982411885, 417.0, 224.0], "109": [660.0171770687382, 417.0, 163.0], "110": [729.9618614469641, 417.0, 215.0], "111": [863.0845059533351, 414.8266337224188, 176.0], "112": [823.1980653921285, 417.0, 155.0], "113": [920.6196700416547, 417.0, 183.0], "114": [1062.9486293525322, 417.0, 255.0], "115": [1099.238817362928, 417.0, 237.0], "116": [714.051925075164, 450.0, 156.0], "117": [714.051925075164, 450.0, 156.0], "118": [669.9265688030766, 450.0, 207.0], "119": [752.4904758855396, 450.0, 189.0], "120": [819.2940916688982, 450.0, 220.0], "121": [926.0207548486965, 450.0, 212.0], "122": [926.0207548486965, 450.0, 212.0], "123": [904.5202803251166, 450.0, 143.0], "124": [1019.2854520076226, 450.0, 165.0], "125": [1019.2854520076226, 450.0, 165.0], "126": [678.5640721211456, 483.0, 167.0], "127": [678.5640721211456, 483.0, 167.0], "128": [612.3515153169548, 483.0, 198.0], "129": [671.1558296579296, 479.19295808978035, 152.0], "130": [736.772282936413, 483.0, 184.0], "131": [807.6392677585318, 483.0, 191.0], "132": [890.5864809102986, 479.19295808978035, 154.0], "133": [894.6825197336761, 479.19295808978035, 154.0], "134": [942.9590176384559, 483.0, 205.0], "135": [942.9590176384559, 483.0, 205.0], "136": [822.1052356871098, 483.0, 191.0], "137": [980.2555550090249, 483.0, 225.0], "138": [980.2555550090249, 483.0, 225.0], "139": [1070.928330896199, 483.0, 240.0], "140": [1050.5139546861135, 483.0, 215.0], "141": [1134.008216699593, 479.19295808978035, 208.0], "142": [671.8813413511116, 516.0, 134.0], "143": [671.8813413511116, 516.0, 134.0], "144": [644.1925023700768, 516.0, 160.0], "145": [755.4171997388394, 513.13156548348, 205.0], "146": [829.1193875179644, 516.0, 196.0], "147": [910.5293204577454, 516.0, 191.0], "148": [1042.8718038300728, 516.0, 227.0], "149": [1042.8718038300728, 516.0, 227.0], "150": [640.5239718556758, 582.0, 146.0], "151": [596.2568340304546, 579.2533350608606, 178.0], "152": [593.3310920137563, 576.9127414475021, 178.0], "153": [718.4671871713391, 582.0, 192.0], "154": [763.1210073209272, 582.0, 119.0], "155": [675.837016884647, 578.668186657521, 142.0], "156": [623.7725939539008, 582.0, 208.0], "157": [591.3519205058678, 582.0, 156.0], "158": [706.2647338583089, 578.0830382541814, 307.0], "159": [848.8880420738434, 582.0, 184.0], "160": [924.5065866437672, 582.0, 167.0], "161": [1046.002926891291, 582.0, 205.0], "162": [1096.7831844684777, 582.0, 220.0], "163": [655.9419711710989, 612.6067940512207, 148.0], "164": [602.7387727308848, 615.0, 196.0], "165": [678.514765848713, 615.0, 149.0], "166": [740.9940443691456, 615.0, 403.0], "167": [688.270640278252, 615.0, 235.0], "168": [819.783524106201, 613.7770908579, 251.0], "169": [820.3686725095406, 612.6067940512207, 251.0], "170": [896.4379649436953, 614.3622392612397, 185.0], "171": [940.4677781215571, 615.0, 180.0], "172": [1051.9790124106908, 615.0, 243.0], "173": [1051.9790124106908, 615.0, 243.0], "174": [1025.6281609114903, 615.0, 174.0], "175": [1025.6281609114903, 615.0, 174.0], "176": [1025.6281609114903, 615.0, 174.0], "177": [1093.0478284658177, 614.3622392612397, 129.0], "178": [1094.218125272497, 614.3622392612397, 129.0], "179": [672.6386192397185, 648.0, 145.0], "180": [599.3423562177642, 648.0, 170.0],