{"1": [482.8, 404.0, 138.0], "2": [435.6, 404.0, 162.0], "3": [417.7, 404.0, 684.0], "4": [479.6, 404.0, 695.0], "5": [437.8, 404.0, 751.0], "6": [473.2, 404.0, 214.0], "7": [491.6, 404.0, 579.0], "8": [520.5, 404.0, 331.0], "9": [537.6, 404.0, 149.0], "10": [580.2, 404.0, 278.0], "11": [650.7, 404.0, 250.0], "12": [680.7, 404.0, 224.0], "13": [721.3, 404.0, 290.0], "14": [768.7, 404.0, 395.0], "15": [783.4, 404.0, 305.0], "16": [820.6, 404.0, 191.0], "17": [858.8, 404.0, 120.0], "18": [855.7, 404.0, 139.0], "19": [861.1, 404.0, 333.0], "20": [891.0, 404.0, 111.0], "21": [733.4, 404.0, 109.0], "22": [609.0, 404.0, 209.0], "23": [730.7, 404.0, 338.0], "24": [730.5, 404.0, 278.0], "25": [716.3, 404.0, 253.0], "26": [859.1, 404.0, 239.0], "27": [928.1, 404.0, 256.0], "28": [988.7, 404.0, 156.0], "29": [1062.9, 404.0, 562.0], "30": [1096.2, 404.0, 240.0], "31": [1132.9, 404.0, 187.0], "32": [1109.7, 404.0, 354.0], "33": [1160.9, 404.0, 203.0], "34": [1204.0, 404.0, 153.0], "35": [1255.6, 404.0, 170.0], "36": [969.7, 404.0, 262.0], "37": [1009.8, 404.0, 229.0], "38": [1060.3, 404.0, 351.0], "39": [1043.7, 404.0, 350.0], "40": [1169.1, 404.0, 228.0], "41": [1236.8, 404.0, 184.0], "42": [1278.4, 404.0, 479.0], "43": [1294.9, 404.0, 603.0], "44": [1306.1, 404.0, 289.0], "45": [1335.6, 404.0, 216.0], "46": [1360.0, 404.0, 202.0], "47": [1387.1, 404.0, 105.0], "48": [1262.3, 404.0, 528.0], "49": [1279.7, 404.0, 273.0], "50": [1301.0, 404.0, 278.0], "51": [1463.7, 404.0, 319.0], "52": [1501.2, 404.0, 349.0], "53": [1485.3, 404.0, 485.0], "54": [1474.8, 404.0, 175.0], "55": [1491.7, 404.0, 328.0], "56": [1504.6, 404.0, 619.0], "57": [1523.6, 404.0, 242.0], "58": [1519.1, 404.0, 107.0], "59": [281.6, 453.0, 122.0], "60": [224.3, 453.0, 168.0], "61": [275.0, 453.0, 234.0], "62": [313.5, 453.0, 197.0], "63": [305.6, 453.0, 245.0], "64": [328.7, 453.0, 352.0], "65": [367.8, 453.0, 315.0], "66": [380.3, 453.0, 345.0], "67": [411.9, 453.0, 176.0], "68": [470.6, 453.0, 215.0], "69": [533.9, 453.0, 148.0], "70": [573.1, 453.0, 234.0], "71": [596.4, 453.0, 335.0], "72": [569.6, 453.0, 162.0], "73": [602.2, 453.0, 215.0], "74": [617.0, 453.0, 281.0], "75": [645.6, 453.0, 167.0], "76": [618.6, 453.0, 266.0], "77": [727.7, 453.0, 235.0], "78": [821.0, 453.0, 268.0], "79": [875.6, 453.0, 117.0], "80": [935.0255893415589, 453.78231681079296, 191.0], "81": [787.9648306632494, 455.01812150556873, 281.0], "82": [900.9, 453.0, 388.0], "83": [944.7, 453.0, 133.0], "84": [980.4, 453.0, 234.0], "85": [830.3, 453.0, 207.0], "86": [985.2, 453.0, 243.0], "87": [1030.4, 453.0, 330.0], "88": [1034.9, 453.0, 128.0], "89": [1043.9, 453.0, 223.0], "90": [1021.0, 453.0, 459.0], "91": [1037.9, 453.0, 234.0], "92": [1087.4, 453.0, 248.0], "93": [1108.3, 453.0, 249.0], "94": [1134.1, 453.0, 200.0], "95": [1110.8, 453.0, 353.0], "96": [1148.1, 453.0, 249.0], "97": [1212.3, 453.0, 187.0], "98": [1257.0, 453.0, 181.0], "99": [1337.8, 453.0, 284.0], "100": [1401.9, 453.0, 248.0], "101": [1409.2, 453.0, 175.0], "102": [1461.9, 453.0, 230.0], "103": [1493.1, 453.0, 287.0], "104": [1503.0, 453.0, 565.0], "105": [1527.0, 453.0, 263.0], "106": [1563.9, 453.0, 379.0], "107": [1508.5, 453.0, 300.0], "108": [1562.0, 453.0, 276.0], "109": [1592.9, 453.0, 426.0], "110": [1616.5, 453.0, 235.0], "111": [1642.3, 453.0, 272.0], "112": [1669.9, 453.0, 170.0], "113": [1692.9, 453.0, 320.0], "114": [1483.1, 453.0, 217.0], "115": [1366.1, 453.0, 136.0], "116": [1320.9, 453.0, 182.0], "117": [294.2, 503.0, 118.0], "118": [210.6, 503.0, 163.0], "119": [186.6, 503.0, 232.0], "120": [170.2, 503.0, 200.0], "121": [226.7, 503.0, 205.0], "122": [282.6, 503.0, 164.0], "123": [316.9, 503.0, 756.0], "124": [366.8, 503.0, 198.0], "125": [429.4, 503.0, 231.0], "126": [454.3, 503.0, 265.0], "127": [498.0, 503.0, 199.0], "128": [560.9, 503.0, 253.0], "129": [617.3, 503.0, 268.0], "130": [661.3, 503.0, 427.0], "131": [706.1, 503.0, 401.0], "132": [703.6, 503.0, 163.0], "133": [710.5, 503.0, 158.0], "134": [726.0, 503.0, 152.0], "135": [747.4, 503.0, 363.0], "136": [779.9, 503.0, 201.0], "137": [800.4, 503.0, 266.0], "138": [846.8, 503.0, 200.0], "139": [818.7, 503.0, 333.0], "140": [785.1, 503.0, 311.0], "141": [848.4, 503.0, 478.0], "142": [879.9, 503.0, 231.0], "143": [845.0, 503.0, 272.0], "144": [828.6, 503.0, 204.0], "145": [857.5, 503.0, 361.0], "146": [894.9, 503.0, 340.0], "147": [931.4, 503.0, 194.0], "148": [955.0, 503.0, 328.0], "149": [1020.7, 503.0, 202.0], "150": [703.5, 503.0, 244.0], "151": [1043.1, 503.0, 309.0], "152": [1070.1, 503.0, 421.0], "153": [1135.2, 503.0, 216.0], "154": [1225.6, 503.0, 279.0], "155": [1275.1, 503.0, 188.0], "156": [1227.2, 503.0, 258.0], "157": [1344.4, 503.0, 319.0], "158": [1317.2, 503.0, 146.0], "159": [1430.4, 503.0, 231.0], "160": [1477.9, 503.0, 267.0], "161": [1464.1, 503.0, 163.0], "162": [1523.3, 503.0, 332.0], "163": [1563.4, 503.0, 207.0], "164": [1604.2, 503.0, 273.0], "165": [1640.6, 503.0, 210.0], "166": [1708.8, 503.0, 288.0], "167": [1708.6, 503.0, 115.0], "168": [237.8, 553.0, 156.0], "169": [194.3, 553.0, 215.0], "170": [234.7, 553.0, 201.0], "171": [265.2, 553.0, 374.0], "172": [235.5, 553.0, 176.0], "173": [286.8, 553.0, 107.0], "174": [328.0, 553.0, 191.0], "175": [349.5, 553.0, 196.0], "176": [363.9, 553.0, 318.0], "177": [423.8, 553.0, 339.0], "178": [454.1, 553.0, 235.0], "179": [469.2, 553.0, 128.0], "180": [550.1, 553.0, 191.0], "181": [569.4, 553.0, 208.0], "182": [586.5, 553.0, 282.0], "183": [610.1, 553.0, 411.0], "184": [694.3, 553.0, 290.0], "185": [666.4, 553.0, 146.0], "186": [703.7, 553.0, 230.0], "187": [719.2, 553.0, 238.0], "188": [791.9, 553.0, 162.0], "189": [843.8, 553.0, 153.0], "190": [832.1, 553.0, 324.0], "191": [853.6, 553.0, 192.0], "192": [879.4143780766519, 551.4108876980741, 102.0], "193": [909.7, 553.0, 279.0], "194": [952.2, 553.0, 224.0], "195": [970.8639254900545, 553.8824970876256, 124.0], "196": [1031.9, 553.0, 236.0], "197": [1071.8, 553.0, 228.0], "198": [1097.1, 553.0, 190.0], "199": [1169.6, 553.0, 208.0], "200": [1136.9, 553.0, 403.0], "201": [1161.9, 553.0, 152.0], "202": [1204.7, 553.0, 381.0], "203": [1242.6, 553.0, 385.0], "204": [1268.1, 553.0, 254.0], "205": [1250.9, 553.0, 219.0], "206": [1298.4, 553.0, 276.0], "207": [1353.4, 553.0, 220.0], "208": [1394.5, 553.0, 267.0], "209": [1455.6, 553.0, 257.0], "210": [1383.5, 553.0, 477.0], "211": [1430.4, 553.0, 227.0], "212": [1476.8, 553.0, 205.0], "213": [1511.6, 553.0, 211.0], "214": [1547.8, 553.0, 234.0], "215": [1604.9, 553.0, 375.0], "216": [1630.9, 553.0, 194.0], "217": [1630.1, 553.0, 147.0], "218": [1689.8, 553.0, 202.0], "219": [1691.5, 553.0, 354.0], "220": [1721.4, 553.0, 154.0], "221": [1720.2, 553.0, 109.0], "222": [280.7, 603.0, 161.0], "223": [230.9, 603.0, 524.0], "224": [225.1, 603.0, 231.0], "225": [288.2, 603.0, 253.0], "226": [324.8, 603.0, 208.0], "227": [407.7, 603.0, 301.0], "228": [457.0, 603.0, 212.0], "229": [448.9, 603.0, 102.0], "230": [495.8, 603.0, 226.0], "231": [570.7, 603.0, 283.0], "232": [543.2, 603.0, 166.0], "233": [622.8, 603.0, 300.0], "234": [660.8, 603.0, 167.0], "235": [692.9, 603.0, 120.0], "236": [748.0, 603.0, 177.0], "237": [809.1, 603.0, 215.0], "238": [845.3, 603.0, 281.0], "239": [859.2, 603.0, 111.0], "240": [905.0, 603.0, 356.0], "241": [934.1, 603.0, 211.0], "242": [967.5, 603.0, 301.0], "243": [1030.6, 603.0, 195.0], "244": [1053.4, 603.0, 256.0], "245": [1068.8, 603.0, 208.0], "246": [1149.3, 603.0, 231.0], "247": [1127.4, 603.0, 165.0], "248": [1197.3, 603.0, 260.0], "249": [1223.1, 603.0, 816.0], "250": [1237.5, 603.0, 121.0], "251": [1295.0, 603.0, 202.0], "252": [1326.2, 603.0, 399.0], "253": [1327.1, 603.0, 204.0], "254": [1374.4, 603.0, 217.0], "255": [1459.0, 603.0, 288.0], "256": [1488.3, 603.0, 286.0], "257": [1544.6, 603.0, 228.0], "258": [1598.7, 603.0, 263.0], "259": [1632.3, 603.0, 249.0], "260": [1664.5, 603.0, 167.0], "261": [1666.1, 603.0, 102.0], "262": [387.5, 654.0, 142.0],