{"1" : [979.4, 885.7, 178.12890406279675], "3" : [953.8, 550.7, 538.1289040627968], "5" : [952.9, 549.1, 36.12890406279675], "7" : [684.5, 446.8, 151.12890406279675], "9" : [683.7, 444.2, 19.12890406279675], "11" : [627.7, 440.4, 99.12890406279675], "13" : [626.1, 436.5, 234.12890406279675], "15" : [911.3, 433.4, 212.12890406279675], "17" : [915.3, 433.8, 25.12890406279675], "19" : [815.2, 421.6, 131.12890406279675], "21" : [812.5, 422.6, 40.12890406279675], "23" : [649.0, 430.3, 211.12890406279675], "25" : [647.5, 436.7, 21.12890406279675], "27" : [590.2, 439.0, 73.12890406279675], "29" : [590.0, 443.8, 44.12890406279675], "31" : [805.0, 441.8, 331.1289040627968], "33" : [805.3, 442.7, 43.12890406279675], "35" : [979.0, 448.2, 143.12890406279675], "37" : [977.6, 444.4, 31.12890406279675], "39" : [907.9, 445.8, 51.12890406279675], "41" : [904.0, 446.8, 43.12890406279675], "43" : [1111.2, 456.5, 157.12890406279675], "45" : [1111.6, 457.2, 21.12890406279675], "47" : [1050.2, 453.5, 164.12890406279675], "49" : [1047.0, 452.8, 43.12890406279675], "51" : [1232.0, 455.8, 202.12890406279675], "53" : [1230.4, 454.8, 32.12890406279675], "55" : [1150.2, 447.6, 128.12890406279675], "57" : [1148.7, 445.7, 46.12890406279675], "59" : [907.6, 548.4, 245.12890406279675], "61" : [907.0, 548.4, 17.12890406279675], "63" : [939.0, 509.2, 308.1289040627968]}