{"1" : [764.0, 374.6, 14.234424607701955], "3" : [812.7, 377.9, 40.23442460770195], "5" : [813.1, 376.2, 41.23442460770195], "7" : [509.7, 386.3, 366.23442460770195], "9" : [504.9, 387.0, 15.234424607701955], "11" : [458.4, 389.8, 210.23442460770195], "13" : [458.9, 387.4, 16.234424607701953], "15" : [524.2, 392.2, 137.23442460770195], "17" : [525.2, 389.8, 17.234424607701953], "19" : [598.2, 378.4, 207.23442460770195], "21" : [594.3, 376.8, 76.23442460770195], "23" : [1432.0, 288.3, 254.23442460770195], "25" : [1423.2, 292.4, 35.23442460770195], "27" : [1256.1, 301.2, 172.23442460770195], "29" : [1257.3, 306.9, 14.234424607701955], "31" : [1309.5, 306.7, 66.23442460770195], "33" : [1308.8, 306.9, 40.23442460770195], "35" : [960.5, 545.7, 567.234424607702], "37" : [959.6, 544.6, 22.234424607701953], "39" : [978.9, 461.1, 166.23442460770195], "41" : [982.1, 461.8, 19.234424607701953], "43" : [1063.9, 448.1, 166.23442460770195], "45" : [1065.0, 445.7, 27.234424607701953], "47" : [888.7, 450.8, 181.23442460770195], "49" : [890.4, 445.4, 13.234424607701955], "51" : [835.0, 453.2, 377.23442460770195], "53" : [819.3, 455.9, 30.234424607701953], "55" : [979.1, 460.1, 328.23442460770195], "57" : [974.3, 460.7, 26.234424607701953], "59" : [1097.6, 453.6, 565.234424607702], "61" : [1103.5, 456.1, 98.23442460770195], "63" : [1111.4, 457.3, 164.23442460770195], "65" : [1107.2, 455.3, 14.234424607701955], "67" : [1049.8, 463.2, 193.23442460770195], "69" : [1053.3, 464.7, 25.234424607701953], "71" : [952.6, 541.2, 304.23442460770195], "73" : [950.1, 527.2, 18.234424607701953], "75" : [925.8, 466.6, 157.23442460770195], "77" : [923.7, 468.8, 21.234424607701953]}