{"1" : [955.4, 543.3, 136.9288385898695], "3" : [957.6, 558.6, 198.9288385898695], "5" : [956.6, 549.7, 262.9288385898695], "7" : [960.4, 548.9, 52.92883858986951], "9" : [599.0, 490.2, 74.92883858986951], "11" : [600.4, 486.1, 37.92883858986951], "13" : [308.7, 478.9, 135.9288385898695], "15" : [301.6, 474.6, 21.928838589869507], "17" : [217.6, 465.5, 219.9288385898695], "19" : [215.7, 467.9, 38.92883858986951], "21" : [396.0, 477.7, 186.9288385898695], "23" : [392.6, 482.2, 22.928838589869507], "25" : [560.9, 491.3, 140.9288385898695], "27" : [560.3, 490.8, 35.92883858986951], "29" : [704.5, 490.9, 199.9288385898695], "31" : [701.8, 492.2, 23.928838589869507], "33" : [854.7, 487.8, 229.9288385898695], "35" : [852.9, 488.6, 22.928838589869507], "37" : [903.4, 492.4, 77.92883858986951], "39" : [903.7, 492.5, 31.928838589869507], "41" : [989.3, 483.3, 76.92883858986951], "43" : [988.0, 482.9, 23.928838589869507], "45" : [1142.3, 485.4, 195.9288385898695], "47" : [1140.8, 490.2, 27.928838589869507], "49" : [1385.0, 493.6, 237.9288385898695], "51" : [1387.8, 496.9, 40.92883858986951], "53" : [1536.2, 501.5, 201.9288385898695], "55" : [1538.3, 503.8, 21.928838589869507], "57" : [1490.5, 501.1, 158.9288385898695], "59" : [1490.3, 499.8, 32.92883858986951], "61" : [1702.3, 499.1, 261.9288385898695], "63" : [1700.0, 501.8, 67.92883858986951], "65" : [946.3, 572.2, 156.9288385898695], "67" : [942.3, 574.2, 31.928838589869507], "69" : [864.0, 576.4, 176.9288385898695], "71" : [863.2, 574.1, 23.928838589869507], "73" : [1012.2, 559.2, 184.9288385898695], "75" : [1013.7, 559.0, 56.92883858986951], "77" : [1659.4, 500.9, 253.92883858986954], "79" : [1662.2, 503.9, 62.9288385898695], "81" : [1008.6, 578.3, 209.9288385898695]}