{"1": [54.503299103006896, 384.57174537260966, 260.0], "2": [120.7, 385.0, 115.0], "3": [166.4634253700825, 383.7235625978591, 387.0], "4": [211.8412038192381, 383.29947121048383, 236.0], "5": [319.98450759993614, 383.29947121048383, 228.0], "6": [332.5, 385.0, 279.0], "7": [442.5469185513938, 384.1476539852344, 436.0], "8": [510.8256319188149, 384.5717453726097, 210.0], "9": [577.3, 385.0, 239.0], "10": [659.6, 385.0, 388.0], "11": [589.8, 385.0, 283.0], "12": [672.0, 385.0, 167.0], "13": [355.18409275208467, 383.72356259785903, 193.0], "14": [329.2, 385.0, 112.0], "15": [330.3, 385.0, 188.0]}