{"1": [32.02645557211727, 383.7235625978591, 110.0], "2": [112.1797277860463, 384.14765398523434, 171.0], "3": [177.4, 385.0, 198.0], "4": [213.96166075611487, 384.14765398523434, 175.0], "5": [295.2, 385.0, 212.0], "6": [414.0, 385.0, 170.0], "7": [461.63103098328173, 383.7235625978591, 215.0], "8": [548.0, 385.0, 151.0], "9": [595.9, 385.0, 264.0], "10": [677.0694557699269, 383.2994712104837, 193.0], "11": [677.4935471573021, 384.14765398523434, 122.0], "12": [675.797181607801, 384.14765398523434, 333.0], "13": [649.8, 385.0, 532.0], "14": [671.9803591214234, 383.72356259785903, 418.0], "15": [650.5, 385.0, 182.0], "16": [55.6, 385.0, 220.0], "17": [186.7, 385.0, 156.0], "18": [234.9, 385.0, 106.0], "19": [330.1627008969429, 383.723562597859, 138.0]}