{"1" : [949.0, 501.4, 203.79521389716248], "3" : [948.0, 500.6, 13.795213897162482], "5" : [894.6, 502.2, 209.79521389716248], "7" : [970.4, 535.8, 610.7952138971625], "9" : [974.3, 540.2, 22.79521389716248], "11" : [925.2, 458.5, 75.79521389716248], "13" : [927.9, 458.5, 36.79521389716248], "15" : [716.8, 447.4, 194.79521389716248], "17" : [724.9, 452.4, 22.79521389716248], "19" : [826.4, 454.8, 363.79521389716245], "21" : [817.3, 459.3, 21.79521389716248], "23" : [907.2, 462.9, 181.79521389716248], "25" : [905.1, 466.1, 30.79521389716248], "27" : [1085.4, 459.8, 279.79521389716245], "29" : [1086.0, 456.4, 12.795213897162482], "31" : [1132.5, 463.5, 148.79521389716248], "33" : [1131.8, 465.3, 19.79521389716248], "35" : [1224.4, 475.1, 205.79521389716248], "37" : [1224.1, 474.1, 25.79521389716248], "39" : [1074.9, 463.1, 190.79521389716248], "41" : [1072.2, 461.7, 9.795213897162482], "43" : [1047.1, 467.7, 441.79521389716245]}