{"1" : [961.5, 537.1, 546.1289040627968], "3" : [965.2, 533.7, 30.12890406279675], "5" : [764.4, 449.4, 137.12890406279675], "7" : [766.4, 446.9, 25.12890406279675], "9" : [648.0, 436.0, 252.12890406279675], "11" : [649.1, 435.9, 28.12890406279675], "13" : [826.9, 434.9, 159.12890406279675], "15" : [827.6, 434.5, 24.12890406279675], "17" : [757.7, 430.5, 234.12890406279675], "19" : [755.4, 431.2, 59.12890406279675], "21" : [1046.3, 440.0, 119.12890406279675], "23" : [1046.6, 439.9, 24.12890406279675], "25" : [982.8, 439.7, 109.12890406279675], "27" : [981.9, 441.0, 48.12890406279675], "29" : [1207.1, 443.8, 148.12890406279675], "31" : [1207.3, 445.2, 22.12890406279675], "33" : [1162.6, 437.0, 247.12890406279675], "35" : [1158.7, 440.2, 38.12890406279675], "37" : [1283.1, 445.5, 194.12890406279675], "39" : [1285.2, 447.4, 236.12890406279675], "41" : [1248.3, 570.3, 35.12890406279675], "43" : [1246.0, 519.0, 44.12890406279675], "45" : [990.8, 499.2, 133.12890406279675], "47" : [990.0, 492.0, 33.12890406279675], "49" : [940.5, 535.7, 145.12890406279675], "51" : [935.7, 545.1, 911.1289040627968], "53" : [991.8, 730.4, 78.12890406279675], "55" : [983.0, 647.1, 17.12890406279675], "57" : [961.7, 543.0, 274.1289040627968]}