{"1": [184.16666666666666, 169.0, 300.0], "2": [293.5, 169.0, 250.0], "3": [467.5, 169.0, 150.0], "4": [548.5, 169.0, 150.0], "5": [653.1666666666666, 169.0, 450.0], "6": [824.1666666666666, 169.0, 150.0], "7": [871.5, 169.0, 150.0], "8": [991.1666666666666, 169.0, 150.0], "9": [177.16666666666666, 219.0, 350.0], "10": [405.5, 219.0, 450.0], "11": [564.8333333333334, 219.0, 500.0], "12": [782.1666666666666, 219.0, 150.0], "13": [870.5, 219.0, 450.0], "14": [156.16666666666666, 268.0, 150.0], "15": [230.5, 268.0, 300.0], "16": [335.1666666666667, 268.0, 300.0], "17": [431.1666666666667, 268.0, 200.0], "18": [560.1666666666666, 268.0, 150.0], "19": [652.1666666666666, 268.0, 400.0], "20": [768.8333333333334, 268.0, 300.0], "21": [924.1666666666666, 268.0, 200.0], "22": [167.16666666666666, 318.0, 200.0], "23": [260.5, 318.0, 250.0], "24": [346.1666666666667, 318.0, 300.0], "25": [472.5, 318.0, 300.0], "26": [581.1666666666666, 318.0, 200.0], "27": [676.8333333333334, 318.0, 200.0], "28": [755.5, 318.0, 250.0], "29": [822.1666666666666, 318.0, 200.0], "30": [660.8333333333334, 318.0, 200.0], "31": [737.5, 318.0, 250.0], "32": [838.1666666666666, 318.0, 200.0], "33": [959.8333333333334, 318.0, 250.0], "34": [160.83333333333334, 368.0, 200.0], "35": [468.5, 318.0, 300.0], "36": [586.1666666666666, 318.0, 200.0], "37": [744.5, 318.0, 250.0], "38": [936.1666666666666, 268.0, 200.0], "39": [165.16666666666666, 318.0, 200.0], "40": [266.5, 318.0, 250.0], "41": [353.1666666666667, 318.0, 300.0], "42": [266.5, 318.0, 250.0], "43": [354.1666666666667, 318.0, 300.0], "44": [466.5, 318.0, 300.0], "45": [669.8333333333334, 318.0, 200.0], "46": [755.5, 318.0, 250.0], "47": [827.1666666666666, 318.0, 200.0], "48": [959.8333333333334, 318.0, 250.0], "49": [234.5, 368.0, 150.0], "50": [236.5, 368.0, 150.0], "51": [317.5, 368.0, 250.0], "52": [407.8333333333333, 368.0, 400.0], "53": [550.1666666666666, 368.0, 450.0], "54": [686.8333333333334, 368.0, 200.0], "55": [801.1666666666666, 368.0, 500.0], "56": [946.1666666666666, 368.0, 200.0], "57": [313.5, 368.0, 250.0], "58": [407.8333333333333, 368.0, 400.0], "59": [550.1666666666666, 368.0, 450.0], "60": [669.8333333333334, 368.0, 200.0], "61": [797.1666666666666, 368.0, 500.0], "62": [942.1666666666666, 368.0, 200.0], "63": [1018.1666666666666, 368.0, 150.0], "64": [187.83333333333334, 417.0, 400.0], "65": [350.8333333333333, 417.0, 400.0], "66": [481.1666666666667, 417.0, 200.0], "67": [641.1666666666666, 417.0, 200.0], "68": [741.8333333333334, 417.0, 450.0]}