{"1": [186.16666666666666, 169.0, 300.0], "2": [305.5, 169.0, 250.0], "3": [478.5, 169.0, 150.0], "4": [646.1666666666666, 169.0, 450.0], "5": [990.1666666666666, 169.0, 150.0], "6": [195.16666666666666, 219.0, 350.0], "7": [310.5, 219.0, 150.0], "8": [415.5, 219.0, 450.0], "9": [577.8333333333334, 219.0, 500.0], "10": [700.1666666666666, 219.0, 150.0], "11": [778.1666666666666, 219.0, 150.0], "12": [870.5, 219.0, 450.0], "13": [150.16666666666666, 268.0, 150.0], "14": [234.5, 268.0, 300.0], "15": [325.1666666666667, 268.0, 300.0], "16": [432.1666666666667, 268.0, 200.0], "17": [563.1666666666666, 268.0, 150.0], "18": [651.1666666666666, 268.0, 400.0], "19": [780.8333333333334, 268.0, 300.0], "20": [941.1666666666666, 268.0, 200.0], "21": [164.16666666666666, 318.0, 200.0], "22": [269.5, 318.0, 250.0], "23": [356.1666666666667, 318.0, 300.0], "24": [468.5, 318.0, 300.0], "25": [177.16666666666666, 318.0, 200.0], "26": [261.5, 318.0, 250.0], "27": [359.1666666666667, 318.0, 300.0], "28": [473.5, 318.0, 300.0], "29": [588.1666666666666, 318.0, 200.0], "30": [673.8333333333334, 318.0, 200.0], "31": [745.5, 318.0, 250.0], "32": [833.1666666666666, 318.0, 200.0], "33": [958.8333333333334, 318.0, 250.0], "34": [165.83333333333334, 368.0, 200.0], "35": [241.5, 368.0, 150.0], "36": [306.5, 368.0, 250.0], "37": [407.8333333333333, 368.0, 400.0], "38": [551.1666666666666, 368.0, 450.0], "39": [683.8333333333334, 368.0, 200.0], "40": [793.1666666666666, 368.0, 500.0], "41": [941.1666666666666, 368.0, 200.0], "42": [1003.1666666666666, 368.0, 150.0], "43": [191.83333333333334, 417.0, 400.0], "44": [356.8333333333333, 417.0, 400.0], "45": [474.1666666666667, 417.0, 200.0], "46": [572.8333333333334, 417.0, 200.0], "47": [735.8333333333334, 417.0, 450.0]}