{"1": [169.16666666666666, 169.0, 300.0], "2": [307.5, 169.0, 250.0], "3": [402.1666666666667, 169.0, 200.0], "4": [531.5, 169.0, 150.0], "5": [640.1666666666666, 169.0, 450.0], "6": [820.1666666666666, 169.0, 150.0], "7": [875.5, 169.0, 150.0], "8": [979.1666666666666, 169.0, 150.0], "9": [179.16666666666666, 219.0, 350.0], "10": [315.5, 219.0, 150.0], "11": [411.5, 219.0, 450.0], "12": [566.8333333333334, 219.0, 500.0], "13": [711.1666666666666, 219.0, 150.0], "14": [777.1666666666666, 219.0, 150.0], "15": [886.5, 219.0, 450.0], "16": [230.5, 268.0, 300.0], "17": [310.5, 219.0, 150.0], "18": [402.5, 219.0, 450.0], "19": [559.8333333333334, 219.0, 500.0], "20": [717.1666666666666, 219.0, 150.0], "21": [880.5, 219.0, 450.0], "22": [153.16666666666666, 268.0, 150.0], "23": [220.5, 268.0, 300.0], "24": [341.1666666666667, 268.0, 300.0], "25": [427.1666666666667, 268.0, 200.0], "26": [638.1666666666666, 268.0, 400.0], "27": [773.8333333333334, 268.0, 300.0], "28": [927.1666666666666, 268.0, 200.0], "29": [170.16666666666666, 318.0, 200.0], "30": [259.5, 318.0, 250.0], "31": [364.1666666666667, 318.0, 300.0], "32": [459.5, 318.0, 300.0], "33": [580.1666666666666, 318.0, 200.0], "34": [667.8333333333334, 318.0, 200.0], "35": [260.5, 318.0, 250.0], "36": [357.1666666666667, 318.0, 300.0], "37": [475.5, 318.0, 300.0], "38": [664.8333333333334, 318.0, 200.0], "39": [755.5, 318.0, 250.0], "40": [838.1666666666666, 318.0, 200.0], "41": [939.1666666666666, 268.0, 200.0], "42": [160.16666666666666, 318.0, 200.0], "43": [259.5, 318.0, 250.0], "44": [364.1666666666667, 318.0, 300.0], "45": [462.5, 318.0, 300.0], "46": [577.1666666666666, 318.0, 200.0], "47": [738.5, 318.0, 250.0], "48": [825.1666666666666, 318.0, 200.0], "49": [967.8333333333334, 318.0, 250.0], "50": [161.83333333333334, 368.0, 200.0], "51": [240.5, 368.0, 150.0], "52": [308.5, 368.0, 250.0], "53": [406.8333333333333, 368.0, 400.0], "54": [558.1666666666666, 368.0, 450.0], "55": [675.8333333333334, 368.0, 200.0], "56": [801.1666666666666, 368.0, 500.0], "57": [944.1666666666666, 368.0, 200.0], "58": [1008.1666666666666, 368.0, 150.0], "59": [187.83333333333334, 417.0, 400.0], "60": [338.8333333333333, 417.0, 400.0], "61": [469.1666666666667, 417.0, 200.0], "62": [567.8333333333334, 417.0, 200.0], "63": [653.1666666666666, 417.0, 200.0], "64": [751.8333333333334, 417.0, 450.0]}