{"1": [178.16666666666666, 169.0, 300.0], "2": [295.5, 169.0, 250.0], "3": [397.1666666666667, 169.0, 200.0], "4": [531.5, 169.0, 150.0], "5": [648.1666666666666, 169.0, 450.0], "6": [826.1666666666666, 169.0, 150.0], "7": [886.5, 169.0, 150.0], "8": [984.1666666666666, 169.0, 150.0], "9": [194.16666666666666, 219.0, 350.0], "10": [318.5, 219.0, 150.0], "11": [400.5, 219.0, 450.0], "12": [570.8333333333334, 219.0, 500.0], "13": [702.1666666666666, 219.0, 150.0], "14": [781.1666666666666, 219.0, 150.0], "15": [879.5, 219.0, 450.0], "16": [158.16666666666666, 268.0, 150.0], "17": [701.1666666666666, 219.0, 150.0], "18": [775.1666666666666, 219.0, 150.0], "19": [882.5, 219.0, 450.0], "20": [157.16666666666666, 268.0, 150.0], "21": [233.5, 268.0, 300.0], "22": [706.1666666666666, 219.0, 150.0], "23": [880.5, 219.0, 450.0], "24": [162.16666666666666, 268.0, 150.0], "25": [237.5, 268.0, 300.0], "26": [329.1666666666667, 268.0, 300.0], "27": [423.1666666666667, 268.0, 200.0], "28": [561.1666666666666, 268.0, 150.0], "29": [641.1666666666666, 268.0, 400.0], "30": [770.8333333333334, 268.0, 300.0], "31": [941.1666666666666, 268.0, 200.0], "32": [270.5, 318.0, 250.0], "33": [348.1666666666667, 318.0, 300.0], "34": [463.5, 318.0, 300.0], "35": [582.1666666666666, 318.0, 200.0], "36": [674.8333333333334, 318.0, 200.0], "37": [750.5, 318.0, 250.0], "38": [822.1666666666666, 318.0, 200.0], "39": [958.8333333333334, 318.0, 250.0], "40": [170.83333333333334, 368.0, 200.0], "41": [464.5, 318.0, 300.0], "42": [576.1666666666666, 318.0, 200.0], "43": [676.8333333333334, 318.0, 200.0], "44": [751.5, 318.0, 250.0], "45": [965.8333333333334, 318.0, 250.0], "46": [233.5, 368.0, 150.0], "47": [306.5, 368.0, 250.0], "48": [407.8333333333333, 368.0, 400.0], "49": [553.1666666666666, 368.0, 450.0], "50": [801.1666666666666, 368.0, 500.0], "51": [801.1666666666666, 368.0, 500.0], "52": [953.1666666666666, 368.0, 200.0], "53": [1004.1666666666666, 368.0, 150.0], "54": [194.83333333333334, 417.0, 400.0], "55": [352.8333333333333, 417.0, 400.0], "56": [477.1666666666667, 417.0, 200.0], "57": [572.8333333333334, 417.0, 200.0], "58": [643.1666666666666, 417.0, 200.0], "59": [745.8333333333334, 417.0, 450.0]}