{"1": [184.16666666666666, 169.0, 300.0], "2": [298.5, 169.0, 250.0], "3": [465.5, 169.0, 150.0], "4": [644.1666666666666, 169.0, 450.0], "5": [810.1666666666666, 169.0, 150.0], "6": [888.5, 169.0, 150.0], "7": [979.1666666666666, 169.0, 150.0], "8": [185.16666666666666, 219.0, 350.0], "9": [415.5, 219.0, 450.0], "10": [573.8333333333334, 219.0, 500.0], "11": [713.1666666666666, 219.0, 150.0], "12": [880.5, 219.0, 450.0], "13": [232.5, 268.0, 300.0], "14": [337.1666666666667, 268.0, 300.0], "15": [564.1666666666666, 268.0, 150.0], "16": [636.1666666666666, 268.0, 400.0], "17": [786.8333333333334, 268.0, 300.0], "18": [930.1666666666666, 268.0, 200.0], "19": [250.5, 318.0, 250.0], "20": [354.1666666666667, 318.0, 300.0], "21": [475.5, 318.0, 300.0], "22": [588.1666666666666, 318.0, 200.0], "23": [661.8333333333334, 318.0, 200.0], "24": [748.5, 318.0, 250.0], "25": [839.1666666666666, 318.0, 200.0], "26": [961.8333333333334, 318.0, 250.0], "27": [159.83333333333334, 368.0, 200.0], "28": [318.5, 368.0, 250.0], "29": [403.8333333333333, 368.0, 400.0], "30": [547.1666666666666, 368.0, 450.0], "31": [781.1666666666666, 368.0, 500.0], "32": [937.1666666666666, 368.0, 200.0], "33": [1020.1666666666666, 368.0, 150.0], "34": [196.83333333333334, 417.0, 400.0], "35": [351.8333333333333, 417.0, 400.0], "36": [302.5, 368.0, 250.0], "37": [422.8333333333333, 368.0, 400.0], "38": [554.1666666666666, 368.0, 450.0], "39": [686.8333333333334, 368.0, 200.0], "40": [788.1666666666666, 368.0, 500.0], "41": [1001.1666666666666, 368.0, 150.0], "42": [184.83333333333334, 417.0, 400.0], "43": [358.8333333333333, 417.0, 400.0], "44": [467.1666666666667, 417.0, 200.0], "45": [409.8333333333333, 368.0, 400.0], "46": [555.1666666666666, 368.0, 450.0], "47": [679.8333333333334, 368.0, 200.0], "48": [791.1666666666666, 368.0, 500.0], "49": [1020.1666666666666, 368.0, 150.0], "50": [189.83333333333334, 417.0, 400.0], "51": [343.8333333333333, 417.0, 400.0], "52": [477.1666666666667, 417.0, 200.0], "53": [546.1666666666666, 368.0, 450.0], "54": [688.8333333333334, 368.0, 200.0], "55": [799.1666666666666, 368.0, 500.0], "56": [953.1666666666666, 368.0, 200.0], "57": [181.83333333333334, 417.0, 400.0], "58": [345.8333333333333, 417.0, 400.0], "59": [472.1666666666667, 417.0, 200.0], "60": [652.1666666666666, 417.0, 200.0], "61": [744.8333333333334, 417.0, 450.0]}