{"1": [175.16666666666666, 169.0, 300.0], "2": [309.5, 169.0, 250.0], "3": [407.1666666666667, 169.0, 200.0], "4": [545.5, 169.0, 150.0], "5": [638.1666666666666, 169.0, 450.0], "6": [813.1666666666666, 169.0, 150.0], "7": [887.5, 169.0, 150.0], "8": [990.1666666666666, 169.0, 150.0], "9": [188.16666666666666, 219.0, 350.0], "10": [308.5, 219.0, 150.0], "11": [311.5, 219.0, 150.0], "12": [402.5, 219.0, 450.0], "13": [809.1666666666666, 169.0, 150.0], "14": [889.5, 169.0, 150.0], "15": [984.1666666666666, 169.0, 150.0], "16": [183.16666666666666, 219.0, 350.0], "17": [306.5, 219.0, 150.0], "18": [415.5, 219.0, 450.0], "19": [576.8333333333334, 219.0, 500.0], "20": [708.1666666666666, 219.0, 150.0], "21": [870.5, 219.0, 450.0], "22": [159.16666666666666, 268.0, 150.0], "23": [218.5, 268.0, 300.0], "24": [322.1666666666667, 268.0, 300.0], "25": [430.1666666666667, 268.0, 200.0], "26": [552.1666666666666, 268.0, 150.0], "27": [635.1666666666666, 268.0, 400.0], "28": [777.8333333333334, 268.0, 300.0], "29": [934.1666666666666, 268.0, 200.0], "30": [173.16666666666666, 318.0, 200.0], "31": [261.5, 318.0, 250.0], "32": [353.1666666666667, 318.0, 300.0], "33": [463.5, 318.0, 300.0], "34": [575.1666666666666, 318.0, 200.0], "35": [668.8333333333334, 318.0, 200.0], "36": [737.5, 318.0, 250.0], "37": [954.8333333333334, 318.0, 250.0], "38": [167.83333333333334, 368.0, 200.0], "39": [303.5, 368.0, 250.0], "40": [412.8333333333333, 368.0, 400.0], "41": [558.1666666666666, 368.0, 450.0], "42": [794.1666666666666, 368.0, 500.0], "43": [948.1666666666666, 368.0, 200.0], "44": [1006.1666666666666, 368.0, 150.0], "45": [564.1666666666666, 368.0, 450.0], "46": [676.8333333333334, 368.0, 200.0], "47": [798.1666666666666, 368.0, 500.0], "48": [940.1666666666666, 368.0, 200.0], "49": [1014.1666666666666, 368.0, 150.0], "50": [182.83333333333334, 417.0, 400.0], "51": [348.8333333333333, 417.0, 400.0], "52": [657.1666666666666, 417.0, 200.0], "53": [749.8333333333334, 417.0, 450.0], "54": [1016.1666666666666, 368.0, 150.0], "55": [186.83333333333334, 417.0, 400.0], "56": [346.8333333333333, 417.0, 400.0], "57": [470.1666666666667, 417.0, 200.0], "58": [574.8333333333334, 417.0, 200.0], "59": [657.1666666666666, 417.0, 200.0], "60": [752.8333333333334, 417.0, 450.0]}