{"1": [179.16666666666666, 169.0, 300.0], "2": [308.5, 169.0, 250.0], "3": [534.5, 169.0, 150.0], "4": [655.1666666666666, 169.0, 450.0], "5": [813.1666666666666, 169.0, 150.0], "6": [885.5, 169.0, 150.0], "7": [986.1666666666666, 169.0, 150.0], "8": [193.16666666666666, 219.0, 350.0], "9": [299.5, 219.0, 150.0], "10": [405.5, 219.0, 450.0], "11": [561.8333333333334, 219.0, 500.0], "12": [987.1666666666666, 169.0, 150.0], "13": [178.16666666666666, 219.0, 350.0], "14": [317.5, 219.0, 150.0], "15": [411.5, 219.0, 450.0], "16": [570.8333333333334, 219.0, 500.0], "17": [712.1666666666666, 219.0, 150.0], "18": [886.5, 219.0, 450.0], "19": [146.16666666666666, 268.0, 150.0], "20": [229.5, 268.0, 300.0], "21": [331.1666666666667, 268.0, 300.0], "22": [424.1666666666667, 268.0, 200.0], "23": [640.1666666666666, 268.0, 400.0], "24": [779.8333333333334, 268.0, 300.0], "25": [926.1666666666666, 268.0, 200.0], "26": [264.5, 318.0, 250.0], "27": [351.1666666666667, 318.0, 300.0], "28": [468.5, 318.0, 300.0], "29": [580.1666666666666, 318.0, 200.0], "30": [658.8333333333334, 318.0, 200.0], "31": [754.5, 318.0, 250.0], "32": [972.8333333333334, 318.0, 250.0], "33": [315.5, 368.0, 250.0], "34": [418.8333333333333, 368.0, 400.0], "35": [548.1666666666666, 368.0, 450.0], "36": [796.1666666666666, 368.0, 500.0], "37": [950.1666666666666, 368.0, 200.0], "38": [1007.1666666666666, 368.0, 150.0], "39": [180.83333333333334, 417.0, 400.0], "40": [340.8333333333333, 417.0, 400.0], "41": [746.8333333333334, 417.0, 450.0]}