{"1": [170.16666666666666, 169.0, 300.0], "2": [294.5, 169.0, 250.0], "3": [401.1666666666667, 169.0, 200.0], "4": [470.5, 169.0, 150.0], "5": [538.5, 169.0, 150.0], "6": [640.1666666666666, 169.0, 450.0], "7": [310.5, 169.0, 250.0], "8": [462.5, 169.0, 150.0], "9": [308.5, 169.0, 250.0], "10": [394.1666666666667, 169.0, 200.0], "11": [481.5, 169.0, 150.0], "12": [543.5, 169.0, 150.0], "13": [639.1666666666666, 169.0, 450.0], "14": [871.5, 169.0, 150.0], "15": [987.1666666666666, 169.0, 150.0], "16": [186.16666666666666, 219.0, 350.0], "17": [316.5, 219.0, 150.0], "18": [404.5, 219.0, 450.0], "19": [572.8333333333334, 219.0, 500.0], "20": [699.1666666666666, 219.0, 150.0], "21": [776.1666666666666, 219.0, 150.0], "22": [877.5, 219.0, 450.0], "23": [160.16666666666666, 268.0, 150.0], "24": [228.5, 268.0, 300.0], "25": [336.1666666666667, 268.0, 300.0], "26": [430.1666666666667, 268.0, 200.0], "27": [877.5, 219.0, 450.0], "28": [164.16666666666666, 268.0, 150.0], "29": [219.5, 268.0, 300.0], "30": [325.1666666666667, 268.0, 300.0], "31": [429.1666666666667, 268.0, 200.0], "32": [547.1666666666666, 268.0, 150.0], "33": [642.1666666666666, 268.0, 400.0], "34": [778.8333333333334, 268.0, 300.0], "35": [269.5, 318.0, 250.0], "36": [348.1666666666667, 318.0, 300.0], "37": [468.5, 318.0, 300.0], "38": [674.8333333333334, 318.0, 200.0], "39": [743.5, 318.0, 250.0], "40": [827.1666666666666, 318.0, 200.0], "41": [177.16666666666666, 318.0, 200.0], "42": [266.5, 318.0, 250.0], "43": [350.1666666666667, 318.0, 300.0], "44": [472.5, 318.0, 300.0], "45": [580.1666666666666, 318.0, 200.0], "46": [673.8333333333334, 318.0, 200.0], "47": [752.5, 318.0, 250.0], "48": [837.1666666666666, 318.0, 200.0], "49": [957.8333333333334, 318.0, 250.0], "50": [162.83333333333334, 368.0, 200.0], "51": [244.5, 368.0, 150.0], "52": [319.5, 368.0, 250.0], "53": [413.8333333333333, 368.0, 400.0], "54": [560.1666666666666, 368.0, 450.0], "55": [681.8333333333334, 368.0, 200.0], "56": [794.1666666666666, 368.0, 500.0], "57": [184.83333333333334, 417.0, 400.0], "58": [351.8333333333333, 417.0, 400.0], "59": [649.1666666666666, 417.0, 200.0], "60": [741.8333333333334, 417.0, 450.0]}