{"1": [183.16666666666666, 169.0, 300.0], "2": [307.5, 169.0, 250.0], "3": [481.5, 169.0, 150.0], "4": [539.5, 169.0, 150.0], "5": [656.1666666666666, 169.0, 450.0], "6": [885.5, 169.0, 150.0], "7": [984.1666666666666, 169.0, 150.0], "8": [177.16666666666666, 219.0, 350.0], "9": [413.5, 219.0, 450.0], "10": [563.8333333333334, 219.0, 500.0], "11": [704.1666666666666, 219.0, 150.0], "12": [783.1666666666666, 219.0, 150.0], "13": [886.5, 219.0, 450.0], "14": [158.16666666666666, 268.0, 150.0], "15": [230.5, 268.0, 300.0], "16": [337.1666666666667, 268.0, 300.0], "17": [437.1666666666667, 268.0, 200.0], "18": [637.1666666666666, 268.0, 400.0], "19": [786.8333333333334, 268.0, 300.0], "20": [941.1666666666666, 268.0, 200.0], "21": [167.16666666666666, 318.0, 200.0], "22": [263.5, 318.0, 250.0], "23": [352.1666666666667, 318.0, 300.0], "24": [466.5, 318.0, 300.0], "25": [586.1666666666666, 318.0, 200.0], "26": [665.8333333333334, 318.0, 200.0], "27": [748.5, 318.0, 250.0], "28": [956.8333333333334, 318.0, 250.0], "29": [158.83333333333334, 368.0, 200.0], "30": [233.5, 368.0, 150.0], "31": [303.5, 368.0, 250.0], "32": [411.8333333333333, 368.0, 400.0], "33": [556.1666666666666, 368.0, 450.0], "34": [668.8333333333334, 368.0, 200.0], "35": [794.1666666666666, 368.0, 500.0], "36": [1003.1666666666666, 368.0, 150.0], "37": [187.83333333333334, 417.0, 400.0], "38": [356.8333333333333, 417.0, 400.0], "39": [481.1666666666667, 417.0, 200.0], "40": [566.8333333333334, 417.0, 200.0], "41": [650.1666666666666, 417.0, 200.0], "42": [744.8333333333334, 417.0, 450.0]}