{"1": [57.1, 385.8, 131.0], "2": [135.47949997664182, 388.14122418981384, 196.0], "3": [183.31772144513968, 385.8632136436949, 158.0], "4": [262.478587922773, 382.44619782451645, 219.0], "5": [236.85096927893488, 382.44619782451645, 167.0], "6": [207.2368321793886, 381.87669518798674, 182.0], "7": [226.59992182139962, 380.7376899149273, 137.0], "8": [286.9672012935517, 382.44619782451645, 358.0], "9": [349.0429886752929, 383.0157004610462, 263.0], "10": [453.2619711602346, 383.5852030975759, 261.0], "11": [424.7868393337478, 383.5852030975759, 218.0], "12": [450.4144579775859, 384.1547057341057, 133.0], "13": [557.4809536451763, 382.44619782451645, 246.0], "14": [732.887765696335, 379.5986846418678, 331.0], "15": [657.7134176744098, 379.02918200533804, 102.0], "16": [637.2113227593394, 377.8901767322786, 116.0], "17": [697.5786022314913, 381.87669518798674, 185.0], "18": [669.1034704050046, 380.7376899149273, 138.0], "19": [745.4168236999892, 379.02918200533804, 213.0], "20": [822.8691822680333, 383.0157004610462, 148.0], "21": [699.8566127776103, 381.87669518798674, 179.0], "22": [707.8296496890266, 378.45967936880834, 173.0], "23": [744.8473210634595, 385.29371100716514, 181.0], "24": [826.2861980872117, 378.45967936880834, 244.0], "25": [884.9449696497745, 381.87669518798674, 184.0], "26": [835.9677429082172, 380.7376899149273, 195.0], "27": [878.6804406479474, 381.87669518798674, 221.0], "28": [85.9327705985548, 379.5986846418678, 112.0], "29": [39.23355440311644, 383.0157004610462, 208.0], "30": [137.18800788623105, 381.87669518798674, 197.0], "31": [227.16942445792938, 380.1681872783975, 173.0], "32": [203.81981636021015, 383.0157004610462, 192.0], "33": [233.43395345975648, 384.1547057341057, 121.0], "34": [335.37492539857925, 383.0157004610462, 244.0], "35": [490.27964253466746, 383.5852030975759, 280.0], "36": [632.6553016671014, 383.5852030975759, 201.0], "37": [726.0537340579782, 377.8901767322786, 381.0], "38": [838.2457534543362, 377.3206740957488, 209.0], "39": [367.26707304424446, 381.87669518798674, 129.0], "40": [324.5543753045142, 379.02918200533804, 218.0], "41": [475.4725739848943, 380.7376899149273, 155.0]}