{"1": [35.20837496090803, 381.75330273600935, 232.0], "2": [132.518008046589, 381.75330273600935, 189.0], "3": [206.0935842821039, 378.58876182265385, 188.0], "4": [320.3, 382.8, 347.0], "5": [414.9532845635655, 376.21535613763723, 154.0], "6": [321.7, 379.0, 131.0], "7": [319.2259219345623, 374.6330856809595, 190.0], "8": [318.43478670622335, 386.50011410604253, 173.0], "9": [274.9223491475855, 383.3355731926871, 190.0], "10": [408.6242027368545, 380.1710322793316, 187.0], "11": [366.5, 382.8, 239.0], "12": [110.36622165310064, 380.1710322793316, 296.0], "13": [61.31583749609075, 381.75330273600935, 253.0]}