{"1" : [926.5, 572.6, 232.3068079902223], "3" : [927.6, 570.3, 28.3068079902223], "5" : [886.9, 587.7, 149.3068079902223], "7" : [883.5, 585.6, 26.3068079902223], "9" : [1019.1, 606.4, 75.3068079902223], "11" : [966.9, 538.5, 529.3068079902223], "13" : [981.5, 540.4, 26.3068079902223], "15" : [887.1, 486.7, 202.3068079902223], "17" : [890.6, 485.3, 27.3068079902223], "19" : [785.7, 344.8, 166.3068079902223], "21" : [788.2, 341.4, 24.3068079902223], "23" : [861.1, 349.5, 169.3068079902223], "25" : [860.5, 352.2, 20.3068079902223], "27" : [896.6, 361.2, 234.3068079902223], "29" : [897.1, 363.2, 23.3068079902223], "31" : [984.3, 371.0, 206.3068079902223], "33" : [984.9, 372.4, 21.3068079902223], "35" : [1055.2, 377.6, 184.3068079902223], "37" : [1056.9, 377.0, 34.306807990222296], "39" : [967.1, 360.6, 249.3068079902223], "41" : [963.5, 365.5, 25.3068079902223], "43" : [1049.6, 379.8, 269.3068079902223], "45" : [1046.5, 382.5, 25.3068079902223], "47" : [1109.3, 382.4, 162.3068079902223], "49" : [1108.6, 384.2, 18.3068079902223], "51" : [1168.4, 383.9, 261.3068079902223], "53" : [1169.6, 383.1, 28.3068079902223], "55" : [950.7, 423.1, 462.3068079902223], "57" : [954.1, 426.9, 32.306807990222296], "59" : [885.9, 479.3, 299.3068079902223], "61" : [884.5, 477.9, 20.3068079902223], "63" : [946.6, 495.0, 173.3068079902223], "65" : [949.6, 491.6, 25.3068079902223], "67" : [1043.5, 507.5, 262.3068079902223], "69" : [1042.5, 511.1, 34.306807990222296], "71" : [918.5, 495.3, 284.3068079902223], "73" : [921.4, 493.4, 25.3068079902223], "75" : [826.1, 485.0, 468.3068079902223], "77" : [817.7, 490.0, 25.3068079902223], "79" : [896.5, 544.5, 237.3068079902223], "81" : [893.0, 546.7, 32.306807990222296], "83" : [957.6, 558.1, 190.3068079902223], "85" : [957.4, 560.5, 25.3068079902223], "87" : [1016.4, 572.6, 136.3068079902223], "89" : [1019.4, 573.6, 36.306807990222296], "91" : [894.1, 616.5, 191.3068079902223], "93" : [896.9, 620.3, 34.306807990222296], "95" : [993.6, 639.7, 139.3068079902223], "97" : [993.9, 640.1, 24.3068079902223], "99" : [1005.8, 514.7, 154.3068079902223], "101" : [1006.6, 510.9, 28.3068079902223]}