{"1" : [1180.5, 545.8, 10.860133540640202], "3" : [1211.4, 545.5, 249.8601335406402], "5" : [1210.5, 546.7, 38.860133540640206], "7" : [962.5, 533.2, 107.8601335406402], "9" : [962.5, 534.0, 28.860133540640202], "11" : [729.9, 521.9, 74.8601335406402], "13" : [726.0, 526.0, 20.860133540640202], "15" : [636.6, 534.7, 353.8601335406402], "17" : [630.7, 538.4, 38.860133540640206], "19" : [952.6, 541.3, 164.8601335406402], "21" : [950.8, 542.4, 16.860133540640202], "23" : [891.4, 537.8, 66.8601335406402], "25" : [947.5, 521.0, 396.8601335406402], "27" : [957.1, 523.0, 6.860133540640203], "29" : [961.3, 504.3, 195.8601335406402], "31" : [950.3, 481.6, 21.860133540640202], "33" : [852.2, 504.3, 315.8601335406402], "35" : [851.0, 505.7, 9.860133540640202], "37" : [828.9, 508.2, 170.8601335406402], "39" : [824.9, 509.6, 6.860133540640203], "41" : [816.2, 510.5, 180.8601335406402], "43" : [819.2, 509.4, 30.860133540640202], "45" : [926.3, 504.2, 289.8601335406402], "47" : [930.6, 515.3, 17.860133540640202]}