{"1" : [1388.3, 611.7, 53.637006527602956], "3" : [1376.3, 595.0, 21.637006527602956], "5" : [1462.6, 601.6, 292.637006527603], "7" : [961.2, 541.9, 656.6370065276029], "9" : [950.1, 543.1, 26.637006527602956], "11" : [822.3, 437.2, 403.637006527603], "13" : [809.7, 421.9, 218.63700652760295], "15" : [819.1, 421.3, 141.63700652760295], "17" : [822.4, 430.0, 9.637006527602956], "19" : [850.5, 439.4, 296.637006527603], "21" : [858.5, 446.5, 11.637006527602956], "23" : [889.2, 444.4, 330.637006527603], "25" : [895.0, 445.4, 11.637006527602956], "27" : [915.1, 443.5, 378.637006527603], "29" : [915.9, 445.2, 6.637006527602956], "31" : [936.5, 449.6, 382.637006527603], "33" : [946.4, 448.8, 14.637006527602956], "35" : [980.2, 450.5, 433.637006527603], "37" : [983.6, 454.4, 17.637006527602956], "39" : [1015.1, 445.3, 327.637006527603], "41" : [1021.9, 444.0, 15.637006527602956], "43" : [1066.0, 441.9, 494.637006527603], "45" : [1079.8, 434.6, 219.63700652760295], "47" : [1069.7, 429.9, 225.63700652760295], "49" : [1068.0, 431.2, 24.637006527602956], "51" : [981.5, 499.3, 638.6370065276029], "53" : [981.3, 505.1, 24.637006527602956], "55" : [962.8, 586.3, 145.63700652760295], "57" : [957.6, 591.4, 1157.637006527603], "59" : [899.0, 580.9, 201.63700652760295], "61" : [900.4, 573.5, 17.637006527602956], "63" : [958.3, 598.7, 269.637006527603], "65" : [963.7, 604.4, 18.637006527602956]}