{"1": [37.2, 385.0, 178.0], "2": [104.12422772372291, 380.91714254469287, 244.0], "3": [109.7, 385.0, 168.0], "4": [47.2, 385.0, 188.0], "5": [157.65447447361728, 386.44284543500453, 296.0], "6": [209.5, 385.0, 147.0], "7": [273.1, 385.0, 334.0], "8": [297.5, 385.0, 167.0], "9": [329.6419769345682, 383.6799939898487, 298.0], "10": [362.7961942764383, 384.7160632817821, 244.0], "11": [380.4093722393068, 386.09748900436006, 208.0], "12": [385.4, 385.0, 249.0], "13": [330.33268979585716, 384.7160632817821, 734.0]}