{"1": [-19.1, 385.0, 144.0], "2": [32.9, 385.0, 355.0], "3": [83.33392322843508, 381.09773726745493, 219.0], "4": [108.1, 385.0, 195.0], "5": [181.7, 385.0, 388.0], "6": [297.26759783853885, 381.09773726745493, 451.0], "7": [323.9, 385.0, 219.0], "8": [352.5, 385.0, 215.0], "9": [388.5, 385.0, 382.0], "10": [416.9, 385.0, 275.0], "11": [383.0, 385.0, 365.0], "12": [417.2, 385.0, 391.0]}