{"1": [59.9, 385.0, 175.0], "2": [125.7, 385.0, 330.0], "3": [193.8, 385.0, 248.0], "4": [291.5, 385.0, 197.0], "5": [330.2, 385.0, 240.0], "6": [291.307413133031, 385.40677614307106, 237.0], "7": [412.4, 385.0, 157.0], "8": [415.8, 385.0, 216.0], "9": [340.9, 385.0, 210.0], "10": [408.72859955215415, 381.26249897533734, 204.0], "11": [78.4, 385.0, 200.0], "12": [56.4650402947847, 382.6439246979153, 462.0]}