{"1" : [698.6, 599.5, 23.860133540640202], "3" : [614.1, 616.0, 159.8601335406402], "5" : [611.6, 616.2, 25.860133540640202], "7" : [788.6, 600.2, 222.8601335406402], "9" : [792.5, 600.3, 16.860133540640202], "11" : [858.2, 603.2, 202.8601335406402], "13" : [856.8, 601.7, 34.860133540640206], "15" : [1060.8, 596.3, 254.8601335406402], "17" : [1058.1, 597.5, 25.860133540640202], "19" : [1217.5, 595.3, 206.8601335406402], "21" : [958.1, 540.1, 544.8601335406402], "23" : [956.4, 540.4, 55.860133540640206], "25" : [473.6, 462.2, 68.8601335406402], "27" : [473.9, 464.9, 24.860133540640202], "29" : [311.5, 462.1, 111.8601335406402], "31" : [311.2, 465.0, 20.860133540640202], "33" : [204.8, 478.4, 267.8601335406402], "35" : [210.9, 479.6, 25.860133540640202], "37" : [365.8, 458.7, 206.8601335406402], "39" : [367.1, 460.6, 21.860133540640202], "41" : [467.5, 464.0, 271.8601335406402], "43" : [468.3, 467.3, 14.860133540640202], "45" : [522.8, 476.5, 99.8601335406402], "47" : [524.9, 479.8, 19.860133540640202], "49" : [618.2, 485.8, 175.8601335406402], "51" : [622.4, 485.7, 19.860133540640202], "53" : [727.6, 497.0, 202.8601335406402], "55" : [730.3, 498.6, 23.860133540640202], "57" : [875.1, 493.3, 191.8601335406402], "59" : [874.5, 487.9, 252.8601335406402], "61" : [1082.1, 497.5, 170.8601335406402], "63" : [1074.7, 511.2, 21.860133540640202], "65" : [1006.8, 507.5, 152.8601335406402], "67" : [1008.6, 510.6, 44.860133540640206], "69" : [1273.6, 518.1, 277.8601335406402], "71" : [1271.7, 518.8, 13.860133540640202], "73" : [1215.6, 518.2, 252.8601335406402], "75" : [1214.3, 519.0, 35.860133540640206], "77" : [1384.6, 524.7, 182.8601335406402], "79" : [1381.9, 523.6, 26.860133540640202], "81" : [1565.8, 513.6, 153.8601335406402], "83" : [1566.0, 514.1, 16.860133540640202], "85" : [1646.7, 509.7, 200.8601335406402], "87" : [1646.6, 511.3, 66.8601335406402], "89" : [900.0, 564.3, 112.8601335406402], "91" : [899.0, 558.9, 23.860133540640202], "93" : [766.3, 563.5, 156.8601335406402], "95" : [762.6, 564.1, 12.860133540640202], "97" : [719.3, 564.2, 141.8601335406402]}