{"1": [45.82216834899458, 384.082224977181, 269.0], "2": [73.7, 385.0, 357.0], "3": [152.69242286310725, 383.7724561235169, 314.0], "4": [218.3634198398953, 385.0115315381733, 226.0], "5": [249.2, 385.0, 137.0], "6": [319.6578349880543, 384.082224977181, 195.0], "7": [399.9, 385.0, 223.0], "8": [477.0204126494142, 384.3919938308452, 438.0], "9": [535.0, 385.0, 235.0]}