{"1" : [1281.8, 563.2, 24.153666395062626], "3" : [1164.9, 551.2, 324.1536663950626], "5" : [1171.3, 549.0, 15.153666395062626], "7" : [1221.9, 547.4, 373.1536663950626], "9" : [1221.6, 540.7, 40.15366639506262], "11" : [926.1, 523.4, 693.1536663950626], "13" : [959.7, 547.4, 274.1536663950626], "15" : [962.5, 551.6, 27.153666395062626], "17" : [790.4, 512.3, 316.1536663950626], "19" : [795.1, 517.6, 17.153666395062626], "21" : [752.2, 529.3, 504.15366639506266], "23" : [747.6, 538.1, 13.153666395062626], "25" : [799.1, 538.8, 179.15366639506263], "27" : [798.4, 536.5, 21.153666395062626], "29" : [869.1, 541.7, 221.15366639506263], "31" : [866.3, 538.5, 15.153666395062626], "33" : [825.1, 539.6, 911.1536663950626], "35" : [819.1, 534.9, 21.153666395062626], "37" : [905.8, 541.6, 313.1536663950626], "39" : [910.4, 541.2, 22.153666395062626], "41" : [1007.5, 538.1, 261.1536663950626], "43" : [1017.0, 536.4, 8.153666395062626], "45" : [1035.9, 539.3, 173.15366639506263], "47" : [1040.9, 541.6, 18.153666395062626], "49" : [1112.9, 549.4, 306.1536663950626], "51" : [1113.5, 554.0, 11.153666395062626], "53" : [1088.2, 553.7, 276.1536663950626], "55" : [1092.9, 555.0, 10.153666395062626], "57" : [1136.7, 556.0, 189.15366639506263], "59" : [1143.9, 555.6, 11.153666395062626], "61" : [1174.1, 560.2, 236.15366639506263], "63" : [1177.4, 560.1, 27.153666395062626], "65" : [963.6, 544.0, 144.15366639506263], "67" : [974.3, 545.7, 26.153666395062626], "69" : [853.8, 543.1, 658.1536663950626], "71" : [856.0, 539.8, 12.153666395062626], "73" : [895.2, 545.7, 218.15366639506263], "75" : [895.1, 547.4, 14.153666395062626], "77" : [951.2, 542.9, 339.1536663950626], "79" : [954.2, 544.3, 19.153666395062626], "81" : [1034.1, 552.1, 88.15366639506263]}