{"1" : [913.1, 438.3, 26.22277349484854], "3" : [1083.3, 429.6, 464.2227734948485], "5" : [1085.3, 440.2, 18.22277349484854], "7" : [1150.5, 421.9, 170.22277349484852], "9" : [1148.2, 421.6, 37.22277349484854], "11" : [854.0, 470.8, 84.22277349484854], "13" : [957.6, 543.6, 536.2227734948485], "15" : [958.8, 544.1, 20.22277349484854], "17" : [894.5, 472.8, 310.2227734948485], "19" : [892.9, 474.5, 20.22277349484854], "21" : [985.6, 466.0, 176.22277349484852], "23" : [986.1, 466.7, 20.22277349484854], "25" : [1084.0, 456.4, 192.22277349484852], "27" : [1078.3, 455.9, 12.222773494848537], "29" : [1035.3, 463.3, 255.2227734948485], "31" : [1035.2, 463.1, 23.22277349484854], "33" : [1135.6, 448.0, 288.2227734948485], "35" : [1132.5, 450.5, 30.22277349484854], "37" : [967.0, 561.2, 317.2227734948485], "39" : [965.9, 564.8, 15.222773494848537], "41" : [948.4, 604.1, 462.2227734948485], "43" : [957.2, 596.2, 153.22277349484852]}