{"1" : [940.2, 514.1, 17.860133540640202], "3" : [890.3, 544.1, 200.8601335406402], "5" : [894.9, 543.7, 13.860133540640202], "7" : [945.3, 539.5, 130.8601335406402], "9" : [945.4, 541.8, 25.860133540640202], "11" : [1129.5, 544.2, 266.8601335406402], "13" : [1129.3, 546.9, 11.860133540640202], "15" : [1170.9, 549.4, 136.8601335406402], "17" : [1170.3, 546.9, 25.860133540640202], "19" : [1029.8, 601.0, 139.8601335406402], "21" : [1033.7, 581.5, 436.8601335406402], "23" : [863.3, 551.7, 336.8601335406402], "25" : [852.4, 550.8, 24.860133540640202], "27" : [978.6, 540.9, 211.8601335406402], "29" : [978.6, 542.0, 9.860133540640202], "31" : [955.9, 548.2, 336.8601335406402], "33" : [955.0, 549.2, 25.860133540640202], "35" : [1026.5, 670.1, 296.8601335406402], "37" : [1020.3, 670.7, 7.860133540640203], "39" : [1005.4, 677.0, 135.8601335406402], "41" : [1005.3, 666.8, 269.8601335406402], "43" : [1077.9, 598.3, 122.8601335406402], "45" : [1068.4, 550.9, 15.8601335406402], "47" : [1118.2, 542.1, 412.8601335406402], "49" : [1116.3, 557.1, 23.860133540640202], "51" : [1035.4, 563.7, 547.8601335406402], "53" : [951.7, 554.1, 250.8601335406402], "55" : [953.3, 553.4, 16.860133540640202], "57" : [952.9, 497.7, 281.8601335406402], "59" : [955.1, 501.8, 36.860133540640206]}