{"1" : [717.4, 302.1, 155.03750462040892], "3" : [708.6, 300.0, 25.037504620408914], "5" : [579.6, 298.1, 67.03750462040891], "7" : [580.7, 300.8, 25.037504620408914], "9" : [423.7, 297.8, 179.03750462040892], "11" : [422.1, 299.0, 34.03750462040892], "13" : [618.4, 282.1, 179.03750462040892], "15" : [618.0, 286.6, 24.037504620408914], "17" : [765.3, 280.5, 160.03750462040892], "19" : [764.6, 281.7, 26.037504620408914], "21" : [931.8, 282.7, 187.03750462040892], "23" : [930.8, 286.7, 30.037504620408914], "25" : [1101.6, 279.7, 167.03750462040892], "27" : [1099.9, 276.7, 37.03750462040892], "29" : [1309.0, 263.7, 149.03750462040892], "31" : [1304.7, 262.4, 26.037504620408914], "33" : [1444.0, 267.1, 175.03750462040892], "35" : [1440.2, 267.7, 28.037504620408914], "37" : [1604.6, 261.5, 78.03750462040891], "39" : [1602.8, 262.4, 75.03750462040891], "41" : [359.8, 332.2, 125.03750462040891], "43" : [964.1, 531.8, 544.0375046204089], "45" : [960.7, 540.3, 37.03750462040892], "47" : [723.3, 424.8, 156.03750462040892], "49" : [730.0, 429.2, 21.037504620408914], "51" : [800.1, 437.8, 160.03750462040892], "53" : [796.0, 436.4, 23.037504620408914], "55" : [914.6, 445.1, 199.03750462040892], "57" : [919.0, 446.0, 25.037504620408914], "59" : [1076.5, 442.1, 161.03750462040892], "61" : [1081.1, 449.6, 23.037504620408914], "63" : [1196.4, 449.2, 168.03750462040892], "65" : [1200.1, 455.0, 18.037504620408914], "67" : [1269.4, 450.9, 51.03750462040892], "69" : [1269.0, 450.1, 48.03750462040892]}