{"1" : [983.7, 520.0, 663.9288385898695], "3" : [957.6, 551.0, 538.9288385898695], "5" : [955.3, 554.2, 38.92883858986951], "7" : [665.3, 519.5, 40.92883858986951], "9" : [660.5, 518.5, 35.92883858986951], "11" : [346.7, 489.0, 107.92883858986951], "13" : [345.4, 489.4, 26.928838589869507], "15" : [217.2, 491.9, 161.9288385898695], "17" : [221.3, 502.4, 102.92883858986951], "19" : [406.1, 496.7, 87.92883858986951], "21" : [412.0, 498.4, 167.9288385898695], "23" : [638.1, 496.3, 194.9288385898695], "25" : [634.1, 495.8, 23.928838589869507], "27" : [771.4, 488.1, 250.92883858986954], "29" : [772.6, 494.0, 30.928838589869507], "31" : [894.0, 492.0, 205.9288385898695], "33" : [897.4, 489.8, 61.92883858986951], "35" : [1108.1, 495.3, 134.9288385898695], "37" : [1106.8, 497.3, 23.928838589869507], "39" : [1050.0, 495.0, 130.9288385898695], "41" : [1049.4, 493.5, 26.928838589869507], "43" : [1283.2, 499.3, 290.9288385898695], "45" : [1286.2, 501.6, 21.928838589869507], "47" : [1408.4, 506.3, 163.9288385898695], "49" : [1412.7, 506.7, 21.928838589869507], "51" : [1538.2, 509.4, 149.9288385898695], "53" : [1532.8, 509.9, 22.928838589869507], "55" : [1662.2, 504.9, 100.92883858986951], "57" : [1662.4, 504.0, 74.92883858986951], "59" : [788.0, 563.3, 274.9288385898695], "61" : [779.2, 560.2, 24.928838589869507], "63" : [917.2, 558.8, 230.9288385898695], "65" : [912.5, 564.7, 25.928838589869507], "67" : [1068.8, 570.1, 208.9288385898695]}