{"1" : [874.0, 536.3, 151.45204058449272], "3" : [807.8, 547.9, 238.45204058449272], "5" : [799.7, 536.6, 37.452040584492714], "7" : [1051.3, 537.1, 222.45204058449272], "9" : [1052.7, 541.3, 9.452040584492712], "11" : [1032.0, 537.6, 216.45204058449272], "13" : [1032.4, 534.2, 40.452040584492714], "15" : [957.0, 541.7, 569.4520405844927], "17" : [956.2, 544.7, 15.452040584492712], "19" : [1004.3, 532.0, 121.4520405844927], "21" : [1005.1, 532.4, 31.45204058449271], "23" : [817.9, 534.5, 251.45204058449272], "25" : [807.4, 535.0, 13.452040584492712], "27" : [772.6, 533.5, 74.4520405844927], "29" : [773.3, 534.1, 39.452040584492714], "31" : [1052.7, 541.1, 179.45204058449272], "33" : [1050.3, 540.7, 19.452040584492714], "35" : [1122.7, 543.8, 110.4520405844927], "37" : [1125.1, 543.8, 30.452040584492714], "39" : [953.2, 538.9, 117.4520405844927], "41" : [952.8, 537.3, 186.45204058449272]}