{"1" : [1037.8, 463.5, 33.452040584492714], "3" : [1236.5, 466.3, 184.45204058449272], "5" : [1235.4, 467.1, 17.452040584492714], "7" : [1172.5, 463.3, 151.45204058449272], "9" : [1172.0, 460.3, 17.452040584492714], "11" : [1236.4, 467.8, 112.4520405844927], "13" : [1236.7, 473.3, 732.4520405844927], "15" : [968.4, 536.8, 135.45204058449272], "17" : [969.1, 539.4, 25.452040584492714], "19" : [868.1, 430.9, 390.4520405844927], "21" : [866.0, 434.8, 39.452040584492714], "23" : [1058.6, 385.3, 124.4520405844927], "25" : [1055.4, 385.8, 21.452040584492714], "27" : [1153.6, 393.4, 87.4520405844927], "29" : [1154.7, 393.6, 35.452040584492714], "31" : [950.2, 510.8, 193.45204058449272], "33" : [953.1, 509.1, 14.452040584492712], "35" : [962.9, 470.2, 338.4520405844927], "37" : [955.4, 470.0, 11.452040584492712], "39" : [928.3, 470.3, 125.45204058449272], "41" : [928.5, 473.2, 27.452040584492714], "43" : [771.3, 410.7, 174.45204058449272], "45" : [772.4, 409.1, 39.452040584492714], "47" : [968.8, 599.9, 304.4520405844927], "49" : [966.1, 602.2, 19.452040584492714], "51" : [947.9, 558.2, 107.4520405844927], "53" : [949.4, 559.3, 13.452040584492712], "55" : [966.1, 525.3, 225.45204058449272], "57" : [963.3, 524.7, 15.452040584492712], "59" : [908.6, 522.0, 218.45204058449272], "61" : [907.3, 522.2, 184.45204058449272], "63" : [966.5, 668.4, 23.452040584492714], "65" : [953.8, 629.8, 31.45204058449271], "67" : [960.5, 463.1, 392.4520405844927]}