{"1" : [1359.8, 520.7, 17.153666395062626], "3" : [1445.9, 530.6, 209.15366639506263], "5" : [1446.2, 532.9, 26.153666395062626], "7" : [1575.4, 530.5, 203.15366639506263], "9" : [1581.2, 534.0, 58.15366639506262], "11" : [896.8, 560.5, 223.15366639506263], "13" : [903.0, 564.5, 24.153666395062626], "15" : [1071.7, 562.8, 242.15366639506263], "17" : [960.1, 531.1, 144.15366639506263], "19" : [959.6, 533.3, 355.1536663950626], "21" : [961.3, 540.6, 91.15366639506263], "23" : [961.9, 540.1, 52.15366639506262], "25" : [603.5, 474.7, 68.15366639506263], "27" : [599.2, 470.1, 45.15366639506262], "29" : [380.9, 448.7, 175.15366639506263], "31" : [381.4, 452.4, 14.153666395062626], "33" : [329.7, 446.6, 195.15366639506263], "35" : [327.6, 442.2, 25.153666395062626], "37" : [527.8, 440.2, 343.1536663950626], "39" : [532.8, 447.0, 22.153666395062626], "41" : [443.2, 449.2, 303.1536663950626], "43" : [440.0, 453.9, 40.15366639506262], "45" : [793.6, 468.5, 270.1536663950626], "47" : [791.1, 458.4, 24.153666395062626], "49" : [972.8, 477.4, 202.15366639506263], "51" : [974.8, 473.4, 21.153666395062626], "53" : [1106.3, 486.9, 171.15366639506263], "55" : [1108.8, 484.9, 21.153666395062626], "57" : [1219.3, 488.6, 164.15366639506263], "59" : [1219.4, 491.9, 39.15366639506262], "61" : [1554.3, 492.2, 211.15366639506263], "63" : [1560.6, 490.6, 26.153666395062626], "65" : [1420.7, 485.4, 135.15366639506263], "67" : [1425.1, 479.9, 60.15366639506262], "69" : [719.8, 505.8, 257.1536663950626], "71" : [720.9, 511.0, 35.15366639506262], "73" : [982.4, 526.4, 210.15366639506263], "75" : [981.2, 525.6, 34.15366639506262], "77" : [1240.3, 543.4, 256.1536663950626], "79" : [1239.9, 543.3, 25.153666395062626], "81" : [1124.7, 539.0, 193.15366639506263], "83" : [1123.2, 536.5, 65.15366639506263], "85" : [365.5, 436.7, 353.1536663950626], "87" : [371.7, 443.3, 28.153666395062626]}