{"1" : [1044.4, 474.5, 201.22277349484852], "3" : [1124.9, 502.1, 139.22277349484852], "5" : [1125.1, 486.1, 24.22277349484854], "7" : [1251.1, 482.6, 292.2227734948485], "9" : [1250.8, 483.0, 22.22277349484854], "11" : [1355.5, 481.4, 276.2227734948485], "13" : [1349.1, 492.3, 34.22277349484854], "15" : [1136.3, 465.0, 262.2227734948485], "17" : [1133.2, 468.2, 41.22277349484854], "19" : [730.1, 513.6, 96.22277349484854], "21" : [955.9, 544.6, 551.2227734948485], "23" : [953.9, 539.4, 24.22277349484854], "25" : [797.8, 516.5, 417.2227734948485], "27" : [796.3, 519.6, 21.22277349484854], "29" : [893.4, 529.9, 391.2227734948485], "31" : [879.9, 531.8, 25.22277349484854], "33" : [1030.5, 524.0, 452.2227734948485], "35" : [1031.3, 522.7, 24.22277349484854]}