{"1": [328.9, 385.0, 242.0], "2": [90.2, 385.0, 119.0], "3": [40.88663441951982, 382.99771387715873, 218.0], "4": [40.1, 385.0, 317.0], "5": [104.8, 385.0, 356.0], "6": [158.22945906482045, 386.1090766518447, 209.0], "7": [160.1, 385.0, 401.0], "8": [113.7, 385.0, 279.0], "9": [159.11841985758787, 384.33115506630986, 324.0], "10": [191.7, 385.0, 192.0], "11": [204.4554202887267, 382.99771387715873, 234.0], "12": [244.1, 385.0, 151.0], "13": [307.13039185336476, 385.66459625546094, 307.0], "14": [338.4, 385.0, 203.0], "15": [392.4, 385.0, 294.0], "16": [434.2517852191071, 384.3311550663098, 271.0], "17": [466.7, 385.0, 119.0], "18": [468.6, 385.0, 109.0], "19": [546.7053255041868, 383.4421942735424, 979.0], "20": [424.02873610228164, 386.5535570482284, 346.0], "21": [459.5871678129788, 384.7756354626936, 323.0], "22": [432.47386363357225, 385.2201158590773, 322.0], "23": [495.14559952367597, 383.88667466992615, 103.0], "24": [488.92287397430397, 385.2201158590773, 315.0], "25": [498.256962298362, 383.88667466992615, 113.0], "26": [456.4, 385.0, 156.0], "27": [459.6, 385.0, 127.0], "28": [491.9, 385.0, 170.0], "29": [459.6, 385.0, 277.0], "30": [92.2, 385.0, 158.0], "31": [198.23269473935477, 384.3311550663098, 512.0], "32": [481.0, 385.0, 190.0], "33": [79.7, 385.0, 246.0], "34": [56.2, 385.0, 290.0], "35": [132.5, 385.0, 212.0], "36": [189.78756720806396, 384.3311550663096, 212.0], "37": [225.5, 385.0, 229.0], "38": [116.9, 385.0, 193.0], "39": [77.7, 385.0, 219.0], "40": [53.77656591464731, 384.3311550663096, 323.0], "41": [87.11259564342592, 385.22011585907705, 462.0], "42": [123.3, 385.0, 205.0], "43": [165.8, 385.0, 175.0], "44": [218.1, 385.0, 183.0], "45": [312.0, 385.0, 312.0], "46": [381.8, 385.0, 193.0], "47": [422.3, 385.0, 177.0], "48": [468.6, 385.0, 122.0], "49": [466.2, 385.0, 149.0], "50": [562.2, 385.0, 316.0], "51": [541.8, 385.0, 118.0]}