{"1": [28.4, 383.5, 148.0], "2": [104.2, 385.0, 186.0], "3": [161.0, 385.0, 153.0], "4": [253.0, 385.0, 296.0], "5": [290.3, 385.0, 294.0], "6": [314.8, 385.0, 196.0], "7": [403.12273073269967, 385.15894883205084, 232.0], "8": [477.6, 385.0, 219.0], "9": [518.475588098778, 385.15894883205084, 165.0], "10": [556.2197215751787, 384.73485744467564, 700.0], "11": [558.7642698994304, 383.88667466992507, 453.0], "12": [482.8, 385.0, 194.0], "13": [335.7, 385.0, 279.0], "14": [241.8, 385.0, 228.0], "15": [258.93165902510145, 384.73485744467564, 392.0], "16": [101.6, 385.0, 308.0]}