{"1" : [941.6, 517.5, 142.40419064397398], "3" : [936.6, 515.9, 16.40419064397397], "5" : [903.9, 531.1, 222.40419064397398], "7" : [967.2, 537.8, 552.404190643974], "9" : [963.2, 541.1, 31.40419064397397], "11" : [861.4, 408.4, 88.40419064397396], "13" : [858.4, 407.4, 19.40419064397397], "15" : [800.2, 378.2, 131.40419064397398], "17" : [800.9, 378.4, 18.40419064397397], "19" : [860.0, 386.1, 78.40419064397396], "21" : [859.9, 389.5, 28.40419064397397], "23" : [1043.5, 389.7, 199.40419064397398], "25" : [1043.7, 391.8, 23.40419064397397], "27" : [955.6, 405.6, 128.40419064397398], "29" : [953.2, 408.8, 21.40419064397397], "31" : [936.3, 465.0, 260.40419064397395], "33" : [937.3, 467.9, 17.40419064397397], "35" : [926.4, 524.8, 238.40419064397398], "37" : [925.9, 523.7, 25.40419064397397], "39" : [1019.2, 515.5, 51.40419064397397], "41" : [1020.7, 516.0, 32.40419064397397], "43" : [845.3, 521.5, 150.40419064397398]}