{"1": [406.6, 481.0, 112.0], "2": [218.3, 481.0, 222.0], "3": [371.6, 481.0, 140.0], "4": [309.0229998445933, 480.4028628171892, 130.0], "5": [298.1, 481.0, 229.0], "6": [341.5, 481.0, 212.0], "7": [445.0, 481.0, 222.0], "8": [624.9, 481.0, 159.0], "9": [580.4, 481.0, 214.0], "10": [717.4, 481.0, 162.0], "11": [622.8, 481.0, 170.0], "12": [623.2, 481.0, 268.0], "13": [965.0907518634019, 479.3220263229242, 133.0], "14": [1120.7312070375508, 479.3220263229242, 124.0], "15": [1009.6, 481.0, 196.0], "16": [1162.6, 481.0, 178.0], "17": [1409.3145510062855, 481.0, 133.0], "18": [1302.5, 481.0, 264.0], "19": [1441.7396458342332, 481.0, 145.0], "20": [1581.8, 481.0, 197.0], "21": [1717.3529518717887, 476.0795168401295, 179.0], "22": [1506.5898354901285, 479.3220263229242, 211.0], "23": [1658.6, 481.0, 225.0], "24": [352.3, 567.0, 126.0], "25": [224.2, 567.0, 195.0], "26": [409.3, 567.0, 185.0], "27": [411.6, 567.0, 272.0], "28": [745.9, 567.0, 126.0], "29": [653.8098415151039, 567.0, 223.0], "30": [733.9, 567.0, 163.0], "31": [912.7, 567.0, 130.0], "32": [852.2, 567.0, 408.0], "33": [1047.6, 567.0, 159.0], "34": [960.5, 567.0, 155.0], "35": [831.8, 567.0, 205.0], "36": [1045.6, 567.0, 165.0], "37": [999.6775196798794, 567.0, 116.0], "38": [817.4, 567.0, 175.0], "39": [863.4, 567.0, 127.0], "40": [862.0, 567.0, 274.0], "41": [1269.8866432461102, 567.0, 129.0], "42": [1186.2, 567.0, 107.0], "43": [1444.982155317028, 567.0, 144.0], "44": [1659.1, 567.0, 136.0], "45": [1554.6, 567.0, 165.0], "46": [1552.1, 567.0, 245.0], "47": [1382.5, 567.0, 167.0], "48": [1384.1, 567.0, 329.0], "49": [1560.6, 567.0, 354.0], "50": [957.4, 567.0, 306.0]}