{"1": [644.5761880495456, 404.1662933758846, 119.0], "2": [265.4, 404.0, 602.0], "3": [313.9, 404.0, 256.0], "4": [458.5, 404.0, 312.0], "5": [599.4, 404.0, 201.0], "6": [644.1, 404.0, 215.0], "7": [824.3520695962078, 405.11248222613017, 182.0], "8": [844.2220354513652, 402.27391567539337, 124.0], "9": [755.1, 404.0, 222.0], "10": [862.4, 404.0, 630.0], "11": [951.5, 404.0, 151.0], "12": [956.0, 404.0, 146.0], "13": [1073.4, 404.0, 379.0], "14": [1030.0, 404.0, 183.0], "15": [1176.0, 404.0, 197.0], "16": [1271.8, 404.0, 382.0], "17": [1413.6, 404.0, 296.0], "18": [1540.4, 404.0, 385.0], "19": [1656.2, 404.0, 685.0], "20": [249.4, 454.0, 157.0], "21": [200.1, 454.0, 226.0], "22": [295.5, 454.0, 287.0], "23": [411.7, 454.0, 165.0], "24": [352.6, 454.0, 207.0], "25": [352.3, 454.0, 155.0], "26": [461.0155511019012, 453.3681135886552, 472.0], "27": [521.8, 454.0, 267.0], "28": [728.8, 454.0, 285.0], "29": [663.6, 454.0, 198.0], "30": [829.5, 454.0, 273.0], "31": [963.2, 454.0, 664.0], "32": [1219.0, 454.0, 212.0], "33": [1138.2, 454.0, 420.0], "34": [1370.4, 454.0, 379.0], "35": [1302.4, 454.0, 257.0], "36": [1373.2, 454.0, 324.0], "37": [1535.8860849808914, 454.31430243890077, 344.0], "38": [1637.0, 454.0, 497.0], "39": [1700.522944923624, 454.31430243890077, 159.0], "40": [1701.4691337738695, 453.3681135886552, 172.0], "41": [1689.1686787206768, 453.3681135886552, 490.0], "42": [331.5, 504.0, 392.0], "43": [320.1, 504.0, 102.0], "44": [569.6, 504.0, 329.0], "45": [499.8, 504.0, 139.0], "46": [914.8, 504.0, 271.0], "47": [1107.3, 504.0, 341.0], "48": [1339.0, 504.0, 218.0], "49": [1273.3, 504.0, 220.0], "50": [1424.3, 504.0, 243.0], "51": [1608.7426264498017, 504.46231150191704, 209.0], "52": [330.0, 554.0, 142.0], "53": [264.9, 554.0, 301.0], "54": [428.0, 554.0, 249.0], "55": [656.0, 554.0, 249.0], "56": [581.3, 554.0, 125.0], "57": [828.2, 554.0, 430.0], "58": [988.0, 554.0, 267.0], "59": [938.9, 554.0, 131.0], "60": [448.4, 554.0, 199.0], "61": [375.9, 554.0, 246.0], "62": [1002.9, 554.0, 236.0], "63": [931.1, 554.0, 535.0], "64": [1088.4, 554.0, 252.0], "65": [1212.7, 554.0, 435.0], "66": [1401.0, 554.0, 333.0], "67": [1500.8770975218044, 554.6103205649333, 152.0], "68": [1535.8860849808914, 553.6641317146878, 181.0], "69": [1616.1, 554.0, 186.0], "70": [1678.7, 554.0, 582.0], "71": [1693.4, 554.0, 176.0], "72": [278.40110300450243, 603.8121407777039, 449.0], "73": [664.2, 604.0, 300.0], "74": [823.8, 604.0, 362.0], "75": [994.0, 604.0, 288.0], "76": [912.4, 604.0, 420.0], "77": [991.2, 604.0, 193.0], "78": [1109.5, 604.0, 256.0], "79": [1304.5, 604.0, 135.0], "80": [1303.3, 604.0, 158.0], "81": [1393.0115685938072, 601.9197630772128, 163.0], "82": [1577.8, 604.0, 264.0], "83": [1500.4, 604.0, 158.0], "84": [1008.1, 653.0, 204.0], "85": [1063.2, 653.0, 121.0], "86": [894.8, 653.0, 398.0], "87": [807.0, 653.0, 255.0], "88": [804.9, 653.0, 230.0], "89": [891.7, 653.0, 215.0], "90": [845.9, 653.0, 201.0], "91": [1007.4, 653.0, 185.0], "92": [1111.0472912206214, 653.0139609904746, 237.0], "93": [1374.0877915888955, 600.9735742269672, 179.0], "94": [1122.4015574235686, 653.9601498407203, 157.0], "95": [964.3880194325551, 553.6641317146878, 377.0]}