{"1" : [728.0324507214704, 35.12913676104337, 151.0], "3" : [774.0806617393001, 64.97237691662546, 181.0], "5" : [889.2517141178674, 65.60280634124678, 321.0], "7" : [941.3449972705135, 71.6170000292823, 200.0], "9" : [941.3449972705135, 71.6170000292823, 200.0], "11" : [1007.6333372003133, 76.84193829301047, 93.0], "13" : [1007.6333372003133, 76.84193829301047, 93.0], "15" : [1083.1558422735268, 72.08831362224628, 77.0], "17" : [1086.3597848832865, 71.8282637649016, 92.0], "19" : [1113.6927897254343, 75.89639810532995, 111.0], "21" : [846.30704146596, 16.7316911818081, 142.0], "23" : [846.30704146596, 16.7316911818081, 142.0], "25" : [735.7433894997221, 15.26772332029203, 189.0], "27" : [781.0377028461991, 12.823771353449201, 122.0], "29" : [847.7314834177424, 11.11574217334473, 108.0], "31" : [847.7314834177424, 11.11574217334473, 108.0], "33" : [902.4658442998341, 12.393415608045705, 243.0], "35" : [597.1443385246679, 64.55613377972438, 212.0], "37" : [684.1260676288206, 70.70598617892198, 234.0], "39" : [605.2728671578486, 68.14961514376226, 258.0], "41" : [632.9102203638206, 75.17993217668541, 274.0], "43" : [632.9102203638206, 75.17993217668541, 274.0], "45" : [592.7461863338426, 73.10090008380187, 223.0], "47" : [619.935107700263, 76.88222644538382, 225.0], "49" : [750.0815781313737, 79.44947486818968, 190.0], "51" : [810.6144873521096, 84.03411124534439, 214.0], "53" : [712.5000013022311, 76.85714524586234, 91.0], "55" : [710.6127695130152, 75.93830089431687, 94.0], "57" : [758.6443061563134, 77.99051107310201, 158.0], "59" : [806.9930453544622, 79.11956510579931, 230.0], "61" : [887.0254886868609, 77.64902123677065, 102.0], "63" : [926.9522396548161, 80.85372920049204, 67.0], "65" : [927.3126439396239, 81.7931032394594, 87.0], "67" : [1001.8033778708518, 88.45555783957737, 207.0], "69" : [1059.3063840839268, 88.72127548892873, 94.0], "71" : [1118.38208016101, 90.1734088099299, 173.0], "73" : [1133.7119967103422, 89.65999650664321, 75.0], "75" : [829.0281104526559, 107.61946001628884, 185.0], "77" : [673.6662964804651, 114.03812061672282, 181.0], "79" : [674.9950832603586, 111.89016363720326, 61.0], "81" : [671.9473665804303, 90.24342392905503, 152.0], "83" : [757.4443897946202, 90.06836799322953, 196.0], "85" : [681.7740302373714, 115.9432837601462, 335.0], "87" : [755.1298979033402, 94.46494844194797, 97.0], "89" : [755.1298979033402, 94.46494844194797, 97.0], "91" : [761.0362078853411, 96.67414152887781, 116.0], "93" : [761.0362078853411, 96.67414152887781, 116.0], "95" : [799.8506975074436, 95.84604869921226, 215.0], "97" : [799.8506975074436, 95.84604869921226, 215.0], "99" : [799.8506975074436, 95.84604869921226, 215.0], "101" : [700.3714284588003, 112.9339291125585, 224.0], "103" : [754.6627651769244, 109.2867063456126, 188.0], "105" : [837.5000006438675, 107.9865968576635, 179.0], "107" : [908.7759363235201, 114.16203078936267, 187.0], "109" : [971.9235623500459, 116.25747298822887, 174.0], "111" : [971.9235623500459, 116.25747298822887, 174.0], "113" : [1025.295104904216, 122.16923578191003, 143.0], "115" : [1053.5027303534084, 123.33169678781196, 183.0], "117" : [723.4812801622763, 130.8566831069174, 187.0], "119" : [723.4812801622763, 130.8566831069174, 187.0], "121" : [608.8756778357291, 135.63513545319842, 185.0], "123" : [608.8756778357291, 135.63513545319842, 185.0], "125" : [664.2973264977367, 137.2513343664958, 187.0], "127" : [750.1642862165588, 135.88571432183986, 182.0], "129" : [750.1642862165588, 135.88571432183986, 182.0], "131" : [792.4204303229533, 130.53117864761802, 93.0], "133" : [792.4204303229533, 130.53117864761802, 93.0], "135" : [793.2268691767381, 130.9253727182797, 134.0], "137" : [793.2268691767381, 130.9253727182797, 134.0], "139" : [818.9815294075493, 134.91655806147216, 157.0], "141" : [818.9815294075493, 134.91655806147216, 157.0], "143" : [926.8727795851507, 149.4277786604844, 180.0], "145" : [1001.6065322273033, 156.4824118843503, 199.0], "147" : [1001.6065322273033, 156.4824118843503, 199.0], "149" : [1029.9134837377044, 160.9230320309824, 178.0], "151" : [1029.9134837377044, 160.9230320309824, 178.0], "153" : [1003.5884878902388, 158.77266149673537, 139.0], "155" : [1003.5884878902388, 158.77266149673537, 139.0], "157" : [1003.5884878902388, 158.77266149673537, 139.0], "159" : [983.0340577646417, 158.43024567121404, 367.0], "161" : [983.0340577646417, 158.43024567121404, 367.0], "163" : [1079.2726534217065, 167.24062484632785, 128.0], "165" : [1079.2726534217065, 167.24062484632785, 128.0], "167" : [824.7085890602335, 188.83190230187398, 163.0], "169" : [730.6826866540231, 173.9452484420464, 179.0], "171" : [788.6970147342482, 182.11567666177837, 134.0], "173" : [839.417646253481, 186.10411816155266, 170.0], "175" : [839.417646253481, 186.10411816155266, 170.0], "177" : [918.3631574506559, 183.36105347107616, 190.0], "179" : [977.3262125412787, 188.5029119333293, 103.0], "181" : [768.9376555282544, 243.8709852881483, 162.0], "183" : [605.117749604105, 243.51212003963028, 231.0], "185" : [586.7503175885099, 239.12101974510418, 157.0], "187" : [639.9241148331332, 240.43191396249486, 141.0], "189" : [639.9241148331332, 240.43191396249486, 141.0], "191" : [727.2377485522652, 245.34215648268176, 204.0], "193" : [779.0840482060567, 241.0840502563186, 163.0], "195" : [830.1774369624973, 244.92358759835483, 195.0], "197" : [921.6833325183868, 247.01047864310252, 210.0], "199" : [980.0200012483828, 247.90545484410808, 220.0], "201" : [1004.7847940786202, 247.23594663290007, 217.0], "203" : [1125.833331254784, 248.37777998472953, 189.0], "205" : [1150.1024578034921, 249.95656057078295, 244.0], "207" : [964.5545435456492, 271.37333396530096, 165.0], "209" : [763.3391624213078, 272.6048952052167, 143.0], "211" : [763.3391624213078, 272.6048952052167, 143.0], "213" : [668.1462949683628, 276.5259284749474, 162.0], "215" : [721.9287654660708, 272.87945285958165, 146.0], "217" : [780.7908510639348, 275.33170868509603, 164.0], "219" : [829.4177698394722, 272.8006985063694, 287.0], "221" : [857.2881356183748, 271.99378586002933, 177.0], "223" : [820.5089427360484, 271.7593517764505, 123.0], "225" : [952.1866084014473, 270.92970780712267, 239.0], "227" : [1054.0612128869082, 275.000609262911, 165.0], "229" : [1092.4836737504804, 272.61989887286586, 196.0], "231" : [742.8288029184846, 305.69401968925524, 184.0], "233" : [577.9502345079405, 293.1492977970748, 213.0], "235" : [632.0464922494602, 294.1561427803725, 228.0], "237" : [632.0464922494602, 294.1561427803725, 228.0], "239" : [632.0464922494602, 294.1561427803725, 228.0], "241" : [698.3065569760231, 295.27540938718863, 61.0], "243" : [698.3065569760231, 295.27540938718863, 61.0], "245" : [701.6051012835496, 296.45000064495815, 98.0], "247" : [701.6051012835496, 296.45000064495815, 98.0], "249" : [761.4140574375971, 299.33243652261797, 185.0], "251" : [761.4140574375971, 299.33243652261797, 185.0], "253" : [761.4140574375971, 299.33243652261797, 185.0], "255" : [817.906536379243, 299.11176502190335, 153.0], "257" : [817.906536379243, 299.11176502190335, 153.0], "259" : [915.5789947700441, 302.28401794096493, 219.0], "261" : [977.2948866563712, 306.31022725554266, 176.0], "263" : [1031.595955726778, 302.79966322470034, 297.0], "265" : [1031.595955726778, 302.79966322470034, 297.0], "267" : [1105.750773061289, 300.3515520704302, 258.0], "269" : [1105.750773061289, 300.3515520704302, 258.0], "271" : [1085.3011968963795, 302.14491015175753, 167.0], "273" : [1151.321307313788, 304.45081876158866, 183.0], "275" : [1184.5460683384408, 310.82528101790393, 178.0], "277" : [803.8567159048761, 346.88209054795067, 201.0], "279" : [770.7999966551325, 344.2031494083413, 127.0], "281" : [770.7999966551325, 344.2031494083413, 127.0], "283" : [772.2750017021751, 340.73749958055623, 88.0], "285" : [772.2750017021751, 340.73749958055623, 88.0], "287" : [851.7735302195686, 338.078920382605, 204.0], "289" : [896.4926157219719, 343.9153401279646, 176.0],