{"1" : [576.4672069631772, 81.77580697059862, 186.0], "3" : [701.1701653239035, 99.79889552788535, 181.0], "5" : [701.1701653239035, 99.79889552788535, 181.0], "7" : [701.1701653239035, 99.79889552788535, 181.0], "9" : [797.118134195753, 103.77616355184946, 193.0], "11" : [797.118134195753, 103.77616355184946, 193.0], "13" : [611.7912760610536, 100.05167824412757, 149.0], "15" : [611.7912760610536, 100.05167824412757, 149.0], "17" : [611.0144777025711, 103.2013109901711, 76.0], "19" : [701.127407054809, 80.61777916018252, 135.0], "21" : [701.127407054809, 80.61777916018252, 135.0], "23" : [752.8979858213058, 98.09396147262835, 149.0], "25" : [752.8979858213058, 98.09396147262835, 149.0], "27" : [712.4352944243807, 82.43235187838364, 68.0], "29" : [871.1695663477599, 29.698914399379415, 92.0], "31" : [960.2777784426802, 31.430862474244925, 162.0], "33" : [985.9951620423, 34.9338669132733, 62.0], "35" : [571.5210080320144, 68.19496146076239, 119.0], "37" : [514.5455021585865, 85.46031902931556, 189.0], "39" : [677.523730740907, 95.02033964837071, 177.0], "41" : [677.523730740907, 95.02033964837071, 177.0], "43" : [698.1912287142893, 95.27251622008271, 171.0], "45" : [698.1912287142893, 95.27251622008271, 171.0], "47" : [698.1912287142893, 95.27251622008271, 171.0], "49" : [776.5722450296026, 96.44053050945807, 227.0], "51" : [776.5722450296026, 96.44053050945807, 227.0], "53" : [769.936999717092, 104.3934995683744, 200.0], "55" : [877.8454555329415, 101.48863508340249, 176.0], "57" : [877.8454555329415, 101.48863508340249, 176.0], "59" : [764.5128652788552, 95.35684846206966, 241.0], "61" : [764.5128652788552, 95.35684846206966, 241.0], "63" : [722.243210301501, 88.0444439673678, 162.0], "65" : [748.150913374702, 105.04944839186896, 273.0], "67" : [776.9095352613642, 105.66457606171488, 367.0], "69" : [757.6581251827337, 102.70562197864922, 160.0], "71" : [757.6581251827337, 102.70562197864922, 160.0], "73" : [765.1457170016258, 101.68000068762173, 70.0], "75" : [765.1457170016258, 101.68000068762173, 70.0], "77" : [874.2058830180833, 95.18529629994536, 136.0], "79" : [874.2058830180833, 95.18529629994536, 136.0], "81" : [979.9476194489603, 71.67222422747443, 126.0], "83" : [960.5628573875424, 103.77761918155119, 210.0], "85" : [977.8472530652274, 95.97747437986949, 182.0], "87" : [977.8472530652274, 95.97747437986949, 182.0], "89" : [977.8472530652274, 95.97747437986949, 182.0], "91" : [980.6380372540007, 87.77484604238894, 163.0], "93" : [906.0038150895209, 91.52923909229057, 236.0], "95" : [906.0038150895209, 91.52923909229057, 236.0], "97" : [973.0936351436692, 78.07182247021309, 110.0], "99" : [1055.335610738229, 79.66000201605624, 205.0], "101" : [1115.8599467201057, 82.93798321773976, 387.0], "103" : [1130.8992868809703, 84.41103159295872, 281.0], "105" : [1103.8214581931468, 80.31373278983094, 233.0], "107" : [1129.5352936092352, 84.72817219874247, 323.0], "109" : [690.7039240393482, 139.2843098481914, 51.0], "111" : [696.004697362164, 144.41140687984694, 149.0], "113" : [653.2854476621167, 133.23432555489254, 268.0], "115" : [653.2854476621167, 133.23432555489254, 268.0], "117" : [679.6630691853408, 129.67925981518118, 352.0], "119" : [679.6630691853408, 129.67925981518118, 352.0], "121" : [658.6145723265208, 124.38947735051161, 247.0], "123" : [639.9017996127327, 125.57125784205203, 167.0], "125" : [639.9017996127327, 125.57125784205203, 167.0], "127" : [712.8329052953138, 128.07483804055067, 155.0], "129" : [712.8329052953138, 128.07483804055067, 155.0], "131" : [712.8329052953138, 128.07483804055067, 155.0], "133" : [850.532287434425, 109.02914777751663, 223.0], "135" : [850.532287434425, 109.02914777751663, 223.0], "137" : [921.2090887656926, 107.67646952219279, 187.0], "139" : [952.1596900344663, 106.00542724197201, 129.0], "141" : [867.4845813106041, 103.13876508807007, 227.0], "143" : [912.5103077886066, 99.1201026035194, 194.0], "145" : [912.5103077886066, 99.1201026035194, 194.0], "147" : [941.7377456777508, 102.16724924074093, 400.0], "149" : [941.7377456777508, 102.16724924074093, 400.0], "151" : [941.7377456777508, 102.16724924074093, 400.0], "153" : [900.8709289504492, 106.67016754227716, 657.0], "155" : [575.7846136498987, 137.43653777873212, 52.0], "157" : [586.148647795288, 127.72702778101177, 74.0], "159" : [524.5246153136811, 253.06461668691838, 130.0], "161" : [549.415189643332, 162.48227733332286, 79.0], "163" : [597.4170909380564, 150.48987342279557, 158.0], "165" : [597.4170909380564, 150.48987342279557, 158.0], "167" : [604.3656845350953, 151.75490274324486, 102.0], "169" : [604.3656845350953, 151.75490274324486, 102.0], "171" : [719.8466657055833, 186.40444389034383, 90.0], "173" : [728.5081322585486, 185.59918703213694, 123.0], "175" : [798.951723308405, 183.7827598319802, 145.0], "177" : [854.0972569654739, 175.46301397044934, 73.0], "179" : [860.5782995638594, 168.76320984757265, 106.0], "181" : [860.5782995638594, 168.76320984757265, 106.0], "183" : [911.9434464916707, 178.21999972032674, 145.0], "185" : [958.4150948185337, 167.9358486125588, 106.0], "187" : [958.4150948185337, 167.9358486125588, 106.0], "189" : [965.2601839435478, 155.8370371816226, 108.0], "191" : [1020.8203404569848, 149.3491538031098, 59.0], "193" : [1029.7486969570132, 136.78434634389583, 115.0], "195" : [1082.1570534184632, 128.22499998895273, 156.0], "197" : [1082.1570534184632, 128.22499998895273, 156.0], "199" : [1054.996100949477, 122.30194859774652, 154.0], "201" : [808.6333335888467, 187.1368442890406, 57.0], "203" : [882.2908212727223, 177.22850367441683, 207.0], "205" : [922.0533307014352, 185.8733354991983, 90.0], "207" : [571.2167548566907, 232.36021136992431, 191.0], "209" : [571.2167548566907, 232.36021136992431, 191.0], "211" : [713.3182247868656, 240.85211689076226, 236.0], "213" : [691.3469758581599, 227.74279180365247, 215.0], "215" : [691.3469758581599, 227.74279180365247, 215.0], "217" : [641.7012938199589, 226.55474079198675, 232.0], "219" : [641.7012938199589, 226.55474079198675, 232.0], "221" : [724.9200007049313, 249.9899995675375, 80.0], "223" : [733.2745097670477, 252.61176506558107, 51.0], "225" : [770.2220274211742, 255.51293939419793, 286.0], "227" : [755.2141606716882, 257.56637255382964, 113.0], "229" : [755.2141606716882, 257.56637255382964, 113.0], "231" : [754.6327287516569, 255.1436354645745, 55.0], "233" : [821.3277824627565, 251.96222314681788, 90.0], "235" : [825.5625022754442, 256.8861105947987, 72.0], "237" : [825.5625022754442, 256.8861105947987, 72.0], "239" : [901.7518512613381, 259.92962838530184, 81.0], "241" : [901.7518512613381, 259.92962838530184, 81.0], "243" : [901.7518512613381, 259.92962838530184, 81.0], "245" : [969.1713317859143, 242.2680008268806, 150.0], "247" : [969.1713317859143, 242.2680008268806, 150.0], "249" : [1017.4523147944118, 236.09536363487402, 151.0], "251" : [1124.1155664378766, 225.85754674937172, 212.0], "253" : [1148.4259540486953, 232.8396929332509, 131.0], "255" : [1149.7826635555477, 252.36000027470217, 75.0], "257" : [669.4666650380815, 391.87543798729155, 57.0], "259" : [815.389063314776, 400.9281235472542, 64.0], "261" : [818.8761204324888, 403.06567173528373, 67.0], "263" : [945.2766679810643, 260.7333339477503, 90.0], "265" : [945.2766679810643, 260.7333339477503, 90.0], "267" : [933.4093037866359, 284.9054243994619, 129.0], "269" : [1038.5801968187384, 279.62697991357527, 404.0], "271" : [525.761537469142, 238.57230750712586, 65.0], "273" : [534.9525770582685, 242.46701079595195, 97.0], "275" : [494.0723391224281, 254.42978840377017, 141.0], "277" : [493.3202891624481, 257.5565197599677, 69.0], "279" : [476.1637449313443, 259.87777909697803, 171.0], "281" : [647.8480592705921, 284.72572730788596, 206.0], "283" : [647.8480592705921, 284.72572730788596, 206.0], "285" : [756.3438203994515, 298.11835571283063, 267.0], "287" : [756.3438203994515, 298.11835571283063, 267.0], "289" : [756.3438203994515, 298.11835571283063, 267.0],