{"1" : [716.6607134407004, 88.33214365855247, 56.0], "3" : [680.7640469660457, 31.037075532418804, 89.0], "5" : [526.0113395932284, 67.94433127257687, 97.0], "7" : [534.328406871881, 64.43636385116986, 88.0], "9" : [596.4948130772808, 58.7094318795858, 212.0], "11" : [655.630336073028, 61.812357476968444, 178.0], "13" : [712.1377522243891, 66.02530578092251, 249.0], "15" : [802.0899989184936, 62.59749634218645, 160.0], "17" : [760.9740915518641, 69.74898937421285, 247.0], "19" : [879.0051313198359, 66.18419150960432, 234.0], "21" : [978.8407695697575, 71.64769526287559, 130.0], "23" : [1075.7861133720837, 71.66180713073369, 144.0], "25" : [651.5539313570662, 98.91011210847576, 178.0], "27" : [651.5539313570662, 98.91011210847576, 178.0], "29" : [610.973813533115, 99.38968156131575, 126.0], "31" : [610.973813533115, 99.38968156131575, 126.0], "33" : [733.2683387936136, 89.55444055462102, 259.0], "35" : [897.1423424216033, 101.36981855983369, 222.0], "37" : [897.1423424216033, 101.36981855983369, 222.0], "39" : [998.835509904419, 103.25673339819765, 245.0], "41" : [535.8586557178314, 125.31442583915793, 104.0], "43" : [540.8491444025052, 125.28743145243044, 175.0], "45" : [632.9128643105855, 122.77054412250254, 241.0], "47" : [751.9504285159071, 122.66154168792048, 234.0], "49" : [902.6105519147343, 131.0353177565654, 218.0], "51" : [902.6105519147343, 131.0353177565654, 218.0], "53" : [969.4188329950754, 133.03901219651357, 223.0], "55" : [969.4188329950754, 133.03901219651357, 223.0], "57" : [969.4188329950754, 133.03901219651357, 223.0], "59" : [1083.4075260010936, 131.02903091974832, 186.0], "61" : [1083.4075260010936, 131.02903091974832, 186.0], "63" : [1132.2476184399661, 130.67380694043064, 126.0], "65" : [665.2229995658452, 172.83599888483073, 200.0], "67" : [771.029851056226, 169.68258800887034, 201.0], "69" : [868.653966549921, 169.5047628314838, 63.0], "71" : [862.5702871217884, 170.01159528490496, 138.0], "73" : [916.2784083332856, 169.75738543523207, 176.0], "75" : [1020.5078953345673, 171.60789350780232, 304.0], "77" : [507.6035747750725, 227.26696381950742, 112.0], "79" : [540.6478023452278, 233.16792560705352, 159.0], "81" : [597.3438497105044, 233.6727262531713, 187.0], "83" : [521.6875687451665, 234.49621394624356, 185.0], "85" : [714.2445670204572, 234.12228205827284, 184.0], "87" : [664.9648411943908, 233.10273994887277, 219.0], "89" : [663.8478738487617, 229.12659380891003, 94.0], "91" : [796.844766641862, 229.75116307345036, 172.0], "93" : [768.0573180304086, 230.2292672230632, 164.0], "95" : [912.4358189481749, 230.80223771555447, 134.0], "97" : [875.4906981333714, 230.06162800992493, 172.0], "99" : [951.8551008189157, 228.6744886686097, 196.0], "101" : [1009.4341203662185, 232.35529476297393, 170.0], "103" : [1101.7150585167744, 233.8319277979299, 166.0], "105" : [1075.8730174993493, 231.60476082133198, 189.0], "107" : [1162.8390143694971, 233.0087135667155, 264.0], "109" : [604.7165347915376, 249.34645900581626, 127.0], "111" : [574.4724130904959, 253.57155236133147, 116.0], "113" : [574.4724130904959, 253.57155236133147, 116.0], "115" : [698.548485826514, 253.0248510798607, 165.0], "117" : [795.4685902849192, 260.0256427234601, 156.0], "119" : [795.4685902849192, 260.0256427234601, 156.0], "121" : [843.5508090791309, 262.92270328958904, 185.0], "123" : [843.5508090791309, 262.92270328958904, 185.0], "125" : [843.5508090791309, 262.92270328958904, 185.0], "127" : [949.035146601044, 260.46287024566533, 202.0], "129" : [949.035146601044, 260.46287024566533, 202.0], "131" : [1057.1128214177297, 262.14422930846337, 156.0], "133" : [1057.1128214177297, 262.14422930846337, 156.0], "135" : [1057.1128214177297, 262.14422930846337, 156.0], "137" : [997.2199045090362, 265.4791679371576, 216.0], "139" : [997.2199045090362, 265.4791679371576, 216.0], "141" : [476.31341674751735, 290.13658057180106, 82.0], "143" : [599.4538446867222, 288.72019043779676, 208.0], "145" : [706.3359500233448, 287.39476674669726, 153.0], "147" : [648.9268031681056, 293.7572187523154, 194.0], "149" : [648.9268031681056, 293.7572187523154, 194.0], "151" : [648.9268031681056, 293.7572187523154, 194.0], "153" : [759.876416412936, 288.7490568537143, 106.0], "155" : [759.876416412936, 288.7490568537143, 106.0], "157" : [875.9383840572486, 284.4055532166101, 198.0], "159" : [951.3385458279021, 290.9016774783144, 179.0], "161" : [951.3385458279021, 290.9016774783144, 179.0], "163" : [1030.2249994895515, 295.69643163738806, 112.0], "165" : [1030.2249994895515, 295.69643163738806, 112.0], "167" : [1030.2249994895515, 295.69643163738806, 112.0], "169" : [1095.7330672416244, 295.2502004374033, 251.0], "171" : [1095.7330672416244, 295.2502004374033, 251.0], "173" : [1045.1064937474534, 295.2038948545767, 154.0], "175" : [1045.1064937474534, 295.2038948545767, 154.0], "177" : [669.7439996707442, 327.0293331578834, 75.0], "179" : [669.7439996707442, 327.0293331578834, 75.0], "181" : [683.0020589047318, 319.2839523490696, 243.0], "183" : [656.448177185231, 321.38056830308057, 247.0], "185" : [705.8086943279683, 317.7869553953371, 92.0], "187" : [838.5375697159142, 322.66850996463546, 181.0], "189" : [838.5375697159142, 322.66850996463546, 181.0], "191" : [799.4862026286712, 320.54310641710964, 58.0], "193" : [753.0243531103526, 318.955440109408, 193.0], "195" : [965.755914892992, 322.55976361225913, 338.0], "197" : [965.755914892992, 322.55976361225913, 338.0], "199" : [962.1187874340302, 285.2690880117782, 165.0], "201" : [1061.9101815967783, 273.38682858890047, 334.0], "203" : [534.7804681699131, 406.9828125882584, 128.0], "205" : [641.7664934522925, 418.5502623303643, 191.0], "207" : [742.3421051051796, 407.20526227938393, 190.0], "209" : [891.7078950316137, 416.4552649371436, 114.0], "211" : [938.8271827078493, 415.03106722661784, 103.0], "213" : [1031.3828105166774, 413.77812451965923, 64.0], "215" : [1031.2366654945156, 410.2049974011163, 120.0], "217" : [1000.1986105811549, 413.4694472885344, 144.0], "219" : [678.2401075609165, 442.6093701614402, 192.0], "221" : [769.4851690786617, 437.37129118074796, 209.0], "223" : [881.3491195989592, 441.4358405435986, 226.0], "225" : [1038.2611101747314, 434.8530863888096, 162.0], "227" : [979.9283653660306, 436.4600945268336, 208.0], "229" : [979.9283653660306, 436.4600945268336, 208.0], "231" : [710.4408710062831, 468.76521779373144, 115.0], "233" : [639.4990012384579, 475.7080024790867, 100.0], "235" : [728.103848843165, 477.3307706275399, 52.0], "237" : [790.6126563045382, 472.8911397595328, 158.0], "239" : [875.8660447553249, 477.51156764923917, 268.0], "241" : [948.3773008199493, 484.90490601877474, 163.0], "243" : [942.8537425122812, 484.7911892793302, 227.0], "245" : [824.5712388628867, 493.6468222526994, 299.0], "247" : [824.5712388628867, 493.6468222526994, 299.0], "249" : [824.5712388628867, 493.6468222526994, 299.0], "251" : [824.5712388628867, 493.6468222526994, 299.0], "253" : [883.0025966674931, 496.6701265773376, 154.0], "255" : [883.0025966674931, 496.6701265773376, 154.0], "257" : [578.4786510602951, 561.508990341547, 178.0], "259" : [633.4689036840042, 558.7323203496213, 164.0], "261" : [806.9646775243406, 553.897512983169, 201.0], "263" : [948.9499980749672, 554.3277789444472, 90.0], "265" : [1000.6107146208257, 556.4264297207556, 140.0], "267" : [720.412831422148, 588.8977883321813, 226.0], "269" : [720.412831422148, 588.8977883321813, 226.0], "271" : [720.412831422148, 588.8977883321813, 226.0], "273" : [844.4767121055412, 585.6410950286368, 73.0], "275" : [840.9462114076365, 584.0287894439284, 132.0], "277" : [907.6956850072479, 585.663308458633, 139.0], "279" : [1009.3283012654325, 588.2056618342477, 106.0], "281" : [1009.3283012654325, 588.2056618342477, 106.0], "283" : [697.1962020368028, 585.1911395752165, 79.0], "285" : [710.656649158979, 580.3705195836599, 173.0], "287" : [769.6252007288329, 586.6414655996471, 123.0], "289" : [769.6252007288329, 586.6414655996471, 123.0],