{"1" : [550.2836092695628, 64.6338819940886, 183.0], "3" : [626.722641657678, 63.85377275977046, 106.0], "5" : [553.1970397119437, 62.93333089114291, 135.0], "7" : [740.9798342400518, 60.92427797847167, 243.0], "9" : [723.485273086329, 62.46012214392171, 163.0], "11" : [1005.5859074158006, 65.60939901472794, 149.0], "13" : [1084.8289756114561, 75.16477619881863, 176.0], "15" : [1132.839756561093, 83.14297168175486, 249.0], "17" : [671.4159976880323, 111.26266734556856, 75.0], "19" : [677.6283347133867, 106.33249842632655, 120.0], "21" : [653.7650346208878, 96.04335858862517, 143.0], "23" : [653.7650346208878, 96.04335858862517, 143.0], "25" : [759.6165938509719, 87.91031432150352, 223.0], "27" : [875.8999989821871, 85.5336116740332, 241.0], "29" : [947.2976743232124, 97.95721194733618, 215.0], "31" : [947.2976743232124, 97.95721194733618, 215.0], "33" : [931.8865501783395, 107.10467686820616, 171.0], "35" : [1026.8572945981296, 115.96441253366673, 281.0], "37" : [612.3363652201136, 118.41948370502638, 154.0], "39" : [559.8171320342121, 146.54900338544113, 251.0], "41" : [559.8171320342121, 146.54900338544113, 251.0], "43" : [551.9301089941139, 149.13656388914652, 93.0], "45" : [551.9301089941139, 149.13656388914652, 93.0], "47" : [671.2257020825406, 151.50843415141642, 249.0], "49" : [750.2953848660726, 144.57127924045946, 195.0], "51" : [832.8777784605599, 142.94860746414486, 72.0], "53" : [834.5748463393353, 140.9766834290984, 163.0], "55" : [761.3965980344334, 140.2668049155012, 235.0], "57" : [930.8544434117574, 154.7955556303337, 180.0], "59" : [901.363843164703, 152.02598857525984, 177.0], "61" : [997.8382018619147, 159.03876538334512, 178.0], "63" : [997.8382018619147, 159.03876538334512, 178.0], "65" : [997.8382018619147, 159.03876538334512, 178.0], "67" : [997.8382018619147, 159.03876538334512, 178.0], "69" : [1068.4338027452231, 161.4779320481723, 213.0], "71" : [1068.4338027452231, 161.4779320481723, 213.0], "73" : [1124.0753920215618, 156.2109386858097, 256.0], "75" : [697.5042751715383, 177.3623975565137, 117.0], "77" : [697.5042751715383, 177.3623975565137, 117.0], "79" : [702.3388039604531, 176.50000479276886, 134.0], "81" : [702.3388039604531, 176.50000479276886, 134.0], "83" : [742.8087544159278, 187.57004472059813, 217.0], "85" : [742.8087544159278, 187.57004472059813, 217.0], "87" : [812.4487797662864, 176.0128104582145, 164.0], "89" : [910.9610494155733, 183.60112382608497, 267.0], "91" : [991.0481969523026, 183.7040556551068, 222.0], "93" : [991.0481969523026, 183.7040556551068, 222.0], "95" : [1051.167235102035, 196.78085215228495, 235.0], "97" : [567.7709098404285, 238.14999862923526, 110.0], "99" : [567.7709098404285, 238.14999862923526, 110.0], "101" : [679.2068326233104, 190.67080744818688, 161.0], "103" : [737.6448052940325, 227.19032075160266, 279.0], "105" : [815.3549302893333, 228.10563322177845, 284.0], "107" : [903.9037339425885, 226.44315242597784, 241.0], "109" : [903.9037339425885, 226.44315242597784, 241.0], "111" : [994.2916008846862, 245.36642086734264, 274.0], "113" : [1081.3169343244185, 251.2709699868103, 124.0], "115" : [1143.278706767966, 259.5707211334684, 263.0], "117" : [1188.7166663814974, 256.81666476621, 108.0], "119" : [702.3197737935187, 281.65706003170203, 177.0], "121" : [642.4510431741178, 286.99010094816447, 192.0], "123" : [642.4510431741178, 286.99010094816447, 192.0], "125" : [708.6861366200278, 280.46961526754444, 339.0], "127" : [774.9686918800089, 279.91306976201895, 329.0], "129" : [823.1516202193549, 282.9381719888207, 186.0], "131" : [887.477128798908, 281.90627363526534, 223.0], "133" : [887.477128798908, 281.90627363526534, 223.0], "135" : [967.0626587024643, 288.9077230992699, 233.0], "137" : [1040.1944931563814, 285.5766505086689, 454.0], "139" : [655.45908965648, 307.37424245766067, 132.0], "141" : [529.3852481376316, 317.102868443106, 244.0], "143" : [529.3852481376316, 317.102868443106, 244.0], "145" : [608.9193370140476, 310.4928164718988, 181.0], "147" : [582.1749979713829, 311.3533890966114, 236.0], "149" : [690.2008552062129, 313.07008516015856, 117.0], "151" : [688.8025680868506, 317.9275624406087, 156.0], "153" : [761.1942729973285, 318.3677086382305, 192.0], "155" : [890.8213447819292, 317.68419268481375, 253.0], "157" : [949.7503261972063, 319.3117674880971, 153.0], "159" : [905.943999867004, 317.4511413332417, 350.0], "161" : [955.4638056925935, 316.73987685567516, 163.0], "163" : [1021.4797629197702, 326.9297607304418, 84.0], "165" : [1021.4797629197702, 326.9297607304418, 84.0], "167" : [1022.2571444280502, 329.19560034063386, 91.0], "169" : [1022.2571444280502, 329.19560034063386, 91.0], "171" : [1090.2168444032059, 333.0847385224085, 190.0], "173" : [1048.3759761483338, 325.02178776781926, 179.0], "175" : [1012.9624549973965, 319.063938887985, 269.0], "177" : [1070.9757685914276, 329.30750801461073, 293.0], "179" : [1120.589152311711, 331.329894615141, 378.0], "181" : [724.0098475340895, 353.3265123963807, 132.0], "183" : [846.5848741314595, 329.92352626715365, 119.0], "185" : [846.5848741314595, 329.92352626715365, 119.0], "187" : [814.2229171015595, 336.4194444724753, 144.0], "189" : [915.5732385651462, 338.8830970670835, 71.0], "191" : [917.6367914923818, 341.590566556752, 106.0], "193" : [992.6298602223575, 347.192761453873, 221.0], "195" : [991.235615484684, 350.343836270336, 73.0], "197" : [551.3262322781774, 406.0360634486204, 61.0], "199" : [551.3262322781774, 406.0360634486204, 61.0], "201" : [565.7219253989267, 406.37700550508873, 187.0], "203" : [611.847394269209, 416.2369579996286, 230.0], "205" : [545.733331774525, 416.9174762097777, 309.0], "207" : [619.5864250799068, 419.4464284854594, 140.0], "209" : [711.7067379014994, 415.99015578127904, 193.0], "211" : [791.8600009706215, 416.68187519311965, 160.0], "213" : [769.1302843831065, 415.7148586766768, 175.0], "215" : [769.1302843831065, 415.7148586766768, 175.0], "217" : [914.7718352213219, 418.09836874174584, 245.0], "219" : [981.6019678647382, 421.18937086866754, 254.0], "221" : [1042.919048431194, 424.6865062720545, 126.0], "223" : [1042.919048431194, 424.6865062720545, 126.0], "225" : [1045.4238657031883, 423.8886374302429, 88.0], "227" : [1045.4238657031883, 423.8886374302429, 88.0], "229" : [1115.9762374708255, 415.26336617832055, 202.0], "231" : [1179.8516108936785, 420.6268812367348, 186.0], "233" : [689.9905674271484, 437.7396205080572, 106.0], "235" : [689.9905674271484, 437.7396205080572, 106.0], "237" : [695.961646224116, 437.91506951757907, 73.0], "239" : [670.1564788659872, 445.06342316732133, 216.0], "241" : [722.4970735820327, 445.0461959338093, 171.0], "243" : [794.2319524142968, 443.2455521819028, 169.0], "245" : [900.6832192106461, 446.8205471946936, 292.0], "247" : [969.2668704175181, 451.8527599376383, 163.0], "249" : [1045.475143582517, 451.8153189084567, 346.0], "251" : [650.7557302912162, 470.18437442294606, 192.0], "253" : [634.4158667106132, 477.6816292723863, 479.0], "255" : [634.4158667106132, 477.6816292723863, 479.0], "257" : [691.0197035717019, 474.8561587326331, 203.0], "259" : [691.0197035717019, 474.8561587326331, 203.0], "261" : [750.068439902129, 480.036525058104, 282.0], "263" : [880.8585634340121, 472.13894827057254, 362.0], "265" : [936.0518546927808, 478.4777790435089, 162.0], "267" : [1028.7517524411974, 481.04513733944384, 257.0], "269" : [1090.5552483905672, 480.06795842427533, 181.0], "271" : [725.4591986823367, 509.64400032147677, 250.0], "273" : [817.3595240769686, 512.9178567481828, 84.0], "275" : [819.9680006030748, 509.75333556689685, 225.0], "277" : [819.9680006030748, 509.75333556689685, 225.0], "279" : [865.6938691188468, 503.5716510146624, 261.0], "281" : [923.8111110798156, 500.84365364007914, 126.0], "283" : [987.3899981253018, 489.0375007901389, 80.0], "285" : [987.3899981253018, 489.0375007901389, 80.0], "287" : [960.2013788903735, 493.73172272787855, 145.0], "289" : [960.2013788903735, 493.73172272787855, 145.0],