{"1" : [699.2666663838461, 333.913248773625, 234.0], "3" : [808.7588765442712, 62.708411678016056, 107.0], "5" : [584.3178376963241, 61.8140546040355, 185.0], "7" : [584.3178376963241, 61.8140546040355, 185.0], "9" : [539.5300597311866, 74.92951271152458, 183.0], "11" : [674.8268510707311, 84.20648208893225, 108.0], "13" : [677.6823111147132, 88.09692255279145, 130.0], "15" : [794.7594362686503, 79.56855410591744, 318.0], "17" : [760.1201606394987, 81.61129184677715, 124.0], "19" : [761.9042696029318, 82.8463410862153, 164.0], "21" : [800.4277748603909, 87.5374997035569, 216.0], "23" : [919.6348821527877, 97.39767573595503, 258.0], "25" : [919.6348821527877, 97.39767573595503, 258.0], "27" : [983.0954840438422, 102.1864510675591, 155.0], "29" : [983.0954840438422, 102.1864510675591, 155.0], "31" : [760.566903397739, 125.53662356982375, 142.0], "33" : [760.566903397739, 125.53662356982375, 142.0], "35" : [678.9478055693684, 128.3682924366185, 205.0], "37" : [678.9478055693684, 128.3682924366185, 205.0], "39" : [757.9862243840458, 129.67555366532736, 225.0], "41" : [757.9862243840458, 129.67555366532736, 225.0], "43" : [791.898192724252, 128.43855271914322, 166.0], "45" : [791.898192724252, 128.43855271914322, 166.0], "47" : [927.1314723499905, 134.86142201080062, 197.0], "49" : [927.1314723499905, 134.86142201080062, 197.0], "51" : [1004.8224996029177, 142.27499799985745, 80.0], "53" : [1004.8224996029177, 142.27499799985745, 80.0], "55" : [1006.9946982907064, 144.86590681946205, 396.0], "57" : [634.5199190778025, 160.33374086753324, 246.0], "59" : [634.5199190778025, 160.33374086753324, 246.0], "61" : [567.821319502667, 167.00542961298743, 258.0], "63" : [666.0840641316198, 165.98131751794946, 182.0], "65" : [666.0840641316198, 165.98131751794946, 182.0], "67" : [781.3561715410195, 160.54723517179747, 235.0], "69" : [781.3561715410195, 160.54723517179747, 235.0], "71" : [866.4125639761482, 165.28743080039982, 191.0], "73" : [866.4125639761482, 165.28743080039982, 191.0], "75" : [953.8461107329636, 174.38777547846595, 180.0], "77" : [1026.574999733159, 182.5698288143926, 232.0], "79" : [681.7697857431837, 279.9446042028274, 139.0], "81" : [572.9674936640735, 260.3761602822098, 323.0], "83" : [572.9674936640735, 260.3761602822098, 323.0], "85" : [656.5494396313387, 261.7702232484123, 178.0], "87" : [656.5494396313387, 261.7702232484123, 178.0], "89" : [741.6541266323471, 261.0743127879901, 109.0], "91" : [741.6541266323471, 261.0743127879901, 109.0], "93" : [781.1292845961602, 252.24750114460596, 280.0], "95" : [766.9674287504909, 258.6757595626434, 132.0], "97" : [766.9674287504909, 258.6757595626434, 132.0], "99" : [830.6487958585259, 260.06927781056504, 166.0], "101" : [830.6487958585259, 260.06927781056504, 166.0], "103" : [920.3077913412972, 258.6240270930432, 308.0], "105" : [920.3077913412972, 258.6240270930432, 308.0], "107" : [1026.2085093536443, 262.88226769694865, 141.0], "109" : [1026.2085093536443, 262.88226769694865, 141.0], "111" : [1028.475929425366, 264.02499968092917, 108.0], "113" : [1028.475929425366, 264.02499968092917, 108.0], "115" : [1161.8060062839636, 265.5407726187723, 233.0], "117" : [867.3969684913138, 410.5799994741345, 165.0], "119" : [866.9320767970098, 416.17358560486525, 53.0], "121" : [621.9836961723507, 420.296238577795, 319.0], "123" : [717.8021895331577, 437.583939849771, 137.0], "125" : [841.3610343275047, 439.62930823665084, 290.0], "127" : [990.1271018267772, 445.90840834825406, 214.0], "129" : [955.6872571221257, 441.97548853838674, 102.0], "131" : [696.2656006237418, 615.9056005629413, 125.0], "133" : [776.5033883530091, 608.4898306396483, 177.0], "135" : [879.4703502483682, 608.2154584375056, 317.0], "137" : [1011.5780955626286, 611.0361930284698, 105.0], "139" : [790.0038906503696, 752.9322207952623, 180.0], "141" : [790.0038906503696, 752.9322207952623, 180.0], "143" : [678.44264840209, 772.2774511050029, 204.0], "145" : [757.5583049436763, 774.1809183856337, 283.0], "147" : [719.281011918494, 642.2500002490565, 158.0], "149" : [573.2193162715424, 653.5111581717124, 233.0], "151" : [703.8645731145606, 659.3051434558856, 175.0], "153" : [703.8645731145606, 659.3051434558856, 175.0], "155" : [703.8645731145606, 659.3051434558856, 175.0], "157" : [794.1877422624566, 662.6419353421405, 155.0], "159" : [794.1877422624566, 662.6419353421405, 155.0], "161" : [893.7543064336638, 674.6844370709962, 302.0], "163" : [992.9056653580302, 679.4991865818583, 247.0], "165" : [1186.4068948211666, 623.1609237615506, 87.0], "167" : [1187.5642866916276, 627.6589275553463, 56.0], "169" : [733.3714263685606, 776.2016829487197, 119.0], "171" : [719.0059505544084, 768.6940474114034, 84.0], "173" : [840.2180511923733, 776.7144406997552, 277.0], "175" : [988.8003783066162, 783.078031580776, 264.0], "177" : [1092.9280789246823, 787.4640392613243, 203.0], "179" : [1117.8595829310066, 890.2673542353798, 193.0], "181" : [703.4935942831568, 854.443451543131, 359.0], "183" : [892.2690790818983, 855.1425699053855, 249.0], "185" : [951.472487551522, 854.5641909501514, 229.0], "187" : [951.472487551522, 854.5641909501514, 229.0], "189" : [913.5888819286121, 854.7737358815357, 99.0], "191" : [1021.7320771935719, 852.7641486586466, 106.0], "193" : [1104.2620237179838, 904.8436710383432, 158.0], "195" : [687.5194288514523, 972.6257159152315, 175.0], "197" : [658.0449299499197, 962.5506592531502, 227.0], "199" : [743.58799926372, 962.0408865024763, 225.0], "201" : [848.206895322932, 954.9187200360876, 203.0], "203" : [848.206895322932, 954.9187200360876, 203.0], "205" : [973.2653460753038, 965.8574254005728, 303.0], "207" : [999.9983672892203, 974.4812217596038, 245.0], "209" : [999.9983672892203, 974.4812217596038, 245.0], "211" : [1119.4270007081557, 977.4620249138093, 237.0], "213" : [1119.4270007081557, 977.4620249138093, 237.0], "215" : [1163.986892509929, 986.0708724946262, 412.0], "217" : [724.990909692738, 135.91287629149454, 132.0], "219" : [724.990909692738, 135.91287629149454, 132.0], "221" : [730.4175025513754, 21.708499522134602, 200.0], "223" : [682.5222215175887, 59.68390613119534, 261.0], "225" : [777.54752320278, 76.73168531217222, 202.0], "227" : [713.390053231302, 100.09402883971109, 201.0], "229" : [713.390053231302, 100.09402883971109, 201.0], "231" : [713.390053231302, 100.09402883971109, 201.0], "233" : [714.3080013339169, 108.5306685022843, 75.0], "235" : [714.3080013339169, 108.5306685022843, 75.0], "237" : [776.6364233771745, 110.10860919968479, 151.0], "239" : [634.6865586695417, 153.23557201771717, 253.0], "241" : [591.7944099171672, 158.75962751935782, 161.0], "243" : [755.6189545235829, 156.97189519192625, 153.0], "245" : [698.6206743046089, 159.5610605342974, 208.0], "247" : [698.6206743046089, 159.5610605342974, 208.0], "249" : [698.6206743046089, 159.5610605342974, 208.0], "251" : [806.0223962733434, 157.42500009898566, 192.0], "253" : [806.5632078511426, 153.56886681337235, 106.0], "255" : [846.5607362026944, 143.0239225273838, 163.0], "257" : [934.3162303451185, 141.80313727880042, 191.0], "259" : [934.3162303451185, 141.80313727880042, 191.0], "261" : [1001.7973789408735, 151.50436801490324, 229.0], "263" : [1001.7973789408735, 151.50436801490324, 229.0], "265" : [1086.156636453554, 143.90353805557845, 226.0], "267" : [1148.767569544706, 156.8574330705235, 148.0], "269" : [1114.1291633681415, 308.03402630790316, 144.0], "271" : [683.3934460293985, 287.85819588290445, 122.0], "273" : [685.9635755160859, 291.4257174908236, 140.0], "275" : [685.9635755160859, 291.4257174908236, 140.0], "277" : [761.5176210947521, 297.93666744619605, 210.0], "279" : [761.5176210947521, 297.93666744619605, 210.0], "281" : [761.5176210947521, 297.93666744619605, 210.0], "283" : [760.4957456369643, 297.13688108345184, 141.0], "285" : [760.4957456369643, 297.13688108345184, 141.0], "287" : [760.4957456369643, 297.13688108345184, 141.0], "289" : [737.0702153580856, 300.9834054147115, 235.0],