{"1" : [663.8974041547725, 247.00519828861619, 77.0], "3" : [658.6486956051533, 120.70695738000276, 115.0], "5" : [652.013856311495, 95.22958973264709, 267.0], "7" : [652.013856311495, 95.22958973264709, 267.0], "9" : [747.6857145748547, 99.63285708273223, 70.0], "11" : [747.6857145748547, 99.63285708273223, 70.0], "13" : [735.3062322493038, 101.31121562933886, 321.0], "15" : [735.3062322493038, 101.31121562933886, 321.0], "17" : [877.9253285368776, 93.71776434206673, 304.0], "19" : [877.9253285368776, 93.71776434206673, 304.0], "21" : [924.6824228171395, 88.09818349622795, 165.0], "23" : [951.4962485046481, 85.7706259673491, 160.0], "25" : [1112.5839810522393, 66.76311110382011, 206.0], "27" : [717.3544116940507, 142.31911399113395, 68.0], "29" : [721.1648338113841, 144.3846117955759, 91.0], "31" : [660.6520394083956, 145.53673468687134, 98.0], "33" : [656.6303908811586, 153.79509808875025, 204.0], "35" : [760.9903587073558, 153.39285815493628, 280.0], "37" : [892.5345055327441, 149.95497292969856, 171.0], "39" : [892.5345055327441, 149.95497292969856, 171.0], "41" : [940.7010908708623, 140.0573742427733, 366.0], "43" : [940.7010908708623, 140.0573742427733, 366.0], "45" : [968.7432391554009, 123.16847092269073, 111.0], "47" : [1040.3406436557855, 114.56645403631927, 155.0], "49" : [623.7720004207765, 169.54400300275177, 100.0], "51" : [585.8891426819079, 167.09714443022443, 175.0], "53" : [662.7981738041549, 172.2952544676408, 274.0], "55" : [773.1905654072566, 183.28490703668558, 106.0], "57" : [791.994204412064, 194.18550854772167, 69.0], "59" : [826.4958051211928, 185.73146948824134, 143.0], "61" : [915.8506790105986, 175.21990964566893, 221.0], "63" : [980.3795751610453, 174.10936052926073, 235.0], "65" : [1058.9918060986327, 165.91639321022595, 183.0], "67" : [1058.9918060986327, 165.91639321022595, 183.0], "69" : [1135.4231406360418, 151.12479532946716, 121.0], "71" : [625.0666672813913, 298.0380990040533, 63.0], "73" : [625.0666672813913, 298.0380990040533, 63.0], "75" : [555.028436617974, 289.9616116046591, 211.0], "77" : [529.9964303345326, 293.76026828327906, 224.0], "79" : [529.9964303345326, 293.76026828327906, 224.0], "81" : [594.3687489791804, 300.66785794974453, 112.0], "83" : [594.3687489791804, 300.66785794974453, 112.0], "85" : [603.6315132625388, 299.637579170863, 165.0], "87" : [603.6315132625388, 299.637579170863, 165.0], "89" : [661.4641436211181, 293.47879279223986, 198.0], "91" : [661.4641436211181, 293.47879279223986, 198.0], "93" : [616.1884157593946, 291.57805135764164, 164.0], "95" : [616.1884157593946, 291.57805135764164, 164.0], "97" : [666.974779314857, 291.5478279008933, 115.0], "99" : [666.974779314857, 291.5478279008933, 115.0], "101" : [753.5450417969945, 293.1057900615085, 242.0], "103" : [753.5450417969945, 293.1057900615085, 242.0], "105" : [821.7942021433105, 294.3033833984938, 207.0], "107" : [821.7942021433105, 294.3033833984938, 207.0], "109" : [956.1427020362189, 269.2824826318078, 274.0], "111" : [1001.5017935133136, 268.3305412669989, 167.0], "113" : [1043.0688298102423, 266.50194896633445, 154.0], "115" : [1043.0688298102423, 266.50194896633445, 154.0], "117" : [1068.7306433425672, 261.44999845532277, 372.0], "119" : [1068.7306433425672, 261.44999845532277, 372.0], "121" : [1190.935905574201, 252.6466446644205, 298.0], "123" : [741.6342827590081, 325.6614311504876, 70.0], "125" : [741.6342827590081, 325.6614311504876, 70.0], "127" : [672.3902020613747, 321.7906155048863, 245.0], "129" : [718.8388487148902, 314.35395631814634, 139.0], "131" : [786.19293754563, 305.1894116095975, 170.0], "133" : [854.1878219647948, 296.66538366165105, 156.0], "135" : [854.1878219647948, 296.66538366165105, 156.0], "137" : [901.9038116377952, 297.74286107232405, 210.0], "139" : [901.9038116377952, 297.74286107232405, 210.0], "141" : [966.8928554668228, 301.6314295976213, 210.0], "143" : [990.9772440293488, 302.45449058887823, 167.0], "145" : [1078.4741629352166, 295.92392232433195, 209.0], "147" : [1078.4741629352166, 295.92392232433195, 209.0], "149" : [664.878573705847, 338.3047632025836, 84.0], "151" : [709.1833326767743, 336.10059463316674, 168.0], "153" : [783.4834317156835, 344.9420126073729, 169.0], "155" : [890.4477947230836, 341.94999937560266, 136.0], "157" : [926.428215199785, 342.0257252637654, 241.0], "159" : [997.3713252677225, 340.66093020165647, 279.0], "161" : [1017.2324634090758, 336.2097407499272, 154.0], "163" : [972.6060787103507, 336.48716155280454, 148.0], "165" : [911.5866093407603, 334.0615397714684, 351.0], "167" : [867.9602257314191, 338.7965914956362, 176.0], "169" : [945.0482124256918, 334.74910727975566, 448.0], "171" : [962.5044445583928, 333.81000059874253, 90.0], "173" : [962.5044445583928, 333.81000059874253, 90.0], "175" : [1012.0425546449018, 337.9758871555517, 141.0], "177" : [1005.5881808940268, 341.66000013497114, 110.0], "179" : [1028.433519751381, 338.4430165330209, 179.0], "181" : [650.7176455221028, 417.60588072615633, 68.0], "183" : [687.8746627407544, 430.7461550941146, 442.0], "185" : [687.8746627407544, 430.7461550941146, 442.0], "187" : [687.8746627407544, 430.7461550941146, 442.0], "189" : [785.8338687161832, 423.93709662200706, 186.0], "191" : [785.8338687161832, 423.93709662200706, 186.0], "193" : [863.85204084983, 424.2299317544973, 294.0], "195" : [863.85204084983, 424.2299317544973, 294.0], "197" : [849.8329666248129, 421.5104396999161, 182.0], "199" : [849.8329666248129, 421.5104396999161, 182.0], "201" : [873.0147052513723, 425.9257412194928, 136.0], "203" : [873.0147052513723, 425.9257412194928, 136.0], "205" : [968.0603890160096, 433.561039611031, 154.0], "207" : [946.7551730109001, 433.2289672118501, 145.0], "209" : [1035.1976492811652, 437.2741596843136, 298.0], "211" : [1053.6368056271415, 439.0645816968001, 144.0], "213" : [1061.3944206254978, 450.2172093150589, 215.0], "215" : [1078.7424874153467, 477.4254911461021, 153.0], "217" : [825.8383854296767, 475.375759188943, 99.0], "219" : [825.8383854296767, 475.375759188943, 99.0], "221" : [740.2925550838319, 496.99468150237664, 188.0], "223" : [740.2925550838319, 496.99468150237664, 188.0], "225" : [740.2925550838319, 496.99468150237664, 188.0], "227" : [723.5720480603942, 494.02484432723134, 161.0], "229" : [723.5720480603942, 494.02484432723134, 161.0], "231" : [694.7235286583947, 486.40392168459937, 102.0], "233" : [694.7235286583947, 486.40392168459937, 102.0], "235" : [700.346481731482, 481.24225423359246, 71.0], "237" : [823.6775014481312, 471.88350119776516, 200.0], "239" : [823.6775014481312, 471.88350119776516, 200.0], "241" : [859.1224295830955, 467.10934314241825, 107.0], "243" : [949.0175640934657, 482.3405394439796, 74.0], "245" : [985.8277792543556, 484.2944417182819, 72.0], "247" : [983.6946338525103, 471.05755999428845, 205.0], "249" : [990.3431006463413, 475.0649446410896, 174.0], "251" : [986.5229439826242, 481.3497813520032, 231.0], "253" : [999.5673892803215, 477.43188392064064, 138.0], "255" : [1052.950371955257, 472.331850390321, 270.0], "257" : [708.9834793883902, 513.6347779528024, 115.0], "259" : [665.0184625534855, 515.3199950017095, 65.0], "261" : [666.7976818272265, 515.694207798065, 259.0], "263" : [743.3923642934292, 516.5312939738097, 262.0], "265" : [813.7868947703224, 522.6184468050307, 206.0], "267" : [899.6393613387571, 508.15053258574017, 188.0], "269" : [933.3980764991605, 506.2624992970959, 104.0], "271" : [933.3980764991605, 506.2624992970959, 104.0], "273" : [946.5191064357492, 502.93503082103246, 157.0], "275" : [963.5199976245087, 499.76000077611656, 55.0], "277" : [976.770056714474, 501.16346227978295, 364.0], "279" : [986.9526689223367, 491.3473298293743, 131.0], "281" : [986.9526689223367, 491.3473298293743, 131.0], "283" : [1072.6422207697922, 497.183885955909, 180.0], "285" : [822.4426097109999, 521.6817368077991, 115.0], "287" : [822.4426097109999, 521.6817368077991, 115.0], "289" : [965.6383447506969, 529.3285695953281, 133.0],