{"1" : [537.4620694151744, 143.23677847371982, 87.0], "3" : [790.6134326162954, 148.80298874101155, 67.0], "5" : [790.6134326162954, 148.80298874101155, 67.0], "7" : [799.963014994109, 149.2917810926269, 73.0], "9" : [662.5416192822347, 83.03478187721556, 161.0], "11" : [578.8074062972507, 81.6237041569459, 135.0], "13" : [752.8751209003996, 23.393779583999564, 209.0], "15" : [908.9669999106923, 9.763002387211952, 100.0], "17" : [911.3762227638725, 7.131466620248135, 143.0], "19" : [855.9842372750018, 5.603034744644991, 165.0], "21" : [655.8108465240147, 84.85188813972482, 212.0], "23" : [628.1403201361459, 82.04677326371619, 62.0], "25" : [628.1403201361459, 82.04677326371619, 62.0], "27" : [794.5689323952382, 77.42815946386004, 206.0], "29" : [940.4790904543374, 73.76667037334212, 330.0], "31" : [940.4790904543374, 73.76667037334212, 330.0], "33" : [982.1316577956126, 73.26985218863464, 199.0], "35" : [938.6523436190905, 72.48984585698749, 128.0], "37" : [938.6523436190905, 72.48984585698749, 128.0], "39" : [1122.9485467404563, 70.04418701733279, 344.0], "41" : [776.8852707101182, 109.1899255815063, 129.0], "43" : [682.9196326704714, 110.98711942504036, 163.0], "45" : [744.7435142392327, 106.10459946771128, 239.0], "47" : [776.1213738049456, 104.0732813829074, 131.0], "49" : [954.7727288060033, 104.13701196866543, 154.0], "51" : [918.8986649033229, 100.703997559608, 75.0], "53" : [918.8986649033229, 100.703997559608, 75.0], "55" : [1010.4949435633578, 99.3488756332708, 178.0], "57" : [1010.4949435633578, 99.3488756332708, 178.0], "59" : [1010.4949435633578, 99.3488756332708, 178.0], "61" : [675.6891303198734, 134.1478263678804, 184.0], "63" : [675.6891303198734, 134.1478263678804, 184.0], "65" : [629.1217364237672, 132.94782325712328, 207.0], "67" : [629.1217364237672, 132.94782325712328, 207.0], "69" : [846.1670646047531, 133.05872857444132, 252.0], "71" : [846.1670646047531, 133.05872857444132, 252.0], "73" : [960.7354977766068, 142.48874207821714, 231.0], "75" : [915.4060243784272, 144.94035822510088, 166.0], "77" : [992.5541163959788, 147.98470799881784, 170.0], "79" : [1092.74947277781, 152.64315732941898, 190.0], "81" : [1060.0857186443118, 153.96571398246346, 175.0], "83" : [779.004617078816, 175.92615833856576, 130.0], "85" : [731.2075939393712, 175.65190434979274, 79.0], "87" : [733.1655754337162, 175.05246031079494, 61.0], "89" : [915.8084948004623, 170.34092745084985, 259.0], "91" : [1018.7737674283175, 173.09835828721828, 183.0], "93" : [617.0493767283236, 234.69501918812153, 241.0], "95" : [567.9173924384529, 234.28608596592915, 115.0], "97" : [567.9173924384529, 234.28608596592915, 115.0], "99" : [789.6146323980843, 232.78902574293176, 164.0], "101" : [731.3146346657342, 230.12097409886303, 205.0], "103" : [1031.3566487721855, 232.7458142345989, 203.0], "105" : [937.296636308904, 232.34807835373908, 208.0], "107" : [1008.6736348207043, 232.8781365092793, 311.0], "109" : [1046.2171880177395, 235.03046751145865, 128.0], "111" : [1146.643497787266, 241.54798220584294, 223.0], "113" : [1184.5373490624004, 244.88312883566996, 83.0], "115" : [716.2744501545416, 281.76343298998245, 227.0], "117" : [716.2744501545416, 281.76343298998245, 227.0], "119" : [835.2647609725367, 280.00412372453485, 315.0], "121" : [812.331615924213, 279.19450187790073, 291.0], "123" : [812.331615924213, 279.19450187790073, 291.0], "125" : [998.3740960846748, 279.00421770655964, 166.0], "127" : [968.9362815167777, 274.75575634857836, 113.0], "129" : [1080.5585327765154, 280.55121732853854, 205.0], "131" : [1005.4422550447238, 270.01337919401567, 142.0], "133" : [656.6601524040418, 309.5330815412185, 133.0], "135" : [568.1208802503515, 298.9983541571134, 182.0], "137" : [568.1208802503515, 298.9983541571134, 182.0], "139" : [738.5136601476805, 298.6561030030203, 205.0], "141" : [738.5136601476805, 298.6561030030203, 205.0], "143" : [685.0627681278343, 299.0686208080028, 188.0], "145" : [685.0627681278343, 299.0686208080028, 188.0], "147" : [686.0819309454943, 295.76867405431136, 83.0], "149" : [686.0819309454943, 295.76867405431136, 83.0], "151" : [944.6596093860875, 296.5437346404573, 359.0], "153" : [944.6596093860875, 296.5437346404573, 359.0], "155" : [949.3712036606938, 301.83257574359106, 132.0], "157" : [1001.7356036520462, 303.3064384127288, 264.0], "159" : [955.9464501255709, 297.77923834537404, 183.0], "161" : [955.9464501255709, 297.77923834537404, 183.0], "163" : [908.1625874827714, 297.02244916688295, 147.0], "165" : [908.1625874827714, 297.02244916688295, 147.0], "167" : [1110.6980284122324, 314.10738818826377, 203.0], "169" : [1050.3796453264554, 309.73495408640446, 226.0], "171" : [1103.2078238675624, 314.24347973202566, 115.0], "173" : [1103.2078238675624, 314.24347973202566, 115.0], "175" : [879.4291676809902, 344.07361113709896, 144.0], "177" : [778.7229637179908, 341.0741638315021, 209.0], "179" : [931.6142863908724, 336.43406420640173, 273.0], "181" : [931.6142863908724, 336.43406420640173, 273.0], "183" : [999.6358772799952, 337.1129770037767, 131.0], "185" : [581.4711856033433, 415.22881282297124, 59.0], "187" : [579.7875852344403, 406.74206994260453, 145.0], "189" : [689.7949335372315, 410.40945664128, 296.0], "191" : [605.513483367133, 398.8456927270172, 267.0], "193" : [605.513483367133, 398.8456927270172, 267.0], "195" : [682.9472353535671, 405.73394707195007, 271.0], "197" : [813.535235762721, 401.18911973664024, 193.0], "199" : [796.9900880662999, 399.81171168737717, 111.0], "201" : [934.1018365428262, 404.02706272556276, 218.0], "203" : [1030.8780689323485, 404.32631502557564, 228.0], "205" : [996.1524585382468, 403.3721296419461, 122.0], "207" : [1151.2777050409131, 407.24156568537904, 166.0], "209" : [1107.1794980583309, 409.1845004709056, 200.0], "211" : [753.7782179599888, 447.558414767656, 101.0], "213" : [746.2131041959323, 448.231035239851, 145.0], "215" : [699.5603937837263, 446.10395967812474, 101.0], "217" : [806.361430071126, 450.7378576366862, 140.0], "219" : [988.5164017321229, 441.85925488581125, 189.0], "221" : [939.0331673181342, 438.63861016240736, 202.0], "223" : [1062.632060967665, 437.8909071639309, 209.0], "225" : [715.3769857741627, 468.9388881409232, 126.0], "227" : [657.4493277777136, 473.4640938282219, 298.0], "229" : [770.5688108146521, 468.6644066040379, 295.0], "231" : [970.5348834685708, 469.0877927290704, 172.0], "233" : [970.5348834685708, 469.0877927290704, 172.0], "235" : [1073.8952939326014, 471.1688226905065, 170.0], "237" : [982.3816566218956, 468.907101796364, 169.0], "239" : [902.890549239237, 476.92935465877275, 201.0], "241" : [748.6827084537455, 514.1920518940557, 214.0], "243" : [844.301511671891, 516.9241667650799, 331.0], "245" : [818.751636042713, 524.1098024536961, 153.0], "247" : [950.925747025158, 527.1570813601085, 233.0], "249" : [1024.8376069536262, 521.0273466719375, 117.0], "251" : [910.4301585232542, 518.2354471151046, 189.0], "253" : [1013.7402609521713, 508.9607144813958, 308.0], "255" : [623.6801961853497, 575.0876256844978, 202.0], "257" : [590.1616896356685, 566.9069670937607, 201.0], "259" : [727.5033827433101, 564.3623207642472, 207.0], "261" : [691.3004337471617, 562.6878807442961, 231.0], "263" : [715.2679036983897, 492.1524701549557, 162.0], "265" : [715.2679036983897, 492.1524701549557, 162.0], "267" : [715.2679036983897, 492.1524701549557, 162.0], "269" : [948.6663561425629, 502.27511702162275, 217.0], "271" : [917.8412691159007, 503.59682824464085, 63.0], "273" : [916.329266538786, 504.50650623802477, 123.0], "275" : [1015.4826521195316, 501.0362250232457, 196.0], "277" : [954.3948525569994, 499.4786782233851, 136.0], "279" : [608.9268291334179, 594.0804901749201, 123.0], "281" : [611.8711063370382, 573.3113648505499, 308.0], "283" : [656.9940466737962, 570.0242850019777, 420.0], "285" : [682.8989008645966, 563.2501853340476, 273.0], "287" : [656.7013357897944, 562.6033465202604, 299.0], "289" : [726.3719607971033, 559.2121484168426, 107.0],