{"1" : [828.2196429063813, 492.155953424225, 504.0], "3" : [828.2196429063813, 492.155953424225, 504.0], "5" : [686.0511851463526, 112.03464973914056, 127.0], "7" : [680.9288237665081, 15.734120099043851, 170.0], "9" : [530.7310144813491, 73.89240624287042, 158.0], "11" : [675.5727895093657, 61.07823181371253, 147.0], "13" : [770.8676040573113, 60.8093892340523, 213.0], "15" : [636.7118741339843, 94.73312680829389, 160.0], "17" : [636.7118741339843, 94.73312680829389, 160.0], "19" : [664.0019329454481, 85.73913183032234, 207.0], "21" : [646.2098957461503, 83.59929340443847, 283.0], "23" : [741.0478262343843, 81.31258513343582, 437.0], "25" : [869.2312885614259, 79.65582575099597, 163.0], "27" : [903.3424897046336, 77.413994306761, 193.0], "29" : [940.329319681245, 75.41152505340631, 191.0], "31" : [940.329319681245, 75.41152505340631, 191.0], "33" : [944.2105150642412, 74.5421115321195, 57.0], "35" : [944.2105150642412, 74.5421115321195, 57.0], "37" : [1030.6936017747603, 72.76936320702814, 297.0], "39" : [1059.6961934075273, 74.09476370429796, 210.0], "41" : [671.3621422142096, 118.74857181359125, 140.0], "43" : [528.9271977585183, 137.0243605396191, 353.0], "45" : [635.6042424126821, 137.31272628204195, 165.0], "47" : [640.495301132313, 134.01476381743302, 149.0], "49" : [640.495301132313, 134.01476381743302, 149.0], "51" : [761.868488497012, 136.4172243687011, 238.0], "53" : [824.4132520915327, 129.96367473960464, 234.0], "55" : [824.4132520915327, 129.96367473960464, 234.0], "57" : [912.3688417679472, 124.01005253211893, 199.0], "59" : [917.6452035658257, 119.85205380379071, 73.0], "61" : [981.8562927515096, 112.28278059777836, 151.0], "63" : [982.6773086819782, 119.83697702548602, 119.0], "65" : [1060.7891822016188, 119.3022396334438, 268.0], "67" : [698.1333343595938, 166.9201158519597, 174.0], "69" : [698.1333343595938, 166.9201158519597, 174.0], "71" : [698.1333343595938, 166.9201158519597, 174.0], "73" : [666.2455237546017, 166.92789424877148, 380.0], "75" : [666.2455237546017, 166.92789424877148, 380.0], "77" : [712.5186785869909, 162.68493765876806, 166.0], "79" : [712.5186785869909, 162.68493765876806, 166.0], "81" : [778.1996408800308, 163.47347353139904, 279.0], "83" : [778.1996408800308, 163.47347353139904, 279.0], "85" : [910.2671835022644, 159.8532818929051, 259.0], "87" : [910.2671835022644, 159.8532818929051, 259.0], "89" : [936.0110551639716, 151.1763168454112, 190.0], "91" : [936.0110551639716, 151.1763168454112, 190.0], "93" : [1054.9403032501482, 141.4248450660942, 660.0], "95" : [725.3908032289265, 225.10402300159058, 174.0], "97" : [695.4292846518674, 258.32785656821017, 140.0], "99" : [695.4292846518674, 258.32785656821017, 140.0], "101" : [644.604236677123, 253.50593204864145, 236.0], "103" : [644.604236677123, 253.50593204864145, 236.0], "105" : [708.9505453546185, 253.3684797636195, 184.0], "107" : [800.7711004179189, 254.2243127884233, 218.0], "109" : [887.4842592238668, 256.2296296480771, 216.0], "111" : [952.3030086317268, 257.93082911723724, 133.0], "113" : [952.3030086317268, 257.93082911723724, 133.0], "115" : [954.4369571129479, 256.50217313126586, 138.0], "117" : [954.4369571129479, 256.50217313126586, 138.0], "119" : [1058.629781294629, 257.7566177404438, 272.0], "121" : [1058.629781294629, 257.7566177404438, 272.0], "123" : [1058.629781294629, 257.7566177404438, 272.0], "125" : [629.6641390227314, 275.3351762198607, 145.0], "127" : [630.1762836237709, 272.8410241589073, 156.0], "129" : [738.1034011911098, 279.75339631863443, 206.0], "131" : [797.6964700276407, 283.4647042055418, 170.0], "133" : [890.3945941324384, 290.9740544548908, 185.0], "135" : [890.3945941324384, 290.9740544548908, 185.0], "137" : [890.7782965747488, 292.7844992688153, 129.0], "139" : [890.7782965747488, 292.7844992688153, 129.0], "141" : [935.6257326397381, 296.54620084005796, 171.0], "143" : [935.6257326397381, 296.54620084005796, 171.0], "145" : [935.6257326397381, 296.54620084005796, 171.0], "147" : [999.1690917128892, 300.6936368531859, 220.0], "149" : [999.1690917128892, 300.6936368531859, 220.0], "151" : [1099.3084083604556, 304.42079678232045, 226.0], "153" : [1058.0580017795182, 298.4046725022236, 150.0], "155" : [1058.0580017795182, 298.4046725022236, 150.0], "157" : [1058.0580017795182, 298.4046725022236, 150.0], "159" : [1127.7853637645467, 296.0317078613955, 123.0], "161" : [747.8931381019275, 335.47156856580693, 102.0], "163" : [749.6396562944856, 336.0103461272732, 58.0], "165" : [703.5402832973135, 332.1395767044508, 283.0], "167" : [703.5402832973135, 332.1395767044508, 283.0], "169" : [831.9652382157914, 330.83952292813854, 210.0], "171" : [831.9652382157914, 330.83952292813854, 210.0], "173" : [888.130610347146, 323.7727907974077, 147.0], "175" : [888.130610347146, 323.7727907974077, 147.0], "177" : [885.2967377008084, 322.4054356085713, 276.0], "179" : [885.2967377008084, 322.4054356085713, 276.0], "181" : [974.6872232255615, 325.87223215999853, 587.0], "183" : [974.6872232255615, 325.87223215999853, 587.0], "185" : [926.4573094179589, 323.5385984474582, 171.0], "187" : [926.4573094179589, 323.5385984474582, 171.0], "189" : [986.2591216736491, 334.44591414930323, 159.0], "191" : [606.4460122500352, 400.91227061626915, 163.0], "193" : [606.4460122500352, 400.91227061626915, 163.0], "195" : [552.6053499665916, 392.61975320533475, 243.0], "197" : [552.6053499665916, 392.61975320533475, 243.0], "199" : [1028.6890887631275, 391.50324357176737, 339.0], "201" : [1116.420401190995, 393.84280938145133, 299.0], "203" : [675.6448894725456, 424.25778022986293, 225.0], "205" : [675.6448894725456, 424.25778022986293, 225.0], "207" : [746.0907743241032, 409.6038834253988, 206.0], "209" : [687.1546477331405, 399.5535525261249, 183.0], "211" : [885.008660134799, 410.06613988928785, 254.0], "213" : [960.0278681428861, 409.92786667422826, 183.0], "215" : [960.0278681428861, 409.92786667422826, 183.0], "217" : [880.8746787403741, 406.89871292981, 233.0], "219" : [1036.9334929166207, 411.557764575033, 206.0], "221" : [1005.1709106626389, 409.9022719735354, 220.0], "223" : [638.6315786355729, 438.0627175333498, 228.0], "225" : [745.007314504105, 443.46828038543293, 82.0], "227" : [746.0865959334249, 441.32474152586116, 97.0], "229" : [808.6248585499186, 441.57627001850034, 177.0], "231" : [937.0876404408003, 442.62471335624815, 89.0], "233" : [938.608888292337, 440.3800002467158, 135.0], "235" : [1046.5453839321929, 441.67038348929816, 260.0], "237" : [1057.1810148702991, 439.64556771533165, 79.0], "239" : [1006.5064342933471, 433.71052781862767, 171.0], "241" : [737.043288044904, 476.6487565948958, 201.0], "243" : [737.043288044904, 476.6487565948958, 201.0], "245" : [753.7524145476137, 469.0020678020119, 145.0], "247" : [831.5900833221136, 471.94338676219513, 242.0], "249" : [902.5968885565329, 471.43333396030806, 225.0], "251" : [940.3178555144403, 470.9196400157418, 112.0], "253" : [942.495082316696, 473.027868383299, 61.0], "255" : [984.7453851409217, 479.9330774234225, 130.0], "257" : [986.6645848771077, 471.7909745003025, 144.0], "259" : [740.8070415381702, 568.2521110569355, 142.0], "261" : [740.8070415381702, 568.2521110569355, 142.0], "263" : [693.4218187831834, 570.7854531650858, 220.0], "265" : [796.4878323983669, 568.5296283237317, 189.0], "267" : [913.3964400820365, 573.4902202444762, 225.0], "269" : [895.7977896501992, 568.4812159029652, 181.0], "271" : [997.9507129987499, 580.4771413759139, 140.0], "273" : [1029.8700893075777, 585.3999994078566, 224.0], "275" : [645.1828893628018, 607.7721930551902, 187.0], "277" : [696.32180108551, 617.4208539952682, 211.0], "279" : [674.7004941850785, 614.6346546947364, 202.0], "281" : [807.226267553897, 606.7718361125352, 316.0], "283" : [807.226267553897, 606.7718361125352, 316.0], "285" : [965.0436856148123, 613.1888370753511, 206.0], "287" : [930.8541664528354, 609.5203125607501, 192.0], "289" : [1017.4348279474161, 615.7129215365012, 178.0],