{"1" : [759.682500163283, 91.75937585668615, 160.0], "3" : [570.7464796786617, 86.57324131214973, 71.0], "5" : [581.0611639556803, 85.76990624773336, 103.0], "7" : [715.1681337087099, 21.773076399448048, 182.0], "9" : [914.5920608720098, 19.060320508789804, 63.0], "11" : [907.3825222567011, 15.6650492429655, 103.0], "13" : [821.6644874552948, 22.117758226999563, 214.0], "15" : [544.2329682340669, 94.61868414551196, 91.0], "17" : [932.3791201627268, 83.23076967102531, 91.0], "19" : [924.2909838104769, 89.25983708546063, 122.0], "21" : [981.761324020219, 87.87348136735537, 181.0], "23" : [1129.6764696035102, 83.28627741430307, 51.0], "25" : [1119.6421041159363, 82.25789336239059, 152.0], "27" : [1166.4209829595702, 86.63794534113563, 224.0], "29" : [753.6672142251892, 112.19508251938429, 122.0], "31" : [666.969403025856, 114.85298516348217, 134.0], "33" : [668.1807695246828, 119.81346361184882, 52.0], "35" : [773.9905400808251, 119.72567367977436, 148.0], "37" : [922.1606918772119, 116.17803431538945, 173.0], "39" : [973.0715794893525, 122.25999988602301, 190.0], "41" : [973.0715794893525, 122.25999988602301, 190.0], "43" : [573.8692305828197, 156.54230847637052, 52.0], "45" : [585.2961538576251, 156.365385904704, 52.0], "47" : [551.6065602447768, 159.18524624352565, 122.0], "49" : [551.6065602447768, 159.18524624352565, 122.0], "51" : [539.3675912076136, 160.47241353542103, 145.0], "53" : [657.693103690465, 155.46000016348177, 145.0], "55" : [751.7722506560715, 157.4554974865995, 191.0], "57" : [816.6382023739809, 157.6775291619018, 178.0], "59" : [816.6382023739809, 157.6775291619018, 178.0], "61" : [762.1865170629706, 161.31572861704038, 89.0], "63" : [762.1865170629706, 161.31572861704038, 89.0], "65" : [939.6605272020156, 171.2747354431505, 190.0], "67" : [1029.8573343658834, 162.64599756908285, 150.0], "69" : [1029.8573343658834, 162.64599756908285, 150.0], "71" : [1101.4943402350975, 159.81760835653475, 159.0], "73" : [1136.9601919813167, 164.7248399417987, 314.0], "75" : [653.0329403431246, 186.94117711627953, 85.0], "77" : [748.2417258804688, 175.40791358773487, 139.0], "79" : [748.2417258804688, 175.40791358773487, 139.0], "81" : [837.1006048411259, 165.81454342572144, 165.0], "83" : [837.1006048411259, 165.81454342572144, 165.0], "85" : [837.1006048411259, 165.81454342572144, 165.0], "87" : [837.1006048411259, 165.81454342572144, 165.0], "89" : [920.5164821085639, 169.89413912620816, 273.0], "91" : [1025.0031761419777, 174.8587305097591, 189.0], "93" : [956.3477789045631, 179.87277763169422, 180.0], "95" : [892.6452366032552, 187.44702295953175, 168.0], "97" : [543.6727752628964, 238.4712048252606, 191.0], "99" : [550.4204827220302, 236.50120156416065, 83.0], "101" : [622.0369018593027, 236.14880779754287, 168.0], "103" : [898.0650937153041, 225.29528434134755, 106.0], "105" : [898.0650937153041, 225.29528434134755, 106.0], "107" : [883.1895336111694, 251.24302598908312, 86.0], "109" : [956.6850912356139, 249.17418318096844, 275.0], "111" : [902.0628957242792, 248.7138384491116, 159.0], "113" : [902.0628957242792, 248.7138384491116, 159.0], "115" : [1011.3308314845893, 253.30355815553142, 253.0], "117" : [1123.8990818758907, 251.14082729915862, 218.0], "119" : [1135.1373014022925, 249.7642878786578, 126.0], "121" : [644.9893098936204, 290.49622576432637, 159.0], "123" : [644.9893098936204, 290.49622576432637, 159.0], "125" : [644.9893098936204, 290.49622576432637, 159.0], "127" : [741.1995290201685, 287.42971514462835, 212.0], "129" : [835.7271667175554, 287.734679641679, 173.0], "131" : [878.3640010795787, 282.6497124628627, 175.0], "133" : [976.3573519788364, 274.24338526560905, 136.0], "135" : [1080.1023269319764, 269.4387610082899, 258.0], "137" : [553.1856003325869, 326.7072002619572, 125.0], "139" : [514.6908663749164, 323.0322126914685, 208.0], "141" : [521.5962982642117, 321.4574098942072, 54.0], "143" : [521.5962982642117, 321.4574098942072, 54.0], "145" : [793.063489781121, 311.6634880155028, 63.0], "147" : [781.2794863248946, 311.5102564019408, 78.0], "149" : [903.7010422969672, 316.55937197787745, 96.0], "151" : [894.2250018783029, 315.71052532810916, 76.0], "153" : [979.5964287174613, 309.75238069656507, 168.0], "155" : [1104.7620877070087, 307.46867959272, 182.0], "157" : [1104.7620877070087, 307.46867959272, 182.0], "159" : [1100.3006059057711, 309.4626505239157, 166.0], "161" : [1154.81695906682, 318.62456246083974, 342.0], "163" : [781.3999969039196, 351.8314261125182, 70.0], "165" : [792.3674694621519, 352.2265038930878, 83.0], "167" : [714.3242317494693, 363.4870319945992, 293.0], "169" : [887.1035711281272, 364.0500021680731, 56.0], "171" : [880.651353672718, 363.20918886994974, 185.0], "173" : [952.3846556223398, 361.5746044065483, 189.0], "175" : [938.8560373056254, 392.87922485041685, 207.0], "177" : [1013.3688991546483, 393.28307095815177, 254.0], "179" : [1099.4029732775564, 422.1039609898564, 101.0], "181" : [1163.2412556825718, 420.6710384618794, 366.0], "183" : [810.7256416201309, 428.03077108417875, 117.0], "185" : [810.7256416201309, 428.03077108417875, 117.0], "187" : [944.2735508361712, 428.30248224457875, 121.0], "189" : [944.2735508361712, 428.30248224457875, 121.0], "191" : [1056.1893392326476, 432.5197972626764, 197.0], "193" : [1056.1893392326476, 432.5197972626764, 197.0], "195" : [1056.1893392326476, 432.5197972626764, 197.0], "197" : [909.5352607512576, 463.3173380944226, 173.0], "199" : [909.5352607512576, 463.3173380944226, 173.0], "201" : [1020.6481280287486, 465.2245966036675, 187.0], "203" : [1020.6481280287486, 465.2245966036675, 187.0], "205" : [796.6575017363605, 579.827500240684, 160.0], "207" : [694.2019600097025, 585.1957517241527, 306.0], "209" : [697.9243912328282, 581.2731719480042, 82.0], "211" : [947.0180169402441, 588.2900921917874, 111.0], "213" : [947.0180169402441, 588.2900921917874, 111.0], "215" : [939.7920454618052, 588.7056831340261, 88.0], "217" : [939.7920454618052, 588.7056831340261, 88.0], "219" : [1043.0405117888859, 584.2912828137427, 195.0], "221" : [1120.5499988436964, 582.4356232875173, 160.0], "223" : [938.3637675819049, 593.7058001446931, 69.0], "225" : [938.3637675819049, 593.7058001446931, 69.0], "227" : [938.3637675819049, 593.7058001446931, 69.0], "229" : [948.788802912112, 596.6716440733671, 134.0], "231" : [948.788802912112, 596.6716440733671, 134.0], "233" : [948.788802912112, 596.6716440733671, 134.0], "235" : [1134.8265291902546, 591.3234671120127, 98.0], "237" : [878.4160000184521, 586.9751124039165, 225.0], "239" : [878.4160000184521, 586.9751124039165, 225.0], "241" : [817.8677762121278, 584.6233326976512, 90.0], "243" : [1000.3038085471673, 584.6714297826594, 105.0], "245" : [996.1797961637456, 588.5000024914162, 99.0], "247" : [996.1797961637456, 588.5000024914162, 99.0], "249" : [1075.045379766504, 622.0504222026377, 119.0], "251" : [520.2288996125915, 760.9701849246186, 218.0], "253" : [738.0347828279432, 752.0634753953888, 115.0], "255" : [738.0347828279432, 752.0634753953888, 115.0], "257" : [738.0347828279432, 752.0634753953888, 115.0], "259" : [730.5087279734092, 751.7228187061486, 149.0], "261" : [730.5087279734092, 751.7228187061486, 149.0], "263" : [660.3849164755, 759.9776536480402, 179.0], "265" : [660.3849164755, 759.9776536480402, 179.0], "267" : [660.3849164755, 759.9776536480402, 179.0], "269" : [661.7548955733355, 764.6574457343949, 235.0], "271" : [661.7548955733355, 764.6574457343949, 235.0], "273" : [748.0173338605773, 763.0395541897364, 225.0], "275" : [872.1630303183034, 758.267272665065, 165.0], "277" : [872.1630303183034, 758.267272665065, 165.0], "279" : [992.1297279576011, 751.4655386302766, 148.0], "281" : [1121.9144724544108, 751.2526316921078, 76.0], "283" : [1114.8822388988247, 759.0401553105437, 259.0], "285" : [1149.9377965806896, 761.9086596217714, 127.0], "287" : [661.3881319588713, 805.8542377942687, 59.0], "289" : [681.7247426852248, 805.8164944115618, 194.0], "291" : [691.6793096117706, 798.9784480944192, 116.0],