{"1": [178.16666666666666, 169.0, 300.0], "2": [295.5, 169.0, 250.0], "3": [397.1666666666667, 169.0, 200.0], "4": [531.5, 169.0, 150.0], "5": [648.1666666666666, 169.0, 450.0], "6": [826.1666666666666, 169.0, 150.0], "7": [886.5, 169.0, 150.0], "8": [984.1666666666666, 169.0, 150.0], "9": [166.36292692383648, 264.56686498471225, 350.0], "10": [318.5, 219.0, 150.0], "11": [359.89079183493715, 269.1312014212948, 450.0], "12": [570.8333333333334, 268.0, 500.0], "13": [702.1666666666666, 268.0, 150.0], "14": [782.5483458624824, 268.2183341339783, 150.0], "15": [880.2251456053492, 268.2183341339783, 450.0], "16": [158.16666666666666, 368.0, 150.0], "17": [701.1666666666666, 268.0, 150.0], "18": [775.1666666666666, 268.0, 150.0], "19": [882.5, 219.0, 450.0], "20": [157.16666666666666, 318.0, 150.0], "21": [255.8239210808547, 315.68743307443697, 300.0], "22": [706.1666666666666, 268.0, 150.0], "23": [902.1339605009455, 313.86169849980394, 450.0], "24": [162.16666666666666, 368.0, 150.0], "25": [237.5, 368.0, 300.0], "26": [329.1666666666667, 318.0, 300.0], "27": [411.0113599246618, 321.164636798336, 200.0], "28": [561.1666666666666, 318.0, 150.0], "29": [668.4399349479183, 315.68743307443697, 400.0], "30": [770.8333333333334, 368.0, 300.0], "31": [941.1666666666666, 318.0, 200.0], "32": [270.5, 417.0, 250.0], "33": [348.1666666666667, 368.0, 300.0], "34": [463.5, 417.0, 300.0], "35": [582.1666666666666, 368.0, 200.0], "36": [674.8333333333334, 368.0, 200.0], "37": [750.5, 368.0, 250.0], "38": [822.1666666666666, 368.0, 200.0], "39": [959.6445996018858, 366.8080011641616, 250.0], "40": [170.83333333333334, 417.0, 200.0], "41": [464.5, 417.0, 300.0], "42": [576.1666666666666, 417.0, 200.0], "43": [676.8333333333334, 368.0, 200.0], "44": [751.5, 417.0, 250.0], "45": [965.8333333333334, 368.0, 250.0], "46": [233.5, 417.0, 150.0], "47": [317.89889661837753, 417.0157019665698, 250.0], "48": [407.8333333333333, 417.0, 400.0], "49": [564.373064193836, 416.1028346792533, 450.0], "50": [801.1666666666666, 417.0, 500.0], "51": [801.1666666666666, 417.0, 500.0], "52": [946.8644575794547, 369.54660302611114, 200.0], "53": [1010.7651676916105, 367.72086845147817, 150.0], "54": [194.83333333333334, 417.0, 400.0], "55": [352.8333333333333, 417.0, 400.0], "56": [477.1666666666667, 417.0, 200.0], "57": [572.8333333333334, 417.0, 200.0], "58": [643.1666666666666, 417.0, 200.0], "59": [745.8333333333334, 417.0, 450.0]}