{"1" : [957.8, 541.0, 548.9288385898695], "3" : [953.1, 541.5, 37.92883858986951], "5" : [693.1, 486.6, 144.9288385898695], "7" : [691.5, 485.3, 22.928838589869507], "9" : [652.8, 480.4, 117.92883858986951], "11" : [652.4, 479.8, 24.928838589869507], "13" : [789.3, 474.7, 179.9288385898695], "15" : [790.9, 474.1, 20.928838589869507], "17" : [843.8, 475.6, 133.9288385898695], "19" : [839.9, 475.0, 34.92883858986951], "21" : [961.0, 473.3, 225.9288385898695], "23" : [958.4, 477.2, 25.928838589869507], "25" : [1092.5, 475.9, 262.9288385898695], "27" : [1085.8, 477.9, 20.928838589869507], "29" : [1158.0, 478.3, 208.9288385898695], "31" : [1154.9, 480.4, 32.92883858986951], "33" : [1050.9, 477.7, 288.9288385898695], "35" : [1052.5, 481.0, 21.928838589869507], "37" : [1139.5, 476.4, 211.9288385898695], "39" : [1138.4, 476.5, 22.928838589869507], "41" : [1234.1, 477.2, 88.92883858986951], "43" : [1234.5, 476.9, 31.928838589869507], "45" : [889.2, 475.4, 252.92883858986954], "47" : [888.3, 474.5, 23.928838589869507], "49" : [999.7, 468.1, 164.9288385898695], "51" : [998.4, 467.2, 40.92883858986951], "53" : [771.4, 469.2, 154.9288385898695], "55" : [768.2, 471.5, 38.92883858986951], "57" : [962.3, 526.9, 240.9288385898695], "59" : [960.5, 538.6, 206.9288385898695], "61" : [680.8, 478.8, 165.9288385898695], "63" : [682.6, 487.5, 33.92883858986951], "65" : [804.4, 489.6, 212.9288385898695], "67" : [805.4, 489.4, 23.928838589869507], "69" : [965.5, 485.3, 243.9288385898695], "71" : [966.9, 487.6, 21.928838589869507], "73" : [961.9, 550.4, 120.92883858986951], "75" : [964.2, 567.6, 248.9288385898695], "77" : [1008.4, 487.3, 319.9288385898695], "79" : [1007.8, 490.8, 32.92883858986951], "81" : [940.5, 528.6, 392.9288385898695], "83" : [943.9, 542.0, 245.9288385898695]}