{"1" : [708.7, 420.9, 24.787147366880784], "3" : [815.7, 424.4, 291.7871473668808], "5" : [811.6, 430.0, 26.787147366880784], "7" : [999.8, 428.9, 185.7871473668808], "9" : [990.6, 428.9, 23.787147366880784], "11" : [1061.2, 435.0, 142.7871473668808], "13" : [1056.8, 436.2, 38.78714736688079], "15" : [1321.4, 434.9, 220.7871473668808], "17" : [1310.8, 433.1, 30.787147366880784], "19" : [1244.4, 435.1, 128.7871473668808], "21" : [1243.4, 437.9, 29.787147366880784], "23" : [967.7, 498.3, 204.7871473668808], "25" : [975.9, 504.5, 27.787147366880784], "27" : [949.3, 509.6, 318.7871473668808], "29" : [947.4, 508.0, 35.78714736688079], "31" : [793.6, 446.2, 56.78714736688079], "33" : [800.6, 447.5, 39.78714736688079], "35" : [628.6, 441.3, 136.7871473668808], "37" : [636.3, 438.5, 32.78714736688079], "39" : [547.7, 435.7, 212.7871473668808], "41" : [536.8, 433.7, 53.78714736688079], "43" : [958.8, 532.7, 108.78714736688079], "45" : [954.0, 529.8, 10.787147366880784], "47" : [953.0, 513.3, 389.7871473668808], "49" : [957.3, 507.1, 26.787147366880784], "51" : [972.8, 585.3, 326.7871473668808], "53" : [976.9, 569.9, 19.787147366880784], "55" : [973.4, 631.0, 161.7871473668808], "57" : [970.1, 632.3, 15.787147366880784], "59" : [978.7, 674.0, 177.7871473668808], "61" : [984.1, 672.9, 35.78714736688079], "63" : [979.9, 435.4, 146.7871473668808], "65" : [985.3, 443.0, 11.787147366880784], "67" : [984.6, 475.1, 187.7871473668808], "69" : [984.7, 474.0, 36.78714736688079], "71" : [954.3, 548.4, 300.7871473668808], "73" : [955.5, 557.1, 11.787147366880784], "75" : [926.3, 537.4, 222.7871473668808], "77" : [927.3, 539.0, 56.78714736688079], "79" : [405.1, 421.2, 78.78714736688079], "81" : [416.7, 426.3, 26.787147366880784], "83" : [291.3, 412.4, 122.78714736688079], "85" : [291.1, 413.9, 22.787147366880784], "87" : [246.8, 408.8, 243.7871473668808], "89" : [245.3, 410.9, 23.787147366880784], "91" : [351.9, 414.8, 287.7871473668808], "93" : [348.0, 423.6, 22.787147366880784]}