{"1": [703.2851344834057, 347.25743095258275, 148.0], "2": [702.6253952006596, 355.1968251824587, 126.0], "3": [702.6253952006596, 355.1968251824587, 126.0], "4": [695.8341772015984, 90.63861003049242, 158.0], "5": [709.1309408563459, 86.32265306305895, 181.0], "6": [792.9872051148825, 77.2976459980745, 297.0], "7": [773.7816552792682, 76.17981803980807, 109.0], "8": [900.7603286674785, 79.30327320511178, 489.0], "9": [852.5032252437468, 77.62473564477229, 93.0], "10": [994.5613715152002, 99.89891543916457, 277.0], "11": [994.5613715152002, 99.89891543916457, 277.0], "12": [1036.3283980224835, 101.21851735731532, 81.0], "13": [727.4678583545932, 126.11178765495853, 280.0], "14": [727.4678583545932, 126.11178765495853, 280.0], "15": [727.4678583545932, 126.11178765495853, 280.0], "16": [726.6625004434679, 128.85865235446917, 104.0], "17": [726.6625004434679, 128.85865235446917, 104.0], "18": [726.6625004434679, 128.85865235446917, 104.0], "19": [784.4158798010425, 119.57596437916891, 233.0], "20": [836.557142870802, 114.38920632650355, 315.0], "21": [944.8404680751437, 122.32742121558155, 682.0], "22": [688.8532549844051, 157.4828395421576, 169.0], "23": [632.9263635233295, 163.14499812488373, 220.0], "24": [733.0493363014077, 156.49999804501616, 225.0], "25": [733.0493363014077, 156.49999804501616, 225.0], "26": [796.3725004959381, 151.1531290689172, 160.0], "27": [913.7226114577397, 152.7904507364588, 199.0], "28": [913.6487942592713, 151.92800243140104, 125.0], "29": [1034.9999978510732, 166.12732631779832, 333.0], "30": [1034.9999978510732, 166.12732631779832, 333.0], "31": [893.2907607205287, 194.0032624371471, 184.0], "32": [742.7153835154646, 193.51384676922564, 260.0], "33": [844.290400561253, 189.43759794302682, 250.0], "34": [949.7097533086787, 194.18397485666756, 287.0], "35": [850.9212033369513, 195.79140683967134, 349.0], "36": [950.0577403719848, 199.2531393925366, 239.0], "37": [632.7065560833196, 262.404371539516, 183.0], "38": [632.7065560833196, 262.404371539516, 183.0], "39": [699.8729068228323, 253.60098655962767, 203.0], "40": [699.8729068228323, 253.60098655962767, 203.0], "41": [789.964017369445, 247.7486009489371, 214.0], "42": [752.1897440791485, 249.35128367744898, 78.0], "43": [955.6616279298138, 251.9898267598751, 344.0], "44": [1025.4222661481597, 254.14777262124954, 247.0], "45": [1050.5000027903598, 257.7471272363499, 174.0], "46": [1050.5000027903598, 257.7471272363499, 174.0], "47": [1050.5000027903598, 257.7471272363499, 174.0], "48": [644.1953752981166, 294.1809276599696, 173.0], "49": [644.1953752981166, 294.1809276599696, 173.0], "50": [720.2983329591013, 286.9824974361652, 240.0], "51": [720.2983329591013, 286.9824974361652, 240.0], "52": [771.8074083061018, 284.1769523939613, 243.0], "53": [874.7121874425466, 281.5068720084232, 320.0], "54": [866.3203497140748, 275.82209592904417, 172.0], "55": [866.3203497140748, 275.82209592904417, 172.0], "56": [908.9460530307268, 280.69473374768796, 152.0], "57": [992.2727528356621, 274.87821045103294, 312.0], "58": [1013.7892313239689, 284.52307431356746, 130.0], "59": [648.229544272306, 306.3130698169567, 176.0], "60": [618.9300830333831, 315.940675879045, 236.0], "61": [618.9300830333831, 315.940675879045, 236.0], "62": [771.0706211963193, 312.679094565993, 531.0], "63": [771.0706211963193, 312.679094565993, 531.0], "64": [859.9108913730028, 307.08316598567035, 303.0], "65": [859.9108913730028, 307.08316598567035, 303.0], "66": [916.5128392251152, 311.76688934799483, 148.0], "67": [1029.2539706108962, 314.16865117684176, 252.0], "68": [1048.374465225759, 317.43049506485113, 141.0], "69": [990.5904753341417, 316.8531750682806, 126.0], "70": [990.5904753341417, 316.8531750682806, 126.0], "71": [685.553226694169, 349.9387102731186, 62.0], "72": [694.6194476673452, 349.3583355571351, 144.0], "73": [755.4649545546442, 342.0598144618769, 214.0], "74": [853.5152710403975, 335.7315268256727, 406.0], "75": [742.0472748331974, 342.08181814977604, 165.0], "76": [747.9560586364319, 342.64696931634774, 66.0], "77": [930.2717695048204, 341.72152997762595, 209.0], "78": [886.817057388399, 344.746471020301, 340.0], "79": [981.3940457910251, 343.2416673119064, 168.0], "80": [1006.6712513273031, 344.5493754144319, 160.0], "81": [694.8206346631026, 404.72380710924534, 63.0], "82": [704.1457519898129, 402.0071905420059, 153.0], "83": [667.0111093736017, 410.34685697820896, 207.0], "84": [967.1715790882428, 335.2673676014476, 190.0], "85": [879.4670107146759, 337.06192805189784, 197.0], "86": [960.9880895555076, 341.28448790898705, 361.0], "87": [1011.454546509561, 346.41870142024925, 385.0], "88": [674.3357713889075, 411.0873971509377, 246.0], "89": [679.9328000537466, 410.83839726845105, 125.0], "90": [769.8319143605262, 401.8550539176667, 376.0], "91": [857.3055216469025, 408.25248529248137, 181.0], "92": [855.0750005372232, 409.44999985209733, 88.0], "93": [893.6948744475284, 404.2032026869478, 156.0], "94": [998.8749983307333, 406.48235327473327, 272.0], "95": [998.8749983307333, 406.48235327473327, 272.0], "96": [1023.8729193195136, 406.3006938086521, 144.0], "97": [962.7955755212984, 405.32035380724807, 113.0], "98": [665.7804870152981, 454.6151255242233, 205.0], "99": [665.7804870152981, 454.6151255242233, 205.0], "100": [745.03609372127, 452.8366320836739, 374.0], "101": [816.4395915065265, 445.0999982414565, 293.0], "102": [816.4395915065265, 445.0999982414565, 293.0], "103": [729.2320539779003, 449.9615374873082, 156.0], "104": [729.2320539779003, 449.9615374873082, 156.0], "105": [842.563043594999, 444.2733638831613, 184.0], "106": [972.67211053279, 441.4390423989051, 251.0], "107": [1017.0934527661894, 441.06541706989316, 107.0], "108": [622.6975283051918, 477.502471098104, 81.0], "109": [630.9072890896897, 478.9991919745341, 247.0], "110": [580.8644969473227, 484.197040013947, 169.0], "111": [767.37903428523, 472.2443538171291, 248.0], "112": [767.37903428523, 472.2443538171291, 248.0], "113": [819.5747510587499, 474.8152844842007, 301.0], "114": [848.7702939099372, 476.35970915754336, 340.0], "115": [829.8799981341473, 476.15875211023297, 80.0], "116": [957.5533833297561, 467.2992733054651, 414.0], "117": [1035.8193784591942, 464.60154828224125, 258.0], "118": [1035.8193784591942, 464.60154828224125, 258.0], "119": [1085.320407836391, 469.86377477939146, 196.0], "120": [1025.2421490689667, 472.0140477097729, 242.0], "121": [977.7976003684633, 467.345597376573, 125.0], "122": [1085.077359214576, 471.50974834058786, 318.0], "123": [699.9697668430636, 506.7472865383695, 129.0], "124": [706.2933342908012, 508.0799985515811, 135.0], "125": [706.2933342908012, 508.0799985515811, 135.0], "126": [745.7491219986106, 509.34736876437023, 57.0], "127": [746.9555554155626, 512.5743554278752, 117.0], "128": [882.7886775046829, 508.69717515565475, 106.0], "129": [880.3360929315004, 512.1578931835091, 133.0], "130": [834.3735299711368, 507.01568502763763, 102.0], "131": [970.5514936466874, 500.4922173613872, 167.0], "132": [649.9325250929378, 561.6330122344546, 206.0], "133": [649.9325250929378, 561.6330122344546, 206.0], "134": [715.1368994730132, 571.366203993625, 290.0], "135": [790.7577037399915, 572.03081591818, 305.0], "136": [822.9224159934556, 568.4741382064058, 58.0], "137": [822.4183300157947, 570.1047103089045, 573.0], "138": [849.7536973086426, 573.6819935980327, 311.0], "139": [721.9841131969937, 577.1151626482833, 277.0], "140": [721.9841131969937, 577.1151626482833, 277.0], "141": [766.6125062634902, 578.6430524436051, 144.0], "142": [980.3527216673712, 576.1952401717584, 294.0], "143": [935.910420413831, 573.4704820794565, 288.0], "144": [1032.8226110078872, 564.5296487767722, 199.0], "145": [654.4285718255604, 603.2228597713006, 70.0], "146": [665.4230778868942, 603.9943594835512, 195.0], "147": [759.6073757664584, 609.5138252633683, 217.0], "148": [759.6073757664584, 609.5138252633683, 217.0], "149": [842.0174475962638, 605.2472342826918, 235.0],