{"1" : [720.1, 571.5, 53.35013095786692], "3" : [1129.8, 535.3, 288.3501309578669], "5" : [957.7, 529.8, 300.3501309578669], "7" : [954.0, 527.3, 39.35013095786692], "9" : [748.6, 547.8, 302.3501309578669], "11" : [754.6, 542.5, 8.350130957866917], "13" : [777.6, 530.7, 172.35013095786692], "15" : [781.3, 526.7, 20.350130957866917], "17" : [869.3, 510.4, 190.35013095786692], "19" : [873.9, 506.0, 19.350130957866917], "21" : [953.8, 490.8, 95.35013095786692], "23" : [966.0, 478.0, 6.350130957866917], "25" : [957.7, 491.2, 78.35013095786692], "27" : [973.6, 477.7, 15.350130957866917], "29" : [1048.7, 485.4, 318.3501309578669], "31" : [1054.2, 475.0, 21.350130957866917], "33" : [1134.2, 483.1, 284.3501309578669], "35" : [1135.3, 482.7, 16.350130957866917]}