{"1": [168.16666666666666, 169.0, 300.0], "2": [303.5, 169.0, 250.0], "3": [409.1666666666667, 169.0, 200.0], "4": [481.30214104803326, 170.26184199724753, 150.0], "5": [531.5098418504415, 171.17470928456407, 150.0], "6": [640.1410490411065, 167.523240135298, 450.0], "7": [809.0214971946613, 169.34897470993104, 150.0], "8": [181.16666666666666, 219.0, 350.0], "9": [298.5, 219.0, 150.0], "10": [407.5, 219.0, 450.0], "11": [575.8333333333334, 219.0, 500.0], "12": [707.6932283025284, 218.64380822502272, 150.0], "13": [861.967799859019, 221.38241008697224, 450.0], "14": [158.16666666666666, 268.0, 150.0], "15": [237.5, 268.0, 300.0], "16": [322.1666666666667, 268.0, 300.0], "17": [430.1666666666667, 268.0, 200.0], "18": [647.4439873396385, 267.93864174011435, 400.0], "19": [779.8097440005329, 270.6772436020639, 300.0], "20": [931.3457136950739, 269.7643763147474, 200.0], "21": [178.16666666666666, 318.0, 200.0], "22": [252.5, 318.0, 250.0], "23": [359.1666666666667, 318.0, 300.0], "24": [472.5, 318.0, 300.0], "25": [673.9171386718174, 319.05920982983906, 200.0], "26": [751.5108580937209, 318.1463425425226, 250.0], "27": [835.4946485268401, 319.9720771171556, 200.0], "28": [956.9059977399363, 319.05920982983906, 250.0], "29": [162.83333333333334, 368.0, 200.0], "30": [250.5, 368.0, 150.0], "31": [306.5, 368.0, 250.0], "32": [416.8333333333333, 368.0, 400.0], "33": [552.5057894587212, 368.35404334493074, 450.0], "34": [685.7844134069321, 369.26691063224723, 200.0], "35": [790.764151448331, 370.1797779195638, 500.0], "36": [1006.2008312550279, 371.09264520688026, 150.0], "37": [194.83333333333334, 417.0, 400.0], "38": [350.8333333333333, 417.0, 400.0], "39": [480.1666666666667, 417.0, 200.0], "40": [556.8333333333334, 417.0, 200.0], "41": [650.1666666666666, 417.0, 200.0], "42": [755.8333333333334, 417.0, 450.0]}