{"1": [181.16666666666666, 169.0, 300.0], "2": [309.5, 169.0, 250.0], "3": [408.1666666666667, 169.0, 200.0], "4": [530.5, 219.0, 150.0], "5": [645.1666666666666, 219.0, 450.0], "6": [807.1957626200282, 218.64380822502272, 150.0], "7": [876.5, 219.0, 150.0], "8": [182.16666666666666, 219.0, 350.0], "9": [317.5, 219.0, 150.0], "10": [401.5, 219.0, 450.0], "11": [563.4601969065194, 268.8515090274309, 500.0], "12": [883.5, 219.0, 150.0], "13": [1004.375096680395, 267.02577445279786, 150.0], "14": [190.16666666666666, 219.0, 350.0], "15": [309.5, 219.0, 150.0], "16": [409.5, 219.0, 450.0], "17": [560.8333333333334, 268.0, 500.0], "18": [775.1666666666666, 268.0, 150.0], "19": [879.5, 268.0, 450.0], "20": [163.16666666666666, 268.0, 150.0], "21": [224.5, 268.0, 300.0], "22": [337.1666666666667, 318.0, 300.0], "23": [561.6344623318864, 267.93864174011435, 500.0], "24": [716.1666666666666, 268.0, 150.0], "25": [885.5, 268.0, 450.0], "26": [146.16666666666666, 268.0, 150.0], "27": [226.5, 268.0, 300.0], "28": [329.1666666666667, 268.0, 300.0], "29": [425.1666666666667, 268.0, 200.0], "30": [562.5473296192029, 316.32060796788954, 150.0], "31": [676.6557405337669, 314.4948733932565, 400.0], "32": [783.8333333333334, 318.0, 300.0], "33": [268.5, 318.0, 250.0], "34": [363.1666666666667, 318.0, 300.0], "35": [466.5, 368.0, 300.0], "36": [572.1666666666666, 368.0, 200.0], "37": [663.8333333333334, 368.0, 200.0], "38": [753.5, 368.0, 250.0], "39": [959.6445996018858, 370.27233251952777, 250.0], "40": [166.83333333333334, 368.0, 200.0], "41": [242.5, 368.0, 150.0], "42": [311.5, 368.0, 250.0], "43": [417.8333333333333, 368.0, 400.0], "44": [560.1666666666666, 417.0, 450.0], "45": [675.8333333333334, 417.0, 200.0], "46": [797.1666666666666, 417.0, 500.0], "47": [802.6314261834457, 416.82856417266987, 200.0], "48": [181.83333333333334, 417.0, 400.0], "49": [349.8333333333333, 417.0, 400.0], "50": [655.1666666666666, 417.0, 200.0], "51": [749.8333333333334, 417.0, 450.0]}