{"1" : [1166.1, 695.1, 14.153666395062626], "3" : [1220.0, 690.3, 308.1536663950626], "5" : [1220.4, 690.1, 16.153666395062626], "7" : [1281.4, 684.2, 243.15366639506263], "9" : [1284.1, 682.6, 15.153666395062626], "11" : [1325.8, 685.1, 199.15366639506263], "13" : [1321.0, 684.0, 22.153666395062626], "15" : [1424.1, 676.1, 53.15366639506262], "19" : [955.5, 537.6, 406.1536663950626], "21" : [961.7, 547.2, 135.15366639506263], "23" : [941.0, 506.0, 41.15366639506262], "25" : [939.0, 513.3, 36.15366639506262], "27" : [774.1, 458.4, 297.1536663950626], "29" : [776.7, 458.1, 25.153666395062626], "31" : [675.3, 441.9, 181.15366639506263], "33" : [674.1, 439.0, 48.15366639506262], "35" : [1161.2, 450.5, 185.15366639506263], "37" : [1169.2, 449.2, 14.153666395062626], "39" : [1205.0, 445.4, 108.15366639506263], "41" : [1207.7, 445.8, 24.153666395062626], "43" : [1059.6, 444.2, 273.1536663950626], "45" : [1062.5, 443.6, 19.153666395062626], "47" : [1001.9, 443.5, 180.15366639506263], "49" : [1003.0, 442.9, 31.153666395062626], "51" : [1194.0, 439.0, 164.15366639506263], "53" : [1198.3, 439.9, 12.153666395062626], "55" : [1228.3, 435.4, 171.15366639506263], "57" : [1227.6, 434.3, 10.153666395062626], "59" : [1199.1, 434.0, 222.15366639506263], "61" : [1199.4, 438.8, 36.15366639506262], "63" : [955.1, 447.3, 390.1536663950626], "65" : [958.1, 450.6, 29.153666395062626], "67" : [777.6, 444.4, 90.15366639506263], "69" : [779.1, 441.9, 25.153666395062626], "71" : [680.4, 431.3, 235.15366639506263], "73" : [678.6, 430.9, 26.153666395062626], "75" : [821.6, 442.9, 206.15366639506263], "77" : [825.0, 440.0, 18.153666395062626], "79" : [875.5, 444.1, 164.15366639506263], "81" : [870.9, 445.8, 23.153666395062626], "83" : [1001.0, 441.8, 256.1536663950626], "85" : [984.1, 438.1, 22.153666395062626], "87" : [1065.9, 442.3, 343.1536663950626], "89" : [1072.0, 441.7, 22.153666395062626], "91" : [1198.7, 435.0, 209.15366639506263], "93" : [1208.5, 436.2, 41.15366639506262], "95" : [914.6, 509.3, 178.15366639506263], "97" : [919.5, 513.9, 31.153666395062626], "99" : [924.9, 592.1, 87.15366639506263]}