{"1": [653.713854850826, 525.0787615112606, 159.0], "2": [597.1, 524.0, 352.0], "3": [673.8, 524.0, 209.0], "4": [737.3, 524.0, 799.0], "5": [677.2, 524.0, 189.0], "6": [874.4972414402262, 524.0173029218885, 233.0], "7": [954.4, 524.0, 579.0], "8": [1052.1, 524.0, 221.0], "9": [1109.2, 524.0, 204.0], "10": [1155.6, 524.0, 322.0], "11": [1274.4, 524.0, 253.0], "12": [1255.9, 524.0, 563.0], "13": [1265.9, 524.0, 561.0], "14": [967.0, 524.0, 246.0]}