{"1" : [980.3, 561.2, 303.97100735984276], "3" : [980.3, 531.9, 42.97100735984274], "5" : [1340.9, 471.3, 229.97100735984273], "7" : [1338.2, 481.2, 13.971007359842737], "9" : [1334.3, 447.9, 54.97100735984274], "11" : [965.3, 540.6, 561.9710073598427], "13" : [964.2, 545.3, 24.971007359842737], "15" : [819.1, 455.6, 63.97100735984274], "17" : [815.8, 452.2, 25.971007359842737], "19" : [733.6, 404.7, 151.97100735984273], "21" : [733.1, 405.7, 17.971007359842737], "23" : [672.2, 396.8, 256.97100735984276], "25" : [660.2, 394.2, 6.971007359842736], "27" : [646.6, 394.4, 162.97100735984273], "29" : [645.1, 394.9, 26.971007359842737], "31" : [804.4, 391.6, 204.97100735984273], "33" : [807.0, 392.0, 20.971007359842737], "35" : [918.1, 389.4, 296.97100735984276], "37" : [916.9, 391.7, 29.971007359842737], "39" : [1076.7, 387.8, 238.97100735984273], "41" : [1077.5, 389.1, 22.971007359842737], "43" : [1195.9, 388.7, 147.97100735984273], "45" : [1196.3, 388.9, 21.971007359842737], "47" : [1282.1, 390.6, 157.97100735984273], "49" : [1281.6, 390.5, 44.97100735984274], "51" : [880.8, 464.8, 139.97100735984273], "53" : [876.6, 468.1, 20.971007359842737], "55" : [808.7, 462.9, 174.97100735984273], "57" : [811.9, 462.8, 33.97100735984274], "59" : [1017.4, 451.4, 184.97100735984273], "61" : [1013.1, 449.1, 21.971007359842737], "63" : [1113.1, 445.5, 170.97100735984273], "65" : [1113.0, 448.5, 24.971007359842737], "67" : [980.1, 501.6, 170.97100735984273], "69" : [980.5, 501.2, 20.971007359842737], "71" : [919.1, 541.6, 174.97100735984273], "73" : [918.3, 542.9, 23.971007359842737], "75" : [1056.2, 540.4, 338.97100735984276], "77" : [1054.7, 545.6, 34.97100735984274], "79" : [816.9, 537.2, 206.97100735984273], "81" : [812.4, 541.7, 12.971007359842737], "83" : [790.8, 547.1, 230.97100735984273], "85" : [789.5, 558.3, 254.97100735984273]}