{"1": [74.4, 385.0, 188.0], "2": [90.6, 385.0, 174.0], "3": [141.87667173668603, 383.549832107905, 180.0], "4": [160.53642248841885, 382.0766938906629, 228.0], "5": [241.7, 385.0, 261.0], "6": [302.3, 385.0, 245.0], "7": [330.6, 385.0, 248.0], "8": [394.6, 385.0, 276.0], "9": [465.47603345752634, 382.0766938906629, 427.0], "10": [535.6956218127315, 381.0946017458349, 674.0], "11": [557.7926950713625, 384.040878180319, 155.0], "12": [551.7, 385.0, 828.0], "13": [468.8, 385.0, 529.0], "14": [553.4, 385.0, 577.0], "15": [426.68339373681863, 382.0766938906629, 537.0], "16": [49.56001012284993, 384.040878180319, 390.0], "17": [120.6, 385.0, 480.0], "18": [195.40069362981438, 380.1125096010068, 294.0], "19": [252.8, 385.0, 447.0], "20": [314.3, 385.0, 174.0], "21": [243.6, 385.0, 295.0], "22": [373.6504179161043, 382.0766938906629, 201.0], "23": [431.0, 385.0, 316.0], "24": [487.2, 385.0, 498.0], "25": [569.5, 385.0, 153.0], "26": [539.9, 385.0, 434.0], "27": [501.5, 385.0, 181.0], "28": [546.3, 385.0, 414.0], "29": [482.4, 385.0, 614.0], "30": [372.9, 385.0, 224.0], "31": [251.2, 385.0, 357.0]}