{"1": [55.8, 385.0, 197.0], "2": [105.3, 385.0, 279.0], "3": [163.48269892290296, 382.567739963077, 197.0], "4": [231.5, 385.0, 194.0], "5": [261.6, 385.0, 161.0], "6": [317.6, 385.0, 251.0], "7": [405.7, 385.0, 240.0], "8": [456.5, 385.0, 170.0], "9": [491.9, 385.0, 184.0], "10": [542.3, 385.0, 632.0]}