{"1" : [1122.0, 533.0, 249.83731833683453], "3" : [1107.3, 535.9, 6.837318336834514], "5" : [1087.9, 530.2, 175.83731833683453], "7" : [1082.1, 536.2, 23.837318336834514], "9" : [1158.2, 529.0, 370.8373183368345], "11" : [1153.7, 534.1, 9.837318336834514], "13" : [1126.7, 531.4, 172.83731833683453], "15" : [948.5, 519.4, 598.8373183368345], "17" : [952.8, 521.1, 34.837318336834514], "19" : [765.2, 521.5, 128.83731833683453], "21" : [763.6, 524.9, 14.837318336834514], "23" : [738.0, 537.4, 728.8373183368345], "25" : [744.0, 544.7, 6.837318336834514], "27" : [751.6, 540.8, 628.8373183368345], "29" : [749.7, 531.1, 10.837318336834514], "31" : [773.7, 528.3, 956.8373183368345], "33" : [782.3, 513.9, 52.837318336834514], "35" : [792.0, 534.9, 123.83731833683451], "37" : [792.1, 535.8, 109.83731833683451], "39" : [772.9, 525.7, 895.8373183368345], "41" : [771.7, 532.8, 15.837318336834514], "43" : [816.2, 527.3, 331.8373183368345], "45" : [816.2, 532.3, 13.837318336834514], "47" : [847.7, 524.0, 560.8373183368345], "49" : [845.2, 521.8, 11.837318336834514], "51" : [878.2, 520.1, 450.8373183368345], "53" : [880.2, 513.9, 105.83731833683451], "55" : [894.5, 522.5, 342.8373183368345], "57" : [896.3, 525.3, 9.837318336834514], "59" : [911.7, 515.5, 448.8373183368345], "61" : [911.2, 517.2, 122.83731833683451], "63" : [969.9, 507.3, 589.8373183368345], "65" : [974.7, 512.6, 18.837318336834514], "67" : [1022.6, 511.8, 773.8373183368345], "69" : [1017.7, 510.4, 10.837318336834514], "71" : [1048.9, 519.9, 1255.8373183368344], "73" : [1056.9, 529.2, 14.837318336834514], "75" : [1094.2, 524.9, 401.8373183368345], "77" : [1090.3, 522.3, 117.83731833683451], "79" : [1095.7, 513.2, 146.83731833683453], "81" : [1092.4, 516.3, 15.837318336834514], "83" : [1044.8, 520.0, 694.8373183368345], "85" : [1045.7, 519.6, 21.837318336834514], "87" : [1110.2, 516.4, 549.8373183368345], "89" : [1100.6, 515.8, 15.837318336834514], "91" : [1142.6, 514.2, 303.8373183368345], "93" : [1149.9, 516.9, 9.837318336834514]}