{"1" : [1122.9, 523.7, 26.8621901263193], "3" : [1258.0, 516.6, 226.8621901263193], "5" : [1256.6, 517.9, 47.8621901263193], "7" : [970.7, 520.6, 332.8621901263193], "9" : [977.4, 524.6, 36.8621901263193], "11" : [1095.7, 518.6, 56.8621901263193], "13" : [1080.0, 526.3, 190.8621901263193], "15" : [982.9, 533.7, 542.8621901263193], "17" : [985.1, 530.1, 24.8621901263193], "19" : [866.6, 516.8, 236.8621901263193], "21" : [863.0, 517.5, 12.862190126319302], "23" : [824.8, 516.0, 282.8621901263193], "25" : [829.9, 516.3, 21.8621901263193], "27" : [929.2, 518.0, 269.8621901263193], "29" : [938.1, 524.5, 14.862190126319302], "31" : [1006.9, 525.9, 217.8621901263193], "33" : [1013.2, 526.3, 19.8621901263193], "35" : [1098.2, 523.3, 285.8621901263193], "37" : [1086.1, 528.2, 13.862190126319302], "39" : [1042.5, 528.2, 240.8621901263193], "41" : [1039.9, 531.3, 23.8621901263193]}