{"1" : [969.6, 663.7, 26.153666395062626], "3" : [1083.8, 663.1, 308.1536663950626], "5" : [1081.8, 668.9, 9.153666395062626], "7" : [1059.5, 659.9, 297.1536663950626], "9" : [1060.1, 660.5, 33.15366639506262], "11" : [822.0, 652.7, 738.1536663950626], "13" : [843.1, 648.8, 16.153666395062626], "15" : [804.1, 654.1, 153.15366639506263], "17" : [811.2, 657.8, 33.15366639506262], "19" : [978.9, 665.3, 192.15366639506263], "21" : [956.7, 542.9, 388.1536663950626], "23" : [948.5, 546.7, 25.153666395062626], "25" : [835.5, 439.3, 147.15366639506263], "27" : [836.7, 427.7, 25.153666395062626], "29" : [698.1, 422.2, 240.15366639506263], "31" : [697.5, 419.6, 20.153666395062626], "33" : [774.9, 427.5, 123.15366639506263], "35" : [774.5, 432.0, 23.153666395062626], "37" : [922.7, 448.5, 268.1536663950626], "39" : [925.2, 452.8, 23.153666395062626], "41" : [1063.0, 457.7, 322.1536663950626], "43" : [1067.7, 458.8, 21.153666395062626], "45" : [1177.2, 458.3, 447.1536663950626], "47" : [1183.8, 459.0, 29.153666395062626], "49" : [1031.1, 455.0, 167.15366639506263], "51" : [1032.1, 458.8, 19.153666395062626], "53" : [979.7, 460.8, 215.15366639506263], "55" : [980.7, 461.5, 14.153666395062626], "57" : [1030.5, 463.3, 193.15366639506263], "59" : [1031.7, 462.6, 21.153666395062626]}