{"1": [56.8, 385.0, 259.0], "2": [120.7, 385.0, 229.0], "3": [181.4, 385.0, 241.0], "4": [258.2839626164431, 385.18559130941196, 236.0], "5": [329.46490887852553, 383.41492100438506, 423.0], "6": [387.8970289444141, 384.12318912639586, 516.0], "7": [387.4, 385.0, 254.0], "8": [408.08267042172116, 384.12318912639586, 105.0]}