{"1": [61.38542469744914, 384.8314572484064, 168.0], "2": [55.4, 385.0, 187.0], "3": [114.7, 385.0, 170.0], "4": [188.6, 385.0, 170.0], "5": [259.70049886046496, 384.8314572484064, 176.0], "6": [349.4, 385.0, 254.0], "7": [329.46490887852593, 383.76905506539026, 266.0], "8": [407.3744022997107, 385.18559130941185, 244.0], "9": [328.04837263450435, 384.8314572484064, 306.0], "10": [381.5226158463176, 384.1231891263957, 224.0], "11": [295.82217308301426, 384.8314572484064, 313.0], "12": [49.2, 385.0, 223.0], "13": [112.4, 385.0, 210.0], "14": [180.9, 385.0, 242.0], "15": [249.6, 385.0, 195.0], "16": [301.4883180591005, 384.477323187401, 458.0], "17": [389.6676992494414, 384.477323187401, 428.0]}