{"1" : [953.4, 529.8, 20.686547148873707], "3" : [939.2, 594.2, 39.68654714887371], "5" : [947.4, 579.7, 11.686547148873709], "7" : [931.2, 586.6, 85.68654714887371], "9" : [939.4, 578.7, 811.6865471488737], "11" : [972.7, 545.5, 402.68654714887373], "13" : [970.2, 545.6, 11.686547148873709], "15" : [1008.7, 553.8, 180.6865471488737], "17" : [1008.0, 555.7, 42.68654714887371], "19" : [842.9, 440.0, 137.6865471488737], "21" : [857.3, 419.9, 17.686547148873707], "23" : [847.7, 432.1, 93.68654714887371], "25" : [850.8, 437.5, 24.686547148873707], "27" : [965.7, 458.1, 204.6865471488737], "29" : [966.9, 446.5, 33.68654714887371], "31" : [893.3, 437.6, 40.68654714887371], "33" : [881.1, 443.2, 11.686547148873709], "35" : [872.8, 439.8, 272.68654714887373], "37" : [863.3, 435.3, 16.686547148873707], "39" : [948.9, 434.7, 128.6865471488737], "41" : [953.5, 440.2, 26.686547148873707], "43" : [1075.5, 458.1, 131.6865471488737], "45" : [1085.9, 468.7, 37.68654714887371], "47" : [935.4, 491.4, 374.68654714887373], "49" : [938.1, 476.4, 13.686547148873709], "51" : [914.3, 551.7, 303.68654714887373], "53" : [912.3, 545.0, 35.68654714887371], "55" : [916.5, 628.2, 569.6865471488737], "57" : [917.3, 610.1, 7.686547148873709], "59" : [914.7, 616.7, 49.68654714887371], "61" : [901.0, 591.6, 11.686547148873709]}