{"1": [968.0893475409334, 531.7827238139478, 220.0], "2": [392.9956645519526, 433.2413904928022, 102.0], "3": [264.3, 379.0, 264.0], "4": [243.4, 379.0, 126.0], "5": [228.9, 379.0, 381.0], "6": [442.0, 379.0, 214.0], "7": [365.2, 379.0, 215.0], "8": [480.0, 379.0, 174.0], "9": [438.4, 379.0, 235.0], "10": [562.4, 379.0, 148.0], "11": [560.7, 379.0, 206.0], "12": [670.3, 379.0, 151.0], "13": [797.6, 379.0, 206.0], "14": [916.8, 379.0, 176.0], "15": [1100.5, 379.0, 184.0], "16": [1241.1, 379.0, 307.0], "17": [1330.4, 379.0, 142.0], "18": [1483.6, 379.0, 255.0], "19": [1577.5, 379.0, 110.0], "20": [1577.5, 379.0, 176.0], "21": [1636.8, 379.0, 105.0], "22": [343.1, 429.0, 122.0], "23": [251.8, 429.0, 122.0], "24": [547.9, 429.0, 271.0], "25": [452.5, 429.0, 130.0], "26": [446.0, 429.0, 284.0], "27": [240.5, 429.0, 175.0], "28": [306.0, 429.0, 105.0], "29": [307.5, 429.0, 210.0], "30": [671.6, 429.0, 122.0], "31": [664.3, 429.0, 244.0], "32": [830.5059784748232, 427.8572487758702, 207.0], "33": [586.4, 429.0, 270.0], "34": [490.5, 429.0, 215.0], "35": [478.8, 429.0, 353.0], "36": [586.7, 429.0, 190.0], "37": [690.2, 429.0, 258.0], "38": [842.2, 429.0, 152.0], "39": [433.9, 429.0, 438.0], "40": [495.5, 429.0, 147.0], "41": [388.6, 429.0, 195.0], "42": [335.1, 429.0, 142.0], "43": [881.6, 429.0, 195.0], "44": [1014.7200962460691, 430.43367000344006, 311.0], "45": [1124.1, 429.0, 327.0], "46": [1316.5, 429.0, 114.0], "47": [1318.0, 429.0, 178.0], "48": [1440.5, 429.0, 124.0], "49": [1439.3, 429.0, 278.0], "50": [1546.7510797392479, 427.8572487758702, 321.0], "51": [1640.4, 429.0, 111.0], "52": [1641.2, 429.0, 102.0], "53": [335.8, 480.0, 115.0], "54": [230.6, 480.0, 376.0], "55": [368.2, 480.0, 362.0], "56": [1201.5106352448847, 429.1454593896551, 177.0], "57": [1251.7508491824974, 430.43367000344006, 193.0], "58": [1332.9081178509482, 429.1454593896551, 191.0], "59": [1440.9, 425.5, 129.0], "60": [1441.6, 427.1, 270.0], "61": [507.1, 480.0, 264.0], "62": [613.0, 480.0, 192.0], "63": [695.5, 480.0, 318.0], "64": [824.3, 480.0, 393.0], "65": [967.9, 480.0, 244.0], "66": [1048.9, 480.0, 180.0], "67": [1127.2, 480.0, 117.0], "68": [1127.4, 480.0, 219.0], "69": [1330.3316966233783, 479.3856733272677, 253.0], "70": [1451.3, 480.0, 217.0], "71": [1420.1, 480.0, 121.0], "72": [1621.3, 480.0, 205.0], "73": [1643.3, 480.0, 134.0], "74": [1641.6, 480.0, 107.0], "75": [227.6, 529.0, 122.0], "76": [224.8, 529.0, 182.0], "77": [230.3, 529.0, 255.0], "78": [316.4, 529.0, 172.0], "79": [482.6, 529.0, 329.0], "80": [626.9687014968032, 529.6258872648802, 277.0], "81": [741.9, 529.0, 125.0], "82": [737.9, 529.0, 188.0], "83": [828.2, 529.0, 142.0], "84": [642.4272288622225, 530.9140978786652, 233.0], "85": [912.2, 529.0, 303.0], "86": [1017.2, 529.0, 237.0], "87": [1206.6634777000245, 528.3376766510953, 197.0], "88": [1453.4, 529.0, 189.0], "89": [1543.7, 529.0, 270.0], "90": [1609.4, 529.0, 174.0], "91": [1662.2, 529.0, 152.0], "92": [1661.4, 529.0, 106.0], "93": [308.1, 580.0, 108.0], "94": [218.5, 580.0, 261.0], "95": [384.6, 580.0, 285.0], "96": [498.1476401183095, 581.1543118162776, 202.0], "97": [614.4, 580.0, 190.0], "98": [717.8, 580.0, 354.0], "99": [862.1, 580.0, 189.0], "100": [876.8, 580.0, 107.0], "101": [876.0, 580.0, 330.0], "102": [1006.6, 580.0, 138.0], "103": [1098.7, 580.0, 247.0], "104": [828.7, 580.0, 233.0], "105": [225.2, 580.0, 240.0], "106": [208.3, 580.0, 141.0], "107": [205.1, 580.0, 105.0], "108": [1562.8, 580.0, 269.0], "109": [943.2, 580.0, 176.0], "110": [644.2, 580.0, 195.0], "111": [421.1, 580.0, 289.0], "112": [884.1, 580.0, 352.0], "113": [838.5, 580.0, 193.0], "114": [1148.1, 580.0, 237.0], "115": [1310.6, 580.0, 271.0], "116": [1259.0, 580.0, 250.0], "117": [1533.9, 580.0, 213.0], "118": [1559.5, 580.0, 290.0], "119": [1657.9, 580.0, 166.0], "120": [1646.1, 580.0, 106.0], "121": [353.3, 630.0, 211.0], "122": [220.4, 630.0, 138.0], "123": [530.5, 630.0, 244.0], "124": [563.2, 630.0, 341.0], "125": [699.3, 630.0, 193.0], "126": [833.0, 630.0, 267.0], "127": [1053.5, 630.0, 243.0], "128": [1222.1220050654438, 631.3945257538903, 179.0], "129": [1178.3, 630.0, 198.0], "130": [1397.5, 630.0, 203.0], "131": [1315.9, 630.0, 284.0], "132": [1515.6, 630.0, 200.0], "133": [1559.4, 630.0, 266.0], "134": [1655.6, 630.0, 121.0], "135": [574.3, 680.0, 245.0], "136": [518.5, 680.0, 218.0], "137": [689.0, 680.0, 141.0], "138": [684.5, 680.0, 189.0], "139": [811.7, 680.0, 263.0], "140": [911.1, 680.0, 181.0], "141": [970.3, 680.0, 170.0], "142": [1086.8598906180255, 679.0583184639329, 276.0], "143": [1274.8, 680.0, 265.0], "144": [903.6, 680.0, 141.0], "145": [967.4, 680.0, 116.0], "146": [972.3, 680.0, 171.0], "147": [230.1998324510427, 479.3856733272677, 147.0], "148": [201.85919894777413, 527.0494660373104, 208.0], "149": [795.72429190263, 529.6258872648802, 163.0], "150": [829.2177678610383, 579.8661012024927, 115.0], "151": [836.9470315437478, 573.425048133568, 231.0], "152": [578.0166981729756, 581.1543118162776, 122.0], "153": [578.0166981729756, 581.1543118162776, 304.0], "154": [572.1, 683.7, 370.0], "155": [908.5, 680.0, 216.0], "156": [1007.6, 680.0, 236.0], "157": [853.693769522952, 627.5298939125355, 272.0]}