{"1": [92.3, 382.6, 145.0], "2": [168.0, 383.6, 234.0], "3": [189.3, 384.2, 244.0], "4": [298.2, 385.5, 331.0], "5": [427.2, 386.7, 452.0], "6": [507.83693237324957, 383.4751709976164, 184.0], "7": [461.9, 387.1, 107.0], "8": [390.0, 384.9, 214.0], "9": [493.2, 383.5, 294.0], "10": [575.3, 383.7, 198.0], "11": [576.2, 378.2, 181.0], "12": [528.5559835858488, 379.74574177934846, 227.0], "13": [550.932558895456, 382.2320279248604, 501.0]}