{"1" : [1653.2, 484.1, 17.037504620408914], "3" : [1586.3, 494.6, 106.03750462040891], "5" : [1590.0, 499.5, 24.037504620408914], "7" : [1727.9, 495.4, 110.03750462040891], "9" : [1725.0, 494.2, 131.03750462040892], "11" : [528.2, 529.8, 107.03750462040891], "13" : [532.9, 549.7, 22.037504620408914], "15" : [424.3, 570.2, 341.0375046204089], "17" : [404.8, 571.1, 77.03750462040891], "19" : [1637.1, 474.4, 142.03750462040892], "21" : [1629.0, 473.7, 70.03750462040891], "23" : [559.6, 549.3, 190.03750462040892], "25" : [563.7, 550.4, 23.037504620408914], "27" : [677.6, 558.5, 161.03750462040892], "29" : [677.1, 559.9, 30.037504620408914], "31" : [849.5, 559.3, 256.0375046204089], "33" : [848.1, 562.3, 23.037504620408914], "35" : [974.9, 558.9, 257.0375046204089], "37" : [978.8, 554.9, 23.037504620408914], "39" : [1102.8, 571.2, 212.03750462040892], "41" : [1105.5, 573.4, 17.037504620408914], "43" : [1055.0, 567.3, 202.03750462040892], "45" : [1062.1, 577.8, 28.037504620408914], "47" : [1224.6, 586.5, 234.03750462040892], "49" : [1229.2, 601.8, 24.037504620408914], "51" : [1350.9, 601.0, 225.03750462040892], "53" : [1348.7, 605.0, 29.037504620408914], "55" : [1511.1, 609.2, 216.03750462040892], "57" : [1503.1, 596.0, 42.03750462040892], "59" : [1124.2, 525.5, 156.03750462040892], "61" : [1123.9, 521.4, 20.037504620408914], "63" : [1064.2, 512.1, 247.03750462040892], "65" : [1063.6, 514.2, 64.03750462040891], "67" : [957.8, 533.5, 557.0375046204089], "69" : [961.7, 534.1, 48.03750462040892], "71" : [358.1, 445.5, 119.03750462040891], "73" : [361.9, 451.3, 18.037504620408914], "75" : [286.9, 466.6, 266.0375046204089], "77" : [291.8, 468.7, 21.037504620408914], "79" : [394.3, 457.5, 162.03750462040892], "81" : [391.6, 458.8, 27.037504620408914], "83" : [557.5, 450.8, 103.03750462040891], "85" : [552.2, 452.2, 147.03750462040892], "87" : [635.6, 447.2, 120.03750462040891], "89" : [642.2, 462.5, 23.037504620408914]}