{"1" : [1130.0, 503.0, 23.128087937511108], "3" : [1253.3, 495.2, 211.1280879375111], "5" : [1250.7, 496.7, 41.12808793751111], "7" : [920.4, 610.6, 138.1280879375111], "9" : [929.7, 591.4, 215.1280879375111], "11" : [960.5, 555.1, 266.1280879375111], "13" : [954.8, 563.8, 545.128087937511], "15" : [973.8, 512.0, 296.1280879375111], "17" : [967.3, 536.8, 19.128087937511108], "19" : [919.7, 590.1, 49.12808793751111], "21" : [919.6, 591.3, 45.12808793751111], "23" : [1290.1, 486.8, 200.1280879375111], "25" : [972.0, 532.0, 237.1280879375111], "27" : [968.0, 547.0, 171.1280879375111], "29" : [980.7, 442.0, 143.1280879375111], "31" : [985.3, 453.0, 46.12808793751111], "33" : [597.4, 425.9, 168.1280879375111], "35" : [609.0, 434.0, 23.128087937511108], "37" : [490.5, 454.1, 248.1280879375111], "39" : [487.1, 471.4, 14.128087937511108], "41" : [446.4, 479.6, 163.1280879375111], "43" : [442.8, 481.1, 197.1280879375111], "45" : [539.3, 428.8, 334.1280879375111], "47" : [548.4, 434.3, 18.128087937511108], "49" : [615.7, 433.3, 183.1280879375111], "51" : [612.8, 443.1, 16.128087937511108], "53" : [557.9, 451.9, 175.1280879375111], "55" : [559.1, 446.9, 21.128087937511108], "57" : [647.3, 440.8, 207.1280879375111], "59" : [644.2, 445.9, 19.128087937511108], "61" : [727.2, 452.2, 236.1280879375111], "63" : [732.6, 453.0, 22.128087937511108], "65" : [839.8, 449.9, 554.128087937511], "67" : [843.3, 448.5, 23.128087937511108], "69" : [963.7, 451.1, 353.1280879375111], "71" : [957.0, 453.0, 30.128087937511108], "73" : [1124.9, 432.7, 265.1280879375111], "75" : [1122.9, 432.6, 20.128087937511108], "77" : [1217.4, 422.7, 268.1280879375111], "79" : [1216.1, 421.7, 24.128087937511108], "81" : [1371.8, 413.7, 394.1280879375111], "83" : [1378.8, 411.5, 20.128087937511108], "85" : [1469.9, 406.3, 257.1280879375111], "87" : [1472.1, 388.0, 29.128087937511108], "89" : [1627.9, 429.5, 157.1280879375111], "91" : [1669.1, 471.5, 11.128087937511108], "93" : [1625.3, 457.7, 150.1280879375111], "95" : [1625.6, 431.1, 43.12808793751111], "97" : [1176.1, 379.6, 231.1280879375111], "99" : [1186.1, 362.4, 22.128087937511108], "101" : [1084.9, 374.0, 89.12808793751111]}