{"1" : [1133.4, 477.2, 294.3501309578669], "3" : [1126.1, 473.1, 21.350130957866917], "5" : [1227.4, 472.4, 216.35013095786692], "7" : [1224.9, 467.4, 15.350130957866917], "9" : [1157.6, 473.2, 181.35013095786692], "11" : [1158.5, 475.0, 28.350130957866917], "13" : [1255.5, 477.6, 316.3501309578669], "15" : [1257.4, 477.2, 218.35013095786692], "17" : [951.6, 543.3, 314.3501309578669], "19" : [958.3, 546.4, 10.350130957866917], "21" : [982.6, 543.2, 300.3501309578669], "23" : [979.3, 545.8, 16.350130957866917], "25" : [935.2, 497.2, 169.35013095786692], "27" : [929.1, 490.9, 13.350130957866917], "29" : [889.9, 481.5, 165.35013095786692], "31" : [888.6, 474.2, 23.350130957866917], "33" : [842.4, 490.0, 175.35013095786692], "35" : [834.9, 490.4, 31.350130957866913], "37" : [1029.6, 467.1, 166.35013095786692], "39" : [1037.6, 457.4, 12.350130957866917], "41" : [1065.0, 473.2, 137.35013095786692], "43" : [1065.3, 475.0, 31.350130957866913], "45" : [931.1, 573.3, 351.3501309578669]}