{"1" : [934.5, 499.3, 22.50555783782623], "3" : [899.1, 424.6, 267.50555783782625], "5" : [907.5, 427.2, 18.50555783782623], "7" : [972.3, 442.0, 239.50555783782622], "9" : [978.5, 449.1, 23.50555783782623], "11" : [1096.5, 466.4, 100.50555783782623], "13" : [1096.9, 471.0, 757.5055578378262], "15" : [964.8, 520.1, 574.5055578378262], "17" : [957.3, 534.7, 37.50555783782623], "19" : [823.9, 390.0, 183.50555783782622], "21" : [824.3, 388.0, 21.50555783782623], "23" : [738.0, 396.6, 142.50555783782622], "25" : [736.4, 399.8, 48.50555783782623], "27" : [1117.7, 417.3, 159.50555783782622], "29" : [1119.5, 419.5, 24.50555783782623], "31" : [1230.9, 414.7, 137.50555783782622], "33" : [1231.7, 415.4, 46.50555783782623], "35" : [900.8, 469.5, 222.50555783782622], "37" : [898.5, 473.7, 17.50555783782623], "39" : [857.4, 397.9, 246.50555783782622], "41" : [861.2, 394.9, 26.50555783782623], "43" : [1005.7, 404.0, 185.50555783782622], "45" : [1008.0, 405.4, 22.50555783782623], "47" : [1104.8, 410.7, 181.50555783782622], "49" : [1109.2, 411.7, 25.50555783782623], "51" : [1255.3, 422.9, 141.50555783782622], "53" : [1253.1, 425.3, 44.50555783782623], "55" : [942.3, 539.1, 165.50555783782622], "57" : [939.2, 538.7, 13.505557837826231], "59" : [907.8, 532.3, 89.50555783782623], "61" : [915.3, 543.4, 177.50555783782622], "63" : [1025.9, 517.3, 197.50555783782622], "65" : [1022.2, 516.7, 25.50555783782623], "67" : [889.3, 581.0, 288.50555783782625], "69" : [885.3, 577.8, 18.50555783782623], "71" : [984.5, 583.2, 290.50555783782625], "73" : [982.5, 592.0, 20.50555783782623], "75" : [925.1, 647.8, 205.50555783782622], "77" : [927.4, 621.9, 9.505557837826231], "79" : [930.0, 587.3, 159.50555783782622], "81" : [928.4, 575.8, 40.50555783782623], "83" : [752.1, 374.4, 140.50555783782622], "85" : [928.4, 575.8, 23.50555783782623], "87" : [749.5, 377.7, 74.50555783782623], "89" : [751.3, 376.7, 30.50555783782623], "91" : [940.7, 356.1, 184.50555783782622], "93" : [938.8, 354.4, 20.50555783782623], "95" : [850.3, 365.4, 224.50555783782622]}