{"1" : [964.1, 540.0, 555.404190643974], "3" : [966.7, 535.7, 36.40419064397397], "5" : [787.9, 457.5, 67.40419064397396], "7" : [786.7, 456.6, 25.40419064397397], "9" : [686.6, 442.2, 153.40419064397398], "11" : [688.6, 437.1, 23.40419064397397], "13" : [619.2, 445.7, 72.40419064397396], "15" : [616.3, 446.9, 28.40419064397397], "17" : [766.3, 445.3, 84.40419064397396], "19" : [766.0, 445.9, 34.40419064397397], "21" : [975.7, 465.1, 102.40419064397396], "23" : [975.7, 465.6, 24.40419064397397], "25" : [1093.4, 471.5, 200.40419064397398], "27" : [1097.0, 473.7, 21.40419064397397], "29" : [1147.9, 464.6, 51.40419064397397], "31" : [1144.9, 464.9, 26.40419064397397], "33" : [1232.9, 465.4, 212.40419064397398], "35" : [1232.3, 466.8, 39.40419064397397], "37" : [952.9, 563.6, 134.40419064397398]}