{"1": [601.9296897903876, 222.08294068787256, 124.0], "2": [338.4, 137.0, 176.0], "3": [264.5, 137.0, 157.0], "4": [446.2892346162386, 134.5351846524137, 137.0], "5": [580.1, 137.0, 292.0], "6": [705.6899932398203, 132.37351166388385, 196.0], "7": [556.4, 137.0, 170.0], "8": [741.8, 137.0, 180.0], "9": [925.0, 137.0, 193.0], "10": [1030.4, 137.0, 185.0], "11": [1204.5, 137.0, 166.0], "12": [1380.4, 137.0, 375.0], "13": [1493.5, 137.0, 214.0], "14": [1617.9159943994157, 133.45434815814883, 207.0], "15": [1597.380101008382, 134.5351846524137, 101.0], "16": [286.6, 223.0, 160.0], "17": [220.6, 223.0, 162.0], "18": [435.8, 223.0, 336.0], "19": [610.9, 223.0, 158.0], "20": [802.7, 223.0, 216.0], "21": [994.0, 223.0, 212.0], "22": [1217.7, 223.0, 241.0], "23": [1130.9, 223.0, 394.0], "24": [1232.3, 223.0, 137.0], "25": [1491.6, 223.0, 188.0], "26": [1579.7, 223.0, 232.0], "27": [1580.0, 223.0, 102.0], "28": [285.0, 309.0, 144.0], "29": [216.4, 309.0, 272.0], "30": [438.1, 309.0, 184.0], "31": [631.4, 309.0, 159.0], "32": [826.4, 309.0, 278.0], "33": [926.2, 309.0, 136.0], "34": [1112.3, 309.0, 405.0], "35": [1254.7, 309.0, 268.0], "36": [1463.5, 309.0, 264.0], "37": [1622.9, 309.0, 192.0], "38": [1692.4937125036954, 307.46902373480145, 104.0], "39": [314.4, 395.0, 151.0], "40": [221.9, 395.0, 157.0], "41": [528.4, 395.0, 359.0], "42": [476.8, 395.0, 187.0], "43": [583.7, 395.0, 212.0], "44": [704.4, 395.0, 195.0], "45": [516.8, 395.0, 280.0], "46": [669.8, 395.0, 249.0], "47": [929.3, 395.0, 253.0], "48": [1096.4, 395.0, 170.0], "49": [1249.6, 395.0, 183.0], "50": [1439.5, 395.0, 339.0], "51": [1360.6, 395.0, 132.0], "52": [1577.0, 395.0, 281.0], "53": [1687.9, 395.0, 107.0], "54": [248.7, 481.0, 287.0], "55": [330.2, 481.0, 206.0], "56": [466.9, 481.0, 213.0], "57": [594.1, 481.0, 197.0], "58": [757.0, 481.0, 246.0], "59": [940.1, 481.0, 242.0], "60": [1132.8, 481.0, 246.0], "61": [1297.0, 481.0, 270.0], "62": [1474.6, 481.0, 173.0], "63": [1614.9, 481.0, 157.0], "64": [1690.3320395151657, 478.24118982865934, 142.0], "65": [1714.1104423889938, 480.4028628171892, 109.0], "66": [292.9, 567.0, 144.0], "67": [229.0, 567.0, 235.0], "68": [368.2, 567.0, 198.0], "69": [512.7, 567.0, 160.0], "70": [715.4, 567.0, 225.0], "71": [980.7, 567.0, 200.0], "72": [1248.9, 567.0, 225.0], "73": [1166.5, 567.0, 152.0], "74": [1448.3, 567.0, 299.0], "75": [1572.7, 567.0, 147.0], "76": [1469.7, 567.0, 246.0], "77": [1692.9, 567.0, 156.0], "78": [1691.2, 567.0, 105.0], "79": [299.4, 653.0, 169.0], "80": [229.0, 653.0, 169.0], "81": [419.5, 653.0, 269.0], "82": [504.6, 653.0, 255.0], "83": [689.7, 653.0, 220.0], "84": [650.9, 653.0, 141.0], "85": [822.2, 653.0, 270.0], "86": [983.4649722659055, 651.1750289110471, 105.0], "87": [1011.5667211167936, 654.4175383938418, 169.0], "88": [1150.1, 653.0, 163.0], "89": [1273.8, 653.0, 186.0], "90": [1442.4, 653.0, 188.0], "91": [1610.9, 653.0, 244.0], "92": [304.6996538675336, 739.8036214407707, 138.0], "93": [214.1, 739.0, 258.0], "94": [387.8, 739.0, 331.0], "95": [481.2, 739.0, 267.0], "96": [744.2, 739.0, 284.0], "97": [806.9, 739.0, 146.0], "98": [987.4, 739.0, 271.0], "99": [1186.9, 739.0, 166.0], "100": [1448.3, 739.0, 277.0], "101": [1657.8, 739.0, 208.0], "102": [361.3, 825.0, 121.0], "103": [248.8, 825.0, 294.0], "104": [529.9, 825.0, 306.0], "105": [451.7, 825.0, 178.0], "106": [855.1, 825.0, 165.0], "107": [1136.3, 825.0, 320.0], "108": [1437.6, 825.0, 307.0], "109": [1596.3, 825.0, 168.0], "110": [631.9, 911.0, 179.0], "111": [603.3, 911.0, 119.0], "112": [928.4, 911.0, 232.0], "113": [1243.0, 911.0, 251.0], "114": [1154.7, 911.0, 503.0]}