{"1" : [1695.9, 525.6, 44.92883858986951], "3" : [1251.2, 511.8, 293.9288385898695], "5" : [1253.1, 512.2, 158.9288385898695], "7" : [261.4, 520.6, 63.9288385898695], "9" : [966.5, 552.0, 570.9288385898695], "11" : [970.5, 554.3, 54.92883858986951], "13" : [396.3, 539.8, 112.92883858986951], "15" : [396.6, 540.0, 26.928838589869507], "17" : [275.9, 542.4, 240.9288385898695], "19" : [276.0, 543.8, 24.928838589869507], "21" : [425.9, 539.7, 281.9288385898695], "23" : [430.2, 540.5, 38.92883858986951], "25" : [306.7, 538.4, 175.9288385898695], "27" : [308.7, 538.8, 22.928838589869507], "29" : [259.9, 534.3, 181.9288385898695], "31" : [260.4, 534.9, 34.92883858986951], "33" : [428.2, 533.3, 190.9288385898695], "35" : [425.1, 533.9, 33.92883858986951], "37" : [518.5, 536.5, 174.9288385898695], "39" : [514.9, 537.2, 18.928838589869507], "41" : [491.9, 534.0, 176.9288385898695], "43" : [491.1, 532.9, 37.92883858986951], "45" : [701.5, 524.7, 180.9288385898695], "47" : [701.5, 523.2, 21.928838589869507], "49" : [663.7, 530.4, 290.9288385898695], "51" : [661.7, 529.3, 27.928838589869507], "53" : [718.4, 523.6, 185.9288385898695], "55" : [717.6, 523.0, 22.928838589869507], "57" : [800.3, 523.6, 288.9288385898695], "59" : [801.3, 527.5, 23.928838589869507], "61" : [936.4, 524.8, 327.9288385898695], "63" : [932.3, 526.0, 35.92883858986951], "65" : [1123.8, 521.7, 337.9288385898695], "67" : [1122.8, 522.4, 23.928838589869507], "69" : [1256.2, 518.9, 298.9288385898695], "71" : [1253.9, 522.2, 23.928838589869507], "73" : [1380.7, 523.9, 213.9288385898695], "75" : [1375.3, 526.2, 23.928838589869507], "77" : [1491.2, 530.9, 171.9288385898695], "79" : [1493.6, 534.5, 22.928838589869507], "81" : [1610.5, 528.1, 170.9288385898695], "83" : [1608.6, 527.8, 16.928838589869507], "85" : [1565.9, 529.0, 195.9288385898695]}