{"1" : [1112.1, 530.6, 8.153666395062626], "3" : [1095.6, 530.9, 167.15366639506263], "5" : [1097.2, 524.8, 38.15366639506262], "7" : [967.8, 548.1, 580.1536663950626], "9" : [962.8, 555.1, 45.15366639506262], "11" : [650.9, 516.0, 56.15366639506262], "13" : [646.5, 515.7, 38.15366639506262], "15" : [493.7, 501.7, 413.1536663950626], "17" : [510.5, 498.5, 46.15366639506262], "19" : [594.3, 502.0, 101.15366639506263], "21" : [592.6, 500.4, 178.15366639506263], "23" : [489.3, 501.1, 37.15366639506262], "25" : [592.6, 500.4, 39.15366639506262], "27" : [470.3, 500.4, 182.15366639506263], "29" : [475.8, 503.5, 120.15366639506263], "31" : [614.0, 511.9, 289.1536663950626], "33" : [617.1, 512.1, 26.153666395062626], "35" : [738.8, 516.6, 171.15366639506263], "37" : [737.7, 519.8, 23.153666395062626], "39" : [834.1, 530.4, 230.15366639506263], "41" : [832.3, 532.2, 24.153666395062626], "43" : [937.2, 535.7, 104.15366639506263], "45" : [942.6, 534.7, 235.15366639506263], "47" : [1030.7, 531.8, 76.15366639506263], "49" : [1011.0, 523.4, 40.15366639506262], "51" : [960.3, 534.8, 178.15366639506263], "53" : [1011.0, 523.4, 31.153666395062626], "55" : [958.8, 532.5, 242.15366639506263], "57" : [958.9, 532.5, 22.153666395062626], "59" : [1065.4, 536.6, 333.1536663950626], "61" : [1060.6, 535.0, 26.153666395062626], "63" : [1180.2, 539.5, 192.15366639506263], "65" : [1182.4, 542.3, 21.153666395062626], "67" : [1255.7, 541.2, 167.15366639506263], "69" : [1256.0, 540.7, 23.153666395062626], "71" : [1345.7, 533.6, 160.15366639506263], "73" : [1348.4, 532.2, 27.153666395062626], "75" : [1136.9, 536.6, 205.15366639506263], "77" : [1136.2, 536.1, 35.15366639506262], "79" : [830.2, 529.7, 204.15366639506263], "81" : [825.5, 528.2, 106.15366639506263], "83" : [827.6, 534.7, 89.15366639506263], "85" : [829.7, 537.1, 26.153666395062626], "87" : [976.7, 539.4, 160.15366639506263], "89" : [979.3, 538.8, 130.15366639506263], "91" : [644.0, 516.8, 289.1536663950626], "93" : [806.1, 530.6, 39.15366639506262], "95" : [821.0, 532.3, 49.15366639506262], "97" : [806.1, 530.6, 71.15366639506263], "99" : [824.4, 529.6, 27.153666395062626], "101" : [827.7, 527.2, 37.15366639506262]}