{"1" : [1024.2, 576.5, 126.79521389716247], "3" : [1020.1, 581.7, 42.79521389716248], "5" : [1334.9, 569.8, 189.79521389716248], "7" : [1332.4, 572.1, 72.79521389716248], "9" : [291.7, 487.9, 178.79521389716248], "11" : [301.3, 487.3, 15.795213897162482], "13" : [356.9, 476.2, 110.79521389716248], "15" : [352.0, 477.1, 39.79521389716248], "17" : [707.0, 475.8, 175.79521389716248], "19" : [707.4, 476.7, 26.79521389716248], "21" : [554.7, 478.9, 68.79521389716248], "23" : [957.3, 538.7, 622.7952138971625], "25" : [955.8, 550.8, 46.79521389716248], "27" : [575.0, 490.9, 93.79521389716248], "29" : [582.7, 494.2, 43.79521389716248], "31" : [204.9, 501.4, 252.79521389716248], "33" : [206.4, 503.2, 32.79521389716248], "35" : [451.0, 494.7, 201.79521389716248], "37" : [449.1, 494.8, 22.79521389716248], "39" : [355.9, 496.2, 90.79521389716248], "41" : [360.2, 495.4, 33.79521389716248], "43" : [645.9, 501.6, 75.79521389716248], "45" : [640.8, 499.5, 35.79521389716248], "47" : [925.5, 496.7, 224.79521389716248], "49" : [925.5, 503.4, 20.79521389716248], "51" : [1018.5, 488.8, 239.79521389716248], "53" : [1013.4, 482.5, 20.79521389716248], "55" : [1101.4, 476.4, 107.79521389716248], "57" : [1098.1, 469.8, 31.79521389716248], "59" : [1250.1, 485.5, 237.79521389716248], "61" : [1249.7, 477.9, 38.79521389716248], "63" : [1518.8, 485.7, 275.79521389716245], "65" : [1515.1, 486.1, 28.79521389716248], "67" : [1677.7, 479.8, 176.79521389716248], "69" : [1680.0, 481.0, 61.79521389716248], "71" : [852.5, 558.7, 139.79521389716248]}