{"1" : [691.4084137580217, 166.46355174583192, 107.0], "3" : [688.2741952793031, 91.86451717971126, 124.0], "5" : [688.2741952793031, 91.86451717971126, 124.0], "7" : [644.4535268719137, 76.51535367328854, 241.0], "9" : [644.4535268719137, 76.51535367328854, 241.0], "11" : [734.5931051825339, 67.68851070206577, 87.0], "13" : [798.2453397559692, 78.1940696904118, 236.0], "15" : [910.4437004568244, 73.89333647374366, 270.0], "17" : [982.9788707806018, 76.0089237365023, 213.0], "19" : [982.9788707806018, 76.0089237365023, 213.0], "21" : [1051.8448978036085, 80.5025506106989, 196.0], "23" : [1089.3931052182954, 80.20603428390567, 116.0], "25" : [678.031204962982, 107.1780137820943, 282.0], "27" : [850.7852276414101, 109.83636726413225, 176.0], "29" : [822.6566413160156, 107.62566416403847, 226.0], "31" : [822.6566413160156, 107.62566416403847, 226.0], "33" : [904.0388895527941, 110.37407802621263, 162.0], "35" : [976.3868131845015, 116.79780268912018, 91.0], "37" : [969.0754594479117, 117.7319008179317, 163.0], "39" : [1017.2077903570164, 118.64545541668825, 154.0], "41" : [627.3329007811791, 149.75000226389636, 310.0], "43" : [599.4956328142523, 152.0289617368984, 183.0], "45" : [746.8746365892263, 145.76992562542833, 276.0], "47" : [704.5137363536862, 148.86868415132466, 182.0], "49" : [704.5137363536862, 148.86868415132466, 182.0], "51" : [803.6240012676859, 147.3188023648159, 250.0], "53" : [707.3698944498601, 147.8446261316341, 186.0], "55" : [707.3698944498601, 147.8446261316341, 186.0], "57" : [864.7295689092493, 152.58548274480637, 186.0], "59" : [864.7295689092493, 152.58548274480637, 186.0], "61" : [832.6582853222487, 149.15143062054582, 175.0], "63" : [937.5318210325478, 153.90318338230665, 220.0], "65" : [984.1212500012691, 163.15749674014322, 160.0], "67" : [984.1212500012691, 163.15749674014322, 160.0], "69" : [1097.276690126464, 168.13175961625458, 296.0], "71" : [754.6669896790363, 186.2145625892257, 103.0], "73" : [757.2259678228702, 188.56850785211253, 181.0], "75" : [739.8953758154689, 186.69306464076297, 173.0], "77" : [739.8953758154689, 186.69306464076297, 173.0], "79" : [814.1833354930945, 184.97727565601156, 66.0], "81" : [884.4102658835382, 192.25133992485678, 224.0], "83" : [626.0124264650605, 258.8491131208011, 169.0], "85" : [626.0124264650605, 258.8491131208011, 169.0], "87" : [601.837365458276, 254.1073707076834, 190.0], "89" : [738.844656829232, 250.1332087437835, 262.0], "91" : [677.5118318962977, 247.58548390249712, 186.0], "93" : [762.9856103155238, 246.49741682316153, 271.0], "95" : [831.1013810643224, 246.21655286974433, 145.0], "97" : [829.9740001246222, 242.56000303307786, 100.0], "99" : [918.8086941030866, 257.26434741306764, 115.0], "101" : [918.8086941030866, 257.26434741306764, 115.0], "103" : [959.4790190391774, 269.34106896855775, 224.0], "105" : [1035.6476788343386, 275.4786413744232, 323.0], "107" : [963.2327010426749, 271.4540282024275, 211.0], "109" : [1086.9066966615062, 277.46459556882917, 209.0], "111" : [1035.2417473472074, 270.59741003326945, 309.0], "113" : [613.4790865753494, 283.17254653726053, 153.0], "115" : [661.0143539007113, 285.49907349544327, 216.0], "117" : [756.1197979337372, 291.5634565151442, 197.0], "119" : [756.1197979337372, 291.5634565151442, 197.0], "121" : [716.7459820667322, 290.672320876954, 224.0], "123" : [716.7459820667322, 290.672320876954, 224.0], "125" : [716.7459820667322, 290.672320876954, 224.0], "127" : [841.5779081192242, 288.2430204396812, 86.0], "129" : [855.4204423995725, 298.23079054021207, 406.0], "131" : [855.4204423995725, 298.23079054021207, 406.0], "133" : [859.8355752949059, 301.4798070317535, 104.0], "135" : [1020.4989026751946, 315.2494497210105, 273.0], "137" : [1005.2813083254484, 310.5280368734075, 107.0], "139" : [1005.2813083254484, 310.5280368734075, 107.0], "141" : [1071.4580226207013, 311.31913447680313, 162.0], "143" : [609.1295102203428, 312.2530051592234, 183.0], "145" : [566.1851607358512, 322.1332184502309, 283.0], "147" : [653.1825881236081, 322.58380625855665, 247.0], "149" : [653.1825881236081, 322.58380625855665, 247.0], "151" : [653.1825881236081, 322.58380625855665, 247.0], "153" : [749.1166668330255, 321.8650046839929, 120.0], "155" : [798.0361707302028, 326.31829877628365, 235.0], "157" : [798.0361707302028, 326.31829877628365, 235.0], "159" : [903.6682016928555, 329.3409984165671, 239.0], "161" : [903.6682016928555, 329.3409984165671, 239.0], "163" : [947.8189721652473, 329.26512414088904, 195.0], "165" : [947.8189721652473, 329.26512414088904, 195.0], "167" : [1008.024657351577, 334.6828758321652, 146.0], "169" : [729.3609091654295, 343.2773370677053, 353.0], "171" : [793.1010011717483, 347.7366661235062, 300.0], "173" : [907.248609297796, 354.27083099675707, 216.0], "175" : [879.3875069625501, 356.9616095241096, 112.0], "177" : [1002.7483827701145, 362.84139952270897, 186.0], "179" : [602.7688157175068, 406.4691737038457, 279.0], "181" : [675.427110251409, 410.39244167197916, 225.0], "183" : [638.3232571899168, 410.5403071679634, 129.0], "185" : [638.3232571899168, 410.5403071679634, 129.0], "187" : [749.85934896908, 406.44878085544775, 246.0], "189" : [834.602941389486, 407.63137274155343, 102.0], "191" : [854.57128106883, 414.3569239631309, 195.0], "193" : [1007.4726159196896, 420.4849236287303, 325.0], "195" : [1096.0183230900764, 418.80062150625685, 322.0], "197" : [1140.7271278656845, 421.6038760525415, 129.0], "199" : [684.7046538070282, 418.7776746108753, 215.0], "201" : [754.1176280530117, 433.1137828971712, 312.0], "203" : [755.138890259169, 433.30092677352013, 108.0], "205" : [823.7648201932711, 433.3629640129514, 378.0], "207" : [823.7648201932711, 433.3629640129514, 378.0], "209" : [857.7164682412715, 430.84293942318266, 170.0], "211" : [857.7164682412715, 430.84293942318266, 170.0], "213" : [923.3640290081705, 436.76906277054053, 139.0], "215" : [1022.1860886048847, 445.3773875412172, 230.0], "217" : [887.5440192871381, 435.8679417089471, 209.0], "219" : [889.229587773317, 434.49644961612506, 169.0], "221" : [996.5460089269415, 443.67276195195427, 213.0], "223" : [996.5460089269415, 443.67276195195427, 213.0], "225" : [1054.2716734100975, 446.3971080989362, 173.0], "227" : [691.4522869158393, 454.55032694223405, 153.0], "229" : [691.4522869158393, 454.55032694223405, 153.0], "231" : [641.2575510367454, 459.9628566813332, 245.0], "233" : [641.2575510367454, 459.9628566813332, 245.0], "235" : [730.8294375541576, 460.2717727358111, 248.0], "237" : [730.8294375541576, 460.2717727358111, 248.0], "239" : [730.8294375541576, 460.2717727358111, 248.0], "241" : [844.0569273431734, 459.4843836072909, 397.0], "243" : [844.0569273431734, 459.4843836072909, 397.0], "245" : [947.0512790666917, 467.64999989982624, 78.0], "247" : [946.9855673975775, 468.8859090710385, 291.0], "249" : [1003.6075519777788, 475.02109513296756, 384.0], "251" : [1070.418748910576, 474.8531268776933, 192.0], "253" : [1101.687501003384, 475.50875246276325, 160.0], "255" : [667.5299512910535, 491.637736462524, 424.0], "257" : [667.5299512910535, 491.637736462524, 424.0], "259" : [667.5299512910535, 491.637736462524, 424.0], "261" : [711.2103256064313, 496.12336728270293, 184.0], "263" : [711.2103256064313, 496.12336728270293, 184.0], "265" : [761.0741694695205, 499.16434186338114, 631.0], "267" : [649.2736814658602, 506.87368265365143, 57.0], "269" : [654.5757281194815, 505.96698817659353, 103.0], "271" : [827.0160393136746, 506.39874549572306, 399.0], "273" : [889.0626873661138, 502.22239044360214, 134.0], "275" : [939.668366698809, 510.3071416609796, 98.0], "277" : [939.668366698809, 510.3071416609796, 98.0], "279" : [870.7855107922178, 499.8788898249583, 559.0], "281" : [943.2721946316922, 506.15018090876845, 277.0], "283" : [943.2721946316922, 506.15018090876845, 277.0], "285" : [1018.3684188341247, 511.2688263343933, 247.0], "287" : [1052.7600742878708, 516.7494494214848, 273.0], "289" : [640.8680683212618, 559.8873958363905, 119.0],