{"1" : [950.1, 545.2, 33.860133540640206], "3" : [762.5, 476.1, 180.8601335406402], "5" : [767.8, 473.1, 10.860133540640202], "7" : [789.1, 463.4, 134.8601335406402], "9" : [787.7, 464.2, 28.860133540640202], "11" : [661.9, 446.1, 82.8601335406402], "13" : [657.7, 442.2, 209.8601335406402], "15" : [933.7, 447.3, 159.8601335406402], "17" : [928.6, 454.7, 33.860133540640206], "19" : [1086.8, 468.4, 287.8601335406402], "21" : [1088.6, 471.5, 14.860133540640202], "23" : [1023.7, 472.9, 242.8601335406402], "25" : [1020.2, 471.8, 18.860133540640202], "27" : [954.5, 518.8, 179.8601335406402], "29" : [953.5, 519.3, 12.860133540640202], "31" : [925.0, 522.6, 490.8601335406402], "33" : [926.6, 496.4, 234.8601335406402], "35" : [1166.9, 442.4, 338.8601335406402], "37" : [1161.7, 433.7, 39.860133540640206], "39" : [979.9, 512.0, 264.8601335406402], "41" : [978.1, 500.0, 291.8601335406402], "43" : [952.4, 502.1, 288.8601335406402], "45" : [952.4, 502.9, 15.8601335406402], "47" : [1004.9, 556.5, 374.8601335406402], "49" : [1002.5, 572.8, 23.860133540640202]}