{"1" : [1078.1, 530.9, 13.787147366880784], "3" : [1050.5, 531.7, 292.7871473668808], "5" : [1050.5, 531.1, 30.787147366880784], "7" : [852.5, 545.5, 198.7871473668808], "9" : [862.7, 544.6, 15.787147366880784], "11" : [903.4, 541.4, 35.78714736688079], "13" : [960.4, 537.6, 762.7871473668807], "15" : [969.1, 532.8, 34.78714736688079], "17" : [769.7, 438.7, 184.7871473668808], "19" : [774.2, 437.7, 15.787147366880784], "21" : [835.9, 440.2, 168.7871473668808], "23" : [836.4, 441.6, 17.787147366880784], "25" : [896.3, 442.5, 184.7871473668808], "27" : [894.4, 445.2, 20.787147366880784], "29" : [974.5, 446.0, 218.7871473668808], "31" : [969.3, 442.7, 21.787147366880784], "33" : [1025.1, 441.2, 147.7871473668808], "35" : [1021.1, 438.2, 20.787147366880784], "37" : [1083.8, 438.7, 377.7871473668808], "39" : [1076.6, 442.7, 34.78714736688079], "41" : [913.0, 516.7, 242.7871473668808], "43" : [905.6, 505.7, 171.7871473668808], "45" : [912.4, 504.9, 464.7871473668808], "47" : [920.4, 509.1, 58.78714736688079], "49" : [479.7, 852.5, 68.78714736688079], "51" : [477.8, 848.4, 756.7871473668807], "53" : [883.3, 1370.5, 238.7871473668808], "55" : [883.5, 1383.3, 54.78714736688079], "57" : [867.9, 719.9, 111.78714736688079], "59" : [867.7, 724.0, 25.787147366880784], "61" : [897.5, 533.1, 169.7871473668808], "63" : [886.3, 536.3, 10.787147366880784], "65" : [895.2, 525.1, 292.7871473668808], "67" : [892.4, 529.4, 19.787147366880784], "69" : [871.3, 518.7, 443.7871473668808], "71" : [872.9, 519.4, 1028.7871473668808], "73" : [810.8, 560.9, 245.7871473668808], "75" : [817.8, 579.2, 25.787147366880784], "77" : [924.8, 500.1, 699.7871473668807], "79" : [925.8, 505.6, 644.7871473668807], "81" : [854.2, 467.5, 344.7871473668808], "83" : [862.7, 473.4, 25.787147366880784], "85" : [762.3, 435.8, 427.7871473668808], "87" : [766.2, 432.0, 25.787147366880784]}