{"1" : [255.6, 610.5, 156.90445061740334], "3" : [236.2, 546.3, 389.9044506174033], "5" : [310.5, 698.4, 232.90445061740334], "7" : [304.8, 540.8, 15.90445061740333], "9" : [373.2, 510.9, 197.90445061740334], "11" : [376.1, 494.6, 19.904450617403327], "13" : [452.0, 497.7, 122.90445061740333], "15" : [445.0, 485.2, 229.90445061740334], "17" : [451.3, 662.5, 119.90445061740333], "19" : [444.5, 616.3, 355.9044506174033], "21" : [571.1, 547.7, 266.9044506174033], "23" : [564.6, 468.5, 17.904450617403327], "25" : [615.7, 468.7, 67.90445061740333], "27" : [614.5, 473.9, 172.90445061740334], "29" : [671.7, 489.2, 125.90445061740333], "31" : [668.2, 452.9, 22.904450617403327], "33" : [785.8, 469.2, 242.90445061740334], "35" : [787.9, 469.5, 18.904450617403327], "37" : [862.5, 477.7, 343.9044506174033], "39" : [858.4, 483.0, 16.904450617403327], "41" : [793.9, 491.3, 196.90445061740334], "43" : [795.2, 493.5, 28.904450617403327], "45" : [973.3, 495.4, 140.90445061740334], "47" : [971.1, 488.1, 217.90445061740334], "49" : [1039.8, 582.4, 85.90445061740333], "51" : [1038.9, 509.7, 21.904450617403327], "53" : [1114.8, 519.3, 359.9044506174033], "55" : [1106.9, 532.6, 25.904450617403327], "57" : [1239.5, 513.2, 221.90445061740334], "59" : [1243.3, 512.1, 21.904450617403327], "61" : [1329.4, 506.3, 248.90445061740334], "63" : [1330.2, 508.7, 25.904450617403327], "65" : [1447.6, 498.7, 263.9044506174033], "67" : [1448.4, 500.5, 16.904450617403327], "69" : [1497.5, 498.6, 169.90445061740334], "71" : [1500.7, 500.7, 22.904450617403327], "73" : [1607.1, 489.0, 96.90445061740333], "75" : [1611.1, 481.9, 191.90445061740334], "77" : [967.4, 568.5, 294.9044506174033], "79" : [965.1, 579.6, 250.90445061740334], "81" : [960.9, 669.1, 85.90445061740333]}