{"1" : [870.2, 452.6, 24.971007359842737], "3" : [1001.5, 466.3, 262.97100735984276], "5" : [1006.5, 468.8, 20.971007359842737], "7" : [1092.8, 483.2, 189.97100735984273], "9" : [1089.4, 491.8, 21.971007359842737], "11" : [1192.0, 489.4, 187.97100735984273], "13" : [1196.4, 494.6, 21.971007359842737], "15" : [1058.8, 499.8, 84.97100735984273], "17" : [1054.8, 502.1, 19.971007359842737], "19" : [1029.1, 501.7, 163.97100735984273], "21" : [1031.4, 503.6, 59.97100735984274], "23" : [775.7, 501.8, 308.97100735984276], "25" : [775.4, 506.9, 20.971007359842737], "27" : [874.8, 495.2, 400.97100735984276], "29" : [882.3, 492.1, 10.971007359842737], "31" : [910.6, 492.6, 144.97100735984273], "33" : [910.1, 493.9, 25.971007359842737], "35" : [1034.6, 494.0, 231.97100735984273], "37" : [1032.9, 496.3, 29.971007359842737], "39" : [1183.2, 498.4, 355.97100735984276], "41" : [1183.2, 498.8, 29.971007359842737], "43" : [988.6, 589.6, 202.97100735984273], "45" : [986.9, 595.2, 11.971007359842737], "47" : [972.9, 628.2, 205.97100735984273], "49" : [970.5, 627.3, 13.971007359842737], "51" : [918.7, 633.7, 968.9710073598427], "53" : [961.2, 540.2, 562.9710073598427], "55" : [963.3, 537.2, 31.971007359842734], "57" : [761.7, 448.9, 191.97100735984273], "59" : [755.7, 443.4, 168.97100735984273]}