{"1": [73.04776223912198, 383.75394884827745, 140.0], "2": [119.8, 379.9, 192.0], "3": [112.87905869699163, 383.1594518862197, 313.0], "4": [312.03554098633987, 383.75394884827745, 194.0], "5": [360.78429187507584, 383.1594518862197, 126.0], "6": [414.2890184602739, 384.3484458103352, 224.0], "7": [537.3498896062295, 384.94294277239294, 173.0], "8": [243.66839034969792, 379.5924701138731, 163.0], "9": [243.07389338764017, 384.94294277239294, 190.0], "10": [189.56916680244217, 381.97045796210415, 154.0]}