{"1" : [953.1, 535.5, 547.8383698059903], "3" : [941.3, 529.3, 24.838369805990286], "5" : [803.5, 457.1, 149.83836980599028], "7" : [799.7, 458.9, 9.838369805990288], "9" : [771.9, 445.1, 169.83836980599028], "11" : [781.1, 446.3, 16.838369805990286], "13" : [860.1, 445.2, 525.8383698059903], "15" : [887.7, 436.4, 17.838369805990286], "17" : [955.9, 434.1, 168.83836980599028], "19" : [955.2, 429.6, 22.838369805990286], "21" : [1067.3, 423.7, 185.83836980599028], "23" : [1061.3, 423.8, 15.838369805990286], "25" : [998.6, 426.3, 247.83836980599028], "27" : [1004.4, 427.0, 13.838369805990288], "29" : [1045.5, 424.7, 342.8383698059903], "31" : [1036.4, 424.7, 22.838369805990286], "33" : [921.8, 420.6, 558.8383698059903], "35" : [926.9, 419.2, 18.838369805990286], "37" : [1005.3, 419.0, 220.83836980599028], "39" : [1006.3, 421.3, 15.838369805990286], "41" : [1053.9, 422.4, 211.83836980599028], "43" : [1053.0, 420.4, 29.838369805990286], "45" : [922.5, 524.0, 120.83836980599028], "47" : [935.9, 521.7, 845.8383698059903], "49" : [889.3, 417.0, 116.83836980599028], "51" : [889.4, 416.2, 19.838369805990286], "53" : [922.0, 500.8, 330.8383698059903], "55" : [921.3, 494.0, 134.83836980599028], "57" : [919.1, 519.5, 275.8383698059903], "59" : [914.4, 515.4, 93.83836980599028]}