{"1" : [960.4, 553.8, 615.7952138971625], "3" : [960.3, 561.5, 50.79521389716248], "5" : [479.0, 493.1, 316.79521389716245], "7" : [484.0, 495.9, 23.79521389716248], "9" : [610.9, 480.0, 220.79521389716248], "11" : [606.5, 477.6, 11.795213897162482], "13" : [571.1, 477.7, 271.79521389716245], "15" : [571.0, 475.0, 23.79521389716248], "17" : [670.8, 465.9, 255.79521389716248], "19" : [666.2, 459.4, 38.79521389716248], "21" : [959.0, 474.4, 337.79521389716245], "23" : [957.8, 476.6, 35.79521389716248], "25" : [1197.4, 481.1, 262.79521389716245], "27" : [1192.9, 480.2, 61.79521389716248], "29" : [793.3, 476.1, 309.79521389716245], "31" : [794.1, 473.9, 15.795213897162482], "33" : [734.1, 475.0, 149.79521389716248], "35" : [737.0, 472.4, 18.79521389716248], "37" : [826.8, 472.5, 122.79521389716248], "39" : [826.9, 468.5, 223.79521389716248], "41" : [916.8, 473.4, 90.79521389716248], "43" : [913.9, 473.4, 12.795213897162482], "45" : [873.0, 466.2, 327.79521389716245], "47" : [868.8, 459.1, 21.79521389716248], "49" : [956.7, 463.4, 136.79521389716248], "51" : [958.2, 469.9, 239.79521389716248], "53" : [1140.2, 474.6, 110.79521389716248], "55" : [1136.2, 477.7, 15.795213897162482], "57" : [1097.7, 462.7, 199.79521389716248], "59" : [1091.2, 466.0, 13.795213897162482], "61" : [1136.5, 464.9, 333.79521389716245], "63" : [1137.8, 462.2, 58.79521389716248], "65" : [509.1, 472.2, 188.79521389716248], "67" : [512.0, 469.9, 60.79521389716248], "69" : [1252.5, 471.5, 174.79521389716248], "71" : [1251.6, 469.9, 14.795213897162482], "73" : [1204.5, 460.9, 264.79521389716245], "75" : [1200.4, 461.6, 28.79521389716248], "77" : [1350.9, 452.8, 377.79521389716245], "79" : [1348.7, 454.9, 16.79521389716248], "81" : [1412.4, 448.3, 253.79521389716248], "83" : [1410.6, 448.3, 20.79521389716248], "85" : [1499.5, 450.6, 268.79521389716245], "87" : [1502.5, 454.1, 49.79521389716248], "89" : [980.1, 462.7, 278.79521389716245], "91" : [986.7, 468.6, 15.795213897162482], "93" : [968.7, 537.3, 184.79521389716248], "95" : [967.3, 537.2, 10.795213897162482], "97" : [935.7, 539.8, 281.79521389716245]}