{"1" : [1124.8, 520.8, 32.97100735984274], "3" : [1334.8, 527.0, 259.97100735984276], "5" : [1335.5, 529.6, 25.971007359842737], "7" : [1503.2, 533.1, 365.97100735984276], "9" : [1499.6, 532.9, 79.97100735984273], "11" : [884.5, 529.7, 95.97100735984273], "13" : [882.0, 533.6, 49.97100735984274], "15" : [495.1, 549.5, 232.97100735984273], "17" : [954.5, 545.2, 610.9710073598427], "19" : [958.4, 538.7, 51.97100735984274], "21" : [577.0, 456.5, 84.97100735984273], "23" : [575.7, 457.6, 38.97100735984274], "25" : [333.6, 473.4, 116.97100735984273], "27" : [335.9, 472.5, 19.971007359842737], "29" : [240.3, 477.3, 264.97100735984276], "31" : [240.7, 478.1, 24.971007359842737], "33" : [405.3, 462.6, 112.97100735984273], "35" : [406.7, 464.0, 23.971007359842737], "37" : [541.7, 463.6, 228.97100735984273], "39" : [544.2, 463.3, 21.971007359842737], "41" : [675.6, 455.6, 237.97100735984273], "43" : [675.5, 454.1, 24.971007359842737], "45" : [840.1, 446.9, 411.97100735984276], "47" : [841.4, 445.3, 19.971007359842737], "49" : [958.7, 446.8, 182.97100735984273], "51" : [962.3, 444.4, 21.971007359842737], "53" : [1064.2, 444.9, 197.97100735984273], "55" : [1065.2, 449.1, 47.97100735984274], "57" : [631.3, 455.4, 310.97100735984276], "59" : [630.5, 457.2, 60.97100735984274], "61" : [1139.5, 433.9, 186.97100735984273], "63" : [1138.6, 435.2, 17.971007359842737], "65" : [1055.7, 439.1, 192.97100735984273], "67" : [1052.5, 442.3, 41.97100735984274], "69" : [1245.4, 446.5, 209.97100735984273], "71" : [1243.7, 449.4, 25.971007359842737], "73" : [1398.1, 456.5, 199.97100735984273], "75" : [1397.6, 461.5, 21.971007359842737], "77" : [1507.3, 463.9, 269.97100735984276], "79" : [1511.9, 465.4, 22.971007359842737], "81" : [1632.4, 461.4, 219.97100735984273], "83" : [1631.3, 462.1, 62.97100735984274], "85" : [1004.0, 515.5, 157.97100735984273], "87" : [1002.0, 513.0, 18.971007359842737], "89" : [922.5, 531.2, 127.97100735984273]}