{"1": [770.5973667356791, 315.6592081542567, 152.0], "2": [726.6322033190139, 33.266669076479495, 177.0], "3": [662.9929018095719, 80.01301653297513, 169.0], "4": [662.9929018095719, 80.01301653297513, 169.0], "5": [648.0124046743075, 77.69535192577955, 129.0], "6": [742.297585816254, 74.30145309615945, 207.0], "7": [742.297585816254, 74.30145309615945, 207.0], "8": [795.6906298775308, 76.25161722312137, 651.0], "9": [888.5351476565525, 87.79801967598615, 202.0], "10": [920.7184803535912, 89.67986103294437, 422.0], "11": [920.7184803535912, 89.67986103294437, 422.0], "12": [986.0817325026068, 85.72692624345196, 104.0], "13": [1045.133334512388, 92.91603919700987, 318.0], "14": [722.9014920351856, 125.47313592393922, 134.0], "15": [722.9014920351856, 125.47313592393922, 134.0], "16": [722.9014920351856, 125.47313592393922, 134.0], "17": [771.965078537309, 133.67936497791902, 63.0], "18": [770.1668968562315, 136.0062061783838, 145.0], "19": [837.0467716636432, 136.80644979988753, 186.0], "20": [874.8623977892737, 132.65570878602384, 359.0], "21": [913.8584861950575, 133.0198093469267, 106.0], "22": [988.4321247680172, 128.63160317943124, 193.0], "23": [988.4321247680172, 128.63160317943124, 193.0], "24": [631.5463420712238, 168.68683036731693, 205.0], "25": [664.2505738822339, 169.2275889742979, 87.0], "26": [618.017668870677, 155.17534829119452, 215.0], "27": [695.7767858223768, 165.27410577388838, 224.0], "28": [695.7767858223768, 165.27410577388838, 224.0], "29": [769.0759258381024, 172.15416513033378, 216.0], "30": [839.2282163500997, 171.25396047406943, 202.0], "31": [839.2282163500997, 171.25396047406943, 202.0], "32": [914.6574804877331, 170.23772475274805, 167.0], "33": [980.3321075878499, 155.34128323815668, 109.0], "34": [981.9237416286325, 167.0726608083284, 139.0], "35": [981.9237416286325, 167.0726608083284, 139.0], "36": [762.4781578719709, 191.1378651119542, 206.0], "37": [777.6999989736428, 200.37449076080904, 196.0], "38": [646.909772162106, 306.0080450042015, 174.0], "39": [635.1107835946781, 299.39640635698294, 306.0], "40": [635.1107835946781, 299.39640635698294, 306.0], "41": [635.1107835946781, 299.39640635698294, 306.0], "42": [704.828078595245, 291.8502481225557, 203.0], "43": [704.828078595245, 291.8502481225557, 203.0], "44": [783.8445420800225, 286.8769896957716, 339.0], "45": [806.1959556800842, 285.4820785789143, 173.0], "46": [890.5757779740846, 278.03478389115264, 161.0], "47": [968.2715469414136, 281.80543715636765, 239.0], "48": [1005.3125015975363, 277.5770830342782, 144.0], "49": [1005.3125015975363, 277.5770830342782, 144.0], "50": [1035.9964609974995, 277.229248090396, 424.0], "51": [638.74361194854, 319.2473698322929, 133.0], "52": [638.74361194854, 319.2473698322929, 133.0], "53": [687.5418500086556, 315.88478295453353, 184.0], "54": [687.5418500086556, 315.88478295453353, 184.0], "55": [762.9854093580193, 317.026607792126, 233.0], "56": [742.87793018755, 315.61930884805133, 145.0], "57": [841.4917072074525, 324.2000007028238, 205.0], "58": [841.4917072074525, 324.2000007028238, 205.0], "59": [909.7823506886103, 321.6605049498199, 119.0], "60": [911.6041369851424, 319.5220701746623, 145.0], "61": [976.7154917867923, 326.0056339800453, 71.0], "62": [976.7154917867923, 326.0056339800453, 71.0], "63": [1026.7198534433332, 318.16617625853945, 136.0], "64": [1021.8228932366492, 307.5626495274083, 83.0], "65": [648.5973126962363, 347.8936420967608, 409.0], "66": [629.4836203784021, 342.22930974410156, 232.0], "67": [675.5448957713227, 340.72584861467004, 147.0], "68": [755.4768950372514, 339.8257571755544, 264.0], "69": [796.0373848831164, 340.14330048655313, 321.0], "70": [892.4120025392148, 345.39400060069283, 200.0], "71": [914.6060355146485, 347.1724818584521, 149.0], "72": [963.6801035907548, 340.32879534323007, 191.0], "73": [1036.2914463691322, 337.4361837774575, 152.0], "74": [696.8530435630548, 441.3926059403201, 230.0], "75": [676.6319169474975, 437.74113213858067, 141.0], "76": [653.1313952023756, 437.0494176397726, 172.0], "77": [792.2834455903997, 442.3238382488132, 151.0], "78": [737.2928617361536, 439.36249812113, 168.0], "79": [737.2928617361536, 439.36249812113, 168.0], "80": [795.2415167573599, 447.32500092402836, 224.0], "81": [817.7764713022165, 451.67647182721527, 51.0], "82": [817.7764713022165, 451.67647182721527, 51.0], "83": [749.2500005275144, 454.0955244032459, 134.0], "84": [757.8429689533709, 457.0765664573056, 128.0], "85": [757.8429689533709, 457.0765664573056, 128.0], "86": [873.0142097326452, 458.9963167324487, 190.0], "87": [873.0142097326452, 458.9963167324487, 190.0], "88": [904.8190712739096, 456.4767446404408, 215.0], "89": [904.8190712739096, 456.4767446404408, 215.0], "90": [930.7387893851534, 454.92909404594855, 165.0], "91": [930.7387893851534, 454.92909404594855, 165.0], "92": [930.7387893851534, 454.92909404594855, 165.0], "93": [979.0162444501159, 458.1807122855563, 197.0], "94": [979.0162444501159, 458.1807122855563, 197.0], "95": [979.0162444501159, 458.1807122855563, 197.0], "96": [1014.1375613457651, 460.62682757742243, 205.0], "97": [1014.1375613457651, 460.62682757742243, 205.0], "98": [685.7180345838697, 472.3038245153087, 183.0], "99": [719.7261942143401, 470.979923190952, 523.0], "100": [712.2677745493595, 470.4530803871457, 211.0], "101": [730.8966711985075, 470.22333292231014, 150.0], "102": [758.7270541807953, 470.21642488790434, 207.0], "103": [816.9963554807765, 472.43697846705567, 192.0], "104": [913.9830268685112, 475.9442426742844, 165.0], "105": [876.421977325859, 476.42637737474826, 91.0], "106": [876.6751983271414, 477.30320295219167, 125.0], "107": [975.8038628785617, 478.13285232822494, 207.0], "108": [996.9756467569325, 480.28031287941536, 193.0], "109": [1037.5395068864652, 478.751856674055, 81.0], "110": [608.2262043905635, 488.60962678171256, 187.0], "111": [608.2262043905635, 488.60962678171256, 187.0], "112": [653.102112481955, 488.0102120113094, 284.0], "113": [653.102112481955, 488.0102120113094, 284.0], "114": [711.5148789692347, 484.6156995631647, 121.0], "115": [832.3639354440261, 491.5584702399017, 183.0], "116": [832.3639354440261, 491.5584702399017, 183.0], "117": [894.5004311622957, 496.13175696834236, 233.0], "118": [894.5004311622957, 496.13175696834236, 233.0], "119": [894.5004311622957, 496.13175696834236, 233.0], "120": [917.316765406892, 497.07065382859867, 167.0], "121": [917.316765406892, 497.07065382859867, 167.0], "122": [966.8713601086381, 501.68732627816905, 213.0], "123": [943.6676637950925, 503.26792219954064, 399.0], "124": [1038.4132691254126, 506.8431265123082, 211.0], "125": [743.2404849659454, 503.8635654739705, 247.0], "126": [768.1680728534577, 510.4698802800222, 166.0], "127": [715.0609770565221, 515.3109733719168, 164.0], "128": [715.0609770565221, 515.3109733719168, 164.0], "129": [840.4081626880409, 520.1122414329616, 98.0], "130": [890.5188580955283, 524.6565681779687, 175.0], "131": [861.3721318785095, 527.1622953349452, 122.0], "132": [861.3721318785095, 527.1622953349452, 122.0], "133": [971.5523309710943, 529.9243526967301, 193.0], "134": [941.0646422254345, 526.5353521512392, 99.0], "135": [661.6283064263401, 580.2000024204076, 106.0], "136": [695.5335725993642, 577.0321291704181, 277.0], "137": [663.200969249495, 573.5328477809899, 207.0], "138": [775.1858005357283, 576.2123467565792, 324.0], "139": [789.2082634683153, 572.6479324900524, 121.0], "140": [845.2172902049002, 574.7285063348089, 214.0], "141": [802.9205289902262, 573.6999995232584, 151.0], "142": [887.0649507777391, 579.2457937255975, 214.0], "143": [976.1480008832591, 587.4804452067362, 225.0], "144": [976.1480008832591, 587.4804452067362, 225.0], "145": [947.5161110995282, 587.5345992950759, 211.0], "146": [947.5161110995282, 587.5345992950759, 211.0], "147": [998.7810526139795, 591.3194731364778, 190.0], "148": [998.7810526139795, 591.3194731364778, 190.0], "149": [1052.4474813455547, 592.9138681201615, 238.0],