{"1" : [1717.5, 609.3, 63.79521389716248], "3" : [792.7, 659.1, 177.79521389716248], "5" : [797.9, 659.6, 19.79521389716248], "7" : [884.9, 690.0, 319.79521389716245], "9" : [886.2, 690.8, 22.79521389716248], "11" : [992.0, 689.1, 279.79521389716245], "13" : [968.4, 533.8, 632.7952138971625], "15" : [975.6, 526.7, 23.79521389716248], "17" : [873.4, 450.4, 244.79521389716248], "19" : [873.7, 457.6, 28.79521389716248], "21" : [1045.2, 457.7, 195.79521389716248], "23" : [1046.9, 457.9, 17.79521389716248], "25" : [1108.9, 457.6, 215.79521389716248], "27" : [1108.7, 460.3, 24.79521389716248], "29" : [972.2, 449.5, 356.79521389716245], "31" : [969.4, 447.7, 26.79521389716248]}