{"1" : [1103.4, 392.3, 113.63891420037119], "3" : [1105.4, 305.8, 24.638914200371193], "5" : [997.3, 314.1, 167.6389142003712], "7" : [992.7, 386.3, 576.6389142003712], "9" : [961.7, 543.9, 565.6389142003712], "11" : [952.6, 556.0, 38.6389142003712], "13" : [668.3, 509.5, 356.6389142003712], "15" : [667.8, 519.8, 36.6389142003712], "17" : [849.8, 512.1, 197.6389142003712], "19" : [846.6, 513.4, 22.638914200371193], "21" : [993.4, 510.0, 265.6389142003712], "23" : [995.2, 509.7, 22.638914200371193], "25" : [1112.1, 515.6, 356.6389142003712], "27" : [1112.5, 517.4, 17.638914200371193], "29" : [1192.3, 517.7, 190.6389142003712], "31" : [1186.3, 517.0, 22.638914200371193], "33" : [1299.6, 516.5, 250.6389142003712], "35" : [1299.3, 519.6, 48.6389142003712], "37" : [715.3, 529.8, 215.6389142003712], "39" : [719.0, 528.1, 21.638914200371193], "41" : [803.9, 536.2, 167.6389142003712], "43" : [805.2, 542.4, 154.6389142003712], "45" : [856.9, 520.0, 251.6389142003712], "47" : [856.7, 520.9, 25.638914200371193], "49" : [989.4, 504.8, 443.6389142003712], "51" : [986.3, 501.1, 21.638914200371193], "53" : [1112.5, 495.1, 181.6389142003712], "55" : [1113.0, 501.0, 26.638914200371193], "57" : [1311.8, 502.3, 204.6389142003712], "59" : [1309.0, 506.6, 13.638914200371193], "61" : [1253.8, 515.1, 219.6389142003712], "63" : [1256.5, 511.9, 592.6389142003712], "65" : [1093.3, 557.5, 162.6389142003712], "67" : [1095.5, 563.1, 16.638914200371193], "69" : [1050.1, 505.3, 350.6389142003712], "71" : [1037.9, 504.2, 25.638914200371193], "73" : [1179.6, 499.7, 188.6389142003712], "75" : [1176.4, 503.5, 23.638914200371193], "77" : [1300.7, 500.8, 331.6389142003712], "79" : [1298.2, 505.9, 13.638914200371193], "81" : [1248.2, 520.0, 252.6389142003712], "83" : [1249.2, 527.9, 36.6389142003712]}