{"1": [46.3, 385.0, 159.0], "2": [88.22452828282601, 383.464556694477, 209.0], "3": [136.5, 385.0, 222.0], "4": [195.6, 385.0, 279.0], "5": [258.2, 385.0, 227.0], "6": [308.0, 385.0, 173.0], "7": [389.6, 385.0, 266.0], "8": [452.4, 385.0, 241.0], "9": [475.9, 385.0, 328.0], "10": [567.5, 385.0, 606.0]}