{"1" : [889.8, 521.3, 20.350130957866917], "3" : [956.5, 518.1, 233.35013095786692], "5" : [962.4, 525.3, 22.350130957866917], "7" : [1026.4, 502.2, 185.35013095786692], "9" : [1019.6, 511.2, 18.350130957866917], "11" : [1104.1, 497.7, 190.35013095786692], "13" : [1105.8, 500.4, 16.350130957866917], "15" : [1151.0, 505.5, 55.35013095786692], "17" : [1158.7, 505.4, 22.350130957866917], "19" : [1154.0, 511.9, 141.35013095786692], "21" : [1155.8, 506.0, 27.350130957866917], "23" : [1037.4, 506.6, 174.35013095786692], "25" : [1033.4, 507.1, 9.350130957866917], "27" : [1009.5, 508.2, 340.3501309578669], "29" : [952.0, 561.1, 246.35013095786692], "31" : [941.2, 565.5, 14.350130957866917], "33" : [889.3, 543.4, 341.3501309578669], "35" : [894.0, 539.9, 24.350130957866917], "37" : [755.7, 550.0, 169.35013095786692], "39" : [756.5, 552.5, 14.350130957866917], "41" : [723.5, 552.9, 259.3501309578669], "43" : [728.4, 551.2, 22.350130957866917], "45" : [823.1, 540.0, 207.35013095786692], "47" : [821.0, 540.1, 21.350130957866917], "49" : [915.8, 529.4, 272.3501309578669], "51" : [915.7, 532.6, 40.35013095786692], "53" : [1015.2, 507.1, 73.35013095786692], "55" : [1010.2, 512.8, 19.350130957866917], "57" : [1013.2, 507.0, 39.35013095786692], "59" : [995.0, 528.7, 37.35013095786692], "61" : [1007.5, 507.4, 109.35013095786692], "63" : [998.4, 514.9, 47.35013095786692], "65" : [1063.5, 498.1, 245.35013095786692], "67" : [1062.2, 501.2, 16.350130957866917]}