{"1" : [1204.9, 524.5, 166.12890406279675], "3" : [1206.3, 527.3, 40.12890406279675], "5" : [1022.3, 521.9, 415.1289040627968], "7" : [1015.5, 514.3, 53.12890406279675], "9" : [558.9, 527.7, 239.12890406279675], "11" : [559.8, 528.7, 43.12890406279675], "13" : [329.5, 514.4, 151.12890406279675], "15" : [962.4, 545.3, 452.1289040627968], "17" : [970.0, 535.0, 220.12890406279675], "19" : [727.8, 624.9, 27.12890406279675], "21" : [726.8, 580.3, 33.12890406279675], "23" : [625.4, 478.5, 261.1289040627968], "25" : [623.7, 476.2, 37.12890406279675], "27" : [760.0, 488.6, 139.12890406279675], "29" : [763.1, 502.8, 25.12890406279675], "31" : [681.5, 511.0, 155.12890406279675], "33" : [675.1, 516.3, 25.12890406279675], "35" : [595.4, 520.0, 175.12890406279675], "37" : [594.0, 523.3, 39.12890406279675], "39" : [748.7, 534.7, 210.12890406279675], "41" : [751.7, 536.6, 44.12890406279675], "43" : [955.0, 535.7, 178.12890406279675], "45" : [947.3, 536.7, 21.12890406279675], "47" : [882.7, 528.9, 91.12890406279675], "49" : [880.3, 530.3, 60.12890406279675], "51" : [1199.6, 540.1, 131.12890406279675], "53" : [1195.1, 543.4, 26.12890406279675], "55" : [1089.3, 539.1, 231.12890406279675], "57" : [1086.9, 538.6, 30.12890406279675]}