{"1": [171.16666666666666, 169.0, 300.0], "2": [291.5, 169.0, 250.0], "3": [410.1666666666667, 169.0, 200.0], "4": [474.5, 169.0, 150.0], "5": [530.5, 169.0, 150.0], "6": [638.1666666666666, 169.0, 450.0], "7": [828.1666666666666, 169.0, 150.0], "8": [890.5, 169.0, 150.0], "9": [981.1666666666666, 169.0, 150.0], "10": [177.16666666666666, 169.0, 350.0], "11": [300.5, 169.0, 150.0], "12": [401.5, 169.0, 450.0], "13": [552.8350157640925, 167.28941052947357, 500.0], "14": [703.1666666666666, 169.0, 150.0], "15": [779.9579453319, 163.53531252008833, 150.0], "16": [885.5, 169.0, 450.0], "17": [147.16666666666666, 169.0, 150.0], "18": [469.5, 169.0, 150.0], "19": [552.8350157640925, 173.85908204589776, 150.0], "20": [637.1666666666666, 169.0, 450.0], "21": [810.1666666666666, 169.0, 150.0], "22": [888.5, 169.0, 150.0], "23": [997.1666666666666, 169.0, 150.0], "24": [186.16666666666666, 169.0, 350.0], "25": [315.5, 169.0, 150.0], "26": [402.5, 169.0, 450.0], "27": [548.142393252361, 166.35088602712727, 500.0], "28": [704.1666666666666, 169.0, 150.0], "29": [744.2940142427401, 162.59678801774203, 150.0], "30": [885.5, 169.0, 450.0], "31": [160.16666666666666, 169.0, 150.0], "32": [231.5, 169.0, 300.0], "33": [335.1666666666667, 169.0, 300.0], "34": [434.1666666666667, 169.0, 200.0], "35": [552.1666666666666, 169.0, 150.0], "36": [637.1666666666666, 169.0, 400.0], "37": [779.0194208295536, 165.41236152478092, 300.0], "38": [644.8104169940311, 166.35088602712727, 500.0], "39": [701.1666666666666, 169.0, 150.0], "40": [773.1666666666666, 169.0, 150.0], "41": [886.5, 169.0, 450.0], "42": [146.16666666666666, 169.0, 150.0], "43": [226.5, 169.0, 300.0], "44": [334.1666666666667, 169.0, 300.0], "45": [438.1666666666667, 169.0, 200.0], "46": [554.1666666666666, 169.0, 150.0], "47": [636.1666666666666, 169.0, 400.0], "48": [828.1666666666666, 169.0, 150.0], "49": [877.5, 169.0, 150.0], "50": [982.1666666666666, 169.0, 150.0], "51": [180.16666666666666, 169.0, 350.0], "52": [299.5, 169.0, 150.0], "53": [408.5, 169.0, 450.0], "54": [553.7735402664389, 159.78121451070308, 500.0], "55": [716.1666666666666, 169.0, 150.0], "56": [773.1666666666666, 169.0, 150.0], "57": [885.0726895946868, 166.35088602712727, 450.0], "58": [164.16666666666666, 169.0, 150.0], "59": [230.5, 169.0, 300.0], "60": [330.1666666666667, 169.0, 300.0], "61": [428.1666666666667, 169.0, 200.0], "62": [554.7120647687852, 166.35088602712727, 150.0], "63": [652.1666666666666, 169.0, 400.0], "64": [775.8333333333334, 169.0, 300.0], "65": [937.1666666666666, 169.0, 200.0], "66": [172.16666666666666, 169.0, 200.0], "67": [240.30635648277098, 169.16645953416617, 250.0], "68": [364.1666666666667, 169.0, 300.0], "69": [478.5, 169.0, 300.0], "70": [560.3432117828631, 163.53531252008833, 200.0], "71": [669.8333333333334, 169.0, 200.0], "72": [778.0808963272073, 163.53531252008833, 250.0], "73": [414.1666666666667, 169.0, 200.0], "74": [478.5, 169.0, 150.0], "75": [543.5, 169.0, 150.0], "76": [646.1666666666666, 169.0, 450.0], "77": [814.1666666666666, 169.0, 150.0], "78": [889.5, 169.0, 150.0], "79": [983.1666666666666, 169.0, 150.0], "80": [176.16666666666666, 169.0, 350.0], "81": [315.5, 169.0, 150.0], "82": [400.5, 169.0, 450.0], "83": [550.0194422570537, 167.28941052947357, 500.0], "84": [708.1666666666666, 169.0, 150.0], "85": [776.1666666666666, 169.0, 150.0], "86": [880.5, 169.0, 450.0], "87": [146.16666666666666, 169.0, 150.0], "88": [225.5, 169.0, 300.0], "89": [335.1666666666667, 169.0, 300.0], "90": [882.5, 169.0, 150.0], "91": [986.1666666666666, 169.0, 150.0], "92": [183.16666666666666, 169.0, 350.0], "93": [298.5, 169.0, 150.0], "94": [401.5, 169.0, 450.0], "95": [556.589113773478, 169.16645953416617, 500.0], "96": [704.1666666666666, 169.0, 150.0], "97": [771.1666666666666, 169.0, 150.0], "98": [881.5, 169.0, 450.0], "99": [826.1666666666666, 169.0, 150.0], "100": [881.5, 169.0, 150.0], "101": [982.1666666666666, 169.0, 150.0], "102": [177.16666666666666, 169.0, 350.0], "103": [309.5, 169.0, 150.0], "104": [400.5, 169.0, 450.0], "105": [572.8333333333334, 169.0, 500.0], "106": [710.1666666666666, 169.0, 150.0], "107": [783.1666666666666, 169.0, 150.0], "108": [882.5, 169.0, 450.0], "109": [145.16666666666666, 169.0, 150.0], "110": [224.5, 169.0, 300.0], "111": [820.1666666666666, 169.0, 150.0], "112": [875.5, 169.0, 150.0], "113": [997.1666666666666, 169.0, 150.0], "114": [180.16666666666666, 169.0, 350.0], "115": [316.5, 169.0, 150.0], "116": [405.5, 169.0, 450.0], "117": [559.8333333333334, 169.0, 500.0], "118": [710.1666666666666, 169.0, 150.0], "119": [769.1666666666666, 169.0, 150.0], "120": [879.5, 169.0, 450.0], "121": [810.1666666666666, 169.0, 150.0], "122": [879.5, 169.0, 150.0], "123": [987.1666666666666, 169.0, 150.0], "124": [185.16666666666666, 219.0, 350.0], "125": [312.5, 219.0, 150.0], "126": [413.5, 219.0, 450.0], "127": [191.16666666666666, 219.0, 350.0], "128": [306.5, 219.0, 150.0], "129": [409.5, 219.0, 450.0], "130": [562.8333333333334, 219.0, 500.0], "131": [699.1666666666666, 219.0, 150.0], "132": [765.1666666666666, 219.0, 150.0], "133": [308.5, 219.0, 250.0], "134": [405.1666666666667, 219.0, 200.0], "135": [464.5, 219.0, 150.0], "136": [539.5, 219.0, 150.0], "137": [651.1666666666666, 219.0, 450.0], "138": [808.1136804022892, 219.846782660867, 150.0], "139": [876.5, 219.0, 150.0], "140": [1005.2038258950147, 216.09268465148176, 150.0], "141": [176.16666666666666, 219.0, 350.0], "142": [300.5, 219.0, 150.0], "143": [397.5, 219.0, 450.0], "144": [570.8333333333334, 219.0, 500.0], "145": [704.1666666666666, 219.0, 150.0], "146": [765.1666666666666, 219.0, 150.0], "147": [876.5, 219.0, 450.0], "148": [157.16666666666666, 219.0, 150.0], "149": [776.2038473225148, 218.9082581585207, 150.0], "150": [870.5, 219.0, 150.0], "151": [993.1666666666666, 219.0, 150.0], "152": [193.16666666666666, 219.0, 350.0], "153": [304.5, 219.0, 150.0], "154": [412.5, 219.0, 450.0], "155": [567.8333333333334, 219.0, 500.0], "156": [714.1666666666666, 219.0, 150.0], "157": [765.1666666666666, 219.0, 150.0], "158": [885.5, 219.0, 450.0], "159": [462.5, 219.0, 150.0], "160": [532.5, 219.0, 150.0], "161": [647.1666666666666, 219.0, 450.0], "162": [780.8964698342463, 213.2771111444428, 150.0], "163": [872.5, 219.0, 150.0], "164": [996.1666666666666, 219.0, 150.0], "165": [176.16666666666666, 219.0, 350.0], "166": [307.5, 219.0, 150.0], "167": [414.1666666666667, 219.0, 200.0], "168": [462.5, 219.0, 150.0], "169": [546.5, 219.0, 150.0], "170": [650.1666666666666, 219.0, 450.0], "171": [781.8349943365927, 211.40006213975022, 150.0], "172": [888.5, 219.0, 150.0], "173": [993.1666666666666, 219.0, 150.0], "174": [179.16666666666666, 219.0, 350.0], "175": [302.5, 219.0, 150.0], "176": [404.5, 219.0, 450.0], "177": [578.8333333333334, 219.0, 500.0], "178": [707.1666666666666, 219.0, 150.0], "179": [177.16666666666666, 219.0, 350.0], "180": [316.5, 219.0, 150.0], "181": [398.5, 219.0, 450.0], "182": [565.8333333333334, 219.0, 500.0], "183": [708.1666666666666, 219.0, 150.0], "184": [765.1666666666666, 219.0, 150.0], "185": [882.5, 219.0, 450.0], "186": [161.16666666666666, 219.0, 150.0], "187": [232.5, 219.0, 300.0], "188": [324.1666666666667, 219.0, 300.0], "189": [788.4046658530167, 213.2771111444428, 150.0], "190": [883.5, 219.0, 150.0], "191": [994.8800563692052, 214.2156356467891, 150.0], "192": [191.16666666666666, 219.0, 350.0], "193": [315.5, 219.0, 150.0], "194": [403.5, 219.0, 450.0], "195": [563.8333333333334, 219.0, 500.0], "196": [703.1666666666666, 219.0, 150.0], "197": [765.1666666666666, 219.0, 150.0], "198": [886.5, 219.0, 450.0], "199": [159.16666666666666, 219.0, 150.0], "200": [233.5, 219.0, 300.0], "201": [326.1666666666667, 219.0, 300.0], "202": [421.1666666666667, 219.0, 200.0], "203": [557.1666666666666, 219.0, 150.0], "204": [640.1666666666666, 219.0, 400.0], "205": [768.8333333333334, 219.0, 300.0], "206": [936.1666666666666, 219.0, 200.0],