{"1": [167.16666666666666, 169.0, 300.0], "2": [303.5, 169.0, 250.0], "3": [410.1666666666667, 169.0, 200.0], "4": [474.5, 169.0, 150.0], "5": [537.5, 169.0, 150.0], "6": [640.1666666666666, 169.0, 450.0], "7": [824.1666666666666, 169.0, 150.0], "8": [883.5, 169.0, 150.0], "9": [986.1666666666666, 169.0, 150.0], "10": [181.16666666666666, 219.0, 350.0], "11": [298.5, 219.0, 150.0], "12": [408.5, 219.0, 450.0], "13": [565.8333333333334, 219.0, 500.0], "14": [700.1666666666666, 219.0, 150.0], "15": [767.1666666666666, 219.0, 150.0], "16": [875.5, 219.0, 450.0], "17": [155.16666666666666, 219.0, 150.0], "18": [217.5, 219.0, 300.0], "19": [323.1666666666667, 219.0, 300.0], "20": [421.1666666666667, 219.0, 200.0], "21": [554.1666666666666, 219.0, 150.0], "22": [644.1666666666666, 219.0, 400.0], "23": [777.8333333333334, 219.0, 300.0], "24": [939.1666666666666, 219.0, 200.0], "25": [163.16666666666666, 219.0, 200.0], "26": [267.5, 219.0, 250.0], "27": [376.3924093229861, 218.9082581585207, 300.0], "28": [716.1666666666666, 219.0, 150.0], "29": [530.5, 219.0, 150.0], "30": [644.1666666666666, 219.0, 450.0], "31": [840.0235134820639, 217.96973365617436, 150.0], "32": [878.5, 219.0, 150.0], "33": [985.1666666666666, 219.0, 150.0], "34": [185.16666666666666, 219.0, 350.0], "35": [309.5, 219.0, 150.0], "36": [401.5, 219.0, 450.0], "37": [572.8333333333334, 219.0, 500.0], "38": [704.1666666666666, 219.0, 150.0], "39": [768.1666666666666, 219.0, 150.0], "40": [879.5, 219.0, 450.0], "41": [152.16666666666666, 268.0, 150.0], "42": [236.5, 268.0, 300.0], "43": [329.1666666666667, 268.0, 300.0], "44": [430.1666666666667, 268.0, 200.0], "45": [559.1666666666666, 268.0, 150.0], "46": [647.1666666666666, 268.0, 400.0], "47": [778.8333333333334, 268.0, 300.0], "48": [937.1666666666666, 268.0, 200.0], "49": [161.16666666666666, 318.0, 200.0], "50": [261.5, 318.0, 250.0], "51": [346.1666666666667, 318.0, 300.0], "52": [477.5, 318.0, 300.0], "53": [570.1666666666666, 318.0, 200.0], "54": [666.8333333333334, 318.0, 200.0], "55": [741.5, 318.0, 250.0], "56": [826.1666666666666, 318.0, 200.0], "57": [972.8333333333334, 318.0, 250.0], "58": [157.83333333333334, 368.0, 200.0], "59": [246.5, 368.0, 150.0], "60": [320.5, 368.0, 250.0], "61": [414.8333333333333, 368.0, 400.0], "62": [546.1666666666666, 368.0, 450.0], "63": [669.8333333333334, 368.0, 200.0], "64": [800.1666666666666, 368.0, 500.0], "65": [937.1666666666666, 368.0, 200.0], "66": [1001.1666666666666, 368.0, 150.0], "67": [198.83333333333334, 417.0, 400.0], "68": [349.8333333333333, 417.0, 400.0], "69": [471.1666666666667, 417.0, 200.0], "70": [557.8333333333334, 417.0, 200.0], "71": [657.1666666666666, 417.0, 200.0], "72": [742.8333333333334, 417.0, 450.0]}