{"1" : [1008.7, 531.4, 438.29412254521475], "3" : [997.3, 536.6, 23.29412254521475], "5" : [1069.4, 460.9, 310.29412254521475], "7" : [1063.9, 464.1, 23.29412254521475], "9" : [1180.9, 458.7, 410.29412254521475], "11" : [1189.4, 459.6, 20.29412254521475], "13" : [1291.7, 461.5, 141.29412254521475], "15" : [1293.0, 461.9, 51.294122545214755], "17" : [772.8, 439.1, 326.29412254521475], "19" : [772.5, 441.7, 20.29412254521475], "21" : [687.2, 446.8, 192.29412254521475], "23" : [688.1, 446.8, 34.294122545214755], "25" : [965.1, 539.7, 185.29412254521475], "27" : [955.2, 551.1, 73.29412254521475], "29" : [953.9, 550.4, 34.294122545214755], "31" : [782.4, 469.0, 456.29412254521475], "33" : [784.2, 468.7, 20.29412254521475], "35" : [733.6, 390.3, 220.29412254521475], "37" : [733.3, 392.0, 19.29412254521475], "39" : [809.7, 394.0, 209.29412254521475], "41" : [811.0, 393.5, 14.294122545214751], "43" : [857.6, 396.8, 117.29412254521475], "45" : [857.7, 395.8, 171.29412254521475], "47" : [931.8, 375.5, 205.29412254521475], "49" : [930.9, 383.0, 19.29412254521475], "51" : [1028.5, 375.8, 256.29412254521475], "53" : [1031.7, 380.2, 17.29412254521475], "55" : [1098.3, 386.2, 234.29412254521475], "57" : [1095.3, 387.3, 20.29412254521475], "59" : [1190.4, 392.6, 177.29412254521475], "61" : [1192.9, 394.0, 36.294122545214755], "63" : [991.9, 461.1, 316.29412254521475], "65" : [992.6, 460.7, 14.294122545214751], "67" : [985.4, 512.6, 356.29412254521475], "69" : [977.9, 521.6, 16.29412254521475], "71" : [982.6, 577.2, 176.29412254521475], "73" : [981.6, 576.1, 17.29412254521475], "75" : [935.5, 530.4, 194.29412254521475], "77" : [932.3, 527.8, 7.294122545214752], "79" : [921.6, 514.7, 339.29412254521475], "81" : [924.0, 516.1, 705.2941225452148], "83" : [885.0, 502.0, 124.29412254521475], "85" : [881.6, 506.3, 23.29412254521475]}