{"1" : [395.9, 556.6, 28.128087937511108], "3" : [555.1, 556.4, 240.1280879375111], "5" : [551.9, 567.9, 38.12808793751111], "7" : [817.0, 564.6, 93.12808793751111], "9" : [977.7, 556.6, 545.128087937511], "11" : [974.5, 572.6, 45.12808793751111], "13" : [617.8, 499.1, 146.1280879375111], "15" : [624.0, 496.7, 28.128087937511108], "17" : [457.8, 487.2, 186.1280879375111], "19" : [460.1, 484.2, 29.128087937511108], "21" : [600.0, 464.7, 212.1280879375111], "23" : [597.0, 459.9, 53.12808793751111], "25" : [1171.0, 432.6, 330.1280879375111], "27" : [1159.7, 434.4, 41.12808793751111], "29" : [1487.7, 450.5, 318.1280879375111], "31" : [1476.8, 459.2, 28.128087937511108], "33" : [1315.2, 451.9, 180.1280879375111], "35" : [1325.5, 448.9, 23.128087937511108], "37" : [1181.4, 514.5, 45.12808793751111], "39" : [1183.1, 505.4, 182.1280879375111], "41" : [1258.9, 474.2, 180.1280879375111], "43" : [1261.7, 471.3, 19.128087937511108], "45" : [1334.6, 484.0, 166.1280879375111], "47" : [1332.0, 485.5, 46.12808793751111]}