{"1" : [1351.2, 476.2, 22.102455208882954], "3" : [1439.1, 466.0, 211.10245520888296], "5" : [1436.5, 464.0, 19.102455208882954], "7" : [1484.2, 461.0, 227.10245520888296], "9" : [1477.3, 459.6, 8.102455208882956], "11" : [1458.3, 449.3, 120.10245520888296], "13" : [1454.5, 447.8, 10.102455208882956], "15" : [1427.1, 456.4, 173.10245520888296], "17" : [1426.6, 457.8, 25.102455208882954], "19" : [1521.5, 454.1, 122.10245520888296], "21" : [1523.6, 451.3, 49.10245520888296], "23" : [1012.5, 533.8, 169.10245520888296], "25" : [1011.0, 534.7, 18.102455208882954], "27" : [975.1, 565.5, 169.10245520888296], "29" : [979.1, 581.4, 14.102455208882956], "31" : [964.0, 629.1, 179.10245520888296], "33" : [965.1, 627.9, 54.10245520888296], "35" : [1507.2, 441.6, 216.10245520888296], "37" : [1498.0, 447.1, 11.102455208882956], "39" : [1494.6, 460.1, 881.1024552088829], "41" : [1495.2, 454.2, 21.102455208882954], "43" : [1439.0, 470.7, 74.10245520888296], "45" : [946.2, 550.2, 453.10245520888293], "47" : [943.2, 554.4, 12.102455208882956], "49" : [930.6, 544.6, 118.10245520888296], "51" : [933.8, 547.3, 41.10245520888296], "53" : [746.1, 405.8, 135.10245520888296], "55" : [740.0, 407.6, 9.102455208882956], "57" : [724.8, 422.4, 219.10245520888296], "59" : [726.9, 419.0, 27.102455208882954], "61" : [849.4, 418.6, 191.10245520888296], "63" : [846.7, 421.1, 23.102455208882954]}