{"1": [112.94725065803578, 385.38364817328994, 168.0], "2": [192.4, 385.0, 174.0], "3": [268.5, 385.0, 196.0], "4": [246.0, 385.0, 143.0], "5": [196.2, 385.0, 102.0], "6": [336.5, 385.0, 186.0], "7": [374.39681059768185, 384.53478596569363, 146.0], "8": [458.85860025350905, 385.0, 190.0], "9": [537.3, 385.0, 163.0], "10": [459.28303135730715, 384.53478596569363, 198.0], "11": [568.9, 385.0, 167.0], "12": [661.7, 385.0, 291.0], "13": [604.1, 385.0, 204.0], "14": [752.3, 385.0, 212.0], "15": [753.9, 385.0, 233.0], "16": [768.0, 385.0, 115.0], "17": [351.0530998887848, 383.68592375809726, 276.0], "18": [459.7074624611052, 382.837061550501, 266.0], "19": [540.3493721827492, 385.8080792770878, 267.0], "20": [647.2, 385.0, 527.0], "21": [714.3661247399812, 384.1103548618953, 352.0], "22": [775.4842036869114, 384.1103548618953, 171.0], "23": [773.7864792717189, 383.68592375809715, 299.0], "24": [723.2, 385.0, 295.0], "25": [616.3, 385.0, 152.0]}