{"1": [54.0, 385.0, 129.0], "2": [111.85407564124097, 384.60207968543466, 192.0], "3": [172.7414332633432, 384.2521523427789, 201.0], "4": [228.7, 385.0, 199.0], "5": [148.0, 385.0, 172.0], "6": [265.1222517244638, 383.90222500012317, 214.0], "7": [322.9, 385.0, 179.0], "8": [376.7490740316512, 384.60207968543466, 198.0], "9": [433.4373035418844, 384.2521523427789, 209.0], "10": [492.0, 385.0, 297.0], "11": [486.6, 385.0, 114.0], "12": [605.5, 385.0, 167.0], "13": [647.9, 385.0, 136.0], "14": [712.3, 385.0, 193.0], "15": [715.9, 385.0, 194.0], "16": [148.2, 385.0, 177.0], "17": [197.9, 385.0, 186.0], "18": [324.0, 385.0, 190.0], "19": [412.8, 385.0, 176.0], "20": [511.8210282967746, 384.2521523427788, 260.0], "21": [621.6, 385.0, 276.0], "22": [718.6280878063288, 385.30193437074604, 540.0], "23": [762.0190782956431, 384.60207968543443, 928.0]}