{"1": [92.6, 385.0, 173.0], "2": [153.14550207462082, 384.9520070280904, 183.0], "3": [234.1, 385.0, 175.0], "4": [300.8148406753516, 385.30193437074615, 194.0], "5": [356.8, 385.0, 206.0], "6": [456.8824354998206, 385.30193437074615, 205.0], "7": [436.93657696844224, 384.6020796854346, 304.0], "8": [492.92495179336385, 384.9520070280904, 246.0], "9": [591.3, 385.0, 196.0], "10": [652.9, 385.0, 214.0], "11": [774.6164626312507, 385.30193437074604, 202.0], "12": [689.9340457085567, 384.2521523427788, 624.0], "13": [778.4656634004639, 384.60207968543455, 159.0]}