{"1": [49.56700864851561, 384.2521523427789, 156.0], "2": [93.3079264804856, 384.6020796854347, 180.0], "3": [153.3, 385.0, 150.0], "4": [229.5, 385.0, 201.0], "5": [265.8221064097753, 384.2521523427789, 416.0], "6": [343.8, 385.0, 365.0], "7": [328.1, 385.0, 153.0], "8": [398.2, 385.0, 147.0], "9": [399.4, 385.0, 235.0], "10": [536.6658696253335, 383.2023703148117, 280.0], "11": [595.0, 385.0, 129.0], "12": [651.7, 385.0, 160.0], "13": [724.9267799741324, 384.25215234277897, 176.0], "14": [774.966389973906, 383.9022250001232, 287.0], "15": [779.165518085775, 385.3019343707462, 175.0]}