{"1": [705.1531034, 131.1393103, 116.0], "3": [697.9484211, 136.8452632, 76.0], "5": [706.63875, 137.0733333, 96.0], "7": [748.7942857, 110.7678571, 56.0], "9": [891.0492857, 197.7269048, 168.0], "11": [888.4058537, 198.345122, 164.0], "13": [884.7557143, 237.5266667, 168.0], "15": [869.6964286, 241.8078571, 56.0], "17": [859.5106667, 237.5933333, 60.0], "19": [760.5569697, 301.2639394, 132.0], "21": [752.5717857, 364.9617857, 112.0], "23": [796.4196667, 348.2323333, 120.0], "25": [753.890303, 472.1584848, 132.0], "27": [719.9204762, 528.2133333, 84.0], "29": [724.3883333, 519.7166667, 72.0], "31": [721.3422222, 513.6661111, 72.0], "33": [938.2906667, 496.19, 60.0], "35": [923.3586842, 487.4671053, 152.0], "37": [766.4882759, 482.3351724, 116.0], "39": [774.43875, 491.180625, 64.0], "41": [807.124, 487.2373333, 60.0], "43": [765.2933333, 517.2846667, 120.0], "45": [771.4675, 511.4808333, 96.0], "47": [821.8076471, 523.1864706, 68.0], "49": [798.7211765, 323.7658824, 68.0], "51": [831.0710526, 331.5005263, 76.0], "53": [839.9993333, 319.572, 60.0], "55": [814.55, 387.9805556, 72.0], "57": [1172.082857, 517.9778571, 56.0], "59": [896.6033333, 495.648, 60.0], "61": [749.394375, 149.55875, 64.0], "63": [719.409, 131.3296667, 120.0], "65": [706.8686667, 111.5586667, 60.0], "67": [711.18, 137.1658824, 68.0], "69": [893.5405, 516.608, 80.0], "71": [1008.429412, 529.3982353, 68.0], "73": [1043.083125, 522.235, 64.0], "75": [668.596, 211.9066667, 60.0], "77": [902.818, 722.5033333, 60.0], "79": [915.1993333, 583.187, 120.0], "81": [1174.548, 534.0185, 80.0], "83": [1172.406, 579.3533333, 60.0], "85": [1258.415333, 522.212, 60.0], "87": [1242.796429, 522.5857143, 56.0], "89": [1131.334667, 887.3493333, 60.0], "91": [1127.09875, 884.894375, 64.0], "93": [1058.145714, 877.7421429, 56.0], "95": [806.0853333, 927.551, 120.0], "97": [800.2023214, 833.8219643, 224.0], "99": [806.1676471, 843.9929412, 68.0], "101": [891.2586957, 834.2556522, 92.0], "103": [893.1066667, 829.4938889, 72.0]}