{"1" : [860.6589280313741, 139.73571194974642, 112.0], "3" : [860.6589280313741, 139.73571194974642, 112.0], "5" : [850.9421045938054, 133.81754441981073, 57.0], "7" : [850.9421045938054, 133.81754441981073, 57.0], "9" : [909.5809095475945, 148.44363910146478, 110.0], "11" : [909.5809095475945, 148.44363910146478, 110.0], "13" : [746.550334231736, 148.0932885530898, 149.0], "15" : [785.9999986226517, 178.24912534196014, 57.0], "17" : [773.7180314889105, 170.03114771720658, 61.0], "19" : [877.0754399676874, 157.22455974124173, 57.0], "21" : [566.1460682760899, 167.84943791368713, 178.0], "23" : [593.7818179969935, 161.8999990788762, 143.0], "25" : [634.1089499322302, 159.40210484392028, 190.0], "27" : [565.5217601884247, 141.96388813298236, 216.0], "29" : [633.9070175902006, 124.81052611624766, 114.0], "31" : [633.9070175902006, 124.81052611624766, 114.0], "33" : [554.0942865719805, 135.4885693218827, 175.0], "35" : [625.9154504029254, 103.1845483490589, 233.0], "37" : [732.7341161335194, 99.94252421224344, 214.0], "39" : [732.7341161335194, 99.94252421224344, 214.0], "41" : [732.7341161335194, 99.94252421224344, 214.0], "43" : [815.536466425881, 106.3864652018789, 266.0], "45" : [878.4843391974493, 103.14758941341003, 166.0], "47" : [885.2534875172244, 104.94767310982527, 86.0], "49" : [885.2534875172244, 104.94767310982527, 86.0], "51" : [994.3382332756172, 105.20823214057079, 170.0], "53" : [1027.312501203865, 106.93522708836753, 88.0], "55" : [678.5146159180119, 135.8246159734055, 130.0], "57" : [624.9960170064502, 127.87920346333186, 226.0], "59" : [624.9960170064502, 127.87920346333186, 226.0], "61" : [764.92655029641, 120.06725836607089, 226.0], "63" : [820.8266673893543, 145.76777687443638, 90.0], "65" : [865.9653848649625, 145.05288184831463, 104.0], "67" : [865.9653848649625, 145.05288184831463, 104.0], "69" : [947.1797864903265, 150.80319396298788, 94.0], "71" : [943.0783338351015, 143.00332925300458, 60.0], "73" : [884.1444441396887, 134.48333138105914, 198.0], "75" : [884.1444441396887, 134.48333138105914, 198.0], "77" : [948.6999976457624, 129.09276936453426, 83.0], "79" : [948.6999976457624, 129.09276936453426, 83.0], "81" : [682.5186607055205, 177.59569565304201, 209.0], "83" : [709.4322176049277, 184.6993291957007, 149.0], "85" : [709.4322176049277, 184.6993291957007, 149.0], "87" : [780.9825876065411, 182.9428604305186, 224.0], "89" : [895.0639867776204, 176.14980977969608, 261.0], "91" : [923.8123705470715, 183.45773359437382, 194.0], "93" : [923.8123705470715, 183.45773359437382, 194.0], "95" : [772.387096809089, 234.0120955927644, 124.0], "97" : [772.387096809089, 234.0120955927644, 124.0], "99" : [721.4005944955001, 248.10297764602524, 168.0], "101" : [742.5003624241691, 238.2282599917291, 276.0], "103" : [762.3000023706786, 236.3345926388916, 185.0], "105" : [836.9222688505896, 228.13655325510405, 238.0], "107" : [766.5702132388961, 233.90709109828217, 141.0], "109" : [766.5702132388961, 233.90709109828217, 141.0], "111" : [854.5774939830878, 231.1343752062549, 160.0], "113" : [943.7973911046209, 226.97447883837881, 192.0], "115" : [954.0881581317889, 225.90657942910008, 152.0], "117" : [658.2271915674385, 312.3938568022893, 114.0], "119" : [658.2271915674385, 312.3938568022893, 114.0], "121" : [590.1167532258581, 322.1949256353907, 197.0], "123" : [643.0622232476022, 311.9829630886479, 135.0], "125" : [763.7733913677458, 281.3274679936845, 233.0], "127" : [736.8469731225003, 278.14545446632144, 66.0], "129" : [737.7964191984006, 281.0697190941739, 251.0], "131" : [824.1311537921933, 285.13715596745726, 183.0], "133" : [824.1311537921933, 285.13715596745726, 183.0], "135" : [909.5405408303795, 276.74414619733585, 222.0], "137" : [963.8223858621947, 274.1858246271323, 134.0], "139" : [994.3665157962367, 278.82812570172774, 224.0], "141" : [994.3665157962367, 278.82812570172774, 224.0], "143" : [695.4101437861223, 326.7318835603857, 69.0], "145" : [695.4101437861223, 326.7318835603857, 69.0], "147" : [695.4101437861223, 326.7318835603857, 69.0], "149" : [695.4101437861223, 326.7318835603857, 69.0], "151" : [700.0271679515511, 326.5289028049363, 173.0], "153" : [700.0271679515511, 326.5289028049363, 173.0], "155" : [703.8551714026515, 343.1579302641258, 145.0], "157" : [733.3586190340741, 335.7241388496955, 58.0], "159" : [733.3586190340741, 335.7241388496955, 58.0], "161" : [735.2902457364702, 330.9719508700452, 246.0], "163" : [735.2902457364702, 330.9719508700452, 246.0], "165" : [735.2902457364702, 330.9719508700452, 246.0], "167" : [851.5590060904522, 322.84472101638573, 161.0], "169" : [851.5590060904522, 322.84472101638573, 161.0], "171" : [849.7714294289598, 312.1698391823666, 63.0], "173" : [814.0631930913202, 317.2534699468527, 144.0], "175" : [810.3471696523742, 312.91886731377355, 53.0], "177" : [836.5914643194975, 326.32073259717373, 82.0], "179" : [836.5914643194975, 326.32073259717373, 82.0], "181" : [1008.4081648074039, 319.97415399275854, 147.0], "183" : [1008.4081648074039, 319.97415399275854, 147.0], "185" : [974.7210184131554, 315.971334709189, 157.0], "187" : [1012.3414307872561, 317.92285681269163, 140.0], "189" : [1012.3414307872561, 317.92285681269163, 140.0], "191" : [672.5516557700944, 360.6781469147222, 151.0], "193" : [755.996068414991, 357.45112583634483, 178.0], "195" : [911.212575143661, 360.97914265256424, 326.0], "197" : [995.9081613618266, 353.5550993191541, 196.0], "199" : [757.1414030131695, 388.55222956007213, 157.0], "201" : [731.771798512447, 401.65641048006586, 156.0], "203" : [794.8062865676198, 402.7102857874451, 175.0], "205" : [909.7092753000078, 401.35564451859653, 248.0], "207" : [929.5299988218102, 405.32588049996383, 170.0], "209" : [1027.4353339819972, 394.1859996964774, 150.0], "211" : [648.3022080867283, 465.8110239808777, 136.0], "213" : [648.3022080867283, 465.8110239808777, 136.0], "215" : [615.8244728346281, 475.3894543175509, 237.0], "217" : [615.8244728346281, 475.3894543175509, 237.0], "219" : [665.4297432798842, 474.878461825763, 195.0], "221" : [665.4297432798842, 474.878461825763, 195.0], "223" : [705.0779208477962, 470.9344136864135, 154.0], "225" : [787.1209159719965, 475.94285880023756, 196.0], "227" : [822.0367249640494, 469.48644004049055, 177.0], "229" : [854.6155018765597, 474.3829498156604, 129.0], "231" : [854.6155018765597, 474.3829498156604, 129.0], "233" : [1017.518181957981, 467.50419559005576, 143.0], "235" : [1014.2266675646429, 468.9355522177775, 180.0], "237" : [1082.82215370033, 464.389220364156, 167.0], "239" : [742.48000021369, 511.88695798822874, 115.0], "241" : [709.4558006068203, 519.4014470212497, 138.0], "243" : [711.0883503890539, 516.5980571879663, 103.0], "245" : [792.0438888460624, 502.5650010713003, 180.0], "247" : [892.1549125473836, 491.83883912784626, 224.0], "249" : [892.1549125473836, 491.83883912784626, 224.0], "251" : [936.6012336028689, 492.27839461733055, 162.0], "253" : [936.6012336028689, 492.27839461733055, 162.0], "255" : [936.6012336028689, 492.27839461733055, 162.0], "257" : [936.6012336028689, 492.27839461733055, 162.0], "259" : [898.1466683741747, 497.61523705443346, 105.0], "261" : [898.1466683741747, 497.61523705443346, 105.0], "263" : [1021.4424239480747, 486.3618182449168, 165.0], "265" : [1073.1924738101332, 489.1064537093285, 93.0], "267" : [1073.1924738101332, 489.1064537093285, 93.0], "269" : [991.1371107547706, 525.1752561146072, 97.0], "271" : [991.1371107547706, 525.1752561146072, 97.0], "273" : [1021.2727283883137, 523.4106055016938, 198.0], "275" : [1040.639997231651, 523.7677413894894, 155.0], "277" : [706.6630282880202, 567.4588224466879, 119.0], "279" : [677.2896786032532, 571.563222132789, 155.0], "281" : [763.1173188103274, 566.0181822790599, 231.0], "283" : [875.66597231106, 556.820835233893, 288.0], "285" : [1078.4678594583038, 553.9535702645412, 84.0], "287" : [692.634014003548, 622.0380942326686, 147.0], "289" : [692.634014003548, 622.0380942326686, 147.0],