{"1" : [728.153015312803, 62.78192469249832, 83.0], "3" : [713.7313435981994, 19.729106016938303, 134.0], "5" : [713.7313435981994, 19.729106016938303, 134.0], "7" : [704.824444110511, 10.143333864062608, 90.0], "9" : [804.4559556127358, 1.5416637151019228, 84.0], "11" : [776.2130211556338, 5.183257446679696, 215.0], "13" : [902.9298796713105, 4.46280721169259, 164.0], "15" : [966.308150156123, 9.321736643083621, 184.0], "17" : [617.1464266693735, 86.88622736086683, 196.0], "19" : [595.2666684114508, 81.97317082579458, 123.0], "21" : [661.6206907408861, 81.87126343330463, 87.0], "23" : [726.5174605023724, 86.77618994863174, 63.0], "25" : [724.5229491015514, 88.5270534198755, 122.0], "27" : [788.9101111545946, 86.9505619634017, 178.0], "29" : [863.4480851117763, 83.81787081190478, 235.0], "31" : [932.7118803516031, 86.7376258713682, 202.0], "33" : [1001.2253735893398, 85.2368160868012, 201.0], "35" : [1062.5379696239154, 82.28288872468734, 187.0], "37" : [655.2737359968709, 124.43788043034648, 198.0], "39" : [691.6752821887801, 120.77640259273602, 89.0], "41" : [783.1787887046708, 117.67159461359245, 264.0], "43" : [845.744269130653, 114.15968384801259, 253.0], "45" : [931.8019831515489, 116.81756513421327, 353.0], "47" : [994.7720295735382, 112.98126575981033, 379.0], "49" : [586.6310349528408, 153.99022875301435, 174.0], "51" : [586.6310349528408, 153.99022875301435, 174.0], "53" : [636.196773024778, 153.44354761741855, 124.0], "55" : [707.1968157067264, 149.30509771499052, 157.0], "57" : [707.1968157067264, 149.30509771499052, 157.0], "59" : [779.052021434461, 147.48728620155964, 173.0], "61" : [828.6396800784077, 147.26508100247244, 126.0], "63" : [902.2917596234197, 150.1126394321869, 182.0], "65" : [964.3166666729296, 149.3430573304183, 216.0], "67" : [1076.0781845962572, 149.34318403010823, 220.0], "69" : [728.3840675062751, 180.87171396375544, 251.0], "71" : [784.6057649059351, 176.4211563542658, 104.0], "73" : [857.6559952863164, 176.32850702649375, 200.0], "75" : [943.6132239502246, 174.61064661521587, 310.0], "77" : [990.8915247490738, 174.30508644859157, 118.0], "79" : [595.1892466008525, 242.44193762964662, 93.0], "81" : [591.5206037841845, 243.1545462376499, 165.0], "83" : [653.4303911256977, 240.9196053376, 102.0], "85" : [761.3606274701006, 239.3262494631869, 160.0], "87" : [733.7174703565676, 242.93734955125908, 166.0], "89" : [818.7324037328117, 242.80391138342517, 179.0], "91" : [911.3717826743206, 246.98465310281733, 202.0], "93" : [911.3717826743206, 246.98465310281733, 202.0], "95" : [989.5749994955181, 251.13780855674995, 164.0], "97" : [1058.0952424987968, 253.16825652122478, 63.0], "99" : [1058.0952424987968, 253.16825652122478, 63.0], "101" : [1129.2820690005012, 252.4089669130519, 145.0], "103" : [685.1067544462127, 277.0763718344334, 237.0], "105" : [754.8227861466137, 275.7734198753675, 79.0], "107" : [759.5908266389008, 277.12477316508904, 109.0], "109" : [858.6238589741372, 275.7208128280306, 197.0], "111" : [836.964462274707, 276.57851361378573, 242.0], "113" : [931.7869799331318, 280.05562118175254, 169.0], "115" : [931.7869799331318, 280.05562118175254, 169.0], "117" : [999.6779577432576, 281.12530428935685, 245.0], "119" : [993.4836933655749, 278.78478152979847, 92.0], "121" : [993.4836933655749, 278.78478152979847, 92.0], "123" : [1046.737391827418, 281.66260606826063, 115.0], "125" : [573.3733325873685, 313.98296252984875, 135.0], "127" : [571.2661805349525, 313.39264703771977, 68.0], "129" : [553.679885357689, 315.0106506669973, 169.0], "131" : [631.8542373868296, 307.5691521681034, 295.0], "133" : [694.2690448908867, 306.8101172919455, 168.0], "135" : [694.2690448908867, 306.8101172919455, 168.0], "137" : [779.4977951620227, 299.4176248511949, 227.0], "139" : [779.4977951620227, 299.4176248511949, 227.0], "141" : [907.9490743760052, 297.4120383583062, 108.0], "143" : [907.9490743760052, 297.4120383583062, 108.0], "145" : [888.2483865977094, 302.1926276543234, 217.0], "147" : [875.4885225160414, 302.4057389817323, 122.0], "149" : [954.539285906545, 306.28273928533247, 168.0], "151" : [1013.2711780759946, 306.82058711520085, 170.0], "153" : [1097.9460620040622, 309.05636319521614, 165.0], "155" : [1153.9709677337466, 309.36558923814613, 93.0], "157" : [687.8878531139057, 339.98598081440707, 214.0], "159" : [756.0611102239242, 338.07272563002635, 198.0], "161" : [888.4624993122234, 340.3375006135088, 320.0], "163" : [939.8061511847598, 339.69615137421846, 130.0], "165" : [1011.8985167995894, 337.69999958379054, 202.0], "167" : [980.2723380829273, 333.542556431566, 94.0], "169" : [980.2723380829273, 333.542556431566, 94.0], "171" : [980.2723380829273, 333.542556431566, 94.0], "173" : [567.9825139835153, 404.2644788773461, 183.0], "175" : [617.3177392519992, 416.63602308759033, 186.0], "177" : [681.9715321222947, 420.92919855298936, 137.0], "179" : [748.3689075553723, 414.71932744599235, 119.0], "181" : [668.7587496777637, 417.5350006207959, 240.0], "183" : [741.6203007587957, 417.98609056485463, 266.0], "185" : [819.4381821534305, 410.35181715526653, 220.0], "187" : [979.1549997641389, 409.3340006880842, 100.0], "189" : [966.1845148490506, 413.6948404943943, 155.0], "191" : [966.1845148490506, 413.6948404943943, 155.0], "193" : [1035.338063064578, 404.99032144784985, 155.0], "195" : [1115.681205076054, 402.0865766445146, 149.0], "197" : [1169.5755518410265, 403.68444369866893, 90.0], "199" : [703.0326423738924, 447.306216531695, 193.0], "201" : [679.0133332505368, 454.8051853700829, 135.0], "203" : [679.0133332505368, 454.8051853700829, 135.0], "205" : [760.3788743788009, 456.1774686938833, 71.0], "207" : [760.3788743788009, 456.1774686938833, 71.0], "209" : [765.9745764317735, 453.8008484799231, 118.0], "211" : [858.7695284274689, 452.5141280193634, 361.0], "213" : [901.5333341582921, 445.1933294677936, 180.0], "215" : [987.0272726935856, 442.97654953170604, 209.0], "217" : [1060.2517490801902, 435.60489515082736, 143.0], "219" : [621.8391884814203, 492.7549544656853, 222.0], "221" : [621.8391884814203, 492.7549544656853, 222.0], "223" : [729.1244836581094, 481.10124313916435, 241.0], "225" : [795.5685620554489, 478.94410658373545, 229.0], "227" : [865.2406765520554, 478.40734664468937, 177.0], "229" : [911.7311833213915, 481.4537607910216, 186.0], "231" : [911.7311833213915, 481.4537607910216, 186.0], "233" : [981.6470010256779, 478.8833334783288, 300.0], "235" : [1084.3376625031476, 473.35584524946273, 231.0], "237" : [1102.8774649300085, 474.33521410122495, 71.0], "239" : [641.0936100374996, 512.7345837560364, 266.0], "241" : [641.0936100374996, 512.7345837560364, 266.0], "243" : [716.7441324948901, 509.2173724969773, 213.0], "245" : [827.0960628489239, 508.3444881122811, 254.0], "247" : [914.2091657046992, 512.6401726569032, 229.0], "249" : [1012.9315818992333, 516.223680919666, 228.0], "251" : [1049.5274514175298, 516.0568578732909, 153.0], "253" : [630.9751349776615, 576.6610823990949, 185.0], "255" : [612.590005800759, 576.4700005791946, 90.0], "257" : [704.5269221682508, 569.7730766011492, 182.0], "259" : [769.481077078474, 569.1369355891741, 111.0], "261" : [771.8492290296414, 570.2369208624312, 65.0], "263" : [846.1146827740321, 568.0174608344752, 252.0], "265" : [965.608885268569, 574.2733327067949, 180.0], "267" : [953.6978097162063, 574.2744517468841, 137.0], "269" : [953.6978097162063, 574.2744517468841, 137.0], "271" : [1028.753091614202, 576.6969093037368, 194.0], "273" : [1105.438617680871, 573.7793104727175, 145.0], "275" : [729.5814837417585, 605.9345703834134, 81.0], "277" : [729.5814837417585, 605.9345703834134, 81.0], "279" : [730.000851569989, 608.1677975605406, 118.0], "281" : [730.000851569989, 608.1677975605406, 118.0], "283" : [707.7868871500566, 607.5426240429642, 183.0], "285" : [707.7868871500566, 607.5426240429642, 183.0], "287" : [756.0600851346617, 605.4836909124568, 233.0], "289" : [861.7846429400672, 605.7510734212123, 280.0], "291" : [865.9469689203071, 607.6742406841689, 66.0],