{"1" : [764.8972031915001, 73.26853487637696, 143.0], "3" : [797.075124985027, 36.1507431539828, 201.0], "5" : [820.5510979504018, 35.767151322954525, 137.0], "7" : [650.7473057707632, 92.20539043907954, 167.0], "9" : [650.7473057707632, 92.20539043907954, 167.0], "11" : [650.7473057707632, 92.20539043907954, 167.0], "13" : [639.6615042427884, 90.16770100428744, 226.0], "15" : [749.2385954981158, 98.53684451444451, 57.0], "17" : [749.2385954981158, 98.53684451444451, 57.0], "19" : [848.555196597414, 94.11075432091434, 279.0], "21" : [848.555196597414, 94.11075432091434, 279.0], "23" : [968.2892993523592, 93.12511746678149, 215.0], "25" : [968.2892993523592, 93.12511746678149, 215.0], "27" : [1077.6354526091177, 88.67513133803524, 189.0], "29" : [697.8594596999933, 116.51243018700468, 185.0], "31" : [698.727777374949, 107.0203673900874, 162.0], "33" : [949.3524871549246, 124.74364857867816, 181.0], "35" : [949.3524871549246, 124.74364857867816, 181.0], "37" : [1044.7404753481876, 120.3061212952275, 294.0], "39" : [729.896521463595, 175.28260985005224, 115.0], "41" : [660.2781587631167, 148.73447542427436, 380.0], "43" : [903.6513513608097, 157.7383786896621, 185.0], "45" : [903.6513513608097, 157.7383786896621, 185.0], "47" : [1004.9694123459791, 144.24646706780322, 170.0], "49" : [1060.4816337451432, 147.27006892581667, 147.0], "51" : [807.0690178398689, 175.61372677201373, 255.0], "53" : [687.7473300324053, 199.54427674085036, 131.0], "55" : [837.0529754420924, 241.9315489436313, 168.0], "57" : [1049.8440208898403, 270.030140362663, 209.0], "59" : [1065.545051490629, 267.6450560052215, 91.0], "61" : [1136.6995499279237, 252.2518003847501, 222.0], "63" : [788.9984039133943, 282.46063640844267, 188.0], "65" : [788.9984039133943, 282.46063640844267, 188.0], "67" : [738.1944025878429, 350.50479887020515, 125.0], "69" : [738.1944025878429, 350.50479887020515, 125.0], "71" : [686.2063137829933, 266.89854224014294, 206.0], "73" : [686.2063137829933, 266.89854224014294, 206.0], "75" : [803.7654756525687, 279.8178560704777, 84.0], "77" : [805.1895349376804, 277.3639538127814, 86.0], "79" : [534.5556303888532, 302.9380801878646, 302.0], "81" : [631.4625814269191, 304.5703228019739, 155.0], "83" : [861.3244169243062, 328.0058140659773, 86.0], "85" : [861.3244169243062, 328.0058140659773, 86.0], "87" : [861.3244169243062, 328.0058140659773, 86.0], "89" : [833.847984592614, 333.4149204615538, 248.0], "91" : [833.847984592614, 333.4149204615538, 248.0], "93" : [647.7865950981452, 444.57262294842906, 179.0], "95" : [612.1461829956436, 417.68472852903164, 275.0], "97" : [721.4999998618734, 429.0706927230959, 174.0], "99" : [721.4999998618734, 429.0706927230959, 174.0], "101" : [721.4999998618734, 429.0706927230959, 174.0], "103" : [969.1064702833388, 426.1187099842459, 139.0], "105" : [969.1064702833388, 426.1187099842459, 139.0], "107" : [1041.268358601018, 420.108593919562, 256.0], "109" : [1041.268358601018, 420.108593919562, 256.0], "111" : [1074.4045480909465, 451.00045418166195, 220.0], "113" : [946.1337015810427, 449.35801080658354, 181.0], "115" : [946.1337015810427, 449.35801080658354, 181.0], "117" : [727.401335668753, 477.05378085282865, 225.0], "119" : [691.0883835414285, 491.7540413510741, 198.0], "121" : [691.0883835414285, 491.7540413510741, 198.0], "123" : [691.0883835414285, 491.7540413510741, 198.0], "125" : [874.1516119477536, 486.2083868045594, 155.0], "127" : [951.4533311521036, 486.8133342561447, 165.0], "129" : [1072.095556706888, 474.2411115962019, 90.0], "131" : [778.6712642269928, 520.5436756987033, 174.0], "133" : [778.6712642269928, 520.5436756987033, 174.0], "135" : [785.2189660177489, 521.0568945904315, 116.0], "137" : [891.00704374645, 513.9732381779928, 71.0], "139" : [669.2517645699771, 599.6976472811201, 340.0], "141" : [662.6488553364965, 582.2540220544499, 174.0], "143" : [791.4845741782335, 591.0382969913792, 188.0], "145" : [791.4845741782335, 591.0382969913792, 188.0], "147" : [791.4845741782335, 591.0382969913792, 188.0], "149" : [970.2262388205764, 577.4936172015915, 141.0], "151" : [1053.3432837339149, 575.5820927054347, 67.0], "153" : [748.2845343340193, 643.9814442802887, 97.0], "155" : [750.9825904932551, 645.2724680473025, 247.0], "157" : [817.7671131036659, 610.7516787945442, 149.0], "159" : [990.1269832576058, 607.206350787729, 63.0], "161" : [637.491227907211, 650.5464930307469, 228.0], "163" : [815.8614032912459, 679.6818703614313, 171.0], "165" : [1071.6404884049202, 653.6907984510433, 163.0], "167" : [1071.6404884049202, 653.6907984510433, 163.0], "169" : [1122.784391704508, 648.8165842360215, 205.0], "171" : [780.3520277145726, 762.30945764995, 148.0], "173" : [780.3520277145726, 762.30945764995, 148.0], "175" : [780.3520277145726, 762.30945764995, 148.0], "177" : [708.7784541816262, 765.6143642374952, 181.0], "179" : [708.7784541816262, 765.6143642374952, 181.0], "181" : [673.2007279142415, 779.8613136798999, 137.0], "183" : [890.7053351166712, 765.3026677174992, 150.0], "185" : [966.7854520977954, 762.4981803600087, 165.0], "187" : [966.7854520977954, 762.4981803600087, 165.0], "189" : [1080.9455872646486, 750.6102942052698, 68.0], "191" : [755.8229891997219, 775.5103429184461, 87.0], "193" : [764.6840342071441, 775.5848736039242, 119.0], "195" : [842.985184954554, 761.2487652421111, 162.0], "197" : [842.985184954554, 761.2487652421111, 162.0], "199" : [842.985184954554, 761.2487652421111, 162.0], "201" : [962.1727813988568, 748.1692320855855, 169.0], "203" : [999.1647054933707, 762.1895929451523, 221.0], "205" : [999.1647054933707, 762.1895929451523, 221.0], "207" : [903.6893349023333, 772.6426671206787, 75.0], "209" : [834.034720343029, 858.5881906607727, 144.0], "211" : [673.8169981614935, 953.616666801337, 300.0], "213" : [673.8169981614935, 953.616666801337, 300.0], "215" : [744.6529399900066, 946.4909809249278, 255.0], "217" : [817.218333429539, 937.958334682509, 120.0], "219" : [947.9399981356145, 932.7742873262225, 140.0], "221" : [688.3888900152987, 950.5881484470394, 135.0], "223" : [688.3888900152987, 950.5881484470394, 135.0], "225" : [688.3888900152987, 950.5881484470394, 135.0], "227" : [696.0103424809441, 954.554310830569, 116.0], "229" : [696.0103424809441, 954.554310830569, 116.0], "231" : [767.228207953927, 975.0858952202475, 156.0], "233" : [949.943531963668, 953.5387937868907, 232.0], "235" : [949.943531963668, 953.5387937868907, 232.0], "237" : [692.4162143998163, 1017.0067562976801, 74.0], "239" : [697.0162490536667, 1002.6662494933503, 80.0], "241" : [755.1600001390335, 1009.6713040550178, 115.0], "243" : [1038.0596505196256, 995.9491238777359, 57.0], "245" : [1039.4292294630486, 999.8938469211074, 65.0], "247" : [1032.3924239525174, 1016.0969679477181, 66.0], "249" : [882.4811743988294, 21.00352980478527, 85.0], "251" : [889.073334691133, 12.96000278703516, 60.0], "253" : [792.1435179612918, 9.181481625359133, 216.0], "255" : [625.4703200175757, 67.49652657818636, 374.0], "257" : [621.9535441590098, 75.35590866029358, 127.0], "259" : [892.5243588922212, 30.968588560430252, 156.0], "261" : [972.36482552484, 14.048240550678308, 199.0], "263" : [930.8471010424072, 27.656519073974824, 138.0], "265" : [930.8471010424072, 27.656519073974824, 138.0], "267" : [570.6122367969452, 101.30797889630368, 188.0], "269" : [680.1410831174337, 91.95729992054842, 185.0], "271" : [680.1410831174337, 91.95729992054842, 185.0], "273" : [784.3169373210569, 105.47759317285195, 183.0], "275" : [1016.5441703176969, 104.42085817730593, 163.0], "277" : [1003.609999526111, 26.64333424977742, 150.0], "279" : [854.2432428558706, 33.794050952542015, 185.0], "281" : [918.9397435391787, 32.91474169009556, 156.0], "283" : [811.3206400366188, 26.82109784849487, 218.0], "285" : [665.999997981284, 164.40980284640062, 51.0], "287" : [665.999997981284, 164.40980284640062, 51.0], "289" : [673.8662323607191, 157.96363762881498, 308.0], "291" : [673.8662323607191, 157.96363762881498, 308.0],