{"1" : [754.6733924129165, 13.306420768086781, 109.0], "3" : [888.0185927418122, 15.799587793723473, 242.0], "5" : [892.4771839180179, 13.337585298802082, 149.0], "7" : [975.7305676463674, 22.30567607148786, 229.0], "9" : [624.2926296182694, 90.62578908945709, 190.0], "11" : [609.8624264279975, 100.74060553974945, 165.0], "13" : [609.8624264279975, 100.74060553974945, 165.0], "15" : [649.403445902933, 102.28103321996011, 116.0], "17" : [649.403445902933, 102.28103321996011, 116.0], "19" : [649.403445902933, 102.28103321996011, 116.0], "21" : [649.543334445116, 99.25166518601381, 60.0], "23" : [649.543334445116, 99.25166518601381, 60.0], "25" : [649.543334445116, 99.25166518601381, 60.0], "27" : [721.8327860218716, 97.62677848669776, 183.0], "29" : [721.8327860218716, 97.62677848669776, 183.0], "31" : [787.1557454788662, 96.82011850309881, 174.0], "33" : [787.1557454788662, 96.82011850309881, 174.0], "35" : [668.0409061893012, 90.1422092410177, 154.0], "37" : [808.3836344272521, 97.14727623779726, 165.0], "39" : [808.3836344272521, 97.14727623779726, 165.0], "41" : [808.3836344272521, 97.14727623779726, 165.0], "43" : [808.3836344272521, 97.14727623779726, 165.0], "45" : [895.1190482621134, 95.6112578866227, 231.0], "47" : [895.1190482621134, 95.6112578866227, 231.0], "49" : [967.8458995784938, 100.02655523552244, 305.0], "51" : [967.8458995784938, 100.02655523552244, 305.0], "53" : [1051.3645940808487, 97.16303836488251, 257.0], "55" : [1051.3645940808487, 97.16303836488251, 257.0], "57" : [1075.9839733913211, 96.63282877066895, 131.0], "59" : [1075.9839733913211, 96.63282877066895, 131.0], "61" : [685.4172916749104, 132.7850134758692, 347.0], "63" : [685.4172916749104, 132.7850134758692, 347.0], "65" : [836.0614207717888, 146.7350257258984, 197.0], "67" : [803.7649684927247, 150.14904600347546, 157.0], "69" : [894.6601066615934, 156.1473410838722, 188.0], "71" : [967.3796856977585, 156.52499904082364, 192.0], "73" : [926.1011102495302, 152.3755556954044, 270.0], "75" : [959.2575166627747, 153.92352871536687, 153.0], "77" : [999.3896550199056, 153.14482864565093, 87.0], "79" : [616.4543288209443, 160.20472779117986, 127.0], "81" : [626.3968571522389, 160.87174836600857, 223.0], "83" : [711.6642101520739, 170.3047962809709, 271.0], "85" : [571.1746864156173, 161.39176864951008, 158.0], "87" : [699.2847459790459, 166.12372740727693, 177.0], "89" : [699.2847459790459, 166.12372740727693, 177.0], "91" : [775.0948259506873, 166.65574649098173, 174.0], "93" : [775.0948259506873, 166.65574649098173, 174.0], "95" : [759.4524349939933, 169.52397065627852, 267.0], "97" : [953.240135195966, 180.18911589843705, 294.0], "99" : [1002.5190453728802, 178.70000338223815, 231.0], "101" : [643.3875009597172, 259.9465297320069, 144.0], "103" : [643.3875009597172, 259.9465297320069, 144.0], "105" : [653.9904199352761, 284.9227532716138, 167.0], "107" : [785.9293911133799, 284.7536715775105, 313.0], "109" : [922.8104834910802, 288.9911303489067, 124.0], "111" : [758.2338361385902, 270.9755649239176, 266.0], "113" : [962.054224614495, 280.95680553452985, 426.0], "115" : [1030.367135219676, 279.74037286629493, 213.0], "117" : [937.5111131967249, 272.69111276529196, 225.0], "119" : [937.5111131967249, 272.69111276529196, 225.0], "121" : [1015.547225244547, 280.73194313879395, 72.0], "123" : [1015.547225244547, 280.73194313879395, 72.0], "125" : [1073.3418049063987, 281.68494795455024, 299.0], "127" : [687.9175784138858, 312.2281246432057, 256.0], "129" : [687.9175784138858, 312.2281246432057, 256.0], "131" : [789.2310651581563, 314.37524362254896, 206.0], "133" : [885.4037489078767, 320.0497538300764, 400.0], "135" : [885.4037489078767, 320.0497538300764, 400.0], "137" : [816.0662649565777, 314.0578335765292, 83.0], "139" : [1017.6460873961666, 326.4095655945653, 230.0], "141" : [1017.6460873961666, 326.4095655945653, 230.0], "143" : [1013.9057705701663, 322.2096148268033, 104.0], "145" : [1064.4802640097307, 320.8684250890744, 152.0], "147" : [664.2848096738153, 343.7132930708346, 158.0], "149" : [638.0291948545619, 344.3546590287846, 161.0], "151" : [737.2815807009275, 347.5480260305917, 152.0], "153" : [737.2815807009275, 347.5480260305917, 152.0], "155" : [752.6459456372332, 343.2445919450082, 74.0], "157" : [808.6611100215658, 342.1840269449496, 144.0], "159" : [917.0592596619978, 353.0361116088047, 216.0], "161" : [968.6179006905346, 354.20061840289844, 162.0], "163" : [1009.9160006534521, 358.612667392138, 150.0], "165" : [740.1797449707097, 359.6936711502602, 79.0], "167" : [740.1797449707097, 359.6936711502602, 79.0], "169" : [752.8429835629476, 356.34298335839674, 114.0], "171" : [559.9264716342739, 430.5522066677924, 136.0], "173" : [567.8683354460625, 431.00666472966645, 60.0], "175" : [621.6313701336, 433.37712531184167, 153.0], "177" : [698.7270678793507, 436.3902248677739, 266.0], "179" : [781.563248598412, 434.3367519258904, 351.0], "181" : [847.1406232463357, 436.9296861454292, 64.0], "183" : [849.3288733650893, 435.8774635439689, 142.0], "185" : [768.9830869076011, 433.7882349426772, 136.0], "187" : [839.8361693660851, 432.67872281558516, 141.0], "189" : [839.8361693660851, 432.67872281558516, 141.0], "191" : [919.0525620711007, 433.4038463539543, 78.0], "193" : [1010.8392506829109, 438.8542638399835, 293.0], "195" : [1065.563369915201, 442.34592436648893, 172.0], "197" : [1001.419684038483, 446.9535429415987, 127.0], "199" : [1001.419684038483, 446.9535429415987, 127.0], "201" : [675.3238088367954, 469.90612142973913, 147.0], "203" : [747.6807424148717, 469.5192559071651, 161.0], "205" : [833.6162174575591, 475.064325519109, 185.0], "207" : [911.534520642935, 479.60773939335616, 168.0], "209" : [911.534520642935, 479.60773939335616, 168.0], "211" : [952.2461521993929, 480.3413471240788, 104.0], "213" : [1031.177585219477, 481.761490419402, 174.0], "215" : [1066.6392660804806, 475.0612593896914, 191.0], "217" : [641.8087748919847, 500.0017572353354, 57.0], "219" : [641.8087748919847, 500.0017572353354, 57.0], "221" : [655.9360202364556, 495.3053729003074, 186.0], "223" : [655.9360202364556, 495.3053729003074, 186.0], "225" : [729.6895525661398, 501.90497626050063, 201.0], "227" : [854.5232762891416, 505.09540938941285, 305.0], "229" : [977.4681066140781, 503.4219298876071, 301.0], "231" : [1073.926530613206, 503.13090458031905, 343.0], "233" : [1106.449186255797, 507.35406459135885, 246.0], "235" : [739.4015628576627, 614.0968772002517, 64.0], "237" : [800.7222207473837, 583.7753970248849, 126.0], "239" : [879.3336077510642, 591.0532793192524, 122.0], "241" : [879.3336077510642, 591.0532793192524, 122.0], "243" : [876.8090892231972, 592.2493479291768, 77.0], "245" : [876.8090892231972, 592.2493479291768, 77.0], "247" : [1005.7115400934682, 580.228205744807, 78.0], "249" : [1005.9102373729793, 595.439371594842, 127.0], "251" : [1005.9102373729793, 595.439371594842, 127.0], "253" : [1049.235133272649, 593.8486504001619, 185.0], "255" : [1123.148220092297, 587.3076717838821, 365.0], "257" : [781.5307678077077, 625.5557693371569, 52.0], "259" : [781.5307678077077, 625.5557693371569, 52.0], "261" : [781.5307678077077, 625.5557693371569, 52.0], "263" : [790.643089029489, 628.182112220385, 123.0], "265" : [790.643089029489, 628.182112220385, 123.0], "267" : [1118.5604016606649, 591.0442944481653, 149.0], "269" : [768.2818202204165, 628.4146851316137, 286.0], "271" : [768.2818202204165, 628.4146851316137, 286.0], "273" : [838.7646172427791, 623.4661539067735, 65.0], "275" : [838.7646172427791, 623.4661539067735, 65.0], "277" : [838.7646172427791, 623.4661539067735, 65.0], "279" : [840.4013155348562, 625.5052666488621, 76.0], "281" : [840.4013155348562, 625.5052666488621, 76.0], "283" : [840.4013155348562, 625.5052666488621, 76.0], "285" : [742.0212120477424, 634.6963647556186, 165.0], "287" : [742.0212120477424, 634.6963647556186, 165.0], "289" : [811.1269459786508, 626.8730525668552, 167.0], "291" : [811.1269459786508, 626.8730525668552, 167.0],