{"1" : [697.7493307871681, 393.00533500794586, 75.0], "3" : [697.7493307871681, 393.00533500794586, 75.0], "5" : [671.2435636402942, 65.22673832519375, 101.0], "7" : [774.7853096170215, 33.392654847030265, 177.0], "9" : [900.2949255060818, 24.646194129871674, 197.0], "11" : [1020.9793844273411, 10.737719634199689, 228.0], "13" : [678.3882369827024, 77.79673645689978, 153.0], "15" : [644.6159206459956, 77.51452746844988, 358.0], "17" : [644.6159206459956, 77.51452746844988, 358.0], "19" : [703.6871145082557, 76.3608902893937, 225.0], "21" : [781.5262094590144, 73.63790999125216, 248.0], "23" : [755.4268295435688, 73.39756947526512, 164.0], "25" : [860.3112977786793, 62.26652831373814, 239.0], "27" : [806.4007946142651, 69.57142847419244, 126.0], "29" : [883.1472135935095, 58.9108507499308, 341.0], "31" : [883.1472135935095, 58.9108507499308, 341.0], "33" : [722.8329246436218, 90.7908564367459, 164.0], "35" : [681.6230428316082, 100.30506706759611, 217.0], "37" : [681.6230428316082, 100.30506706759611, 217.0], "39" : [704.1796071098157, 101.58749769766446, 152.0], "41" : [704.1796071098157, 101.58749769766446, 152.0], "43" : [801.7449382617804, 94.90705065261668, 227.0], "45" : [801.7449382617804, 94.90705065261668, 227.0], "47" : [846.4729648233487, 93.83387662414944, 307.0], "49" : [846.4729648233487, 93.83387662414944, 307.0], "51" : [877.3721719942807, 93.49652096052178, 115.0], "53" : [877.3721719942807, 93.49652096052178, 115.0], "55" : [952.5401439717973, 68.69269887517946, 137.0], "57" : [640.3422698274758, 127.22371380895073, 97.0], "59" : [640.3422698274758, 127.22371380895073, 97.0], "61" : [640.3422698274758, 127.22371380895073, 97.0], "63" : [614.5579903458199, 123.55148199574735, 169.0], "65" : [731.4865681570006, 143.30497319744853, 201.0], "67" : [680.7476478569101, 139.52705426307406, 170.0], "69" : [643.7420536652717, 134.2201985899583, 302.0], "71" : [643.7420536652717, 134.2201985899583, 302.0], "73" : [643.7420536652717, 134.2201985899583, 302.0], "75" : [730.5624975597373, 176.44531308460893, 64.0], "77" : [732.2000023788482, 163.9982957467418, 176.0], "79" : [732.2000023788482, 163.9982957467418, 176.0], "81" : [795.6730501743735, 174.90496499428315, 141.0], "83" : [922.6053912812943, 124.65245253270169, 204.0], "85" : [922.6053912812943, 124.65245253270169, 204.0], "87" : [977.2727263897178, 114.29173295984302, 121.0], "89" : [1111.5303571376007, 66.35000455202658, 168.0], "91" : [1017.3757217475494, 184.6162609006182, 449.0], "93" : [627.9769203479906, 260.375092983751, 273.0], "95" : [627.9769203479906, 260.375092983751, 273.0], "97" : [670.6892815033908, 261.0023816039892, 84.0], "99" : [670.6892815033908, 261.0023816039892, 84.0], "101" : [672.4581700284981, 261.50653524713874, 153.0], "103" : [672.4581700284981, 261.50653524713874, 153.0], "105" : [750.8103910513883, 267.08701735396613, 77.0], "107" : [753.4772339439626, 267.302443518836, 123.0], "109" : [678.7377399477133, 260.06855460558444, 159.0], "111" : [678.7377399477133, 260.06855460558444, 159.0], "113" : [678.1586693085723, 260.45066660795703, 75.0], "115" : [678.1586693085723, 260.45066660795703, 75.0], "117" : [745.8726413370549, 265.6971678571245, 106.0], "119" : [745.8726413370549, 265.6971678571245, 106.0], "121" : [814.9509267883201, 266.8407434085251, 108.0], "123" : [814.9509267883201, 266.8407434085251, 108.0], "125" : [925.0027385055273, 257.81404224846744, 292.0], "127" : [925.0027385055273, 257.81404224846744, 292.0], "129" : [896.8420767086064, 265.8743163689904, 183.0], "131" : [896.8420767086064, 265.8743163689904, 183.0], "133" : [999.8728347898244, 261.9938258123302, 81.0], "135" : [999.8728347898244, 261.9938258123302, 81.0], "137" : [1003.4623457528986, 261.7222184025513, 162.0], "139" : [1003.4623457528986, 261.7222184025513, 162.0], "141" : [965.4050510527454, 257.68483072210125, 178.0], "143" : [965.4050510527454, 257.68483072210125, 178.0], "145" : [965.4050510527454, 257.68483072210125, 178.0], "147" : [1088.3921699660955, 260.75898548896294, 217.0], "149" : [1088.3921699660955, 260.75898548896294, 217.0], "151" : [1118.3068940862688, 248.44482906047193, 58.0], "153" : [1122.6846760108156, 246.09435295701397, 124.0], "155" : [1060.9899991357318, 296.1426673514773, 150.0], "157" : [1060.9899991357318, 296.1426673514773, 150.0], "159" : [723.5253942957402, 290.0246006284391, 126.0], "161" : [723.5253942957402, 290.0246006284391, 126.0], "163" : [678.0802587827947, 291.78089472476586, 157.0], "165" : [678.0802587827947, 291.78089472476586, 157.0], "167" : [768.0485874809661, 293.0666707241617, 177.0], "169" : [768.0485874809661, 293.0666707241617, 177.0], "171" : [855.3005524035709, 300.2893862876566, 179.0], "173" : [855.3005524035709, 300.2893862876566, 179.0], "175" : [821.0929535153836, 300.33310031066065, 142.0], "177" : [821.0929535153836, 300.33310031066065, 142.0], "179" : [775.4441861887615, 295.9027890565169, 215.0], "181" : [775.4441861887615, 295.9027890565169, 215.0], "183" : [826.3413028650034, 304.0103264823607, 184.0], "185" : [990.6428122960915, 295.736230618102, 334.0], "187" : [990.6428122960915, 295.736230618102, 334.0], "189" : [990.6428122960915, 295.736230618102, 334.0], "191" : [1007.9203322921682, 294.39395831415106, 182.0], "193" : [1007.9203322921682, 294.39395831415106, 182.0], "195" : [1007.9203322921682, 294.39395831415106, 182.0], "197" : [922.776835989568, 295.0514114661356, 177.0], "199" : [922.776835989568, 295.0514114661356, 177.0], "201" : [1014.9864850204149, 295.3437828095064, 185.0], "203" : [1014.9864850204149, 295.3437828095064, 185.0], "205" : [1014.9864850204149, 295.3437828095064, 185.0], "207" : [1063.1376674042356, 295.8542604123038, 223.0], "209" : [1063.1376674042356, 295.8542604123038, 223.0], "211" : [1083.461540143082, 297.1605756555462, 208.0], "213" : [1083.461540143082, 297.1605756555462, 208.0], "215" : [559.0126874394158, 313.8328332206525, 134.0], "217" : [559.0126874394158, 313.8328332206525, 134.0], "219" : [629.3157634772182, 308.06086680375466, 184.0], "221" : [599.0334516898307, 306.6212819829767, 296.0], "223" : [619.7715866426327, 304.75056809648754, 176.0], "225" : [708.7017168606899, 308.7410923899617, 292.0], "227" : [758.0721315548647, 316.7106529917436, 244.0], "229" : [873.8003352530558, 322.73511790555284, 299.0], "231" : [873.8003352530558, 322.73511790555284, 299.0], "233" : [927.855999549586, 321.6400052311082, 200.0], "235" : [1012.382489077817, 318.7193554495233, 217.0], "237" : [1012.382489077817, 318.7193554495233, 217.0], "239" : [1082.93801069275, 319.6456170719614, 171.0], "241" : [1051.972048868357, 314.6255919453717, 254.0], "243" : [1124.6765433197031, 321.7283991669961, 81.0], "245" : [1127.6552370806864, 323.82285851853965, 105.0], "247" : [1168.12207320667, 331.4883108811016, 231.0], "249" : [1044.0389885021664, 357.4004576631537, 218.0], "251" : [867.3672283137023, 357.7705912625761, 119.0], "253" : [867.3672283137023, 357.7705912625761, 119.0], "255" : [748.2162503972373, 347.94749908245296, 80.0], "257" : [745.0126137146698, 348.12882913776406, 111.0], "259" : [721.6867723364167, 349.2534411460006, 189.0], "261" : [783.2474992917461, 353.0333321191966, 120.0], "263" : [890.5654406509225, 359.7410150442276, 217.0], "265" : [829.02857228492, 363.42785896464, 140.0], "267" : [978.7144825195622, 346.3041371732113, 145.0], "269" : [932.7362101895786, 318.2241382075459, 58.0], "271" : [1002.9534882397937, 352.24883606782635, 86.0], "273" : [570.1581157035872, 408.9947641565486, 191.0], "275" : [680.3975998503262, 415.9620001030902, 250.0], "277" : [653.6140536419236, 412.83675772683404, 185.0], "279" : [726.1862744738003, 420.13137283728634, 51.0], "281" : [728.0809217996559, 423.13618410038936, 152.0], "283" : [728.0809217996559, 423.13618410038936, 152.0], "285" : [728.0809217996559, 423.13618410038936, 152.0], "287" : [809.9576691540449, 431.05950822840737, 163.0], "289" : [809.9576691540449, 431.05950822840737, 163.0],