{"1": [1034.1, 481.0, 107.0], "2": [525.0, 481.0, 119.0], "3": [367.6, 481.0, 391.0], "4": [278.7, 481.0, 146.0], "5": [353.3, 481.0, 215.0], "6": [359.8, 481.0, 118.0], "7": [518.5, 481.0, 303.0], "8": [469.8, 481.0, 111.0], "9": [554.0, 481.0, 115.0], "10": [365.7, 481.0, 141.0], "11": [371.2, 481.0, 180.0], "12": [686.5, 481.0, 240.0], "13": [640.9, 481.0, 470.0], "14": [679.8, 481.0, 401.0], "15": [625.3, 481.0, 231.0], "16": [803.9, 481.0, 760.0], "17": [920.0, 481.0, 239.0], "18": [866.9, 481.0, 250.0], "19": [940.5, 481.0, 188.0], "20": [605.3, 481.0, 177.0], "21": [666.5, 481.0, 118.0], "22": [513.7, 481.0, 695.0], "23": [506.7, 481.0, 222.0], "24": [1086.8, 481.0, 227.0], "25": [1032.8, 481.0, 413.0], "26": [1211.5, 481.0, 355.0], "27": [1160.9, 481.0, 263.0], "28": [1236.5, 481.0, 174.0], "29": [1241.7, 481.0, 188.0], "30": [1250.0, 481.0, 243.0], "31": [1153.5, 481.0, 546.0], "32": [1178.0, 481.0, 246.0], "33": [1241.2, 481.0, 268.0], "34": [1265.4, 481.0, 341.0], "35": [1311.0, 481.0, 297.0], "36": [1388.7786576152519, 481.0, 217.0], "37": [1406.7, 481.0, 426.0], "38": [1214.7, 481.0, 409.0], "39": [1239.2, 481.0, 908.0], "40": [1410.9, 481.0, 651.0], "41": [1384.2, 481.0, 134.0], "42": [1382.8, 481.0, 244.0], "43": [1373.5, 481.0, 912.0], "44": [1430.8, 481.0, 917.0], "45": [1417.4, 481.0, 289.0], "46": [1483.9, 481.0, 381.0], "47": [1425.3, 481.0, 220.0], "48": [1434.8, 481.0, 205.0], "49": [1497.4, 481.0, 347.0], "50": [1606.2, 481.0, 450.0], "51": [1383.8, 481.0, 623.0], "52": [1444.7, 481.0, 235.0], "53": [1506.5, 481.0, 276.0], "54": [1583.9, 481.0, 478.0], "55": [1591.4, 481.0, 279.0], "56": [1585.5, 481.0, 239.0], "57": [1609.2, 481.0, 547.0], "58": [1630.1, 481.0, 179.0], "59": [1586.4, 481.0, 475.0], "60": [1640.6, 481.0, 236.0], "61": [477.6334929499214, 564.7081093698532, 138.0], "62": [381.3, 571.3, 247.0], "63": [440.8, 567.0, 245.0], "64": [353.5, 567.0, 157.0], "65": [418.6, 567.0, 472.0], "66": [474.39098346712655, 567.0, 297.0], "67": [674.7, 567.0, 171.0], "68": [772.6, 567.0, 274.0], "69": [368.9, 567.0, 341.0], "70": [680.4, 567.0, 131.0], "71": [597.6063438133278, 567.0, 309.0], "72": [763.5, 567.0, 672.0], "73": [751.8, 567.0, 151.0], "74": [743.9, 567.0, 692.0], "75": [933.9, 567.0, 246.0], "76": [926.1, 567.0, 471.0], "77": [923.0, 567.0, 480.0], "78": [947.6, 567.0, 411.0], "79": [1082.5, 567.0, 636.0], "80": [1210.2, 567.0, 985.0], "81": [1392.5, 567.0, 476.0], "82": [1514.4, 567.0, 667.0], "83": [943.9, 567.0, 215.0]}