{"1" : [762.662902894655, 245.91451517425588, 124.0], "3" : [709.9333349420865, 90.27066826945203, 150.0], "5" : [639.15112838015, 94.06015151164465, 133.0], "7" : [753.0692774391127, 103.08674363834731, 166.0], "9" : [835.6758166006224, 101.98202620525416, 306.0], "11" : [835.6758166006224, 101.98202620525416, 306.0], "13" : [800.560585584716, 99.93058789037728, 170.0], "15" : [800.560585584716, 99.93058789037728, 170.0], "17" : [943.2830644159045, 90.12486938161253, 189.0], "19" : [945.5385969236359, 101.16081777655683, 171.0], "21" : [945.5385969236359, 101.16081777655683, 171.0], "23" : [1025.0707599210978, 87.45029370762725, 171.0], "25" : [1025.0707599210978, 87.45029370762725, 171.0], "27" : [1070.854543628407, 65.50000215779201, 77.0], "29" : [1072.1427670637047, 80.7081776949108, 159.0], "31" : [799.8679227827304, 135.91037409993527, 106.0], "33" : [794.8495727373424, 143.5264920703225, 117.0], "35" : [743.7692675609817, 146.14048816872062, 205.0], "37" : [837.533331519619, 139.55370194962305, 54.0], "39" : [840.6596567001766, 140.53518974309785, 233.0], "41" : [936.5865707205345, 85.72836254983368, 67.0], "43" : [936.5865707205345, 85.72836254983368, 67.0], "45" : [935.0088598053862, 79.35063518480021, 158.0], "47" : [935.0088598053862, 79.35063518480021, 158.0], "49" : [932.3942865050153, 72.59428814814673, 70.0], "51" : [932.3942865050153, 72.59428814814673, 70.0], "53" : [767.5992289840784, 113.5465116336246, 129.0], "55" : [767.5992289840784, 113.5465116336246, 129.0], "57" : [674.7951211671855, 104.11829469593465, 82.0], "59" : [675.0950810474395, 105.43279039423308, 61.0], "61" : [756.3089387730894, 114.47541793686369, 179.0], "63" : [836.5913980367426, 102.25806470552693, 93.0], "65" : [836.5913980367426, 102.25806470552693, 93.0], "67" : [842.4488643138056, 101.44829392455915, 176.0], "69" : [842.4488643138056, 101.44829392455915, 176.0], "71" : [842.4488643138056, 101.44829392455915, 176.0], "73" : [975.038582804799, 78.95512064866762, 127.0], "75" : [975.038582804799, 78.95512064866762, 127.0], "77" : [944.0333303177889, 70.96852063887938, 54.0], "79" : [1085.384999776002, 127.4560014010075, 100.0], "81" : [1085.0951867307215, 151.14385149622672, 187.0], "83" : [1084.5097550406938, 160.38963219151438, 164.0], "85" : [827.9962950172581, 126.65802925789863, 81.0], "87" : [827.9962950172581, 126.65802925789863, 81.0], "89" : [790.1732014774088, 134.38627407776931, 153.0], "91" : [790.1732014774088, 134.38627407776931, 153.0], "93" : [785.1362067107342, 137.1258617283285, 116.0], "95" : [785.1362067107342, 137.1258617283285, 116.0], "97" : [905.8835925770522, 115.97968538242198, 128.0], "99" : [903.9463873838748, 116.38734883867487, 166.0], "101" : [906.3812505952536, 115.47499884057353, 64.0], "103" : [964.1576894381093, 105.80192378089619, 52.0], "105" : [966.5533318821882, 109.1244445220057, 90.0], "107" : [914.4006450555075, 124.6707804788537, 154.0], "109" : [914.4006450555075, 124.6707804788537, 154.0], "111" : [913.6639477745612, 126.89070033859309, 86.0], "113" : [913.6639477745612, 126.89070033859309, 86.0], "115" : [994.4692262514442, 106.81076728523855, 65.0], "117" : [991.9654177611213, 106.59532677975623, 107.0], "119" : [991.2611897236874, 107.91791362319971, 67.0], "121" : [979.4152551732379, 108.84915507655641, 59.0], "123" : [978.3097751012249, 105.31804467038525, 133.0], "125" : [704.6708319509529, 284.8958316640281, 96.0], "127" : [727.2200017530596, 195.0500016710145, 60.0], "129" : [822.901292231607, 181.23819929525823, 233.0], "131" : [768.2327028277073, 190.94834224213054, 211.0], "133" : [958.8490921905571, 152.97545456291377, 110.0], "135" : [956.1193561280503, 156.37956989328293, 93.0], "137" : [1003.9392167225365, 143.99999954602083, 51.0], "139" : [1005.4632859588456, 142.9594153745267, 207.0], "141" : [1078.5481503982076, 128.2592596752247, 54.0], "143" : [1092.5154751805553, 243.66190620503326, 84.0], "145" : [739.4131147808016, 234.56557485342722, 61.0], "147" : [723.835052603862, 318.8989712032658, 97.0], "149" : [721.6658772286302, 226.97203693150348, 211.0], "151" : [830.6227736228313, 230.4049502217919, 101.0], "153" : [903.5076921334685, 200.10615350293347, 130.0], "155" : [1027.644774553601, 192.03283862729492, 67.0], "157" : [755.161266290743, 260.914789964922, 142.0], "159" : [755.161266290743, 260.914789964922, 142.0], "161" : [685.3096277974657, 262.2093575613603, 374.0], "163" : [685.3096277974657, 262.2093575613603, 374.0], "165" : [789.1060504640816, 271.0813160732645, 380.0], "167" : [857.4951852787206, 262.25989439030485, 187.0], "169" : [857.4951852787206, 262.25989439030485, 187.0], "171" : [858.5205874136899, 266.19941244943914, 170.0], "173" : [858.5205874136899, 266.19941244943914, 170.0], "175" : [980.6821419622142, 254.13775595156423, 196.0], "177" : [980.6821419622142, 254.13775595156423, 196.0], "179" : [960.840449257005, 259.4943820374899, 89.0], "181" : [960.840449257005, 259.4943820374899, 89.0], "183" : [960.840449257005, 259.4943820374899, 89.0], "185" : [1079.8771680186223, 236.6118705665298, 219.0], "187" : [1068.1563612311347, 238.18908884333186, 55.0], "189" : [1065.728567822263, 236.16989714349717, 196.0], "191" : [1080.0230265513405, 333.26644814380245, 152.0], "193" : [1078.6600727471546, 329.4316552919934, 278.0], "195" : [935.9825651500907, 336.3411776120392, 476.0], "197" : [1050.4864394879087, 323.9702746577947, 730.0], "199" : [1050.4864394879087, 323.9702746577947, 730.0], "201" : [997.1179975498337, 333.046499232487, 200.0], "203" : [997.1179975498337, 333.046499232487, 200.0], "205" : [997.1179975498337, 333.046499232487, 200.0], "207" : [949.9328614935848, 332.713429758597, 283.0], "209" : [949.9328614935848, 332.713429758597, 283.0], "211" : [939.5072159174638, 365.0560160372827, 291.0], "213" : [945.4637907629038, 364.995689499958, 116.0], "215" : [752.5886999706199, 445.80169282671795, 177.0], "217" : [682.0528011861961, 430.5098680927465, 375.0], "219" : [682.0528011861961, 430.5098680927465, 375.0], "221" : [761.7453412298311, 424.98639986999984, 397.0], "223" : [761.7453412298311, 424.98639986999984, 397.0], "225" : [827.6650834046621, 418.64664882552177, 358.0], "227" : [936.5632468378739, 414.7000011469415, 302.0], "229" : [854.0424522937845, 412.90424619587566, 212.0], "231" : [930.547665236127, 416.2654205977778, 214.0], "233" : [930.547665236127, 416.2654205977778, 214.0], "235" : [990.1484443100488, 415.80888989650543, 225.0], "237" : [1060.1063840961822, 421.66117022663457, 188.0], "239" : [988.4193384971006, 417.4641522464462, 212.0], "241" : [695.9911500666828, 455.11770078125284, 226.0], "243" : [695.9911500666828, 455.11770078125284, 226.0], "245" : [691.8982768327738, 459.3362073369817, 58.0], "247" : [691.8982768327738, 459.3362073369817, 58.0], "249" : [789.017848650844, 458.2361572768705, 437.0], "251" : [789.017848650844, 458.2361572768705, 437.0], "253" : [867.9605342031905, 454.40651586899037, 261.0], "255" : [867.9605342031905, 454.40651586899037, 261.0], "257" : [975.2889994808777, 453.471501331709, 200.0], "259" : [1034.1835146685828, 453.74483693624154, 455.0], "261" : [1050.2541448062063, 451.1099447457708, 181.0], "263" : [694.4422448468234, 490.9209323045761, 258.0], "265" : [694.4422448468234, 490.9209323045761, 258.0], "267" : [605.961883246077, 492.6107620567827, 223.0], "269" : [746.642497698452, 503.55500087448473, 200.0], "271" : [880.5575553272733, 495.4265607873254, 384.0], "273" : [880.5575553272733, 495.4265607873254, 384.0], "275" : [968.1545427223156, 496.6977259515271, 396.0], "277" : [968.1545427223156, 496.6977259515271, 396.0], "279" : [1018.0343010103942, 504.90755831219263, 172.0], "281" : [934.6607238450937, 528.1144855685993, 359.0], "283" : [860.5392395025971, 526.8006352989252, 158.0], "285" : [860.5392395025971, 526.8006352989252, 158.0], "287" : [1002.2646557148757, 528.6168115538144, 464.0], "289" : [755.9813938542187, 598.1133729928052, 172.0], "291" : [755.9813938542187, 598.1133729928052, 172.0],