{"1" : [598.0957988474813, 77.74789993470881, 119.0], "3" : [604.7596494692725, 67.8228091958954, 57.0], "5" : [691.6987510943165, 6.433752774350646, 80.0], "7" : [613.2779194193357, 4.605846936278206, 154.0], "9" : [617.7385551733812, 2.931325052488776, 83.0], "11" : [732.4752582846563, 18.144849768319723, 194.0], "13" : [835.2683953410022, 24.105661664324153, 212.0], "15" : [936.5260136159303, 33.35739771622226, 223.0], "17" : [1037.2629221133566, 30.069664624593923, 178.0], "19" : [1037.2629221133566, 30.069664624593923, 178.0], "21" : [748.088060230084, 20.647763292212414, 67.0], "23" : [755.1042557153482, 28.476065105085468, 188.0], "25" : [988.4335936202657, 58.78827872194708, 128.0], "27" : [890.4742109691983, 65.55052850078944, 190.0], "29" : [969.1085678266265, 76.65029118546425, 175.0], "31" : [1078.120895956562, 89.42985068184946, 134.0], "33" : [711.1835321844712, 75.16941638500433, 85.0], "35" : [717.6251696388961, 80.66462799573452, 147.0], "37" : [894.4720853088359, 122.6308346421239, 240.0], "39" : [981.2231463005496, 138.42499725223024, 108.0], "41" : [636.8040407622011, 161.97373687145355, 99.0], "43" : [580.4030616122938, 143.82040438606526, 98.0], "45" : [581.1703277835558, 159.3538469251684, 182.0], "47" : [716.2308836034072, 178.0500033377314, 68.0], "49" : [715.6009369716704, 183.02430333003161, 107.0], "51" : [843.7340104449802, 201.07512685862338, 197.0], "53" : [680.8946785963002, 184.91178831128335, 263.0], "55" : [1012.0661550939591, 233.69653823548305, 260.0], "57" : [1012.0661550939591, 233.69653823548305, 260.0], "59" : [1060.5097576502837, 239.35061052929544, 164.0], "61" : [625.4156426615651, 225.88379868344856, 179.0], "63" : [766.4837905595684, 240.37945755037325, 185.0], "65" : [766.4837905595684, 240.37945755037325, 185.0], "67" : [900.6241192922032, 255.46588198326285, 170.0], "69" : [903.657500336023, 254.5166668342431, 120.0], "71" : [1037.3719584572023, 267.5931256515682, 189.0], "73" : [701.5521959082187, 250.62244021504276, 205.0], "75" : [701.5521959082187, 250.62244021504276, 205.0], "77" : [873.2026305943273, 268.81491332372104, 228.0], "79" : [969.3951195555992, 289.5560966115929, 164.0], "81" : [969.3951195555992, 289.5560966115929, 164.0], "83" : [1024.5594091212045, 305.4004938206621, 202.0], "85" : [647.562651153023, 366.4710828889196, 332.0], "87" : [774.6388336768134, 361.5281552837234, 206.0], "89" : [918.6067793516888, 354.58248645619494, 177.0], "91" : [1042.4117886696588, 362.1685596037978, 229.0], "93" : [687.2575961013549, 365.6962034429129, 158.0], "95" : [692.4257730398824, 359.49793483564014, 97.0], "97" : [821.8852798948985, 363.0324879507572, 197.0], "99" : [821.8852798948985, 363.0324879507572, 197.0], "101" : [1016.1954736020816, 389.2144799462991, 221.0], "103" : [1059.9750025673443, 395.9583357704032, 84.0], "105" : [700.2954274254051, 399.4274285856115, 175.0], "107" : [817.6601571389126, 405.49140638655007, 128.0], "109" : [818.9648356932333, 406.18681252546935, 91.0], "111" : [998.3728107747986, 408.5405518170337, 217.0], "113" : [998.3728107747986, 408.5405518170337, 217.0], "115" : [711.6355157463008, 421.2158888499219, 107.0], "117" : [722.3637029362442, 416.8466659714983, 135.0], "119" : [722.3637029362442, 416.8466659714983, 135.0], "121" : [891.0931827504747, 418.4590920940526, 264.0], "123" : [1051.2171443480752, 425.7411471956268, 175.0], "125" : [1051.2171443480752, 425.7411471956268, 175.0], "127" : [652.817321586746, 486.0133853465688, 127.0], "129" : [659.7966491613237, 489.57799204542005, 209.0], "131" : [659.7966491613237, 489.57799204542005, 209.0], "133" : [763.2204792479638, 497.4129680464439, 293.0], "135" : [763.2204792479638, 497.4129680464439, 293.0], "137" : [763.2204792479638, 497.4129680464439, 293.0], "139" : [854.8564785639676, 507.7375010871901, 216.0], "141" : [988.8504655095849, 507.5476630485701, 214.0], "143" : [644.5799099681146, 560.6027420570692, 219.0], "145" : [772.4452546095356, 557.7321197040569, 137.0], "147" : [769.6272721426982, 563.3375010033507, 88.0], "149" : [591.6552831237101, 585.9987816012325, 246.0], "151" : [753.6092683955872, 579.3312176667193, 205.0], "153" : [933.1369549532869, 577.2521719976104, 184.0], "155" : [1065.4736359720966, 581.494998786431, 220.0], "157" : [697.0282695771846, 638.2320661051438, 237.0], "159" : [876.3630538215331, 638.127095574684, 203.0], "161" : [876.3630538215331, 638.127095574684, 203.0], "163" : [985.9155446845587, 641.7264269771198, 193.0], "165" : [985.9155446845587, 641.7264269771198, 193.0], "167" : [1043.1502607855439, 642.6911473529924, 384.0], "169" : [905.3021450212029, 637.2278572733115, 280.0], "171" : [905.3021450212029, 637.2278572733115, 280.0], "173" : [984.4247753697263, 643.3324325017755, 222.0], "175" : [984.4247753697263, 643.3324325017755, 222.0], "177" : [966.304935759016, 694.3314810364211, 162.0], "179" : [705.7505779050931, 732.801933727477, 259.0], "181" : [826.6930129564224, 718.918816969745, 186.0], "183" : [962.2136144606419, 719.0821590721127, 213.0], "185" : [1041.080126007912, 718.67884548755, 156.0], "187" : [740.0709201201032, 765.7989779752091, 196.0], "189" : [881.867009820358, 766.5969046303753, 97.0], "191" : [881.867009820358, 766.5969046303753, 97.0], "193" : [880.9561243421214, 771.8479588659403, 98.0], "195" : [880.9561243421214, 771.8479588659403, 98.0], "197" : [1002.6761862172636, 774.5208326788115, 168.0], "199" : [736.475418294754, 805.167597975484, 179.0], "201" : [736.475418294754, 805.167597975484, 179.0], "203" : [918.2947907326142, 801.304688474663, 192.0], "205" : [918.2947907326142, 801.304688474663, 192.0], "207" : [879.5142127010824, 799.9226306652237, 190.0], "209" : [879.5142127010824, 799.9226306652237, 190.0], "211" : [963.1554902512373, 812.2676306935282, 173.0], "213" : [649.3848585805829, 888.8151392721562, 284.0], "215" : [649.3848585805829, 888.8151392721562, 284.0], "217" : [727.7911628482224, 898.9569038842259, 181.0], "219" : [684.8549667599501, 899.3384079389637, 151.0], "221" : [779.2883408915649, 919.4787570856612, 386.0], "223" : [779.2883408915649, 919.4787570856612, 386.0], "225" : [779.2883408915649, 919.4787570856612, 386.0], "227" : [902.8798042128789, 911.4364542115787, 203.0], "229" : [995.5385289271183, 905.7123844169759, 218.0], "231" : [612.7300870598281, 976.1779652456271, 236.0], "233" : [746.2585103822456, 963.5053202953374, 188.0], "235" : [867.5924380005855, 957.9777289222712, 238.0], "237" : [867.5924380005855, 957.9777289222712, 238.0], "239" : [1026.7599997675893, 952.8343610599896, 195.0], "241" : [1026.7599997675893, 952.8343610599896, 195.0], "243" : [1094.6017163453491, 957.7828330693794, 233.0], "245" : [768.6753428836441, 82.08082105715917, 73.0], "247" : [622.0291128962527, 3.130382029863566, 79.0], "249" : [736.5747083791898, 17.200591111388924, 170.0], "251" : [842.7844990835044, 30.444499358620607, 200.0], "253" : [842.7844990835044, 30.444499358620607, 200.0], "255" : [943.6703834933274, 36.831552372713155, 206.0], "257" : [981.3219595702699, 63.959122585676496, 296.0], "259" : [981.3219595702699, 63.959122585676496, 296.0], "261" : [771.5317998614826, 81.55314029637732, 239.0], "263" : [944.3230358863506, 115.65287960874696, 191.0], "265" : [944.3230358863506, 115.65287960874696, 191.0], "267" : [1065.837499452804, 126.67389748263004, 272.0], "269" : [1065.837499452804, 126.67389748263004, 272.0], "271" : [743.0111737852214, 121.25470552366762, 170.0], "273" : [893.3852147360352, 147.8980692746904, 311.0], "275" : [983.8855162478696, 165.30640530238333, 359.0], "277" : [983.8855162478696, 165.30640530238333, 359.0], "279" : [987.0730746951446, 159.0730779439983, 52.0], "281" : [987.0730746951446, 159.0730779439983, 52.0], "283" : [714.8906173200905, 116.99168873406028, 373.0], "285" : [577.4531912619468, 168.57021196809512, 94.0], "287" : [680.53849474923, 182.18407180195203, 226.0], "289" : [768.8598088514094, 201.22583815282405, 209.0], "291" : [1073.355617874242, 228.28314633845895, 178.0],