{"1" : [735.2064549375777, 30.28516425001447, 155.0], "3" : [929.3040896065152, 22.447211748108963, 269.0], "5" : [1048.4938230154712, 23.076471850346017, 340.0], "7" : [641.801806864821, 96.64397830919121, 166.0], "9" : [632.3169150967306, 89.05588546981679, 136.0], "11" : [726.5142843676412, 86.69999991646708, 161.0], "13" : [838.0657446847945, 76.83702063610029, 181.0], "15" : [792.5825473297308, 76.44670236432736, 212.0], "17" : [939.8122381923614, 74.76776536124387, 335.0], "19" : [939.8122381923614, 74.76776536124387, 335.0], "21" : [1014.600002173849, 77.55170913706448, 205.0], "23" : [1055.7537036190727, 79.94073904865338, 54.0], "25" : [1056.083210857077, 77.67883569317446, 137.0], "27" : [1091.9656964713981, 77.75000379070192, 172.0], "29" : [724.3515166701111, 124.99697266067511, 66.0], "31" : [724.3515166701111, 124.99697266067511, 66.0], "33" : [724.3515166701111, 124.99697266067511, 66.0], "35" : [724.3515166701111, 124.99697266067511, 66.0], "37" : [734.4229640763382, 121.71851738009008, 135.0], "39" : [778.5169575032722, 105.99707745807034, 171.0], "41" : [861.3514163790759, 109.21336348525745, 247.0], "43" : [896.4637290680478, 113.36269309955894, 193.0], "45" : [938.1202929123281, 105.67391010037612, 69.0], "47" : [938.1202929123281, 105.67391010037612, 69.0], "49" : [1024.6645299502584, 102.8595186396305, 499.0], "51" : [1024.6645299502584, 102.8595186396305, 499.0], "53" : [619.6688429316838, 138.84271015516285, 199.0], "55" : [680.1809225455462, 137.60525967294188, 152.0], "57" : [680.1809225455462, 137.60525967294188, 152.0], "59" : [759.1240965465547, 137.63433211553559, 166.0], "61" : [820.434758383216, 137.10304802673298, 164.0], "63" : [982.9983329810098, 138.7099958977156, 180.0], "65" : [956.3005909254703, 142.40411579546404, 170.0], "67" : [1099.6081675623607, 145.11734430921587, 196.0], "69" : [998.2537972369108, 139.3933509414352, 316.0], "71" : [1047.6703525354085, 145.84203576685223, 226.0], "73" : [725.1844813615919, 183.54655219967322, 58.0], "75" : [738.1971136216293, 180.1913282478342, 173.0], "77" : [769.3141757745202, 184.8773959733932, 261.0], "79" : [906.4806198772183, 180.3058136384849, 258.0], "81" : [872.0574249728373, 182.37426126387095, 101.0], "83" : [932.4572347664043, 181.1201270352668, 159.0], "85" : [1032.8759657314572, 179.49337017448278, 362.0], "87" : [715.2437103823212, 244.57151981812635, 151.0], "89" : [629.0478269961471, 264.7391287863656, 184.0], "91" : [629.0478269961471, 264.7391287863656, 184.0], "93" : [615.9949366901278, 261.08923996798484, 158.0], "95" : [615.9949366901278, 261.08923996798484, 158.0], "97" : [683.7510130700539, 257.80202108790786, 198.0], "99" : [683.7510130700539, 257.80202108790786, 198.0], "101" : [764.8920370701541, 249.08783320226254, 452.0], "103" : [764.8920370701541, 249.08783320226254, 452.0], "105" : [825.2913060595023, 247.6463802349595, 138.0], "107" : [874.3014182522974, 246.64681108073876, 141.0], "109" : [874.3014182522974, 246.64681108073876, 141.0], "111" : [970.3035909345853, 251.1610791497692, 167.0], "113" : [1027.165166627926, 241.88033750904256, 178.0], "115" : [1099.739755702279, 240.6192535290426, 161.0], "117" : [1060.7314213353498, 238.67871635981112, 296.0], "119" : [685.8537654011062, 292.3333415611521, 93.0], "121" : [685.8537654011062, 292.3333415611521, 93.0], "123" : [700.178010629861, 290.7912665960663, 332.0], "125" : [700.178010629861, 290.7912665960663, 332.0], "127" : [786.3664166536884, 297.1018669680041, 268.0], "129" : [786.3664166536884, 297.1018669680041, 268.0], "131" : [854.7654080012234, 287.8622641344027, 159.0], "133" : [903.1274287817818, 281.9954249497839, 175.0], "135" : [952.985462421732, 279.4836984566643, 227.0], "137" : [1052.7605770251491, 277.7692313735961, 208.0], "139" : [642.2750005898457, 326.20285625895974, 140.0], "141" : [642.2750005898457, 326.20285625895974, 140.0], "143" : [606.1702305083488, 317.88320533121794, 393.0], "145" : [677.9627834848924, 326.05188041703104, 266.0], "147" : [677.9627834848924, 326.05188041703104, 266.0], "149" : [707.5560719575919, 322.93814996652543, 173.0], "151" : [707.5560719575919, 322.93814996652543, 173.0], "153" : [771.7009207917131, 324.8115213052635, 217.0], "155" : [771.7009207917131, 324.8115213052635, 217.0], "157" : [771.7009207917131, 324.8115213052635, 217.0], "159" : [826.49333040141, 327.3220831170712, 240.0], "161" : [826.49333040141, 327.3220831170712, 240.0], "163" : [938.4868128259556, 321.08044083657757, 455.0], "165" : [985.946153291859, 312.98642403778604, 221.0], "167" : [1076.026520359135, 316.43093646314946, 181.0], "169" : [1056.8871810738358, 315.3982888516935, 117.0], "171" : [742.589100650119, 364.93141286295736, 156.0], "173" : [697.6783044454648, 357.41269838328384, 189.0], "175" : [791.1473027777639, 364.51991865556187, 241.0], "177" : [887.1737838372514, 362.00873905375994, 206.0], "179" : [933.8265639734676, 359.94374899723357, 128.0], "181" : [1004.5565219448011, 359.14596178412506, 161.0], "183" : [994.0999995652899, 355.6883332635859, 60.0], "185" : [984.6014596224932, 355.1773728181997, 137.0], "187" : [1051.5685840426563, 355.4107280381465, 261.0], "189" : [1048.930135905852, 357.06712474047805, 73.0], "191" : [733.2017353496371, 428.2959573389092, 173.0], "193" : [733.2017353496371, 428.2959573389092, 173.0], "195" : [733.2017353496371, 428.2959573389092, 173.0], "197" : [684.9780756197646, 425.4048149252759, 374.0], "199" : [684.9780756197646, 425.4048149252759, 374.0], "201" : [800.4581594065726, 424.9004197653906, 239.0], "203" : [800.4581594065726, 424.9004197653906, 239.0], "205" : [799.447205883211, 422.8411177348219, 197.0], "207" : [799.447205883211, 422.8411177348219, 197.0], "209" : [816.4270720368534, 423.0502773850667, 181.0], "211" : [816.4270720368534, 423.0502773850667, 181.0], "213" : [816.4270720368534, 423.0502773850667, 181.0], "215" : [912.8627491895807, 425.4817855467938, 247.0], "217" : [912.8627491895807, 425.4817855467938, 247.0], "219" : [912.8627491895807, 425.4817855467938, 247.0], "221" : [941.0084859994487, 426.0036411039257, 165.0], "223" : [941.0084859994487, 426.0036411039257, 165.0], "225" : [1016.5071813767901, 423.1419885715994, 181.0], "227" : [1016.5071813767901, 423.1419885715994, 181.0], "229" : [1067.2638093482315, 419.5495232373607, 210.0], "231" : [700.423076399327, 464.45141551956607, 247.0], "233" : [700.423076399327, 464.45141551956607, 247.0], "235" : [761.2766108932699, 459.71286607327943, 171.0], "237" : [761.2766108932699, 459.71286607327943, 171.0], "239" : [738.1969188373806, 457.767284559495, 162.0], "241" : [738.1969188373806, 457.767284559495, 162.0], "243" : [845.8289237675053, 458.2455897195883, 204.0], "245" : [845.8289237675053, 458.2455897195883, 204.0], "247" : [894.4130615242628, 455.5381474791959, 291.0], "249" : [894.4130615242628, 455.5381474791959, 291.0], "251" : [894.4130615242628, 455.5381474791959, 291.0], "253" : [952.8266930846238, 457.25099803711714, 251.0], "255" : [952.8266930846238, 457.25099803711714, 251.0], "257" : [1010.4873993415504, 459.2130070159044, 246.0], "259" : [1010.4873993415504, 459.2130070159044, 246.0], "261" : [1059.9554550944583, 458.2890902117827, 110.0], "263" : [644.2333356369998, 491.76527627211453, 72.0], "265" : [652.1782251800271, 491.08387353359893, 124.0], "267" : [652.1782251800271, 491.08387353359893, 124.0], "269" : [616.2387233473053, 492.99872392022047, 235.0], "271" : [616.2387233473053, 492.99872392022047, 235.0], "273" : [673.1194728283149, 491.11736725519796, 190.0], "275" : [673.1194728283149, 491.11736725519796, 190.0], "277" : [833.186382891148, 492.30170219140376, 235.0], "279" : [833.186382891148, 492.30170219140376, 235.0], "281" : [861.1183558485536, 493.1120262068114, 158.0], "283" : [861.1183558485536, 493.1120262068114, 158.0], "285" : [861.1183558485536, 493.1120262068114, 158.0], "287" : [1003.9593285256304, 489.97368517131457, 209.0], "289" : [1003.9593285256304, 489.97368517131457, 209.0],