{"1" : [639.8870098340194, 74.21220771257174, 254.0], "3" : [693.0181343508957, 65.71606673350335, 193.0], "5" : [812.3398354875688, 60.95570814323264, 359.0], "7" : [785.1162154281892, 67.83378897396452, 74.0], "9" : [785.1162154281892, 67.83378897396452, 74.0], "11" : [715.4167741433438, 62.85869588944924, 322.0], "13" : [908.6835158081509, 66.02994594157161, 364.0], "15" : [980.4444860407092, 69.8011442249879, 263.0], "17" : [980.4444860407092, 69.8011442249879, 263.0], "19" : [1070.8115989415464, 84.11239965859579, 250.0], "21" : [767.5374585017302, 97.50327640940576, 275.0], "23" : [767.5374585017302, 97.50327640940576, 275.0], "25" : [767.5374585017302, 97.50327640940576, 275.0], "27" : [867.5401787297128, 77.55937716904772, 224.0], "29" : [946.9089283967506, 91.70416928597894, 168.0], "31" : [946.9089283967506, 91.70416928597894, 168.0], "33" : [990.4296516148823, 107.00406933388827, 172.0], "35" : [664.8501864158432, 115.92676678676729, 269.0], "37" : [626.0669685515344, 136.11321277911034, 333.0], "39" : [769.2720132939528, 135.63395410747842, 268.0], "41" : [840.1580004986895, 123.36400062405063, 150.0], "43" : [953.1928565072143, 178.62559421882284, 168.0], "45" : [950.0475574450743, 174.81219689541436, 164.0], "47" : [1067.8923758788624, 151.45650354104313, 223.0], "49" : [1067.8923758788624, 151.45650354104313, 223.0], "51" : [1091.2172951450855, 146.5670261274494, 185.0], "53" : [745.2675157459524, 179.89617946539903, 157.0], "55" : [722.2724810799957, 187.5194640079729, 149.0], "57" : [836.3945650563504, 160.90651998790293, 92.0], "59" : [836.3945650563504, 160.90651998790293, 92.0], "61" : [836.3945650563504, 160.90651998790293, 92.0], "63" : [840.377776573492, 158.6626276497675, 99.0], "65" : [840.377776573492, 158.6626276497675, 99.0], "67" : [840.377776573492, 158.6626276497675, 99.0], "69" : [789.3518797709675, 169.43120473369336, 266.0], "71" : [767.1145853752367, 175.08611626573452, 144.0], "73" : [910.4767243681392, 171.82931109933693, 116.0], "75" : [909.7021039668598, 161.9173668499517, 380.0], "77" : [909.7021039668598, 161.9173668499517, 380.0], "79" : [960.0279978335954, 176.96960180657913, 125.0], "81" : [997.9866664813292, 174.1252167363088, 345.0], "83" : [691.5912757510189, 246.16040312319794, 149.0], "85" : [621.9397227893892, 230.67807918372597, 73.0], "87" : [624.4838809192928, 240.07761268079312, 335.0], "89" : [689.8378005620433, 258.04210679849405, 209.0], "91" : [689.8378005620433, 258.04210679849405, 209.0], "93" : [689.8378005620433, 258.04210679849405, 209.0], "95" : [809.4766220788201, 227.24934909234318, 231.0], "97" : [751.1673194210605, 241.2738568303485, 153.0], "99" : [752.8344554847906, 230.39747777325235, 119.0], "101" : [1079.5815892306848, 234.08955088945663, 201.0], "103" : [692.876237801167, 273.3762383278259, 202.0], "105" : [692.876237801167, 273.3762383278259, 202.0], "107" : [773.1683661138977, 250.08878011585813, 98.0], "109" : [843.0039232990616, 242.07058871364382, 102.0], "111" : [840.192308724444, 239.57472754255838, 91.0], "113" : [931.27500107553, 249.31718963191193, 192.0], "115" : [931.27500107553, 249.31718963191193, 192.0], "117" : [1038.9834007733798, 259.18097093616575, 247.0], "119" : [1038.9834007733798, 259.18097093616575, 247.0], "121" : [649.2987510912716, 324.0117855821004, 560.0], "123" : [649.2987510912716, 324.0117855821004, 560.0], "125" : [713.9634974911522, 314.78020482619064, 389.0], "127" : [821.7724427067604, 296.538190404685, 254.0], "129" : [821.7724427067604, 296.538190404685, 254.0], "131" : [894.9712513980656, 299.2562554944307, 160.0], "133" : [894.9712513980656, 299.2562554944307, 160.0], "135" : [894.9712513980656, 299.2562554944307, 160.0], "137" : [973.218605891427, 282.4813924539543, 129.0], "139" : [1071.2794071256144, 293.7882371323322, 68.0], "141" : [1071.2794071256144, 293.7882371323322, 68.0], "143" : [1072.7205087128946, 300.15042995014176, 117.0], "145" : [1072.7205087128946, 300.15042995014176, 117.0], "147" : [856.7564603429526, 353.34897619183846, 147.0], "149" : [735.4254034580506, 363.5443549299627, 248.0], "151" : [775.4502910229274, 329.23274811001346, 171.0], "153" : [775.4502910229274, 329.23274811001346, 171.0], "155" : [775.4502910229274, 329.23274811001346, 171.0], "157" : [939.74432863476, 315.6979386139547, 194.0], "159" : [938.5209461721729, 330.2304065124028, 148.0], "161" : [938.5209461721729, 330.2304065124028, 148.0], "163" : [1012.3342420729496, 348.54513706727386, 257.0], "165" : [699.9085858515547, 414.8338386492788, 198.0], "167" : [670.6099994211929, 400.53794273506134, 340.0], "169" : [728.8488657049546, 407.772727622137, 176.0], "171" : [797.8251002654234, 407.15458122134976, 251.0], "173" : [902.1797177427867, 400.2820746552361, 212.0], "175" : [903.3569900136412, 398.0989229619048, 93.0], "177" : [1011.4358386691395, 396.98670461306034, 173.0], "179" : [1066.6140487832154, 405.6735516593011, 121.0], "181" : [734.408825511828, 427.1593156451641, 204.0], "183" : [734.408825511828, 427.1593156451641, 204.0], "185" : [734.408825511828, 427.1593156451641, 204.0], "187" : [718.3209053925841, 424.25649754645474, 177.0], "189" : [718.3209053925841, 424.25649754645474, 177.0], "191" : [718.3209053925841, 424.25649754645474, 177.0], "193" : [943.7045031646095, 427.4189219283401, 222.0], "195" : [943.7045031646095, 427.4189219283401, 222.0], "197" : [1026.4044720167888, 423.625143551583, 179.0], "199" : [1026.4044720167888, 423.625143551583, 179.0], "201" : [1045.661270773424, 411.22464774113774, 142.0], "203" : [660.7833359540607, 447.179165234852, 144.0], "205" : [808.6330320021573, 462.2606310494639, 221.0], "207" : [808.6330320021573, 462.2606310494639, 221.0], "209" : [1036.737459395226, 464.2557000657593, 307.0], "211" : [1036.737459395226, 464.2557000657593, 307.0], "213" : [1027.3087440781114, 462.72076398291915, 183.0], "215" : [1027.3087440781114, 462.72076398291915, 183.0], "217" : [988.7730224658786, 463.8009291283511, 215.0], "219" : [988.7730224658786, 463.8009291283511, 215.0], "221" : [1098.6594140820919, 456.98787008403036, 239.0], "223" : [750.5494794978287, 494.5903643935186, 384.0], "225" : [750.5494794978287, 494.5903643935186, 384.0], "227" : [926.3186214588216, 513.2851688730799, 290.0], "229" : [800.3385838397325, 501.31867352863213, 241.0], "231" : [1001.0946073615777, 557.7441189940457, 204.0], "233" : [979.6571435044921, 561.563975014687, 161.0], "235" : [1056.638267100341, 566.2606511651277, 277.0], "237" : [986.9387208881278, 567.3929290418376, 297.0], "239" : [1073.2502169672503, 572.7186116924381, 231.0], "241" : [673.1337197668681, 563.9569778178128, 258.0], "243" : [781.85923932419, 583.5603245837821, 184.0], "245" : [781.85923932419, 583.5603245837821, 184.0], "247" : [835.5947051729121, 589.9376458711256, 170.0], "249" : [835.5947051729121, 589.9376458711256, 170.0], "251" : [959.1800004058556, 591.142381362095, 210.0], "253" : [959.1800004058556, 591.142381362095, 210.0], "255" : [1011.021101870449, 592.7917436797009, 218.0], "257" : [1011.021101870449, 592.7917436797009, 218.0], "259" : [1011.021101870449, 592.7917436797009, 218.0], "261" : [1057.626316100952, 592.9333342697093, 285.0], "263" : [1057.626316100952, 592.9333342697093, 285.0], "265" : [668.7216203974845, 601.9114875020063, 148.0], "267" : [605.5029698672766, 630.7777203636749, 202.0], "269" : [582.1054711271175, 623.1905474409216, 201.0], "271" : [710.9329133471317, 611.2848119308475, 237.0], "273" : [710.9329133471317, 611.2848119308475, 237.0], "275" : [811.7531062853068, 613.8254254855191, 177.0], "277" : [1013.8262978945428, 619.3278888150419, 251.0], "279" : [1063.712432830354, 620.5129747078685, 185.0], "281" : [1063.712432830354, 620.5129747078685, 185.0], "283" : [967.8348817055972, 617.1962802929146, 215.0], "285" : [699.9231217045824, 654.1069359909037, 173.0], "287" : [699.9231217045824, 654.1069359909037, 173.0], "289" : [743.1173209290412, 642.8322835406499, 127.0],