{"1" : [704.0981476084202, 36.09259085840288, 54.0], "3" : [790.5393817404577, 64.47953596713394, 259.0], "5" : [799.0217254508023, 99.23541717588063, 336.0], "7" : [799.0217254508023, 99.23541717588063, 336.0], "9" : [831.3816805689419, 100.31908162766526, 131.0], "11" : [831.3816805689419, 100.31908162766526, 131.0], "13" : [970.7953890362928, 81.58801763998505, 217.0], "15" : [684.288311937666, 124.68441844415236, 231.0], "17" : [684.288311937666, 124.68441844415236, 231.0], "19" : [795.5500009679077, 130.19823329895476, 170.0], "21" : [942.3381876117036, 136.6306520820997, 199.0], "23" : [819.7491337470269, 156.63352636161602, 173.0], "25" : [777.5430381372295, 154.07721532738287, 79.0], "27" : [774.7571445066851, 156.7032977709083, 91.0], "29" : [886.5824178137826, 159.96593286195613, 91.0], "31" : [886.5824178137826, 159.96593286195613, 91.0], "33" : [888.8539477081491, 158.41315803893198, 152.0], "35" : [888.8539477081491, 158.41315803893198, 152.0], "37" : [998.9245524812181, 145.64218511635323, 448.0], "39" : [996.7342363576752, 145.30923772341333, 184.0], "41" : [672.0313471394944, 194.42539255108002, 319.0], "43" : [1104.3249984420538, 223.85416569328777, 216.0], "45" : [685.0875026041231, 241.19850067455218, 200.0], "47" : [759.81003779426, 240.84157575107173, 279.0], "49" : [882.6799989618856, 250.76250278985822, 80.0], "51" : [923.3737695558369, 263.4049170659397, 183.0], "53" : [923.3737695558369, 263.4049170659397, 183.0], "55" : [923.3737695558369, 263.4049170659397, 183.0], "57" : [1056.1371033328287, 251.65072669579337, 345.0], "59" : [1056.1371033328287, 251.65072669579337, 345.0], "61" : [1092.4484843109205, 240.97630988392064, 363.0], "63" : [645.5338244777816, 282.01617384949077, 204.0], "65" : [680.5059574199882, 281.30169869374765, 235.0], "67" : [765.0263727505171, 278.98321824385386, 292.0], "69" : [810.307217380947, 283.6432970585381, 97.0], "71" : [810.307217380947, 283.6432970585381, 97.0], "73" : [912.9767412183053, 267.39922617977703, 387.0], "75" : [1052.186031756788, 276.88455862524904, 136.0], "77" : [1051.8900496592591, 278.51741292836795, 201.0], "79" : [743.8416651578934, 320.8657438656729, 324.0], "81" : [743.8416651578934, 320.8657438656729, 324.0], "83" : [710.2806916517412, 311.6393091333801, 145.0], "85" : [825.6915351010482, 317.42433674464553, 189.0], "87" : [875.8190034813416, 317.39683105716585, 221.0], "89" : [984.5210245131966, 295.3987214838065, 547.0], "91" : [984.5210245131966, 295.3987214838065, 547.0], "93" : [893.9487940160653, 316.0419350845993, 248.0], "95" : [1039.7930686576533, 279.6707910359462, 202.0], "97" : [1052.4768998335946, 263.5594924907445, 316.0], "99" : [1052.4768998335946, 263.5594924907445, 316.0], "101" : [1052.4768998335946, 263.5594924907445, 316.0], "103" : [1033.80325289866, 301.22465257156483, 215.0], "105" : [1033.80325289866, 301.22465257156483, 215.0], "107" : [773.539637082081, 406.8381811674002, 275.0], "109" : [729.3557546279663, 397.5840698096994, 113.0], "111" : [883.6275344896594, 412.1489118363489, 276.0], "113" : [1022.576667223713, 415.07666819105447, 240.0], "115" : [1049.7939850342905, 404.79398379990556, 266.0], "117" : [683.1291200461565, 431.7486590906217, 261.0], "119" : [683.1291200461565, 431.7486590906217, 261.0], "121" : [782.0357728616224, 428.04878460509326, 123.0], "123" : [782.0357728616224, 428.04878460509326, 123.0], "125" : [869.5507619359549, 439.7177647233653, 197.0], "127" : [978.8749996486463, 439.44136269048545, 220.0], "129" : [978.8749996486463, 439.44136269048545, 220.0], "131" : [1004.6563620407608, 445.72545317680505, 55.0], "133" : [1004.6563620407608, 445.72545317680505, 55.0], "135" : [831.2711025523299, 479.3059652645248, 218.0], "137" : [793.5246978236588, 473.24129686902506, 247.0], "139" : [912.1590300690355, 480.76696049937686, 227.0], "141" : [833.1862054682185, 483.170684936543, 232.0], "143" : [832.2533331296935, 484.614441150826, 90.0], "145" : [784.6667529093373, 474.5179434048018, 379.0], "147" : [848.2153398589004, 480.9340913842988, 176.0], "149" : [961.5604272580574, 480.87646969796566, 187.0], "151" : [710.3194266098106, 527.1266183966394, 139.0], "153" : [710.3194266098106, 527.1266183966394, 139.0], "155" : [801.9030590092693, 522.5617326738145, 588.0], "157" : [843.4900707044818, 521.5992870192936, 141.0], "159" : [917.0189912655196, 530.5914746587084, 258.0], "161" : [981.8533926679304, 529.8126705222282, 221.0], "163" : [981.8533926679304, 529.8126705222282, 221.0], "165" : [712.9919835746379, 558.5344352283248, 212.0], "167" : [775.8873413884431, 565.9284804702473, 158.0], "169" : [1052.5320317007283, 557.7193676763699, 537.0], "171" : [671.3121397148112, 585.217252310665, 313.0], "173" : [670.6830037279682, 591.9856207209558, 153.0], "175" : [670.6830037279682, 591.9856207209558, 153.0], "177" : [739.2321434557014, 592.3171444347518, 140.0], "179" : [739.2321434557014, 592.3171444347518, 140.0], "181" : [740.1298980665573, 594.100001811516, 97.0], "183" : [740.1298980665573, 594.100001811516, 97.0], "185" : [805.3045469027941, 595.4863657459856, 154.0], "187" : [805.3045469027941, 595.4863657459856, 154.0], "189" : [805.3478575763866, 595.5485728252984, 140.0], "191" : [805.3478575763866, 595.5485728252984, 140.0], "193" : [896.0910890475315, 597.1930729398229, 202.0], "195" : [896.0910890475315, 597.1930729398229, 202.0], "197" : [896.0910890475315, 597.1930729398229, 202.0], "199" : [947.5491714142496, 598.7698355510987, 242.0], "201" : [1070.3757471262468, 594.9035449282791, 367.0], "203" : [1070.3757471262468, 594.9035449282791, 367.0], "205" : [768.1902806013327, 633.6687501287557, 144.0], "207" : [730.43175022826, 658.6793647056394, 126.0], "209" : [730.43175022826, 658.6793647056394, 126.0], "211" : [730.43175022826, 658.6793647056394, 126.0], "213" : [822.6852568878685, 635.6244238576915, 217.0], "215" : [822.6852568878685, 635.6244238576915, 217.0], "217" : [898.0587852813329, 635.4135139166015, 296.0], "219" : [898.0587852813329, 635.4135139166015, 296.0], "221" : [1005.4232744912623, 638.3460973897811, 666.0], "223" : [716.957693010242, 745.053846153269, 234.0], "225" : [716.957693010242, 745.053846153269, 234.0], "227" : [1046.043837686342, 688.4209178838154, 349.0], "229" : [1050.5662694153802, 687.1746017667433, 252.0], "231" : [792.349444450995, 741.2638883523005, 180.0], "233" : [743.177776698938, 749.7432751250419, 171.0], "235" : [792.8694855875341, 745.4018793938168, 213.0], "237" : [939.6996255713829, 740.7580530400525, 267.0], "239" : [1029.582598139675, 737.3450967996699, 408.0], "241" : [686.5918147290004, 788.0771908916224, 171.0], "243" : [686.5918147290004, 788.0771908916224, 171.0], "245" : [622.5450271442569, 789.7105242309135, 171.0], "247" : [796.3926061805518, 777.5605636572333, 284.0], "249" : [931.744878184542, 775.8585356993171, 205.0], "251" : [1043.875000735104, 772.2506858702449, 292.0], "253" : [839.3304575146426, 806.2492381282503, 197.0], "255" : [790.5119348948647, 809.2115224585689, 243.0], "257" : [790.5119348948647, 809.2115224585689, 243.0], "259" : [941.4313624922036, 807.0845013909351, 271.0], "261" : [898.3439857814566, 801.1650385631381, 266.0], "263" : [688.617882444817, 910.9311255294139, 151.0], "265" : [781.885634667881, 893.3790033517968, 181.0], "267" : [738.5282415388942, 909.1990030093896, 301.0], "269" : [874.4947565601415, 915.4999984166986, 248.0], "271" : [910.248406990038, 909.109574855838, 188.0], "273" : [1013.92117875251, 909.3921567304961, 255.0], "275" : [1040.1135749915575, 901.2059595718755, 302.0], "277" : [1041.2290921249323, 897.1418137149033, 55.0], "279" : [661.4441004536011, 949.2773279790033, 322.0], "281" : [840.2235901878204, 951.8989737402642, 195.0], "283" : [840.2235901878204, 951.8989737402642, 195.0], "285" : [840.2235901878204, 951.8989737402642, 195.0], "287" : [840.2235901878204, 951.8989737402642, 195.0], "289" : [1005.2552951431448, 965.2000003450153, 170.0], "291" : [990.8294774060241, 949.2947967392382, 173.0],