{"1" : [685.1953149251245, 14.365625538210477, 64.0], "3" : [673.1398813922746, 9.509523546184107, 168.0], "5" : [673.1398813922746, 9.509523546184107, 168.0], "7" : [795.5953501554663, 13.188373312722373, 172.0], "9" : [740.7374999249639, 22.329909469155265, 224.0], "11" : [711.6707816682824, 19.734419834282555, 154.0], "13" : [883.4093405571415, 16.28754847453851, 289.0], "15" : [944.5194158292119, 16.366021516041815, 103.0], "17" : [1016.8111081520683, 24.4222235762166, 198.0], "19" : [597.0524214298898, 80.64757795256477, 227.0], "21" : [695.4524177234588, 79.81935547401653, 248.0], "23" : [648.1723096767556, 79.79922856744443, 130.0], "25" : [750.2302003525639, 80.66510161334323, 149.0], "27" : [815.0377198874866, 77.78640627788732, 228.0], "29" : [868.3827599032219, 79.09409317502751, 203.0], "31" : [928.1354838301188, 85.80773956304039, 155.0], "33" : [987.701807645089, 91.91325407474702, 166.0], "35" : [987.701807645089, 91.91325407474702, 166.0], "37" : [1060.3551032304217, 93.7673480471525, 98.0], "39" : [674.1509426891612, 126.791197115394, 159.0], "41" : [674.1509426891612, 126.791197115394, 159.0], "43" : [674.1509426891612, 126.791197115394, 159.0], "45" : [736.7295602317035, 120.78049923285606, 159.0], "47" : [798.9134388753703, 112.67634151732162, 186.0], "49" : [891.1081646727305, 109.06378167863323, 196.0], "51" : [836.2618162728365, 106.18969433979049, 165.0], "53" : [979.4875708598897, 119.70960267039283, 177.0], "55" : [629.4120775864288, 149.21014681105996, 207.0], "57" : [712.7733379587016, 146.7781810727675, 165.0], "59" : [802.6238344510426, 144.95958348996203, 193.0], "61" : [948.226112518346, 144.06974178591747, 314.0], "63" : [1077.5891886899342, 154.50000072843886, 74.0], "65" : [1079.9268402380928, 155.4389245474253, 149.0], "67" : [1037.1757543136443, 155.02727070445056, 66.0], "69" : [706.5293349967607, 188.51733129437332, 150.0], "71" : [706.5293349967607, 188.51733129437332, 150.0], "73" : [728.7338733777734, 177.05162015604327, 62.0], "75" : [794.0907722320784, 173.2164077078312, 195.0], "77" : [907.5872142676013, 169.81147674567774, 305.0], "79" : [883.3128481326481, 174.94580958397245, 179.0], "81" : [989.7074073024452, 180.5259232413831, 108.0], "83" : [993.223997208924, 181.72267004202874, 75.0], "85" : [627.7036445344703, 230.77226264080747, 137.0], "87" : [704.5918942007418, 232.69080999088146, 185.0], "89" : [795.3843775378184, 234.1549101157605, 224.0], "91" : [795.3843775378184, 234.1549101157605, 224.0], "93" : [728.198478379847, 235.48375580421484, 197.0], "95" : [785.7387415305689, 239.32303569162886, 191.0], "97" : [860.5529393975709, 200.5215692363308, 51.0], "99" : [840.2319370498818, 244.8005218709025, 191.0], "101" : [950.9334922954765, 255.5951460145212, 206.0], "103" : [920.6341911380522, 254.85548304593473, 155.0], "105" : [998.2046974198246, 255.32617286831965, 149.0], "107" : [1054.7898497861295, 250.74210636014826, 266.0], "109" : [1054.7898497861295, 250.74210636014826, 266.0], "111" : [1067.021048883435, 243.9663137179012, 95.0], "113" : [1025.2288001074073, 244.3911973337625, 125.0], "115" : [1027.983689247068, 247.20780369517058, 141.0], "117" : [1105.0318621716515, 244.44955264776692, 113.0], "119" : [659.1738559473442, 281.52293438047, 218.0], "121" : [789.5543216107029, 282.62592295678076, 162.0], "123" : [760.1032732971122, 281.5490633251773, 214.0], "125" : [939.4015612681005, 279.1958336620649, 192.0], "127" : [910.425186355251, 274.00740951327435, 135.0], "129" : [1051.3248476111091, 280.02484711438876, 165.0], "131" : [1053.6960760778275, 277.5470602631486, 51.0], "133" : [627.3121822513697, 314.03756322069285, 197.0], "135" : [711.6554310170171, 314.7205436217339, 258.0], "137" : [799.5059221620368, 314.87978959145437, 287.0], "139" : [725.4594842603227, 312.43332954045, 195.0], "141" : [686.5681556609774, 309.39681409196163, 157.0], "143" : [1036.7146332314144, 294.914636632872, 205.0], "145" : [1036.7146332314144, 294.914636632872, 205.0], "147" : [1036.7146332314144, 294.914636632872, 205.0], "149" : [1094.3010856428061, 306.6369555514251, 92.0], "151" : [1096.9759262714379, 307.5481455076251, 54.0], "153" : [689.1928211399539, 350.74153843418827, 195.0], "155" : [783.4268583689682, 339.4702473430931, 242.0], "157" : [858.0980475593241, 340.72438869727455, 205.0], "159" : [944.749187758979, 340.015136330379, 185.0], "161" : [1014.1730243369253, 333.4144191606577, 215.0], "163" : [1014.1730243369253, 333.4144191606577, 215.0], "165" : [976.9142836164012, 334.6064948405874, 77.0], "167" : [944.0119579122775, 342.13654293044414, 301.0], "169" : [677.410365544276, 418.1115870474674, 164.0], "171" : [705.0047245986744, 418.08031564983366, 127.0], "173" : [812.1823530332753, 411.5552015550248, 221.0], "175" : [927.0647960427801, 410.01989477957727, 196.0], "177" : [927.0647960427801, 410.01989477957727, 196.0], "179" : [989.1245612040486, 409.14268802115663, 171.0], "181" : [1061.257639905605, 402.88680381993794, 144.0], "183" : [705.3680552840549, 446.42083389197103, 216.0], "185" : [705.3680552840549, 446.42083389197103, 216.0], "187" : [813.6719509716469, 446.4056916559336, 246.0], "189" : [879.8474394957188, 437.5525622766678, 156.0], "191" : [964.4209393806735, 442.26858097808736, 191.0], "193" : [1048.1987331322184, 440.03987121354686, 158.0], "195" : [637.8534483669551, 482.30861661879686, 232.0], "197" : [637.8534483669551, 482.30861661879686, 232.0], "199" : [732.4724129719964, 485.3930999092653, 87.0], "201" : [735.6065599360342, 485.82295185931025, 122.0], "203" : [894.0419519323925, 476.221187658564, 236.0], "205" : [894.0419519323925, 476.221187658564, 236.0], "207" : [992.5917409077015, 474.88348656728766, 218.0], "209" : [1071.2115399078164, 468.982051588679, 156.0], "211" : [744.4620523546107, 524.505127508643, 195.0], "213" : [829.3283318806551, 517.2049992727332, 60.0], "215" : [913.2063937162239, 514.4627878626902, 172.0], "217" : [990.388235043504, 513.0960809292143, 51.0], "219" : [1083.7225804311659, 498.89515953731524, 62.0], "221" : [685.3864875969344, 606.8473006671068, 74.0], "223" : [691.7513757402961, 608.5220206185645, 109.0], "225" : [728.5097570211138, 599.5170721453869, 123.0], "227" : [818.4064515266622, 586.9967757146563, 217.0], "229" : [818.4064515266622, 586.9967757146563, 217.0], "231" : [999.5592895774541, 576.6438058541247, 226.0], "233" : [721.9231176973022, 623.8360224706051, 186.0], "235" : [721.9231176973022, 623.8360224706051, 186.0], "237" : [682.8948929989955, 626.6364963923102, 137.0], "239" : [682.8948929989955, 626.6364963923102, 137.0], "241" : [682.8948929989955, 626.6364963923102, 137.0], "243" : [792.3682539607966, 623.8730179318899, 189.0], "245" : [792.3682539607966, 623.8730179318899, 189.0], "247" : [925.6756098969284, 610.2170730850582, 164.0], "249" : [994.1733281437089, 610.4180016006316, 150.0], "251" : [647.6737873200693, 660.9893205755494, 103.0], "253" : [647.6737873200693, 660.9893205755494, 103.0], "255" : [664.9127829431951, 571.4609011093934, 133.0], "257" : [1009.4875014418011, 646.0609357393403, 64.0], "259" : [1108.5745430021195, 642.9490924604625, 55.0], "261" : [1109.5504006123942, 638.3344008582936, 125.0], "263" : [722.3311606152753, 690.4391295462542, 138.0], "265" : [731.483336500948, 691.8735294467124, 102.0], "267" : [812.7558280699394, 693.1398761218962, 163.0], "269" : [892.5924219866891, 690.0274875168082, 211.0], "271" : [972.4456984123365, 689.2376337843516, 186.0], "273" : [972.4456984123365, 689.2376337843516, 186.0], "275" : [952.8539463825181, 690.552630161677, 76.0], "277" : [1035.0431502225497, 688.2924650297589, 146.0], "279" : [612.6147553981646, 750.7726787673087, 183.0], "281" : [716.0536901309512, 753.8604017164758, 149.0], "283" : [716.0536901309512, 753.8604017164758, 149.0], "285" : [716.0536901309512, 753.8604017164758, 149.0], "287" : [792.3195671926936, 746.7036243089681, 138.0], "289" : [794.3787913031975, 722.5106070577576, 66.0],