{"1": [60.71935398387147, 383.75321703911754, 175.0], "2": [195.17727960070374, 382.8627672005955, 248.0], "3": [294.9076615151754, 380.78505091071065, 197.0], "4": [327.5574889276512, 380.48823429786995, 240.0], "5": [290.75222893540575, 379.8946010721886, 237.0], "6": [413.93112326429184, 380.48823429786995, 157.0], "7": [414.5247564899732, 380.48823429786995, 216.0], "8": [345.36648569809256, 380.19141768502925, 210.0], "9": [78.52835075431284, 382.8627672005955, 200.0]}