{"1" : [1058.1, 553.9, 11.50930914454182], "3" : [1090.8, 549.2, 563.5093091445418], "5" : [1092.2, 546.2, 15.50930914454182], "7" : [1137.3, 545.4, 112.50930914454182], "9" : [971.0, 544.8, 564.5093091445418], "11" : [966.2, 545.9, 44.509309144541824], "13" : [728.3, 534.1, 134.50930914454182], "15" : [730.5, 533.2, 23.50930914454182], "17" : [602.8, 540.2, 356.5093091445418], "19" : [600.0, 545.5, 25.50930914454182], "21" : [750.1, 535.0, 241.50930914454182], "23" : [750.4, 534.5, 27.50930914454182], "25" : [962.7, 528.6, 155.50930914454182], "27" : [966.0, 537.6, 182.50930914454182], "29" : [1199.3, 521.4, 130.50930914454182], "31" : [1196.9, 535.0, 22.50930914454182], "33" : [1325.3, 529.5, 236.50930914454182], "35" : [1330.2, 531.9, 47.509309144541824], "37" : [938.9, 541.0, 202.50930914454182], "39" : [935.9, 538.7, 27.50930914454182], "41" : [751.1, 538.9, 239.50930914454182], "43" : [748.6, 541.2, 14.50930914454182], "45" : [710.0, 539.2, 189.50930914454182], "47" : [716.8, 542.9, 22.50930914454182], "49" : [825.9, 538.4, 136.50930914454182], "51" : [819.9, 537.8, 26.50930914454182], "53" : [991.5, 530.5, 75.50930914454182]}