{"1" : [1228.6, 522.5, 23.971007359842737], "3" : [1359.8, 527.5, 279.97100735984276], "5" : [1363.8, 528.2, 19.971007359842737], "7" : [1453.2, 529.7, 270.97100735984276], "9" : [1453.6, 531.4, 14.971007359842737], "11" : [1494.3, 536.5, 166.97100735984273], "13" : [957.6, 549.9, 575.9710073598427], "15" : [969.1, 540.0, 40.97100735984274], "17" : [809.3, 515.1, 83.97100735984273], "19" : [808.9, 515.0, 76.97100735984273], "21" : [248.4, 548.4, 213.97100735984273], "23" : [243.1, 545.4, 13.971007359842737], "25" : [203.4, 543.7, 213.97100735984273], "27" : [201.2, 540.5, 21.971007359842737], "29" : [320.2, 536.8, 195.97100735984273], "31" : [320.9, 539.4, 19.971007359842737], "33" : [423.2, 533.9, 144.97100735984273], "35" : [423.9, 528.1, 211.97100735984273], "37" : [575.4, 536.2, 219.97100735984273], "39" : [575.7, 540.7, 23.971007359842737], "41" : [689.8, 524.0, 191.97100735984273], "43" : [693.2, 529.6, 22.971007359842737], "45" : [816.8, 518.7, 216.97100735984273], "47" : [819.5, 519.5, 25.971007359842737], "49" : [931.6, 515.7, 249.97100735984273], "51" : [929.4, 517.5, 21.971007359842737], "53" : [1028.6, 516.5, 245.97100735984273], "55" : [1029.4, 520.9, 25.971007359842737], "57" : [1195.9, 517.9, 446.97100735984276], "59" : [1185.3, 520.0, 8.971007359842737], "61" : [1161.6, 518.9, 173.97100735984273], "63" : [1159.8, 519.5, 43.97100735984274], "65" : [1438.5, 527.7, 293.97100735984276], "67" : [1438.6, 528.3, 21.971007359842737], "69" : [1539.4, 527.0, 269.97100735984276], "71" : [1544.8, 525.0, 19.971007359842737], "73" : [1628.7, 526.4, 87.97100735984273], "75" : [1632.2, 529.0, 16.971007359842737]}