{"1": [65.00120012612271, 382.4308427701151, 120.0], "2": [151.41647805237318, 384.9539165781808, 173.0], "3": [256.7548095391165, 381.80007431809867, 188.0], "4": [355.7854565056955, 383.06161122213155, 207.0], "5": [422.6469124194367, 384.32314812616437, 239.0], "6": [379.0, 377.8, 107.0], "7": [462.3853248964716, 383.6923796741479, 154.0], "8": [563.3082772190999, 381.16930586608225, 214.0], "9": [587.2774783957242, 383.06161122213155, 182.0], "10": [594.2159313679048, 381.80007431809867, 201.0], "11": [554.47751889087, 381.16930586608225, 242.0], "12": [509.6929587977037, 382.4308427701151, 255.0], "13": [615.6620587364633, 386.21545348221366, 119.0], "14": [678.738903938106, 382.4308427701151, 293.0], "15": [767.0464872204058, 385.5846850301972, 211.0], "16": [595.4774682719377, 383.6923796741479, 141.0], "17": [600.5236158880691, 382.4308427701151, 217.0], "18": [648.4620182413175, 379.9077689620494, 136.0]}