{"1" : [961.5, 873.5, 39.294122545214755], "3" : [1111.4, 888.8, 373.29412254521475], "5" : [1116.8, 885.8, 16.29412254521475], "7" : [1180.7, 884.2, 257.29412254521475], "9" : [1187.7, 878.0, 268.29412254521475], "11" : [712.0, 909.5, 32.294122545214755], "13" : [960.1, 511.9, 575.2941225452148], "15" : [960.9, 505.4, 28.29412254521475], "17" : [771.6, 414.2, 122.29412254521475], "19" : [771.2, 414.9, 21.29412254521475], "21" : [701.1, 422.4, 232.29412254521475], "23" : [702.1, 422.0, 19.29412254521475], "25" : [792.8, 425.6, 203.29412254521475], "27" : [792.4, 427.7, 16.29412254521475], "29" : [749.0, 428.1, 108.29412254521475], "31" : [749.2, 430.2, 23.29412254521475], "33" : [871.8, 427.5, 228.29412254521475], "35" : [875.1, 428.5, 18.29412254521475], "37" : [944.1, 428.9, 226.29412254521475], "39" : [947.0, 427.8, 21.29412254521475], "41" : [1036.7, 427.4, 217.29412254521475], "43" : [1036.8, 427.8, 19.29412254521475], "45" : [1122.5, 432.6, 233.29412254521475], "47" : [1120.3, 432.7, 21.29412254521475], "49" : [1217.9, 437.4, 220.29412254521475], "51" : [1214.8, 433.8, 14.294122545214751], "53" : [1169.3, 435.5, 77.29412254521475], "55" : [1167.9, 437.3, 28.29412254521475], "57" : [973.6, 502.2, 171.29412254521475], "59" : [974.6, 501.1, 21.29412254521475], "61" : [946.3, 558.2, 18.29412254521475]}