{"1": [217.17, 219.0, 300.0], "2": [330.67903864080876, 215.90520636307315, 250.0], "3": [464.17, 219.0, 200.0], "4": [520.5, 219.0, 150.0], "5": [584.5, 219.0, 150.0], "6": [721.3862376122761, 219.5566755123392, 450.0], "7": [859.17, 219.0, 150.0], "8": [934.5, 219.0, 150.0], "9": [1004.375096680395, 220.4695427996557, 150.0], "10": [236.17, 268.0, 350.0], "11": [362.5, 268.0, 150.0], "12": [461.5, 268.0, 450.0], "13": [623.83, 268.0, 500.0], "14": [821.17, 268.0, 150.0], "15": [935.9100501316565, 267.02577445279786, 450.0], "16": [627.3609070186752, 268.8515090274309, 500.0], "17": [749.17, 268.0, 150.0], "18": [929.5, 268.0, 450.0], "19": [196.17, 318.0, 150.0], "20": [268.5, 318.0, 300.0], "21": [376.17, 318.0, 300.0], "22": [482.17, 318.0, 200.0], "23": [605.17, 318.0, 150.0], "24": [692.17, 318.0, 400.0], "25": [836.83, 318.0, 300.0], "26": [303.5, 368.0, 250.0], "27": [408.17, 368.0, 300.0], "28": [537.8999128616571, 369.26691063224723, 300.0], "29": [710.4318301644779, 369.26691063224723, 200.0], "30": [803.5, 368.0, 250.0], "31": [876.17, 368.0, 200.0], "32": [1004.83, 368.0, 250.0], "33": [216.83, 417.0, 200.0], "34": [313.334560181795, 415.8231422853894, 150.0], "35": [357.5, 417.0, 250.0], "36": [473.0863354621847, 419.47461143465546, 400.0], "37": [580.8046753655332, 417.6488768600224, 450.0], "38": [780.7226112878494, 413.99740771075636, 500.0], "39": [809.0214971946613, 419.47461143465546, 200.0], "40": [233.83, 417.0, 400.0], "41": [392.83, 417.0, 400.0], "42": [515.0782306787443, 417.6488768600224, 200.0], "43": [599.0620211118634, 419.47461143465546, 200.0], "44": [677.5686078210834, 415.8231422853894, 200.0], "45": [785.2869477244319, 419.47461143465546, 450.0]}