{"1" : [1442.0, 483.4, 140.22277349484852], "3" : [1444.0, 487.1, 50.22277349484854], "5" : [1453.1, 487.1, 125.22277349484854], "7" : [1447.2, 489.7, 16.22277349484854], "9" : [1381.8, 501.7, 185.22277349484852], "11" : [1389.8, 494.7, 284.2227734948485], "13" : [947.3, 538.8, 542.2227734948485], "15" : [943.5, 543.8, 40.22277349484854], "17" : [676.2, 473.9, 201.22277349484852], "19" : [669.6, 473.5, 13.222773494848537], "21" : [631.1, 476.2, 211.22277349484852], "23" : [631.4, 472.0, 23.22277349484854], "25" : [761.3, 468.9, 209.22277349484852], "27" : [760.5, 469.0, 17.22277349484854], "29" : [696.0, 472.4, 178.22277349484852], "31" : [697.4, 474.0, 33.22277349484854], "33" : [913.8, 462.0, 204.22277349484852], "35" : [910.1, 466.3, 16.22277349484854], "37" : [860.1, 457.1, 230.22277349484852], "39" : [862.7, 452.2, 25.22277349484854], "41" : [1033.5, 432.4, 337.2227734948485], "43" : [1031.3, 432.6, 41.22277349484854], "45" : [700.8, 464.3, 337.2227734948485], "47" : [709.4, 467.1, 18.22277349484854], "49" : [783.1, 460.2, 247.22277349484852], "51" : [784.8, 445.3, 155.22277349484852], "53" : [825.6, 602.1, 21.22277349484854], "55" : [819.7, 561.8, 24.22277349484854], "57" : [959.4, 524.6, 217.22277349484852], "59" : [958.9, 524.8, 10.222773494848537], "61" : [964.5, 508.8, 80.22277349484854], "63" : [960.7, 517.9, 39.22277349484854], "65" : [1203.1, 429.3, 192.22277349484852], "67" : [1206.7, 432.2, 18.22277349484854], "69" : [1274.3, 443.2, 164.22277349484852], "71" : [1274.5, 441.4, 40.22277349484854], "73" : [958.5, 613.4, 194.22277349484852], "75" : [953.4, 614.9, 11.222773494848537], "77" : [926.6, 596.6, 347.2227734948485], "79" : [929.6, 582.0, 191.22277349484852], "81" : [1018.8, 460.2, 128.22277349484852], "83" : [1017.4, 470.5, 17.22277349484854], "85" : [1078.7, 441.8, 155.22277349484852], "87" : [1081.3, 441.2, 23.22277349484854]}