{"1" : [918.5, 544.5, 100.15366639506263], "3" : [918.5, 554.4, 23.153666395062626], "5" : [903.2, 414.7, 134.15366639506263], "7" : [966.8, 539.0, 14.153666395062626], "9" : [966.9, 545.3, 208.15366639506263], "11" : [958.3, 545.9, 253.15366639506266], "13" : [952.4, 554.1, 199.15366639506263], "15" : [860.9, 537.9, 71.15366639506263], "17" : [862.0, 543.1, 16.153666395062626], "19" : [798.5, 538.3, 342.1536663950626], "21" : [797.6, 535.8, 22.153666395062626], "23" : [915.2, 543.4, 311.1536663950626], "25" : [921.9, 542.6, 25.153666395062626], "27" : [1056.9, 537.6, 244.15366639506263], "29" : [1051.3, 534.9, 10.153666395062626], "31" : [1032.5, 533.7, 213.15366639506263], "33" : [1051.3, 534.9, 35.15366639506262], "35" : [1032.5, 529.8, 243.15366639506263], "37" : [1036.2, 531.5, 107.15366639506263], "39" : [1036.2, 532.5, 56.15366639506262], "41" : [1036.2, 531.5, 45.15366639506262], "43" : [1019.4, 532.6, 125.15366639506261], "45" : [1061.3, 535.6, 86.15366639506263], "47" : [1127.7, 530.7, 436.1536663950626], "49" : [1138.1, 528.2, 34.15366639506262], "51" : [923.5, 522.8, 244.15366639506263], "53" : [924.3, 520.0, 19.153666395062626], "55" : [969.7, 522.6, 29.153666395062626], "57" : [924.3, 520.0, 30.153666395062626], "59" : [971.1, 523.0, 76.15366639506263], "61" : [970.6, 521.2, 30.153666395062626], "63" : [785.6, 517.9, 82.15366639506263], "65" : [970.6, 521.2, 31.153666395062626], "67" : [785.9, 519.2, 228.15366639506263], "69" : [787.4, 518.7, 155.15366639506263], "71" : [752.9, 518.0, 72.15366639506263], "73" : [753.3, 521.2, 23.153666395062626], "75" : [854.7, 527.0, 370.1536663950626], "77" : [857.4, 529.9, 21.153666395062626], "79" : [923.2, 530.0, 49.15366639506262], "81" : [857.4, 529.9, 21.153666395062626], "83" : [927.5, 534.4, 129.15366639506263], "85" : [927.3, 537.5, 64.15366639506263], "87" : [930.5, 536.3, 57.15366639506262], "89" : [928.1, 535.6, 68.15366639506263], "91" : [1061.6, 537.5, 250.15366639506266], "93" : [1054.3, 532.9, 10.153666395062626]}