{"0": [168.16666666666666, 169.0, 300.0], "1": [303.5, 169.0, 250.0], "2": [409.1666666666667, 169.0, 200.0], "3": [481.5, 169.0, 150.0], "4": [533.5, 169.0, 150.0], "5": [640.1666666666666, 169.0, 450.0], "6": [812.1666666666666, 169.0, 150.0], "7": [181.16666666666666, 219.0, 350.0], "8": [298.5, 219.0, 150.0], "9": [407.5, 219.0, 450.0], "10": [575.8333333333334, 219.0, 500.0], "11": [707.1666666666666, 219.0, 150.0], "12": [866.5, 219.0, 450.0], "13": [158.16666666666666, 268.0, 150.0], "14": [237.5, 268.0, 300.0], "15": [322.1666666666667, 268.0, 300.0], "16": [430.1666666666667, 268.0, 200.0], "17": [651.1666666666666, 268.0, 400.0], "18": [779.8333333333334, 268.0, 300.0], "19": [928.1666666666666, 268.0, 200.0], "20": [178.16666666666666, 318.0, 200.0], "21": [252.5, 318.0, 250.0], "22": [359.1666666666667, 318.0, 300.0], "23": [472.5, 318.0, 300.0], "24": [672.8333333333334, 318.0, 200.0], "25": [749.5, 318.0, 250.0], "26": [831.1666666666666, 318.0, 200.0], "27": [952.8333333333334, 318.0, 250.0], "28": [162.83333333333334, 368.0, 200.0], "29": [250.5, 368.0, 150.0], "30": [306.5, 368.0, 250.0], "31": [416.8333333333333, 368.0, 400.0], "32": [552.1666666666666, 368.0, 450.0], "33": [679.8333333333334, 368.0, 200.0], "34": [790.1666666666666, 368.0, 500.0], "35": [1006.1666666666666, 368.0, 150.0], "36": [194.83333333333334, 417.0, 400.0], "37": [350.8333333333333, 417.0, 400.0], "38": [480.1666666666667, 417.0, 200.0], "39": [556.8333333333334, 417.0, 200.0], "40": [650.1666666666666, 417.0, 200.0], "41": [755.8333333333334, 417.0, 450.0]}