{"1": [172.16666666666666, 169.0, 300.0], "2": [295.5, 169.0, 250.0], "3": [465.5, 169.0, 150.0], "4": [531.5, 169.0, 150.0], "5": [656.1666666666666, 169.0, 450.0], "6": [881.5, 169.0, 150.0], "7": [996.1666666666666, 169.0, 150.0], "8": [193.16666666666666, 219.0, 350.0], "9": [301.5, 219.0, 150.0], "10": [398.5, 219.0, 450.0], "11": [563.8333333333334, 219.0, 500.0], "12": [702.1666666666666, 219.0, 150.0], "13": [784.1666666666666, 219.0, 150.0], "14": [870.5, 219.0, 450.0], "15": [218.5, 268.0, 300.0], "16": [336.1666666666667, 268.0, 300.0], "17": [427.1666666666667, 268.0, 200.0], "18": [562.1666666666666, 268.0, 150.0], "19": [635.1666666666666, 268.0, 400.0], "20": [786.8333333333334, 268.0, 300.0], "21": [942.1666666666666, 268.0, 200.0], "22": [258.5, 318.0, 250.0], "23": [350.1666666666667, 318.0, 300.0], "24": [472.5, 318.0, 300.0], "25": [743.5, 318.0, 250.0], "26": [960.8333333333334, 318.0, 250.0], "27": [167.83333333333334, 368.0, 200.0], "28": [245.5, 368.0, 150.0], "29": [310.5, 368.0, 250.0], "30": [404.8333333333333, 368.0, 400.0], "31": [564.1666666666666, 368.0, 450.0], "32": [677.8333333333334, 368.0, 200.0], "33": [792.1666666666666, 368.0, 500.0], "34": [948.1666666666666, 368.0, 200.0], "35": [1002.1666666666666, 368.0, 150.0], "36": [199.83333333333334, 417.0, 400.0], "37": [355.8333333333333, 417.0, 400.0], "38": [575.8333333333334, 417.0, 200.0], "39": [735.8333333333334, 417.0, 450.0]}