{"1": [181.16666666666666, 169.0, 300.0], "2": [309.5, 169.0, 250.0], "3": [408.1666666666667, 169.0, 200.0], "4": [530.5, 169.0, 150.0], "5": [645.1666666666666, 169.0, 450.0], "6": [821.1666666666666, 169.0, 150.0], "7": [876.5, 169.0, 150.0], "8": [182.16666666666666, 219.0, 350.0], "9": [317.5, 219.0, 150.0], "10": [401.5, 219.0, 450.0], "11": [573.8333333333334, 219.0, 500.0], "12": [883.5, 219.0, 150.0], "13": [996.1666666666666, 219.0, 150.0], "14": [190.16666666666666, 219.0, 350.0], "15": [315.84591421944043, 220.32457695297057, 150.0], "16": [409.5, 219.0, 450.0], "17": [560.8333333333334, 219.0, 500.0], "18": [775.1666666666666, 219.0, 150.0], "19": [879.5, 219.0, 450.0], "20": [163.16666666666666, 268.0, 150.0], "21": [224.5, 268.0, 300.0], "22": [337.1666666666667, 268.0, 300.0], "23": [561.4321803606788, 268.0, 500.0], "24": [716.1666666666666, 268.0, 150.0], "25": [885.5, 268.0, 450.0], "26": [146.16666666666666, 318.0, 150.0], "27": [204.9976384514107, 318.0, 300.0], "28": [329.1666666666667, 318.0, 300.0], "29": [415.2271269769844, 318.0, 200.0], "30": [553.1666666666666, 318.0, 150.0], "31": [619.7230839973151, 318.0, 400.0], "32": [783.8333333333334, 318.0, 300.0], "33": [908.3108364278754, 318.0, 200.0], "34": [268.5, 368.0, 250.0], "35": [346.42474891406937, 368.0, 300.0], "36": [466.5, 368.0, 300.0], "37": [572.1666666666666, 368.0, 200.0], "38": [663.8333333333334, 368.0, 200.0], "39": [753.5, 368.0, 250.0], "40": [963.8333333333334, 368.0, 250.0], "41": [166.83333333333334, 417.0, 200.0], "42": [242.5, 417.0, 150.0], "43": [311.5, 417.0, 250.0], "44": [417.8333333333333, 417.0, 400.0], "45": [560.1666666666666, 417.0, 450.0], "46": [675.8333333333334, 417.0, 200.0], "47": [797.1666666666666, 417.0, 500.0], "48": [815.6187437597815, 417.0, 200.0], "49": [181.83333333333334, 417.0, 400.0], "50": [349.8333333333333, 417.0, 400.0], "51": [655.1666666666666, 417.0, 200.0], "52": [749.8333333333334, 417.0, 450.0]}