{"1" : [957.8, 572.9, 20.12890406279675], "3" : [942.8, 583.7, 379.1289040627968], "5" : [945.2, 571.2, 16.12890406279675], "7" : [957.0, 510.8, 180.12890406279675], "9" : [952.8, 508.9, 22.12890406279675], "11" : [912.6, 502.9, 195.12890406279675], "13" : [911.5, 493.7, 882.1289040627968], "15" : [957.1, 545.7, 529.1289040627968], "17" : [956.8, 545.0, 26.12890406279675], "19" : [860.2, 462.6, 141.12890406279675], "21" : [860.5, 461.8, 29.12890406279675], "23" : [809.0, 466.9, 168.12890406279675], "25" : [815.0, 465.5, 9.12890406279675], "27" : [838.4, 462.8, 118.12890406279675], "29" : [838.7, 463.6, 46.12890406279675], "31" : [1070.9, 457.2, 160.12890406279675], "33" : [1068.4, 458.6, 22.12890406279675], "35" : [1025.9, 459.2, 161.12890406279675], "37" : [1022.5, 458.2, 227.12890406279675]}