{"1": [187.16666666666666, 169.0, 300.0], "2": [304.5, 169.0, 250.0], "3": [407.1666666666667, 169.0, 200.0], "4": [469.5, 169.0, 150.0], "5": [528.5, 169.0, 150.0], "6": [643.1666666666666, 169.0, 450.0], "7": [296.5, 169.0, 250.0], "8": [403.1666666666667, 169.0, 200.0], "9": [477.5, 169.0, 150.0], "10": [532.5, 169.0, 150.0], "11": [643.1666666666666, 169.0, 450.0], "12": [819.1666666666666, 169.0, 150.0], "13": [890.5, 169.0, 150.0], "14": [979.1666666666666, 169.0, 150.0], "15": [181.16666666666666, 219.0, 350.0], "16": [313.5, 219.0, 150.0], "17": [399.5, 219.0, 450.0], "18": [561.8333333333334, 219.0, 500.0], "19": [712.1666666666666, 219.0, 150.0], "20": [773.1666666666666, 219.0, 150.0], "21": [883.5, 219.0, 450.0], "22": [152.16666666666666, 268.0, 150.0], "23": [226.5, 268.0, 300.0], "24": [336.1666666666667, 268.0, 300.0], "25": [434.1666666666667, 268.0, 200.0], "26": [549.1666666666666, 268.0, 150.0], "27": [637.1666666666666, 268.0, 400.0], "28": [779.8333333333334, 268.0, 300.0], "29": [926.1666666666666, 268.0, 200.0], "30": [169.16666666666666, 318.0, 200.0], "31": [257.5, 318.0, 250.0], "32": [251.5, 318.0, 250.0], "33": [363.1666666666667, 318.0, 300.0], "34": [474.5, 318.0, 300.0], "35": [580.1666666666666, 318.0, 200.0], "36": [661.8333333333334, 318.0, 200.0], "37": [746.5, 318.0, 250.0], "38": [831.1666666666666, 318.0, 200.0], "39": [969.8333333333334, 318.0, 250.0], "40": [163.83333333333334, 368.0, 200.0], "41": [248.5, 368.0, 150.0], "42": [320.5, 368.0, 250.0], "43": [416.8333333333333, 368.0, 400.0], "44": [553.1666666666666, 368.0, 450.0], "45": [686.8333333333334, 368.0, 200.0], "46": [783.1666666666666, 368.0, 500.0], "47": [947.1666666666666, 368.0, 200.0], "48": [1017.1666666666666, 368.0, 150.0], "49": [199.83333333333334, 417.0, 400.0], "50": [342.8333333333333, 417.0, 400.0], "51": [479.1666666666667, 417.0, 200.0], "52": [572.8333333333334, 417.0, 200.0], "53": [657.1666666666666, 417.0, 200.0], "54": [750.8333333333334, 417.0, 450.0]}