{"1" : [1522.6, 523.2, 25.50930914454182], "3" : [1687.5, 517.4, 279.5093091445418], "5" : [1688.6, 515.6, 17.50930914454182], "7" : [1745.8, 499.7, 143.50930914454182], "9" : [1743.2, 498.1, 63.509309144541824], "11" : [989.2, 603.8, 143.50930914454182], "13" : [989.3, 606.4, 22.50930914454182], "15" : [885.7, 592.4, 293.5093091445418], "17" : [890.6, 588.7, 16.50930914454182], "19" : [963.7, 583.8, 255.50930914454185], "21" : [959.8, 584.6, 15.50930914454182], "23" : [910.2, 578.4, 188.50930914454182], "25" : [914.1, 576.1, 22.50930914454182], "27" : [1014.2, 570.0, 267.5093091445418], "29" : [1015.6, 565.0, 20.50930914454182], "31" : [945.9, 540.1, 580.5093091445418], "33" : [926.1, 534.1, 16.50930914454182], "35" : [862.7, 533.0, 98.50930914454182], "37" : [864.0, 533.0, 64.50930914454182], "39" : [325.2, 540.4, 149.50930914454182], "41" : [325.2, 540.3, 22.50930914454182], "43" : [229.1, 543.4, 220.50930914454182], "45" : [236.6, 544.8, 18.50930914454182], "47" : [312.2, 546.6, 229.50930914454182], "49" : [309.6, 553.4, 19.50930914454182], "51" : [390.5, 548.7, 192.50930914454182], "53" : [388.8, 551.8, 18.50930914454182], "55" : [461.8, 551.8, 74.50930914454182], "57" : [459.2, 555.1, 167.50930914454182], "59" : [476.6, 523.7, 142.50930914454182], "61" : [480.7, 533.9, 9.50930914454182], "63" : [504.5, 543.0, 243.50930914454182], "65" : [503.7, 546.0, 17.50930914454182], "67" : [576.9, 551.1, 233.50930914454182], "69" : [572.3, 554.9, 15.50930914454182], "71" : [514.6, 559.3, 336.5093091445418], "73" : [502.2, 560.6, 25.50930914454182], "75" : [645.2, 556.1, 224.50930914454182], "77" : [648.4, 553.5, 23.50930914454182], "79" : [776.5, 553.8, 280.5093091445418], "81" : [776.0, 555.7, 22.50930914454182], "83" : [899.4, 546.3, 187.50930914454182], "85" : [903.0, 547.3, 19.50930914454182], "87" : [991.1, 538.5, 118.50930914454182], "89" : [992.9, 547.0, 158.50930914454182], "91" : [1112.4, 520.0, 202.50930914454182], "93" : [1107.8, 535.9, 19.50930914454182]}