{"1" : [844.8, 633.6, 134.50555783782622], "3" : [1005.5, 529.6, 461.50555783782625], "5" : [1019.3, 540.9, 162.50555783782622], "7" : [967.9, 532.9, 45.50555783782623], "9" : [964.8, 521.2, 14.505557837826231], "11" : [951.7, 484.3, 142.50555783782622], "13" : [956.0, 483.4, 9.505557837826231], "15" : [970.3, 459.3, 149.50555783782622], "17" : [968.2, 460.4, 34.50555783782623], "19" : [1150.6, 464.2, 245.50555783782622], "21" : [1153.1, 470.1, 27.50555783782623], "23" : [1009.9, 537.9, 274.50555783782625], "25" : [1008.4, 538.6, 21.50555783782623], "27" : [941.2, 609.1, 205.50555783782622], "29" : [939.7, 608.3, 17.50555783782623], "31" : [979.5, 651.4, 153.50555783782622], "33" : [979.3, 651.1, 19.50555783782623], "35" : [1063.7, 642.4, 67.50555783782623], "37" : [1064.9, 642.1, 25.50555783782623], "39" : [970.8, 580.2, 210.50555783782622], "41" : [968.9, 584.1, 19.50555783782623], "43" : [902.4, 584.9, 125.50555783782625], "45" : [901.7, 585.9, 25.50555783782623], "47" : [1042.8, 588.2, 99.50555783782623], "49" : [1041.8, 587.7, 26.50555783782623], "51" : [861.2, 592.2, 375.50555783782625], "53" : [857.7, 588.9, 23.50555783782623], "55" : [963.9, 591.1, 82.50555783782623], "57" : [960.7, 592.0, 205.50555783782622], "59" : [-61.0, 766.2, 77.50555783782623], "61" : [-73.4, 734.4, 21.50555783782623], "63" : [-163.8, 675.5, 57.50555783782623], "65" : [-177.8, 673.8, 9.505557837826231], "67" : [-155.7, 683.5, 45.50555783782623], "69" : [-141.9, 694.6, 193.50555783782622], "71" : [-34.4, 712.9, 134.50555783782622], "73" : [-15.7, 716.3, 6.50555783782623], "75" : [-43.5, 707.9, 71.50555783782623], "77" : [-43.1, 699.2, 18.50555783782623]}