{"1" : [1050.6, 542.1, 6.837318336834514], "3" : [1023.9, 533.3, 209.83731833683453], "5" : [1023.9, 531.6, 31.837318336834514], "7" : [1188.8, 532.3, 530.8373183368345], "9" : [1189.1, 544.1, 18.837318336834514], "11" : [1255.2, 544.5, 286.8373183368345], "13" : [1247.6, 543.6, 15.837318336834514], "15" : [1192.1, 540.9, 68.83731833683451], "17" : [955.3, 533.5, 542.8373183368345], "19" : [952.1, 531.8, 31.837318336834514], "21" : [749.8, 503.3, 356.8373183368345], "23" : [745.6, 508.6, 19.837318336834514], "25" : [824.9, 510.8, 283.8373183368345], "27" : [823.8, 511.9, 16.837318336834514], "29" : [902.1, 514.1, 175.83731833683453], "31" : [902.7, 517.8, 13.837318336834514], "33" : [956.3, 516.8, 397.8373183368345], "35" : [958.2, 519.9, 21.837318336834514], "37" : [1072.1, 509.1, 404.8373183368345], "39" : [1070.7, 514.7, 16.837318336834514]}