{"1" : [966.0, 494.6, 911.6370065276029], "3" : [923.4, 624.8, 127.63700652760296], "5" : [917.1, 561.8, 17.637006527602956], "7" : [947.5, 508.5, 183.63700652760295], "9" : [947.1, 523.5, 37.637006527602956], "11" : [965.3, 548.7, 533.6370065276029], "13" : [966.6, 526.3, 215.63700652760295], "15" : [547.7, 465.5, 153.63700652760295], "17" : [543.9, 470.7, 21.637006527602956], "19" : [684.1, 469.2, 245.63700652760295], "21" : [687.4, 471.6, 34.637006527602956], "23" : [938.2, 463.0, 283.637006527603], "25" : [937.5, 465.1, 26.637006527602956], "27" : [1113.4, 456.4, 177.63700652760295], "29" : [1107.9, 457.6, 25.637006527602956], "31" : [1245.2, 458.4, 174.63700652760295], "33" : [1241.4, 455.1, 20.637006527602956], "35" : [1319.7, 458.7, 112.63700652760295], "37" : [1321.0, 459.1, 35.637006527602956], "39" : [1079.2, 463.7, 272.637006527603], "41" : [1076.1, 469.1, 20.637006527602956], "43" : [986.0, 499.5, 102.63700652760295], "45" : [984.7, 485.8, 218.63700652760295], "47" : [996.6, 465.5, 231.63700652760295], "49" : [995.4, 457.1, 50.637006527602956], "51" : [676.6, 468.9, 236.63700652760295], "53" : [673.0, 480.0, 20.637006527602956], "55" : [579.5, 477.8, 146.63700652760295], "57" : [579.1, 479.1, 40.637006527602956], "59" : [956.7, 594.2, 177.63700652760295], "61" : [952.8, 602.2, 30.637006527602956], "63" : [1175.3, 475.4, 173.63700652760295], "65" : [1172.9, 476.2, 24.637006527602956], "67" : [1310.7, 458.4, 156.63700652760295], "69" : [1308.5, 443.7, 1091.637006527603], "71" : [897.2, 709.8, 68.63700652760295], "73" : [886.5, 650.6, 18.637006527602956], "75" : [947.8, 579.7, 494.637006527603]}