{"1" : [1089.7, 783.0, 21.102455208882954], "3" : [977.5, 781.2, 281.10245520888293], "5" : [981.0, 787.4, 33.10245520888296], "7" : [838.1, 744.4, 261.10245520888293], "9" : [834.1, 749.4, 29.102455208882954], "11" : [1038.4, 711.1, 150.10245520888296], "13" : [1039.3, 709.4, 28.102455208882954], "15" : [1221.9, 709.3, 309.10245520888293], "17" : [1226.7, 713.9, 92.10245520888296], "19" : [381.7, 371.5, 121.10245520888296], "21" : [379.6, 366.5, 24.102455208882954], "23" : [366.2, 336.4, 262.10245520888293], "25" : [358.5, 336.5, 38.10245520888296], "27" : [610.7, 278.5, 147.10245520888296], "29" : [610.7, 279.9, 20.102455208882954], "31" : [523.9, 286.8, 226.10245520888296], "33" : [523.2, 282.6, 47.10245520888296], "35" : [1016.4, 261.1, 161.10245520888296], "37" : [1018.3, 263.2, 45.10245520888296], "39" : [716.1, 262.8, 231.10245520888296], "41" : [717.8, 260.9, 26.102455208882954], "43" : [851.9, 262.4, 186.10245520888296], "45" : [850.8, 260.9, 29.102455208882954], "47" : [1008.3, 263.0, 219.10245520888296], "49" : [961.0, 532.7, 554.1024552088829], "51" : [960.6, 533.9, 27.102455208882954], "53" : [823.7, 493.2, 52.10245520888296], "55" : [824.3, 491.3, 30.102455208882954], "57" : [690.3, 467.2, 124.10245520888296], "59" : [684.5, 469.7, 11.102455208882956], "61" : [650.6, 479.2, 308.10245520888293], "63" : [648.5, 480.7, 19.102455208882954], "65" : [714.5, 482.2, 160.10245520888296], "67" : [716.7, 485.2, 17.102455208882954], "69" : [785.8, 482.6, 468.10245520888293], "71" : [778.2, 485.7, 23.102455208882954], "73" : [883.7, 485.0, 181.10245520888296], "75" : [884.8, 485.5, 22.102455208882954], "77" : [970.3, 474.1, 182.10245520888296], "79" : [968.1, 475.2, 9.102455208882956], "81" : [940.7, 474.7, 182.10245520888296], "83" : [939.1, 474.8, 22.102455208882954], "85" : [1029.9, 469.2, 227.10245520888296], "87" : [1027.2, 469.2, 14.102455208882956], "89" : [977.1, 468.3, 187.10245520888296], "91" : [976.6, 467.2, 23.102455208882954], "93" : [1058.3, 472.3, 402.10245520888293], "95" : [1061.8, 471.7, 23.102455208882954], "97" : [1164.5, 457.5, 159.10245520888296], "99" : [1163.3, 456.1, 22.102455208882954]}