{"1": [979.8, 481.0, 157.0], "2": [288.9, 481.0, 195.0], "3": [377.8, 481.0, 163.0], "4": [466.8251280072721, 479.3220263229242, 120.0], "5": [445.20839812197363, 478.24118982865934, 124.0], "6": [631.2, 481.0, 146.0], "7": [845.1179009999953, 479.3220263229242, 149.0], "8": [907.3, 481.0, 139.0], "9": [988.5, 481.0, 169.0], "10": [1110.8, 481.0, 168.0], "11": [1146.0, 481.0, 137.0], "12": [1242.7, 481.0, 190.0], "13": [1451.7, 481.0, 226.0], "14": [1393.5, 481.0, 125.0], "15": [1396.1, 481.0, 152.0], "16": [1433.0, 481.0, 125.0], "17": [1379.0, 481.0, 146.0], "18": [1510.0, 481.0, 142.0], "19": [1611.0, 481.0, 313.0], "20": [1566.3, 481.0, 142.0], "21": [1623.1, 481.0, 320.0], "22": [707.85166622835, 567.950618852648, 122.0], "23": [571.6662679509698, 563.6272728755882, 166.0], "24": [671.1032254233428, 563.6272728755882, 117.0], "25": [946.6, 567.0, 176.0], "26": [704.1, 567.0, 153.0], "27": [764.6, 567.0, 155.0], "28": [977.1, 567.0, 254.0], "29": [1246.6, 567.0, 244.0]}